timestamp,elapsed_s,li850_co2_ppm,co2_avg_ppm,target_co2_ppm,co2_error_ppm,li850_h2o_mmol_mol,li850_cellpres_kpa,li850_celltemp_c,li850_flowrate,chamber_air_temp_c,chamber_air_mol,mfc_raw_requested_mln_min,mfc_rate_limited_mln_min,mfc_setpoint_mln_min,mfc_actual_mln_min,mfc_flow_used_mln_min,manual_mfc_override_enabled,manual_mfc_flow_mln_min,co2_supply_inst_umol_s,co2_supply_avg_umol_s,A_MFC_only_umol_s,A_MFC_only_smoothed_umol_s,co2_supplied_umol_step,co2_supplied_mmol_total,feedforward_flow_mln_min,raw_feedforward_flow_mln_min,dCdt_simple_ppm_s,dCdt_regression_ppm_s,dCdt_regression_short_ppm_s,storage_simple_umol_s,storage_regression_umol_s,storage_regression_short_umol_s,A_inst_umol_s,A_from_avg_supply_umol_s,A_regression_umol_s,A_regression_short_umol_s,A_smoothed_umol_s,A_regression_smoothed_umol_s,NE_regression_umol_s,A_inst_umol_m2_s,A_from_avg_supply_umol_m2_s,A_MFC_only_umol_m2_s,A_regression_umol_m2_s,A_smoothed_umol_m2_s,control_note
2026-05-17 15:09:56,0.0,439.667,439.667,452.000,12.333,16.574100,101.068000,51.513500,0.710561,18.000000,97.278892,17.266200,5.000000,0.000000,0.000000,0.000000,0,0.000000,0.000000,0.000000,0.000000,0.000000,0.000000,0.000000,0.000000,0.000000,,,,,,,,,,,,,,,,,,,below deadband; feedforward + feedback
2026-05-17 15:10:01,5.1,438.976,439.345,452.000,12.655,16.609900,101.067000,51.503500,0.711549,18.000000,97.277929,21.319662,5.000000,0.000000,0.000000,0.000000,0,0.000000,0.000000,0.000000,0.000000,0.000000,0.000000,0.000000,3.602026,14.408103,-0.13800861,-0.11013411,-0.11013411,-13.425191,-10.713618,-10.713618,13.425191,13.425191,10.713618,10.713618,13.425191,10.713618,-10.713618,,,,,,below deadband; feedforward + feedback
2026-05-17 15:10:06,10.1,439.466,439.236,452.000,12.764,16.587300,101.069000,51.506800,0.712936,18.000000,97.279854,23.153638,5.000000,0.000000,0.000000,0.000000,0,0.000000,0.000000,0.000000,0.000000,0.000000,0.000000,0.000000,5.284105,10.330341,-0.02008596,-0.04779316,-0.04779316,-1.953959,-4.649312,-4.649312,1.953959,1.953959,4.649312,4.649312,7.689575,7.681465,-4.649312,,,,,,below deadband; feedforward + feedback
2026-05-17 15:10:11,15.6,438.332,439.045,452.000,12.955,16.577600,101.068000,51.503500,0.711263,18.000000,97.278892,24.493610,5.000000,5.000000,0.000000,0.000000,0,0.000000,0.000000,0.000000,0.000000,0.000000,0.000000,0.000000,6.357135,9.576228,-0.08608992,-0.06167039,-0.06167039,-8.374732,-5.999227,-5.999227,8.374732,8.374732,5.999227,5.999227,7.917961,7.120719,-5.999227,,,,,,below deadband; feedforward + feedback
2026-05-17 15:10:17,21.1,438.457,438.827,452.000,13.173,16.582400,101.068000,51.503500,0.711012,18.000000,97.278892,25.486379,10.000000,10.000000,3.531250,3.531250,0,0.000000,2.630424,0.000000,0.000000,0.000000,1.348027,0.036412,7.044599,9.106992,-0.05760006,-0.05885199,-0.05885199,-5.603270,-5.725056,-5.725056,8.233694,5.603270,5.725056,5.725056,7.339288,6.771803,-5.725056,,,,,,below deadband; feedforward + feedback
2026-05-17 15:10:22,26.6,437.923,438.591,452.000,13.409,16.593700,101.068000,51.510100,0.711026,18.000000,97.278892,26.292318,15.000000,15.000000,9.856250,9.856250,0,0.000000,7.361471,1.330010,1.330010,0.221668,3.760465,0.061604,7.519298,8.943395,-0.06579430,-0.04968758,-0.04968758,-6.400397,-4.833553,-4.833553,13.761867,7.730407,6.163564,6.163564,7.417512,6.650155,-6.163564,,,,,,below deadband; feedforward + feedback
2026-05-17 15:10:28,32.1,438.460,438.451,452.000,13.549,16.583500,101.067000,51.503500,0.711351,18.000000,97.277929,26.780783,20.000000,20.000000,14.981250,14.981250,0,0.000000,11.111917,1.754249,1.754249,0.440608,5.666166,0.122665,7.812428,8.691818,-0.03771064,-0.03879088,-0.03879088,-3.668413,-3.773497,-3.773497,14.780330,5.422662,5.527745,5.527745,7.085037,6.463087,-5.527745,,,,,,below deadband; feedforward + feedback
2026-05-17 15:10:33,37.6,438.273,438.339,452.000,13.661,16.602300,101.070000,51.513500,0.710878,18.000000,97.280817,27.159744,25.000000,25.000000,20.018750,20.018750,0,0.000000,14.853068,3.154263,3.154263,0.779815,7.578896,0.204288,8.033679,8.697430,-0.03716649,-0.03431338,-0.03431338,-3.615587,-3.338034,-3.338034,18.468655,6.769850,6.492297,6.492297,7.040010,6.467260,-6.492297,,,,,,below deadband; feedforward + feedback
2026-05-17 15:10:39,43.1,437.520,438.152,452.000,13.848,16.580800,101.070000,51.510200,0.711624,18.000000,97.280817,27.659703,27.659703,27.659703,24.987500,24.987500,0,0.000000,18.575630,4.701984,4.701984,1.215612,9.544635,0.306391,8.272573,8.989255,-0.04992229,-0.03599114,-0.03599114,-4.856482,-3.501247,-3.501247,23.432111,9.558465,8.203231,8.203231,7.354817,6.684256,-8.203231,,,,,,below deadband; feedforward + feedback
2026-05-17 15:10:44,48.6,437.697,438.019,452.000,13.981,16.588300,101.065000,51.510100,0.710601,18.000000,97.276004,28.131954,28.131954,28.131954,27.643750,27.643750,0,0.000000,20.564714,6.334000,6.334000,1.727451,10.523350,0.418883,8.558484,9.416220,-0.04061285,-0.03297430,-0.03297430,-3.950656,-3.207608,-3.207608,24.515370,10.284656,9.541608,9.541608,7.680355,7.001740,-9.541608,,,,,,below deadband; feedforward + feedback
2026-05-17 15:10:50,54.1,437.636,437.800,452.000,14.200,16.605500,101.066000,51.506800,0.711779,18.000000,97.276966,28.791842,28.791842,28.791842,27.843750,27.843750,0,0.000000,20.722725,7.898419,7.898419,2.288448,10.594919,0.532182,8.912052,9.972754,-0.03760707,-0.03332354,-0.03332354,-3.658301,-3.241613,-3.241613,24.381027,11.556721,11.140032,11.140032,8.067991,7.415569,-11.140032,,,,,,below deadband; feedforward + feedback
2026-05-17 15:10:55,59.1,438.339,437.856,452.000,14.144,16.577700,101.065000,51.510100,0.710838,18.000000,97.276004,29.109445,29.109445,29.109445,28.743750,28.743750,0,0.000000,21.382655,9.139256,9.139256,2.859348,10.946443,0.638205,9.307250,10.492844,-0.02250628,-0.02601201,-0.02601201,-2.189321,-2.530345,-2.530345,23.571976,11.328577,11.669601,11.669601,8.364408,7.802299,-11.669601,,,,,,below deadband; feedforward + feedback
2026-05-17 15:11:00,64.6,441.069,438.440,452.000,13.560,16.595000,101.068000,51.513500,0.711068,18.000000,97.278892,28.678911,28.678911,28.678911,29.112500,29.112500,0,0.000000,21.633614,10.255329,10.255329,3.428270,10.745794,0.756641,9.695296,10.859436,0.03517715,-0.00840951,-0.00259236,3.421994,-0.818068,-0.252182,18.211620,6.833335,11.073397,10.507511,8.236819,8.074891,-11.073397,,,,,,below deadband; feedforward + feedback
2026-05-17 15:11:05,69.6,440.855,439.055,452.000,12.945,16.622400,101.066000,51.510200,0.711019,18.000000,97.276966,28.180300,28.180300,28.180300,28.668750,28.668750,0,0.000000,21.317592,11.158016,11.158016,3.980395,10.534300,0.863542,10.057720,11.144992,0.02334504,0.00331814,0.01740123,2.270934,0.322779,1.692739,19.046657,8.887081,10.835237,9.465277,8.286839,8.287225,-10.835237,,,,,,below deadband; feedforward + feedback
2026-05-17 15:11:10,74.6,442.075,440.087,452.000,11.913,16.609500,101.068000,51.503500,0.711701,18.000000,97.278892,27.053971,27.053971,27.053971,28.812500,28.812500,0,0.000000,21.122401,11.933708,11.933708,4.510616,10.435009,0.968752,10.375806,11.330065,0.05907690,0.01767945,0.04388321,5.746935,1.719838,4.268910,15.375466,6.186772,10.213870,7.664798,8.136834,8.424842,-10.213870,,,,,,below deadband; feedforward + feedback
2026-05-17 15:11:15,79.6,442.089,441.042,452.000,10.958,16.598700,101.065000,51.506800,0.711530,18.000000,97.276004,25.983843,25.983843,25.983843,26.993750,26.993750,0,0.000000,20.090680,12.578976,12.578976,5.014888,10.278143,1.067372,10.642363,11.442031,0.06048860,0.02986651,0.06788750,5.884089,2.905295,6.603824,14.206591,6.694887,9.673681,5.975152,8.040704,8.508098,-9.673681,,,,,,below deadband; feedforward + feedback
2026-05-17 15:11:20,84.6,442.962,441.591,452.000,10.409,16.606300,101.068000,51.506800,0.711449,18.000000,97.278892,25.435067,25.435067,25.435067,25.950000,25.950000,0,0.000000,19.305271,13.082894,13.082894,5.489477,9.889515,1.164429,10.861872,11.520399,0.08070750,0.03744317,0.08697238,7.851136,3.642430,8.460577,11.454135,5.231758,9.440464,4.622317,7.865145,8.566371,-9.440464,,,,,,below deadband; feedforward + feedback
2026-05-17 15:11:26,90.1,444.393,442.553,452.000,9.447,16.593500,101.060000,51.510200,0.710814,18.000000,97.271191,24.256930,24.256930,24.256930,25.418750,25.418750,0,0.000000,18.905595,13.526308,13.526308,5.935967,9.325476,1.268277,11.031445,11.540164,0.10480926,0.04842221,0.11284955,10.194922,4.710086,10.977011,8.710673,3.331386,8.816222,2.549297,7.598453,8.581068,-8.816222,,,,,,below deadband; feedforward + feedback
2026-05-17 15:11:31,95.1,444.896,443.241,452.000,8.759,16.604400,101.061000,51.510200,0.711121,18.000000,97.272154,23.416073,23.416073,23.416073,24.256250,24.256250,0,0.000000,18.041180,13.847293,13.847293,6.352353,8.945669,1.359290,11.153893,11.521238,0.11690993,0.05674329,0.13364391,11.372081,5.519542,12.999831,6.669099,2.475212,8.327751,0.847462,7.313829,8.566995,-8.327751,,,,,,below deadband; feedforward + feedback
2026-05-17 15:11:36,100.1,445.514,443.985,452.000,8.015,16.594000,101.066000,51.513500,0.709975,18.000000,97.276966,22.453928,22.453928,22.453928,23.412500,23.412500,0,0.000000,17.418429,14.108807,14.108807,6.740176,8.614442,1.446910,11.233418,11.471995,0.13706384,0.06412118,0.14910714,13.333154,6.237514,14.504691,4.085275,0.775653,7.871293,-0.395884,6.969714,8.530379,-7.871293,,,,,,below deadband; feedforward + feedback
2026-05-17 15:11:41,105.1,447.343,444.916,452.000,7.084,16.596100,101.066000,51.506800,0.710554,18.000000,97.276966,21.191684,21.191684,21.191684,22.443750,22.443750,0,0.000000,16.693436,14.302721,14.302721,7.100297,8.540402,1.531007,11.273839,11.395102,0.16165302,0.07109471,0.15964672,15.725115,6.915877,15.529949,0.968320,-1.422394,7.386844,-1.227227,6.550109,8.473202,-7.386844,,,,,,below deadband; feedforward + feedback
2026-05-17 15:11:46,110.6,446.194,445.616,452.000,6.384,16.602000,101.069000,51.506800,0.710189,18.000000,97.279854,20.218153,20.218153,20.218153,20.043750,20.043750,0,0.000000,14.885600,14.457115,14.457115,7.434698,7.617390,1.620655,11.280623,11.300974,0.13901351,0.07662156,0.15920762,13.523214,7.453735,15.487694,1.362386,0.933900,7.003380,-1.030579,6.282670,8.403211,-7.003380,,,,,,below deadband; feedforward + feedback
2026-05-17 15:11:52,116.1,445.638,446.118,452.000,5.882,16.628300,101.065000,51.506800,0.711204,18.000000,97.276004,19.496595,19.496595,19.496595,20.118750,20.118750,0,0.000000,14.969253,14.551459,14.551459,7.744122,7.669669,1.702644,11.261305,11.203350,0.12734714,0.07962151,0.14257411,12.387820,7.745263,13.869040,2.581432,2.163638,6.806196,0.682419,6.095442,8.330619,-6.806196,,,,,,below deadband; feedforward + feedback
2026-05-17 15:11:57,121.6,447.352,446.474,452.000,5.526,16.610100,101.068000,51.506800,0.711772,18.000000,97.278892,18.955221,18.955221,18.955221,19.487500,19.487500,0,0.000000,14.495219,14.605492,14.605492,8.379143,7.415744,1.782519,11.218576,11.090391,0.12527990,0.08436303,0.12824404,12.187089,8.206742,12.475438,2.308129,2.418403,6.398750,2.130054,5.935570,8.246625,-6.398750,,,,,,below deadband; feedforward + feedback
2026-05-17 15:12:02,126.6,447.673,446.868,452.000,5.132,16.593400,101.067000,51.506800,0.713728,18.000000,97.277929,18.295093,18.295093,18.295093,18.943750,18.943750,0,0.000000,14.100190,14.613024,14.613024,9.014492,7.222681,1.853355,11.110783,10.787403,0.11581739,0.09335352,0.12183844,11.266476,9.081238,11.852191,2.833714,3.346548,5.531787,2.760833,5.497369,8.021328,-5.531787,,,,,,below deadband; feedforward + feedback
2026-05-17 15:12:08,132.1,448.193,447.286,452.000,4.714,16.602600,101.067000,51.506800,0.716794,18.000000,97.277929,17.638543,17.638543,17.638543,18.300000,18.300000,0,0.000000,13.612214,15.149010,15.149010,9.673145,6.960945,1.928517,11.039188,10.824402,0.10349814,0.10143015,0.11289903,10.068085,9.866915,10.982583,3.544129,5.080925,5.282095,4.166427,5.633324,8.048840,-5.282095,,,,,,below deadband; feedforward + feedback
2026-05-17 15:12:13,137.6,449.142,447.977,452.000,4.023,16.589000,101.063000,51.510100,0.712607,18.000000,97.274079,16.606384,16.606384,16.606384,17.612500,17.612500,0,0.000000,13.119590,15.785897,15.785897,10.359488,6.715818,2.001024,10.974639,10.780992,0.10601899,0.10824143,0.10951506,10.312899,10.529086,10.652977,2.806691,5.472997,5.256811,5.132920,5.507161,8.016561,-5.256811,,,,,,below deadband; feedforward + feedback
2026-05-17 15:12:19,143.1,449.110,448.589,452.000,3.411,16.619800,101.068000,51.513500,0.711701,18.000000,97.278892,15.696314,15.696314,15.696314,16.587500,16.587500,0,0.000000,12.343476,16.400243,16.400243,11.072542,6.307621,2.069554,10.920459,10.757917,0.10657361,0.11379475,0.10023200,10.367363,11.069827,9.750458,1.976113,6.032881,5.330416,6.649785,5.525840,7.999403,-5.330416,,,,,,below deadband; feedforward + feedback
2026-05-17 15:12:24,148.6,450.575,449.082,452.000,2.918,16.599600,101.068000,51.506800,0.713389,18.000000,97.278892,14.951036,14.951036,14.951036,15.687500,15.687500,0,0.000000,11.674251,16.696592,16.696592,11.740654,5.954227,2.134284,10.866326,10.703930,0.10733167,0.11776806,0.09455303,10.441106,11.456347,9.198014,1.233146,6.255486,5.240245,7.498578,5.461713,7.959259,-5.240245,,,,,,below deadband; feedforward + feedback
2026-05-17 15:12:30,154.1,449.964,449.637,452.000,2.363,16.631700,101.069000,51.513500,0.711149,18.000000,97.279854,14.130849,14.130849,14.130849,14.425000,14.425000,0,0.000000,10.716888,17.060367,17.060367,12.406138,5.328726,2.196803,10.823209,10.693856,0.08726370,0.12032193,0.09218346,8.489000,11.704900,8.967593,2.227888,8.571367,5.355467,8.092773,5.598613,7.951768,-5.355467,,,,,,below deadband; feedforward + feedback
2026-05-17 15:12:35,159.1,448.934,449.666,452.000,2.334,16.609300,101.066000,51.503500,0.711580,18.000000,97.276966,14.045794,14.045794,14.045794,14.106250,14.106250,0,0.000000,10.489166,17.122700,17.122700,13.013461,5.206153,2.249161,10.778579,10.644690,0.06159795,0.11792368,0.08048436,5.992062,11.471258,7.829274,4.497104,11.130638,5.651442,9.293426,5.788213,7.915210,-5.651442,,,,,,below deadband; feedforward + feedback
2026-05-17 15:12:40,164.1,450.787,449.903,452.000,2.097,16.585400,101.067000,51.500200,0.712350,18.000000,97.277929,13.645655,13.645655,13.645655,14.050000,14.050000,0,0.000000,10.438045,16.966799,16.966799,13.546714,5.152168,2.301422,10.709505,10.502281,0.06227015,0.11512489,0.07708157,6.057512,11.199111,7.498335,4.380533,10.909287,5.767688,9.468464,5.846944,7.809316,-5.767688,,,,,,below deadband; feedforward + feedback
2026-05-17 15:12:45,169.1,450.920,450.118,452.000,1.882,16.585000,101.069000,51.510100,0.714646,18.000000,97.279854,0.000000,8.645655,8.645655,13.543750,13.543750,0,0.000000,10.149906,16.675388,16.675388,13.996340,5.196266,2.352437,10.604146,10.288070,0.06726186,0.11099226,0.07722171,6.543224,10.797311,7.512116,3.606682,10.132164,5.878077,9.163272,5.840314,7.650032,-5.878077,,,,,,within deadband and CO2 rising; MFC zero
2026-05-17 15:12:50,174.1,450.502,450.283,452.000,1.717,16.600100,101.068000,51.500200,0.711364,18.000000,97.278892,0.000000,3.645655,3.645655,8.712500,8.712500,0,0.000000,6.427345,16.287989,16.287989,14.361104,3.272164,2.384655,10.451882,9.995091,0.08022019,0.10442755,0.07562785,7.803731,10.158596,7.356993,-1.376386,8.484259,6.129393,8.930996,5.706729,7.432179,-6.129393,,,,,,within deadband and CO2 rising; MFC zero
2026-05-17 15:12:55,179.6,450.544,450.510,452.000,1.490,16.619700,101.064000,51.513500,0.714355,18.000000,97.275041,0.000000,0.000000,0.000000,3.587500,3.587500,0,0.000000,2.704783,15.728482,15.728482,14.647592,1.380221,2.399699,10.262319,9.693628,0.06168193,0.09472750,0.05397589,6.000112,9.214622,5.250507,-3.295329,9.728370,6.513860,10.477975,5.637155,7.208016,-6.513860,,,,,,within deadband and CO2 rising; MFC zero
2026-05-17 15:13:01,185.1,449.621,450.426,452.000,1.574,16.600200,101.069000,51.500200,0.711668,18.000000,97.279854,0.000000,0.000000,0.000000,0.000000,0.000000,0,0.000000,0.000000,14.979826,14.979826,14.853005,0.000000,2.399699,10.054158,9.429676,0.01638690,0.08656109,0.03902920,1.594116,8.420650,3.796755,-1.594116,13.385710,6.559175,11.183071,5.922040,7.011745,-6.559175,,,,,,within deadband and CO2 rising; MFC zero
2026-05-17 15:13:06,190.6,449.583,450.147,452.000,1.853,16.617400,101.066000,51.510100,0.709933,18.000000,97.276966,0.000000,0.000000,0.000000,0.000000,0.000000,0,0.000000,0.000000,14.050909,14.050909,14.978783,0.000000,2.399699,9.836627,9.184034,0.01684068,0.07624348,0.02255303,1.638211,7.416734,2.193891,-1.638211,12.412698,6.634174,11.857018,6.075328,6.829091,-6.634174,,,,,,within deadband and CO2 rising; MFC zero
2026-05-17 15:13:12,196.1,449.322,449.818,452.000,2.182,16.611400,101.066000,51.503500,0.711484,18.000000,97.276966,12.675461,5.000000,5.000000,0.000000,0.000000,0,0.000000,0.000000,13.066494,13.066494,15.028034,0.000000,2.399699,9.620136,8.970663,0.00194965,0.06683788,0.00552722,0.189656,6.501786,0.537671,-0.189656,12.876838,6.564708,12.528823,6.366200,6.670431,-6.564708,,,,,,below deadband; feedforward + feedback
2026-05-17 15:13:17,201.6,449.167,449.537,452.000,2.463,16.679500,101.064000,51.510200,0.711110,18.000000,97.275041,12.861908,10.000000,10.000000,4.937500,4.937500,0,0.000000,3.624967,12.099371,12.099371,15.007182,1.857288,2.419149,9.413043,8.791766,0.00045380,0.05638921,-0.00695632,0.044143,5.485263,-0.676676,3.580823,12.055228,6.614108,12.776048,6.599259,6.537406,-6.614108,,,,,,below deadband; feedforward + feedback
2026-05-17 15:13:23,207.1,449.886,449.491,452.000,2.509,16.605900,101.067000,51.503500,0.710577,18.000000,97.277929,12.729836,12.729836,12.729836,9.950000,9.950000,0,0.000000,7.407944,11.273627,11.273627,14.928518,3.794495,2.459801,9.217551,8.631075,0.00631946,0.04709562,-0.01376172,0.614743,4.581365,-1.338711,6.793201,10.658883,6.692262,12.612338,6.835221,6.417919,-6.692262,,,,,,below deadband; feedforward + feedback
2026-05-17 15:13:28,212.6,450.022,449.590,452.000,2.410,16.622200,101.064000,51.513500,0.708882,18.000000,97.275041,12.414593,12.414593,12.414593,12.718750,12.718750,0,0.000000,9.448150,10.640845,10.640845,14.803063,4.817687,2.511249,9.040698,8.510137,0.00549591,0.04001998,-0.01018154,0.534615,3.892945,-0.990410,8.913535,10.106231,6.747901,11.631255,7.129779,6.327992,-6.747901,,,,,,below deadband; feedforward + feedback
2026-05-17 15:13:34,218.1,450.461,449.823,452.000,2.177,16.604400,101.063000,51.500200,0.710761,18.000000,97.274079,11.933035,11.933035,11.933035,16.131250,16.131250,0,0.000000,12.417834,10.158930,10.158930,14.642699,6.348304,2.567486,8.885865,8.421367,0.02146260,0.03443220,-0.01175574,2.087755,3.349361,-1.143529,10.330079,8.071175,6.809569,11.302459,7.373082,6.261984,-6.809569,,,,,,below deadband; feedforward + feedback
2026-05-17 15:13:39,223.6,449.609,450.162,452.000,1.838,16.619000,101.064000,51.503500,0.711883,18.000000,97.275041,0.000000,6.933035,6.933035,11.806250,11.806250,0,0.000000,8.802162,9.755885,9.755885,14.453442,4.497762,2.613100,8.755450,8.364206,-0.01979874,0.02942361,-0.00836057,-1.925923,2.862183,-0.813275,10.728086,11.681808,6.893702,10.569159,7.847263,6.219481,-6.893702,,,,,,within deadband and CO2 rising; MFC zero
2026-05-17 15:13:45,229.1,449.746,450.256,452.000,1.744,16.628600,101.063000,51.503500,0.711565,18.000000,97.274079,0.000000,1.933035,1.933035,6.868750,6.868750,0,0.000000,5.153959,9.393117,9.393117,14.239981,2.633185,2.641404,8.651729,8.340566,-0.01317676,0.02478136,-0.00152759,-1.281757,2.410584,-0.148594,6.435716,10.674874,6.982533,9.541712,8.373231,6.201902,-6.982533,,,,,,within deadband and CO2 rising; MFC zero
2026-05-17 15:13:50,234.6,450.573,450.342,452.000,1.658,16.604000,101.064000,51.506800,0.711576,18.000000,97.275041,0.000000,0.000000,0.000000,1.912500,1.912500,0,0.000000,1.426750,8.943462,8.943462,14.000257,0.731309,2.649580,8.573204,8.337628,0.00739511,0.02046085,0.01031055,0.719360,1.990330,1.002959,0.707390,8.224103,6.953132,7.940503,8.690196,6.199717,-6.953132,,,,,,within deadband and CO2 rising; MFC zero
2026-05-17 15:13:56,240.1,449.576,450.094,452.000,1.906,16.616100,101.064000,51.503500,0.710182,18.000000,97.275041,0.000000,0.000000,0.000000,0.000000,0.000000,0,0.000000,0.000000,8.358394,8.358394,13.730993,0.000000,2.649580,8.518706,8.355213,-0.01574823,0.01286496,0.01029672,-1.531910,1.251439,1.001613,1.531910,9.890304,7.106955,7.356781,9.026138,6.212794,-7.106955,,,,,,within deadband and CO2 rising; MFC zero
2026-05-17 15:14:01,245.6,449.677,449.932,452.000,2.068,16.615800,101.062000,51.510100,0.713183,18.000000,97.273116,11.381660,5.000000,0.000000,0.000000,0.000000,0,0.000000,0.000000,7.707256,7.707256,13.431070,0.000000,2.649580,8.486250,8.388882,-0.00242026,0.00753232,0.00826540,-0.235426,0.732692,0.804001,0.235426,7.942682,6.974564,6.903255,9.266324,6.237829,-6.974564,,,,,,below deadband; feedforward + feedback
2026-05-17 15:14:07,251.1,449.751,449.747,452.000,2.253,16.609900,101.064000,51.506800,0.711096,18.000000,97.275041,11.634467,5.000000,5.000000,0.000000,0.000000,0,0.000000,0.000000,7.046493,7.046493,13.102090,0.000000,2.649580,8.479777,8.460359,0.00534474,0.00300456,0.00461745,0.519910,0.292269,0.449162,-0.519910,6.526584,6.754225,6.597331,9.404587,6.290978,-6.754225,,,,,,below deadband; feedforward + feedback
2026-05-17 15:14:12,256.6,449.211,449.514,452.000,2.486,16.603400,101.062000,51.506800,0.712368,18.000000,97.273116,11.973924,10.000000,10.000000,4.887500,4.887500,0,0.000000,3.624967,6.405366,6.405366,12.721932,1.855795,2.669501,8.493314,8.533924,-0.00356310,-0.00138637,-0.00508164,-0.346594,-0.134856,-0.494307,3.971560,6.751960,6.540222,6.899673,9.477240,6.345680,-6.540222,,,,,,below deadband; feedforward + feedback
2026-05-17 15:14:18,262.1,449.310,449.468,452.000,2.532,16.624400,101.062000,51.506800,0.711554,18.000000,97.273116,12.063230,12.063230,12.063230,9.956250,9.956250,0,0.000000,7.398650,5.877906,5.877906,12.291150,3.791406,2.710093,8.517905,8.591680,-0.00184878,-0.00376949,-0.01398074,-0.179836,-0.366670,-1.359950,7.578486,6.057743,6.244576,7.237857,9.502664,6.388626,-6.244576,,,,,,below deadband; feedforward + feedback
2026-05-17 15:14:23,267.6,449.865,449.535,452.000,2.465,16.644800,101.066000,51.516800,0.711115,18.000000,97.276966,11.996294,11.996294,11.996294,12.031250,12.031250,0,0.000000,8.950879,5.543217,5.543217,11.819105,4.535870,2.758493,8.545994,8.630261,0.00178155,-0.00459550,-0.01503617,0.173304,-0.447037,-1.462673,8.777575,5.369913,5.990253,7.005890,9.473839,6.417315,-5.990253,,,,,,below deadband; feedforward + feedback
2026-05-17 15:14:29,273.1,450.394,449.760,452.000,2.240,16.621300,101.063000,51.500200,0.711172,18.000000,97.274079,11.709386,11.709386,11.709386,11.981250,11.981250,0,0.000000,8.909052,5.355152,5.355152,11.325999,4.560458,2.807523,8.573141,8.654582,0.01314311,-0.00309467,-0.01146301,1.278484,-0.301031,-1.115054,7.630568,4.076668,5.656183,6.470206,9.379108,6.435399,-5.656183,,,,,,below deadband; feedforward + feedback
2026-05-17 15:14:34,278.6,451.616,450.117,452.000,1.883,16.621100,101.065000,51.510200,0.711458,18.000000,97.276004,2.578664,6.709386,6.709386,11.737500,11.737500,0,0.000000,8.695272,5.235075,5.235075,10.811856,4.449944,2.855545,8.595548,8.662768,0.01386584,-0.00267688,-0.00043773,1.348813,-0.260396,-0.042581,7.346459,3.886262,5.495471,5.277656,9.175408,6.441486,-5.495471,,,,,,within lower deadband; partial feedforward
2026-05-17 15:14:40,284.1,450.194,450.411,452.000,1.589,16.621600,101.065000,51.510200,0.710488,18.000000,97.276004,2.584673,2.584673,2.584673,6.818750,6.818750,0,0.000000,4.986653,5.130548,5.130548,9.986988,2.547207,2.883002,8.615576,8.675662,0.00426900,-0.00059654,0.01066755,0.415271,-0.058029,1.037697,4.571382,4.715276,5.188577,4.092851,8.804988,6.451074,-5.188577,,,,,,within lower deadband; partial feedforward
2026-05-17 15:14:45,289.6,449.952,450.552,452.000,1.448,16.615000,101.066000,51.510200,0.712129,18.000000,97.276966,0.000000,0.000000,0.000000,2.556250,2.556250,0,0.000000,1.905431,4.958071,4.958071,9.454383,0.972695,2.893921,8.613563,8.607522,-0.00877343,0.00200143,0.01632310,-0.853453,0.194693,1.587861,2.758884,5.811524,4.763378,3.370210,8.608595,6.400406,-4.763378,,,,,,within deadband and CO2 rising; MFC zero
2026-05-17 15:14:51,295.1,449.532,450.526,452.000,1.474,16.604400,101.065000,51.500200,0.713046,18.000000,97.276004,0.000000,0.000000,0.000000,0.000000,0.000000,0,0.000000,0.000000,4.639822,4.639822,8.924920,0.000000,2.893921,8.582502,8.489320,-0.00480690,0.00456505,0.02206101,-0.467596,0.444069,2.146007,0.467596,5.107418,4.195752,2.493814,8.455102,6.312513,-4.195752,,,,,,within deadband and CO2 rising; MFC zero
2026-05-17 15:14:56,300.6,449.500,450.130,452.000,1.870,16.633900,101.066000,51.506800,0.712960,18.000000,97.276966,0.000000,0.000000,0.000000,0.000000,0.000000,0,0.000000,0.000000,4.322715,4.322715,8.406476,0.000000,2.893921,8.519716,8.331358,0.00169751,0.00403924,0.01457473,0.165129,0.392925,1.417786,-0.165129,4.157586,3.929789,2.904929,8.201885,6.195055,-3.929789,,,,,,within deadband and CO2 rising; MFC zero
2026-05-17 15:15:01,305.6,448.744,449.861,452.000,2.139,16.666900,101.063000,51.503500,0.711213,18.000000,97.274079,11.426128,5.000000,5.000000,0.000000,0.000000,0,0.000000,0.000000,4.162205,4.162205,7.914766,0.000000,2.893921,8.431388,8.166405,-0.02156346,0.00309915,0.00664226,-2.097565,0.301467,0.646119,2.097565,6.259770,3.860738,3.516086,7.877979,6.072399,-3.860738,,,,,,below deadband; feedforward + feedback
2026-05-17 15:15:07,311.1,449.408,449.515,452.000,2.485,16.648000,101.062000,51.506800,0.712454,18.000000,97.273116,11.803975,10.000000,10.000000,6.637500,6.637500,0,0.000000,3.662146,4.117048,4.117048,7.463227,1.861800,2.913915,8.325570,8.008114,0.00563037,0.00074347,-0.00384822,0.547683,0.072320,-0.374329,3.114462,3.569365,4.044728,4.491377,7.476009,5.954697,-4.044728,,,,,,below deadband; feedforward + feedback
2026-05-17 15:15:12,316.6,448.849,449.321,452.000,2.679,16.633500,101.066000,51.503500,0.712369,18.000000,97.276966,11.963064,11.963064,11.963064,9.850000,9.850000,0,0.000000,7.352176,4.208311,4.208311,7.060583,3.764614,2.956091,8.212639,7.873847,-0.00887413,-0.00164410,-0.01544350,-0.863249,-0.159933,-1.502296,8.215425,5.071560,4.368244,5.710608,7.121223,5.854857,-4.368244,,,,,,below deadband; feedforward + feedback
2026-05-17 15:15:18,322.1,449.522,449.223,452.000,2.777,16.620700,101.062000,51.506800,0.711764,18.000000,97.273116,11.990223,11.990223,11.990223,11.943750,11.943750,0,0.000000,8.876521,4.497166,4.497166,6.715028,4.536693,3.003825,8.102388,7.771637,-0.00236980,-0.00457390,-0.02589378,-0.230518,-0.444918,-2.518769,9.107038,4.727684,4.942084,7.015935,6.788153,5.778856,-4.942084,,,,,,below deadband; feedforward + feedback
2026-05-17 15:15:23,327.6,450.040,449.380,452.000,2.620,16.626400,101.065000,51.510200,0.709484,18.000000,97.276004,11.665654,11.665654,11.665654,11.981250,11.981250,0,0.000000,8.904405,4.744214,4.744214,6.418236,4.563111,3.052760,7.997759,7.683870,0.00127734,-0.00526622,-0.02603256,0.124254,-0.512277,-2.532343,8.780151,4.619959,5.256490,7.276557,6.513657,5.713594,-5.256490,,,,,,below deadband; feedforward + feedback
2026-05-17 15:15:29,333.1,450.382,449.670,452.000,2.330,16.634000,101.066000,51.513500,0.711440,18.000000,97.276966,11.158625,11.158625,11.158625,11.662500,11.662500,0,0.000000,8.653446,4.875948,4.875948,6.156196,4.432867,3.100609,7.896660,7.593363,0.00001681,-0.00402322,-0.01927927,0.001635,-0.391366,-1.875429,8.651811,4.874313,5.267314,6.751377,6.275842,5.646295,-5.267314,,,,,,below deadband; feedforward + feedback
2026-05-17 15:15:34,338.6,450.015,450.058,452.000,1.942,16.654300,101.061000,51.503500,0.712498,18.000000,97.272154,2.338140,6.158625,6.158625,11.200000,11.200000,0,0.000000,8.290949,4.884701,4.884701,5.916458,4.250936,3.146513,7.793798,7.485214,-0.02571524,-0.00160047,-0.00658780,-2.501377,-0.155681,-0.640809,10.792326,7.386077,5.040382,5.525510,6.244702,5.565877,-5.040382,,,,,,within lower deadband; partial feedforward
2026-05-17 15:15:40,344.1,450.303,450.406,452.000,1.594,16.652700,101.065000,51.510100,0.712951,18.000000,97.276004,0.000000,1.158625,1.158625,5.950000,5.950000,0,0.000000,4.582329,4.847212,4.847212,5.693336,2.343609,3.171785,7.683256,7.351628,-0.00657167,0.00142706,0.00962610,-0.639266,0.138819,0.936389,5.221596,5.486478,4.708392,3.910823,5.963096,5.466545,-4.708392,,,,,,within deadband and CO2 rising; MFC zero
2026-05-17 15:15:45,349.6,450.174,450.485,452.000,1.515,16.649300,101.064000,51.503500,0.711786,18.000000,97.275041,0.000000,0.000000,0.000000,0.000000,0.000000,0,0.000000,0.000000,4.702755,4.702755,5.480138,0.000000,3.171785,7.561553,7.196444,0.00005042,0.00266108,0.01887187,0.004905,0.258857,1.835762,-0.004905,4.697850,4.443898,2.866993,5.691413,5.351152,-4.443898,,,,,,within deadband and CO2 rising; MFC zero
2026-05-17 15:15:51,355.1,449.431,450.255,452.000,1.745,16.626900,101.063000,51.506800,0.711676,18.000000,97.274079,0.000000,0.000000,0.000000,0.000000,0.000000,0,0.000000,0.000000,4.502278,4.502278,5.278266,0.000000,3.171785,7.428173,7.028032,0.00342864,0.00312679,0.02111377,0.333518,0.304156,2.053823,-0.333518,4.168760,4.198122,2.448456,5.507079,5.225925,-4.198122,,,,,,within deadband and CO2 rising; MFC zero
2026-05-17 15:15:56,360.6,449.681,450.016,452.000,1.984,16.616900,101.058000,51.503500,0.711626,18.000000,97.269266,0.000000,0.000000,0.000000,0.000000,0.000000,0,0.000000,0.000000,4.372306,4.372306,5.097080,0.000000,3.171785,7.283563,6.849734,-0.00114288,0.00187214,0.01603637,-0.111167,0.182102,1.559846,0.111167,4.483473,4.190204,2.812460,5.261314,5.093345,-4.190204,,,,,,within deadband and CO2 rising; MFC zero
2026-05-17 15:16:02,366.1,449.221,449.674,452.000,2.326,16.629400,101.065000,51.510100,0.711458,18.000000,97.276004,10.391830,5.000000,5.000000,0.000000,0.000000,0,0.000000,0.000000,4.348469,4.348469,4.944408,0.000000,3.171785,7.134800,6.688511,0.00684053,0.00011636,0.00905522,0.665419,0.011319,0.880855,-0.665419,3.683049,4.337150,3.467613,5.067694,4.973462,-4.337150,,,,,,below deadband; feedforward + feedback
2026-05-17 15:16:07,371.6,448.957,449.405,452.000,2.595,16.627600,101.063000,51.510100,0.710338,18.000000,97.274079,10.622687,10.000000,10.000000,4.881250,4.881250,0,0.000000,3.620319,4.348469,4.348469,4.821771,1.849364,3.191928,6.990177,6.556307,-0.00895816,-0.00249864,-0.00487519,-0.871396,-0.243053,-0.474230,4.491716,5.219865,4.591522,4.822698,5.008298,4.875158,-4.591522,,,,,,below deadband; feedforward + feedback
2026-05-17 15:16:13,377.1,450.027,449.349,452.000,2.651,16.624100,101.061000,51.510100,0.711161,18.000000,97.272154,10.568176,10.568176,10.568176,9.968750,9.968750,0,0.000000,7.407944,4.441475,4.441475,4.732503,3.787824,3.232570,6.856986,6.457413,0.02292484,-0.00494448,-0.01342116,2.229948,-0.480960,-1.305505,5.177996,2.211526,4.922435,5.746980,4.801915,4.801622,-4.922435,,,,,,below deadband; feedforward + feedback
2026-05-17 15:16:18,382.6,449.652,449.457,452.000,2.543,16.635200,101.060000,51.510100,0.711995,18.000000,97.271191,10.299772,10.299772,10.299772,10.562500,10.562500,0,0.000000,7.840152,4.594529,4.594529,4.674167,4.004717,3.275318,6.740097,6.389430,-0.00356309,-0.00553014,-0.01737653,-0.346586,-0.537923,-1.690236,8.186738,4.941115,5.132452,6.284765,4.751159,4.751071,-5.132452,,,,,,below deadband; feedforward + feedback
2026-05-17 15:16:24,388.1,449.956,449.681,452.000,2.319,16.614700,101.062000,51.500200,0.710215,18.000000,97.273116,9.886157,9.886157,9.886157,10.275000,10.275000,0,0.000000,7.658904,4.667144,4.667144,4.634346,3.917939,3.317547,6.639557,6.337938,0.00253792,-0.00494226,-0.01716838,0.246871,-0.480749,-1.670022,7.412033,4.420273,5.147894,6.337166,4.707993,4.712782,-5.147894,,,,,,below deadband; feedforward + feedback
2026-05-17 15:16:29,393.6,449.931,449.969,452.000,2.031,16.623000,101.061000,51.510100,0.712920,18.000000,97.272154,9.397911,9.397911,9.397911,8.268750,8.268750,0,0.000000,5.985842,4.644972,4.644972,4.602065,3.063035,3.363576,6.553846,6.296714,-0.01201725,-0.00346283,-0.01007603,-1.168944,-0.336837,-0.980117,7.154786,5.813917,4.981809,5.625090,4.786959,4.682128,-4.981809,,,,,,below deadband; feedforward + feedback
2026-05-17 15:16:35,399.1,449.906,449.974,452.000,2.026,16.630200,101.060000,51.503500,0.711477,18.000000,97.271191,9.316018,9.316018,9.316018,9.375000,9.375000,0,0.000000,6.971089,4.652002,4.652002,4.575562,3.571645,3.401321,6.479303,6.255674,-0.01016828,-0.00176943,-0.00574938,-0.989080,-0.172114,-0.559249,7.960170,5.641082,4.824116,5.211251,4.866724,4.651612,-4.824116,,,,,,below deadband; feedforward + feedback
2026-05-17 15:16:40,404.6,450.161,450.007,452.000,1.993,16.629300,101.063000,51.516800,0.710310,18.000000,97.274079,0.000000,4.316018,4.316018,9.337500,9.337500,0,0.000000,6.929263,4.543679,4.543679,4.548886,3.536260,3.439420,6.412571,6.212374,-0.00094120,0.00065218,0.00579887,-0.091554,0.063440,0.564080,7.020817,4.635233,4.480239,3.979599,4.863085,4.619415,-4.480239,,,,,,within deadband and CO2 rising; MFC zero
2026-05-17 15:16:46,410.1,450.114,450.009,452.000,1.991,16.612000,101.059000,51.510100,0.712422,18.000000,97.270229,0.000000,0.000000,0.000000,3.737500,3.737500,0,0.000000,3.211349,4.571001,4.571001,4.531292,1.641946,3.457108,6.355297,6.183475,0.01090778,0.00288246,0.01319135,1.061002,0.280378,1.283126,2.150346,3.509999,4.290624,3.287876,4.758471,4.597926,-4.290624,,,,,,within deadband and CO2 rising; MFC zero
2026-05-17 15:16:51,415.6,449.572,449.924,452.000,2.076,16.630000,101.061000,51.513500,0.710867,18.000000,97.272154,9.219674,5.000000,0.000000,0.000000,0.000000,0,0.000000,0.000000,4.653841,4.653841,4.531929,0.000000,3.457108,6.313799,6.189303,0.00215130,0.00372929,0.01289246,0.209262,0.362756,1.254078,-0.209262,4.444579,4.291086,3.399763,4.728342,4.602260,-4.291086,,,,,,below deadband; feedforward + feedback
2026-05-17 15:16:57,421.1,449.467,449.873,452.000,2.127,16.637200,101.063000,51.506800,0.710861,18.000000,97.274079,9.267802,5.000000,0.000000,0.000000,0.000000,0,0.000000,0.000000,4.688697,4.688697,4.548565,0.000000,3.457108,6.290457,6.220431,-0.00052102,0.00256681,0.00892119,-0.050682,0.249684,0.867800,0.050682,4.739378,4.439013,3.820896,4.754787,4.625406,-4.439013,,,,,,below deadband; feedforward + feedback
2026-05-17 15:17:02,426.1,448.807,449.703,452.000,2.297,16.629900,101.064000,51.513500,0.711152,18.000000,97.275041,9.500545,5.000000,5.000000,0.000000,0.000000,0,0.000000,0.000000,4.688697,4.688697,4.572496,0.000000,3.457108,6.284360,6.266070,-0.00500851,0.00083643,0.00249879,-0.487203,0.081364,0.243070,0.487203,5.175899,4.607333,4.445627,4.705520,4.659342,-4.607333,,,,,,below deadband; feedforward + feedback
2026-05-17 15:17:07,431.6,449.729,449.375,452.000,2.625,16.638100,101.062000,51.516800,0.711146,18.000000,97.273116,9.968215,9.968215,9.968215,4.768750,4.768750,0,0.000000,3.624967,4.688697,4.688697,4.598480,1.847729,3.477540,6.293390,6.320481,0.00932807,-0.00253032,-0.01062461,0.907370,-0.246132,-1.033489,2.717596,3.781326,4.934829,5.722186,4.715154,4.699801,-4.934829,,,,,,below deadband; feedforward + feedback
2026-05-17 15:17:13,437.1,449.424,449.463,452.000,2.537,16.609300,101.065000,51.510100,0.709836,18.000000,97.276004,9.861988,9.861988,9.861988,9.937500,9.937500,0,0.000000,7.398650,4.678124,4.678124,4.619835,3.660057,3.517954,6.309978,6.359743,-0.00979869,-0.00341705,-0.01316820,-0.953178,-0.332397,-1.280950,8.351827,5.631302,5.010521,5.959074,4.740597,4.728996,-5.010521,,,,,,below deadband; feedforward + feedback
2026-05-17 15:17:18,442.1,449.487,449.458,452.000,2.542,16.613300,101.066000,51.500200,0.711258,18.000000,97.276966,9.883981,9.883981,9.883981,9.837500,9.837500,0,0.000000,7.314997,4.631011,4.631011,4.625919,3.627581,3.554623,6.325356,6.371489,-0.00277321,-0.00517307,-0.01257046,-0.269770,-0.503221,-1.222816,7.584766,4.900781,5.134232,5.853827,4.748465,4.737730,-5.134232,,,,,,below deadband; feedforward + feedback
2026-05-17 15:17:23,447.1,449.796,449.627,452.000,2.373,16.629300,101.064000,51.506900,0.711617,18.000000,97.275041,9.664563,9.664563,9.664563,9.856250,9.856250,0,0.000000,7.324291,4.625841,4.625841,4.625916,3.616680,3.591304,6.342713,6.394783,0.00363032,-0.00524583,-0.00916476,0.353140,-0.510288,-0.891502,6.971151,4.272701,5.136129,5.517343,4.727780,4.755052,-5.136129,,,,,,below deadband; feedforward + feedback
2026-05-17 15:17:28,452.1,450.248,449.866,452.000,2.134,16.604000,101.063000,51.506800,0.711901,18.000000,97.274079,9.338761,9.338761,9.338761,9.662500,9.662500,0,0.000000,7.180222,4.561513,4.561513,4.617972,3.676865,3.627356,6.350706,6.374687,0.00035295,-0.00361116,-0.00222377,0.034333,-0.351272,-0.216316,7.145889,4.527180,4.912785,4.777829,4.723746,4.740108,-4.912785,,,,,,below deadband; feedforward + feedback
2026-05-17 15:17:33,457.6,449.978,449.932,452.000,2.068,16.643900,101.063000,51.503500,0.712492,18.000000,97.274079,9.242878,9.242878,9.242878,9.331250,9.331250,0,0.000000,6.938558,4.489904,4.489904,4.601188,3.562848,3.665704,6.347328,6.337194,0.00722704,-0.00140014,0.00090356,0.703004,-0.136197,0.087893,6.235554,3.786901,4.626102,4.402011,4.676467,4.712229,-4.626102,,,,,,below deadband; feedforward + feedback
2026-05-17 15:17:38,462.6,450.267,450.121,452.000,1.879,16.622200,101.061000,51.503500,0.711882,18.000000,97.272154,0.000000,4.242878,4.242878,9.218750,9.218750,0,0.000000,6.864199,4.426932,4.426932,4.581285,3.509049,3.700115,6.333660,6.292656,0.00173113,0.00152410,0.00653272,0.168390,0.148252,0.635452,6.695809,4.258542,4.278680,3.791480,4.540487,4.679112,-4.278680,,,,,,within deadband and CO2 rising; MFC zero
2026-05-17 15:17:44,468.1,450.085,450.261,452.000,1.739,16.609100,101.061000,51.506800,0.710895,18.000000,97.272154,0.000000,0.000000,0.000000,3.993750,3.993750,0,0.000000,3.164875,4.408982,4.408982,4.562231,1.619403,3.717584,6.312721,6.249903,-0.00243702,0.00443881,0.01474748,-0.237055,0.431772,1.434519,3.401929,4.646036,3.977209,2.974463,4.503947,4.647321,-3.977209,,,,,,within deadband and CO2 rising; MFC zero
2026-05-17 15:17:49,473.6,449.733,450.200,452.000,1.800,16.610900,101.060000,51.513500,0.710898,18.000000,97.271191,0.000000,0.000000,0.000000,0.000000,0.000000,0,0.000000,0.000000,4.479448,4.479448,4.552522,0.000000,3.737597,6.290594,6.224213,-0.00092439,0.00488239,0.01835090,-0.089916,0.474916,1.785014,0.089916,4.569364,4.004532,2.694434,4.498360,4.628218,-4.004532,,,,,,within deadband and CO2 rising; MFC zero
2026-05-17 15:17:55,479.1,449.347,449.997,452.000,2.003,16.616700,101.058000,51.503500,0.712269,18.000000,97.269266,9.081264,5.000000,0.000000,0.000000,0.000000,0,0.000000,0.000000,4.709436,4.709436,4.561529,0.000000,3.737597,6.277239,6.237173,-0.00265556,0.00297794,0.01093354,-0.258304,0.289662,1.063497,0.258304,4.967740,4.419773,3.645938,4.533098,4.637855,-4.419773,,,,,,below deadband; feedforward + feedback
2026-05-17 15:18:00,484.6,448.895,449.802,452.000,2.198,16.604500,101.060000,51.510100,0.712051,18.000000,97.271191,9.348652,5.000000,5.000000,0.000000,0.000000,0,0.000000,0.000000,4.709436,4.709436,4.576187,0.000000,3.737597,6.271417,6.253953,-0.00652125,0.00238778,0.00706195,-0.634330,0.232262,0.686925,0.634330,5.343765,4.477174,4.022511,4.570502,4.650332,-4.477174,,,,,,below deadband; feedforward + feedback
2026-05-17 15:18:05,489.6,449.023,449.460,452.000,2.540,16.635000,101.061000,51.500200,0.710555,18.000000,97.272154,9.829948,9.829948,9.829948,4.900000,4.900000,0,0.000000,3.601730,4.709436,4.709436,4.591881,1.789818,3.755883,6.273388,6.279302,0.00115969,-0.00062965,-0.00641060,0.112805,-0.061247,-0.623573,3.488924,4.596630,4.770683,5.333009,4.610223,4.669181,-4.770683,,,,,,below deadband; feedforward + feedback
2026-05-17 15:18:10,494.6,449.702,449.362,452.000,2.638,16.610300,101.062000,51.510100,0.711414,18.000000,97.273116,9.974669,9.974669,9.974669,9.775000,9.775000,0,0.000000,7.282465,4.745317,4.745317,4.609135,3.608669,3.792184,6.280909,6.303472,-0.00003361,-0.00266850,-0.01267275,-0.003270,-0.259573,-1.232718,7.285735,4.748587,5.004891,5.978036,4.589733,4.687154,-5.004891,,,,,,below deadband; feedforward + feedback
2026-05-17 15:18:15,499.6,449.636,449.487,452.000,2.513,16.641500,101.060000,51.513500,0.710855,18.000000,97.271191,9.806833,9.806833,9.806833,9.950000,9.950000,0,0.000000,7.398650,4.813944,4.813944,4.625330,3.666114,3.829113,6.288843,6.312644,0.00043698,-0.00272807,-0.01292786,0.042506,-0.265363,-1.257509,7.356144,4.771438,5.079307,6.071453,4.701033,4.693974,-5.079307,,,,,,below deadband; feedforward + feedback
2026-05-17 15:18:20,504.6,449.816,449.504,452.000,2.496,16.640000,101.059000,51.510100,0.711873,18.000000,97.270229,9.788256,9.788256,9.788256,9.806250,9.806250,0,0.000000,7.282465,4.810420,4.810420,4.634716,3.714406,3.865621,6.293576,6.307776,-0.00497489,-0.00245475,-0.01356476,-0.483909,-0.238774,-1.319447,7.766374,5.294329,5.049194,6.129867,4.716391,4.690354,-5.049194,,,,,,below deadband; feedforward + feedback
2026-05-17 15:18:26,510.1,450.102,449.814,452.000,2.186,16.626300,101.063000,51.506800,0.711225,18.000000,97.274079,9.353208,9.353208,9.353208,9.768750,9.768750,0,0.000000,7.263875,4.793224,4.793224,4.640198,3.716469,3.905599,6.293053,6.291485,-0.00480682,-0.00078173,-0.00881523,-0.467579,-0.076042,-0.857494,7.731454,5.260803,4.869266,5.650718,4.752935,4.678240,-4.869266,,,,,,below deadband; feedforward + feedback
2026-05-17 15:18:31,515.6,450.669,450.046,452.000,1.954,16.611500,101.062000,51.506900,0.710864,18.000000,97.273116,0.000000,4.353208,4.353208,9.350000,9.350000,0,0.000000,6.957147,4.774054,4.774054,4.645810,3.556019,3.944070,6.287918,6.272514,0.00959683,0.00119963,-0.00174518,0.933514,0.116692,-0.169759,6.023633,3.840540,4.657362,4.943813,4.667136,4.664134,-4.657362,,,,,,within deadband and CO2 rising; MFC zero
2026-05-17 15:18:37,521.1,450.432,450.267,452.000,1.733,16.604000,101.060000,51.496900,0.711643,18.000000,97.271191,0.000000,0.000000,0.000000,3.993750,3.993750,0,0.000000,3.234586,4.711895,4.711895,4.648414,1.659192,3.961973,6.278651,6.250849,-0.00384881,0.00265540,0.00700361,-0.374379,0.258294,0.681250,3.608964,5.086274,4.453601,4.030645,4.643014,4.648024,-4.453601,,,,,,within deadband and CO2 rising; MFC zero
2026-05-17 15:18:42,526.6,449.442,450.299,452.000,1.701,16.616000,101.058000,51.506900,0.712508,18.000000,97.269266,0.000000,0.000000,0.000000,0.000000,0.000000,0,0.000000,0.000000,4.628068,4.628068,4.652083,0.000000,3.961973,6.268984,6.239982,-0.01502552,0.00343048,0.01410209,-1.461522,0.333680,1.371700,1.461522,6.089589,4.294388,3.256367,4.706247,4.639944,-4.294388,,,,,,within deadband and CO2 rising; MFC zero
2026-05-17 15:18:48,532.1,448.886,450.095,452.000,1.905,16.641700,101.059000,51.506900,0.710182,18.000000,97.270229,0.000000,0.000000,0.000000,0.000000,0.000000,0,0.000000,0.000000,4.377612,4.377612,4.643675,0.000000,3.961973,6.257840,6.224406,-0.01811832,0.00363290,0.01364277,-1.762373,0.353373,1.327035,1.762373,6.139985,4.024239,3.050576,4.820594,4.628362,-4.024239,,,,,,within deadband and CO2 rising; MFC zero
2026-05-17 15:18:53,537.6,449.478,449.831,452.000,2.169,16.624900,101.059000,51.506800,0.712127,18.000000,97.270229,9.281240,5.000000,5.000000,0.000000,0.000000,0,0.000000,0.000000,4.214740,4.214740,4.624584,0.000000,3.961973,6.244850,6.205881,0.00561354,0.00247232,0.00870111,0.546030,0.240483,0.846358,-0.546030,3.668710,3.974257,3.368382,4.786861,4.614587,-3.974257,,,,,,below deadband; feedforward + feedback
2026-05-17 15:18:59,543.1,450.040,449.587,452.000,2.413,16.629900,101.061000,51.510100,0.711203,18.000000,97.272154,9.608077,9.608077,9.608077,4.918750,4.918750,0,0.000000,3.629614,4.201359,4.201359,4.603395,1.854962,3.982086,6.229982,6.185377,-0.00872287,0.00116181,0.00423765,-0.848492,0.113012,0.412205,4.478106,5.049851,4.088348,3.789154,4.800360,4.599341,-4.088348,,,,,,below deadband; feedforward + feedback
2026-05-17 15:19:04,548.6,449.287,449.446,452.000,2.554,16.631400,101.059000,51.510100,0.710945,18.000000,97.270229,9.792532,9.792532,9.792532,9.556250,9.556250,0,0.000000,7.119806,4.293784,4.293784,4.586225,3.651084,4.021156,6.216512,6.176103,0.00477321,-0.00159289,-0.00588698,0.464292,-0.154941,-0.572628,6.655514,3.829493,4.448725,4.866412,4.741820,4.592445,-4.448725,,,,,,below deadband; feedforward + feedback
2026-05-17 15:19:10,554.1,450.178,449.588,452.000,2.412,16.612700,101.057000,51.503500,0.711795,18.000000,97.268304,9.580849,9.580849,9.580849,9.762500,9.762500,0,0.000000,7.259228,4.545499,4.545499,4.579999,3.710983,4.060970,6.203874,6.165961,0.00800017,-0.00221939,-0.00957751,0.778163,-0.215876,-0.931589,6.481065,3.767336,4.761375,5.477087,4.741212,4.584903,-4.761375,,,,,,below deadband; feedforward + feedback
2026-05-17 15:19:15,559.6,450.313,449.748,452.000,2.252,16.627900,101.060000,51.503500,0.711646,18.000000,97.271191,9.344769,9.344769,9.344769,9.175000,9.175000,0,0.000000,6.868847,4.705001,4.705001,4.581168,3.516189,4.106175,6.192179,6.157091,0.00801697,-0.00158143,-0.00841439,0.779820,-0.153828,-0.818478,6.089026,3.925181,4.858829,5.523479,4.667033,4.578308,-4.858829,,,,,,below deadband; feedforward + feedback
2026-05-17 15:19:21,565.1,448.979,449.791,452.000,2.209,16.624200,101.059000,51.510100,0.712954,18.000000,97.270229,9.272388,9.272388,9.272388,9.225000,9.225000,0,0.000000,6.859552,4.697314,4.697314,4.584050,3.514227,4.141580,6.180453,6.145276,-0.01196664,-0.00241433,-0.01179096,-1.163998,-0.234842,-1.146909,8.023550,5.861312,4.932156,5.844223,4.708795,4.569522,-4.932156,,,,,,below deadband; feedforward + feedback
2026-05-17 15:19:26,570.6,450.548,449.860,452.000,2.140,16.612500,101.060000,51.503500,0.711012,18.000000,97.271191,9.164163,9.164163,9.164163,9.262500,9.262500,0,0.000000,6.882789,4.710849,4.710849,4.587746,3.521967,4.179433,6.168513,6.132694,0.00793293,-0.00215991,-0.00953425,0.771646,-0.210097,-0.927407,6.111143,3.939204,4.920947,5.638257,4.694295,4.560166,-4.920947,,,,,,below deadband; feedforward + feedback
2026-05-17 15:19:32,576.1,449.728,449.844,452.000,2.156,16.642300,101.061000,51.496900,0.711388,18.000000,97.272154,9.176413,9.176413,9.176413,9.156250,9.156250,0,0.000000,6.803783,4.689704,4.689704,4.593320,3.485901,4.216942,6.157943,6.126233,-0.01474005,-0.00115737,-0.00248382,-1.433796,-0.112579,-0.241607,8.237580,6.123500,4.802283,4.931310,4.763700,4.555362,-4.802283,,,,,,below deadband; feedforward + feedback
2026-05-17 15:19:37,581.6,450.408,449.862,452.000,2.138,16.578200,101.063000,51.500200,0.710326,18.000000,97.274079,9.143654,9.143654,9.143654,9.168750,9.168750,0,0.000000,6.822373,4.676168,4.676168,4.601418,3.489272,4.254440,6.150139,6.126728,0.00257153,0.00042765,0.00736103,0.250143,0.041600,0.716037,6.572230,4.426025,4.634568,3.960131,4.791488,4.555730,-4.634568,,,,,,below deadband; feedforward + feedback
2026-05-17 15:19:43,587.1,450.772,450.131,452.000,1.869,16.622400,101.060000,51.510100,0.713430,18.000000,97.271191,0.000000,4.143654,4.143654,9.031250,9.031250,0,0.000000,6.808431,4.670727,4.670727,4.612018,3.486683,4.291825,6.145424,6.131277,0.01694152,0.00323061,0.01465421,1.647922,0.314245,1.425433,5.160509,3.022805,4.356482,3.245294,4.737761,4.559113,-4.356482,,,,,,within deadband and CO2 rising; MFC zero
2026-05-17 15:19:48,592.6,450.345,450.348,452.000,1.652,16.617700,101.063000,51.500200,0.710563,18.000000,97.274079,0.000000,0.000000,0.000000,3.875000,3.875000,0,0.000000,3.081222,4.728897,4.728897,4.625927,1.577087,4.308875,6.144698,6.142520,0.01872306,0.00575073,0.01920584,1.821269,0.559397,1.868230,1.259953,2.907628,4.169499,2.860667,4.662178,4.567473,-4.169499,,,,,,within deadband and CO2 rising; MFC zero
2026-05-17 15:19:54,598.1,450.376,450.345,452.000,1.655,16.618100,101.060000,51.510200,0.710827,18.000000,97.271191,0.000000,0.000000,0.000000,0.000000,0.000000,0,0.000000,0.000000,4.703878,4.703878,4.635685,0.000000,4.308875,6.146906,6.153530,0.01653816,0.00525389,0.01742068,1.608687,0.511052,1.694531,-1.608687,3.095192,4.192826,3.009348,4.598083,4.575660,-4.192826,,,,,,within deadband and CO2 rising; MFC zero
2026-05-17 15:19:59,603.6,449.487,450.158,452.000,1.842,16.639500,101.060000,51.500200,0.713753,18.000000,97.271191,0.000000,0.000000,0.000000,0.000000,0.000000,0,0.000000,0.000000,4.756297,4.756297,4.637723,0.000000,4.308875,6.147581,6.149606,0.00215130,0.00414960,0.00915402,0.209260,0.403637,0.890423,-0.209260,4.547037,4.352660,3.865874,4.579792,4.572742,-4.352660,,,,,,within deadband and CO2 rising; MFC zero
2026-05-17 15:20:05,609.1,449.770,449.925,452.000,2.075,16.608400,101.060000,51.510200,0.711406,18.000000,97.271191,9.055325,5.000000,5.000000,0.000000,0.000000,0,0.000000,0.000000,4.756297,4.756297,4.639760,0.000000,4.308875,6.150290,6.158418,-0.00529423,0.00132020,-0.00188990,-0.514976,0.128418,-0.183833,0.514976,5.271273,4.627879,4.940130,4.576640,4.579294,-4.627879,,,,,,below deadband; feedforward + feedback
2026-05-17 15:20:10,614.1,449.331,449.570,452.000,2.430,16.623400,101.064000,51.506900,0.711139,18.000000,97.275041,9.555086,9.555086,9.555086,4.962500,4.962500,0,0.000000,3.573845,4.705485,4.705485,4.639588,1.827688,4.327960,6.153086,6.161473,-0.01364734,-0.00120737,-0.00719103,-1.327546,-0.117447,-0.699508,4.901391,6.033031,4.822933,5.404993,4.639092,4.581566,-4.822933,,,,,,below deadband; feedforward + feedback
2026-05-17 15:20:15,619.6,448.948,449.439,452.000,2.561,16.629300,101.061000,51.506800,0.711402,18.000000,97.272154,9.730678,9.730678,9.730678,9.518750,9.518750,0,0.000000,7.073332,4.570033,4.570033,4.623696,3.603532,4.366751,6.144648,6.119333,-0.01998358,-0.00250063,-0.00898061,-1.943846,-0.243242,-0.873563,9.017178,6.513879,4.813275,5.443596,4.713317,4.550231,-4.813275,,,,,,below deadband; feedforward + feedback
2026-05-17 15:20:21,625.1,449.913,449.560,452.000,2.440,16.632900,101.060000,51.506800,0.711376,18.000000,97.271191,9.549502,9.549502,9.549502,9.700000,9.700000,0,0.000000,7.217401,4.483417,4.483417,4.608832,3.687331,4.406317,6.133502,6.100063,0.01052140,-0.00257569,-0.01130829,1.023429,-0.250540,-1.099971,6.193972,3.459988,4.733958,5.583388,4.629938,4.535903,-4.733958,,,,,,below deadband; feedforward + feedback
2026-05-17 15:20:26,630.6,450.342,449.655,452.000,2.345,16.633000,101.061000,51.496900,0.711346,18.000000,97.272154,9.404718,9.404718,9.404718,9.543750,9.543750,0,0.000000,7.091922,4.473290,4.473290,4.594289,3.625816,4.445427,6.121718,6.086366,-0.00114290,-0.00176732,-0.01282395,-0.111172,-0.171911,-1.247413,7.203094,4.584462,4.645201,5.720703,4.599195,4.525718,-4.645201,,,,,,below deadband; feedforward + feedback
2026-05-17 15:20:32,636.1,449.987,449.872,452.000,2.128,16.635900,101.059000,51.506800,0.712521,18.000000,97.270229,9.089768,9.089768,9.089768,9.393750,9.393750,0,0.000000,6.989679,4.468430,4.468430,4.580397,3.578801,4.483959,6.110183,6.075580,0.00816824,-0.00012833,-0.01060563,0.794526,-0.012483,-1.031612,6.195153,3.673903,4.480912,5.500042,4.591621,4.517697,-4.480912,,,,,,below deadband; feedforward + feedback
2026-05-17 15:20:37,641.6,450.101,450.098,452.000,1.902,16.633600,101.063000,51.503500,0.712112,18.000000,97.274079,0.000000,4.089768,4.089768,2.812500,2.812500,0,0.000000,2.012321,4.465719,4.465719,4.569208,1.029627,4.526056,6.098292,6.062619,-0.00818503,0.00230429,-0.00519980,-0.796192,0.224148,-0.505805,2.808513,5.261910,4.241571,4.971524,4.599604,4.508060,-4.241571,,,,,,within deadband and CO2 rising; MFC zero
2026-05-17 15:20:43,647.1,449.984,450.023,452.000,1.977,16.611000,101.058000,51.506800,0.711131,18.000000,97.269266,0.000000,0.000000,0.000000,3.512500,3.512500,0,0.000000,3.011511,4.656184,4.656184,4.570486,1.540948,4.541812,6.090993,6.069094,-0.01252127,0.00263050,-0.00137491,-1.217934,0.255867,-0.133737,4.229445,5.874119,4.400318,4.789921,4.589810,4.512875,-4.400318,,,,,,within deadband and CO2 rising; MFC zero
2026-05-17 15:20:48,652.6,449.817,449.990,452.000,2.010,16.638300,101.061000,51.510100,0.711921,18.000000,97.272154,8.908416,5.000000,0.000000,0.000000,0.000000,0,0.000000,0.000000,4.766173,4.766173,4.588148,0.000000,4.541812,6.094381,6.104547,-0.00855482,0.00166513,0.00642389,-0.832145,0.161971,0.624866,0.832145,5.598318,4.604202,4.141307,4.565189,4.539237,-4.604202,,,,,,below deadband; feedforward + feedback
2026-05-17 15:20:54,658.1,449.617,449.729,452.000,2.271,16.629400,101.059000,51.513500,0.712648,18.000000,97.270229,9.290689,5.000000,0.000000,0.000000,0.000000,0,0.000000,0.000000,4.828932,4.828932,4.616065,0.000000,4.541812,6.110659,6.159492,-0.00400007,-0.00045404,0.00456443,-0.389088,-0.044164,0.443983,0.389088,5.218019,4.873096,4.384949,4.635612,4.580093,-4.873096,,,,,,below deadband; feedforward + feedback
2026-05-17 15:20:59,663.6,449.082,449.424,452.000,2.576,16.618200,101.064000,51.506900,0.711588,18.000000,97.275041,9.745304,5.000000,5.000000,0.000000,0.000000,0,0.000000,0.000000,4.828932,4.828932,4.644591,0.000000,4.541812,6.138659,6.222661,-0.00574802,-0.00300985,-0.00292947,-0.559139,-0.292783,-0.284964,0.559139,5.388070,5.121715,5.113896,4.650986,4.627064,-5.121715,,,,,,below deadband; feedforward + feedback
2026-05-17 15:21:05,669.1,448.902,449.163,452.000,2.837,16.636600,101.061000,51.503500,0.710403,18.000000,97.272154,10.144520,10.000000,10.000000,4.943750,4.943750,0,0.000000,3.615672,4.722003,4.722003,4.664056,1.849089,4.562180,6.173245,6.277004,-0.01389967,-0.00632969,-0.01095999,-1.352050,-0.615703,-1.066102,4.967722,6.074053,5.337706,5.788105,4.753011,4.667472,-5.337706,,,,,,below deadband; feedforward + feedback
2026-05-17 15:21:10,674.6,448.464,449.051,452.000,2.949,16.610900,101.057000,51.500200,0.711515,18.000000,97.268304,10.335243,10.335243,10.335243,9.956250,9.956250,0,0.000000,7.403297,4.549875,4.549875,4.664255,3.787310,4.602831,6.206678,6.306977,-0.01981586,-0.00721538,-0.01785256,-1.927455,-0.701828,-1.736488,9.330752,6.477330,5.251703,6.286363,4.876193,4.689760,-5.251703,,,,,,below deadband; feedforward + feedback
2026-05-17 15:21:16,680.1,449.889,449.198,452.000,2.802,16.623800,101.059000,51.500200,0.712406,18.000000,97.270229,10.159024,10.159024,10.159024,10.312500,10.312500,0,0.000000,7.672846,4.479022,4.479022,4.653983,3.933188,4.644786,6.235664,6.322621,0.01173133,-0.00653562,-0.01901678,1.141109,-0.635721,-1.849766,6.531737,3.337913,5.114743,6.328788,4.849499,4.701392,-5.114743,,,,,,below deadband; feedforward + feedback
2026-05-17 15:21:21,685.6,450.279,449.460,452.000,2.540,16.622900,101.062000,51.510100,0.712580,18.000000,97.273116,9.815662,9.815662,9.815662,10.125000,10.125000,0,0.000000,7.542719,4.451757,4.451757,4.642821,3.858431,4.686356,6.260047,6.333198,-0.01289102,-0.00671756,-0.01254479,-1.253950,-0.653438,-1.220271,8.796669,5.705707,5.105195,5.672028,4.842426,4.709258,-5.105195,,,,,,below deadband; feedforward + feedback
2026-05-17 15:21:27,691.1,449.859,449.688,452.000,2.312,16.630800,101.061000,51.503500,0.712146,18.000000,97.272154,9.518915,9.518915,9.518915,9.812500,9.812500,0,0.000000,7.296407,4.494668,4.494668,4.632995,3.732567,4.726658,6.281450,6.345658,-0.00282359,-0.00647769,-0.00806823,-0.274656,-0.630099,-0.784814,7.571063,4.769324,5.124767,5.279482,4.880159,4.718522,-5.124767,,,,,,below deadband; feedforward + feedback
2026-05-17 15:21:32,696.6,450.203,449.827,452.000,2.173,16.651100,101.059000,51.510200,0.713042,18.000000,97.270229,9.343332,9.343332,9.343332,9.525000,9.525000,0,0.000000,7.077980,4.521236,4.521236,4.625337,3.627296,4.765755,6.301657,6.362279,-0.00176474,-0.00568468,-0.00084515,-0.171657,-0.552951,-0.082208,7.249636,4.692892,5.074186,4.603444,4.815131,4.730882,-5.074186,,,,,,below deadband; feedforward + feedback
2026-05-17 15:21:38,702.1,450.359,450.031,452.000,1.969,16.623200,101.060000,51.506800,0.712220,18.000000,97.271191,1.896036,4.343332,4.343332,9.300000,9.300000,0,0.000000,6.929263,4.537579,4.537579,4.619038,3.546673,4.804038,6.320118,6.375502,0.00011765,-0.00322091,0.01251427,0.011444,-0.313302,1.217278,6.917819,4.526135,4.850881,3.320301,4.819681,4.740714,-4.850881,,,,,,within lower deadband; partial feedforward
2026-05-17 15:21:43,707.6,449.948,450.178,452.000,1.822,16.626400,101.058000,51.510100,0.710539,18.000000,97.269266,1.901174,1.901174,1.901174,4.337500,4.337500,0,0.000000,3.220643,4.547222,4.547222,4.613424,1.649381,4.821884,6.337246,6.388630,-0.00334461,-0.00024690,0.02198434,-0.325328,-0.024016,2.138400,3.545971,4.872550,4.571238,2.408822,4.903761,4.750476,-4.571238,,,,,,within lower deadband; partial feedforward
2026-05-17 15:21:49,713.1,449.682,450.104,452.000,1.896,16.629900,101.059000,51.506800,0.712914,18.000000,97.270229,0.000000,0.000000,0.000000,1.831250,1.831250,0,0.000000,1.417455,4.461342,4.461342,4.601262,0.725046,4.831129,6.352110,6.396700,0.00578164,0.00164312,0.02259846,0.562381,0.159826,2.198157,0.855074,3.898961,4.301516,2.263185,4.948821,4.756476,-4.301516,,,,,,within deadband and CO2 rising; MFC zero
2026-05-17 15:21:54,718.6,449.558,449.949,452.000,2.051,16.640700,101.065000,51.510100,0.712092,18.000000,97.276004,9.233910,5.000000,0.000000,0.000000,0.000000,0,0.000000,0.000000,4.371648,4.371648,4.586161,0.000000,4.831129,6.362720,6.394550,0.01144580,0.00219981,0.01772850,1.113402,0.213989,1.724557,-1.113402,3.258246,4.157659,2.647090,4.956233,4.754878,-4.157659,,,,,,below deadband; feedforward + feedback
2026-05-17 15:22:00,724.1,448.925,449.689,452.000,2.311,16.610600,101.061000,51.510200,0.712204,18.000000,97.272154,9.605152,5.000000,0.000000,0.000000,0.000000,0,0.000000,0.000000,4.350192,4.350192,4.567702,0.000000,4.831129,6.369122,6.388327,0.00164712,0.00102109,0.00863678,0.160219,0.099324,0.840118,-0.160219,4.189973,4.250868,3.510074,4.940003,4.750251,-4.250868,,,,,,below deadband; feedforward + feedback
2026-05-17 15:22:05,729.6,448.722,449.365,452.000,2.635,16.649100,101.063000,51.503500,0.711763,18.000000,97.274079,10.060175,5.000000,5.000000,0.000000,0.000000,0,0.000000,0.000000,4.350192,4.350192,4.549242,0.000000,4.831129,6.370510,6.374677,-0.00998340,-0.00055897,-0.00407229,-0.971126,-0.054373,-0.396128,0.971126,5.321318,4.404565,4.746320,4.942277,4.740100,-4.404565,,,,,,below deadband; feedforward + feedback
2026-05-17 15:22:11,735.1,449.146,449.273,452.000,2.727,16.622800,101.059000,51.510200,0.709549,18.000000,97.270229,10.186075,10.000000,10.000000,11.756250,11.756250,0,0.000000,8.727804,4.350192,4.350192,4.533093,4.481095,4.864648,6.368100,6.360870,-0.00354629,-0.00253807,-0.01421455,-0.344948,-0.246879,-1.382653,9.072752,4.695140,4.597071,5.732845,4.881464,4.729834,-4.597071,,,,,,below deadband; feedforward + feedback
2026-05-17 15:22:16,740.1,449.593,449.233,452.000,2.767,16.604600,101.062000,51.510200,0.712383,18.000000,97.273116,10.238338,10.238338,10.238338,9.937500,9.937500,0,0.000000,7.380060,4.324961,4.324961,4.521953,3.779068,4.891507,6.364503,6.353711,0.00860522,-0.00381619,-0.01743406,0.837056,-0.371212,-1.695866,6.543004,3.487904,4.696173,6.020826,4.743920,4.724511,-4.696173,,,,,,below deadband; feedforward + feedback
2026-05-17 15:22:21,745.6,449.842,449.150,452.000,2.850,16.622900,101.060000,51.506800,0.711012,18.000000,97.271191,10.352621,10.352621,10.352621,10.206250,10.206250,0,0.000000,7.579898,4.365993,4.365993,4.516616,3.870119,4.933043,6.362586,6.356836,-0.00043698,-0.00430831,-0.02097697,-0.042506,-0.419075,-2.040455,7.622404,4.408499,4.785068,6.406449,4.787034,4.726834,-4.785068,,,,,,below deadband; feedforward + feedback
2026-05-17 15:22:27,751.1,449.829,449.256,452.000,2.744,16.631800,101.062000,51.503500,0.711371,18.000000,97.273116,10.203569,10.203569,10.203569,10.337500,10.337500,0,0.000000,7.696083,4.349844,4.349844,4.511004,3.936725,4.975216,6.362109,6.360679,0.00097481,-0.00368269,-0.01969907,0.094823,-0.358227,-1.916190,7.601260,4.255021,4.708071,6.266034,4.772059,4.729692,-4.708071,,,,,,below deadband; feedforward + feedback
2026-05-17 15:22:32,756.6,449.839,449.488,452.000,2.512,16.637800,101.063000,51.510200,0.711395,18.000000,97.274079,9.879492,9.879492,9.879492,10.193750,10.193750,0,0.000000,7.579898,4.371105,4.371105,4.506581,3.879741,5.016993,6.362797,6.364862,-0.00907581,-0.00183226,-0.01342540,-0.882841,-0.178232,-1.305944,8.462739,5.253947,4.549337,5.677049,4.843880,4.732802,-4.549337,,,,,,below deadband; feedforward + feedback
2026-05-17 15:22:38,762.1,449.515,449.673,452.000,2.327,16.640000,101.063000,51.503500,0.710959,18.000000,97.274079,9.623492,9.623492,9.623492,9.875000,9.875000,0,0.000000,7.342881,4.398661,4.398661,4.503532,3.755095,5.057568,6.365097,6.371996,-0.01653808,0.00041518,-0.00382202,-1.608727,0.040386,-0.371783,8.951608,6.007387,4.358274,4.770444,4.877765,4.738107,-4.358274,,,,,,below deadband; feedforward + feedback
2026-05-17 15:22:43,767.6,450.329,449.829,452.000,2.171,16.619900,101.060000,51.513500,0.710702,18.000000,97.271191,9.402176,9.402176,9.402176,9.618750,9.618750,0,0.000000,7.152338,4.336386,4.336386,4.488996,3.668989,5.097062,6.363021,6.356791,0.01163067,0.00189977,0.00840188,1.131329,0.184793,0.817261,6.021008,3.205056,4.151593,3.519125,4.756444,4.726801,-4.151593,,,,,,below deadband; feedforward + feedback
2026-05-17 15:22:49,773.1,450.078,449.988,452.000,2.012,16.640700,101.060000,51.510100,0.713274,18.000000,97.271191,9.171530,9.171530,9.171530,9.393750,9.393750,0,0.000000,6.989679,4.526096,4.526096,4.478084,3.570624,5.135604,6.355080,6.331257,0.00973143,0.00349137,0.01466210,0.946588,0.339610,1.426200,6.043091,3.579508,4.186486,3.099896,4.664680,4.707814,-4.186486,,,,,,below deadband; feedforward + feedback
2026-05-17 15:22:54,778.6,450.086,450.081,452.000,1.919,16.621900,101.061000,51.503500,0.711248,18.000000,97.272154,0.000000,4.171530,4.171530,9.225000,9.225000,0,0.000000,6.813078,4.800602,4.800602,4.476796,3.479634,5.173225,6.341945,6.302542,0.01363055,0.00408382,0.02121401,1.325873,0.397242,2.063532,5.487205,3.474729,4.403360,2.737070,4.585439,4.686463,-4.403360,,,,,,within deadband and CO2 rising; MFC zero
2026-05-17 15:23:00,784.1,450.304,450.227,452.000,1.773,16.633600,101.063000,51.506800,0.710693,18.000000,97.274079,0.000000,0.000000,0.000000,3.731250,3.731250,0,0.000000,3.095164,5.117670,5.117670,4.489920,1.583920,5.190347,6.325279,6.275278,0.02058866,0.00454348,0.02657707,2.002743,0.441963,2.585260,1.092421,3.114928,4.675707,2.532411,4.482115,4.666189,-4.675707,,,,,,within deadband and CO2 rising; MFC zero
2026-05-17 15:23:05,789.6,449.958,450.212,452.000,1.788,16.633100,101.065000,51.503500,0.710781,18.000000,97.276004,0.000000,0.000000,0.000000,0.000000,0.000000,0,0.000000,0.000000,5.337744,5.337744,4.517909,0.000000,5.190347,6.307900,6.255766,0.01544569,0.00328173,0.02339460,1.502495,0.319234,2.275733,-1.502495,3.835249,5.018510,3.062010,4.380351,4.651681,-5.018510,,,,,,within deadband and CO2 rising; MFC zero
2026-05-17 15:23:11,795.1,448.637,450.047,452.000,1.953,16.635800,101.065000,51.510100,0.712231,18.000000,97.276004,0.000000,0.000000,0.000000,0.000000,0.000000,0,0.000000,0.000000,5.293148,5.293148,4.551694,0.000000,5.190347,6.294005,6.252318,-0.01331120,0.00100588,0.01348712,-1.294861,0.097848,1.311974,1.294861,6.588009,5.195300,3.981175,4.385382,4.649117,-5.195300,,,,,,within deadband and CO2 rising; MFC zero
2026-05-17 15:23:16,800.6,449.459,449.726,452.000,2.274,16.637500,101.064000,51.506800,0.712953,18.000000,97.275041,9.466344,5.000000,5.000000,0.000000,0.000000,0,0.000000,0.000000,5.018255,5.018255,4.576204,0.000000,5.190347,6.282394,6.247560,0.01341204,-0.00019167,0.00405941,1.304657,-0.018644,0.394880,-1.304657,3.713598,5.036899,4.623375,4.402458,4.645578,-5.036899,,,,,,below deadband; feedforward + feedback
2026-05-17 15:23:22,806.1,449.150,449.409,452.000,2.591,16.623100,101.065000,51.500200,0.710953,18.000000,97.276004,9.896575,9.896575,9.896575,18.050000,18.050000,0,0.000000,8.309539,4.672934,4.672934,4.586258,4.263796,5.212592,6.268510,6.226858,-0.00719343,-0.00096232,-0.00906751,-0.699748,-0.093611,-0.882051,9.009286,5.372682,4.766545,5.554986,4.387321,4.630185,-4.766545,,,,,,below deadband; feedforward + feedback
2026-05-17 15:23:27,811.6,449.566,449.335,452.000,2.665,16.614500,101.065000,51.506800,0.710303,18.000000,97.276004,9.980546,9.980546,9.980546,9.631250,9.631250,0,0.000000,7.170927,4.414636,4.414636,4.582620,3.675755,5.251941,6.249126,6.190975,-0.00292448,-0.00126573,-0.01430244,-0.284482,-0.123126,-1.391285,7.455409,4.699118,4.537762,5.805921,4.384130,4.603503,-4.537762,,,,,,below deadband; feedforward + feedback
2026-05-17 15:23:33,817.1,448.320,449.297,452.000,2.703,16.605800,101.063000,51.510100,0.712506,18.000000,97.274079,10.010981,10.010981,10.010981,9.956250,9.956250,0,0.000000,7.407944,4.361404,4.361404,4.575355,3.799069,5.292330,6.226256,6.157644,-0.02657242,-0.00172223,-0.01837023,-2.584807,-0.167529,-1.786947,9.992752,6.946211,4.528933,6.148351,4.486553,4.578719,-4.528933,,,,,,below deadband; feedforward + feedback
2026-05-17 15:23:38,822.6,449.428,449.362,452.000,2.638,16.640100,101.061000,51.513500,0.711316,18.000000,97.272154,9.895727,9.895727,9.895727,10.000000,10.000000,0,0.000000,7.426534,4.348682,4.348682,4.566769,3.793719,5.333154,6.201932,6.128960,-0.01161368,-0.00033885,-0.01894159,-1.129688,-0.032961,-1.842489,8.556222,5.478370,4.381643,6.191171,4.529837,4.557390,-4.381643,,,,,,below deadband; feedforward + feedback
2026-05-17 15:23:44,828.1,449.342,449.579,452.000,2.421,16.630300,101.063000,51.510200,0.710028,18.000000,97.274079,9.566254,9.566254,9.566254,9.881250,9.881250,0,0.000000,7.347528,4.366884,4.366884,4.558571,3.755574,5.373643,6.177029,6.102320,-0.03025271,0.00237936,-0.01306350,-2.942804,0.231450,-1.270740,10.290333,7.309689,4.135434,5.637624,4.640616,4.537581,-4.135434,,,,,,below deadband; feedforward + feedback
2026-05-17 15:23:49,833.6,450.123,449.744,452.000,2.256,16.615500,101.065000,51.506800,0.709542,18.000000,97.276004,9.315645,9.315645,9.315645,9.556250,9.556250,0,0.000000,7.105864,4.495365,4.495365,4.560118,3.631304,5.412925,6.156860,6.096353,0.00754637,0.00299622,-0.00847203,0.734080,0.291461,-0.824125,6.371784,3.761285,4.203905,5.319490,4.634358,4.533144,-4.203905,,,,,,below deadband; feedforward + feedback
2026-05-17 15:23:55,839.1,450.509,450.043,452.000,1.957,16.636300,101.061000,51.510100,0.711726,18.000000,97.272154,0.000000,4.315645,4.315645,9.312500,9.312500,0,0.000000,6.915321,4.720822,4.720822,4.575990,3.530207,5.451154,6.143643,6.103994,-0.00016807,0.00450456,0.00279898,-0.016349,0.438168,0.272262,6.931669,4.737170,4.282653,4.448559,4.701581,4.538825,-4.282653,,,,,,within deadband and CO2 rising; MFC zero
2026-05-17 15:24:00,844.6,449.869,450.177,452.000,1.823,16.627100,101.063000,51.506800,0.712463,18.000000,97.274079,0.000000,0.000000,0.000000,4.093750,4.093750,0,0.000000,3.197406,5.019475,5.019475,4.606411,1.635777,5.468911,6.138227,6.121978,-0.00700855,0.00487711,0.01456922,-0.681750,0.474416,1.417208,3.879157,5.701225,4.545058,3.602267,4.770275,4.552198,-4.545058,,,,,,within deadband and CO2 rising; MFC zero
2026-05-17 15:24:06,850.1,449.402,450.081,452.000,1.919,16.625600,101.063000,51.500200,0.713110,18.000000,97.274079,0.000000,0.000000,0.000000,0.000000,0.000000,0,0.000000,0.000000,5.244951,5.244951,4.647082,0.000000,5.468911,6.142001,6.153323,-0.00685728,0.00336784,0.01707253,-0.667036,0.327603,1.660715,0.667036,5.911987,4.917348,3.584236,4.797123,4.575506,-4.917348,,,,,,within deadband and CO2 rising; MFC zero
2026-05-17 15:24:11,855.6,449.292,449.882,452.000,2.118,16.641900,101.063000,51.510200,0.710819,18.000000,97.274079,9.118072,5.000000,0.000000,0.000000,0.000000,0,0.000000,0.000000,5.311718,5.311718,4.690788,0.000000,5.468911,6.153467,6.187863,-0.00321017,0.00153813,0.01184660,-0.312266,0.149620,1.152367,0.312266,5.623985,5.162099,4.159351,4.839344,4.601189,-5.162099,,,,,,below deadband; feedforward + feedback
2026-05-17 15:24:17,861.1,449.190,449.508,452.000,2.492,16.619900,101.065000,51.510100,0.711348,18.000000,97.276004,9.660572,5.000000,5.000000,0.000000,0.000000,0,0.000000,0.000000,5.208817,5.208817,4.730963,0.000000,5.468911,6.171982,6.227529,-0.00475645,-0.00140064,0.00302379,-0.462689,-0.136248,0.294142,0.462689,5.671506,5.345066,4.914675,4.938598,4.630684,-5.345066,,,,,,below deadband; feedforward + feedback
2026-05-17 15:24:22,866.6,448.967,449.142,452.000,2.858,16.605800,101.060000,51.510200,0.710406,18.000000,97.271191,10.197257,10.000000,10.000000,4.931250,4.931250,0,0.000000,3.624967,4.901973,4.901973,4.755326,1.859386,5.488904,6.195497,6.266043,-0.01342907,-0.00527529,-0.01041473,-1.306261,-0.513134,-1.013053,4.931228,6.208235,5.415107,5.915026,5.020404,4.659322,-5.415107,,,,,,below deadband; feedforward + feedback
2026-05-17 15:24:28,872.1,449.583,449.064,452.000,2.936,16.612900,101.059000,51.510100,0.710592,18.000000,97.270229,10.332007,10.332007,10.332007,9.956250,9.956250,0,0.000000,7.412592,4.649891,4.649891,4.768965,3.794479,5.529585,6.221817,6.300777,0.00749595,-0.00643960,-0.01348682,0.729133,-0.626381,-1.311866,6.683459,3.920758,5.276272,5.961757,5.005211,4.685150,-5.276272,,,,,,below deadband; feedforward + feedback
2026-05-17 15:24:33,877.1,449.622,449.169,452.000,2.831,16.655200,101.058000,51.506800,0.710610,18.000000,97.269266,10.213619,10.213619,10.213619,10.312500,10.312500,0,0.000000,7.654256,4.559964,4.559964,4.777549,3.930378,5.567724,6.250534,6.336686,0.00522700,-0.00592994,-0.01625552,0.508427,-0.576801,-1.581163,7.145830,4.051537,5.136765,6.141127,4.950556,4.711851,-5.136765,,,,,,below deadband; feedforward + feedback
2026-05-17 15:24:38,882.6,450.087,449.508,452.000,2.492,16.637900,101.065000,51.500200,0.710628,18.000000,97.276004,9.770752,9.770752,9.770752,10.200000,10.200000,0,0.000000,7.584545,4.553283,4.553283,4.784577,3.878914,5.609475,6.281707,6.375227,0.00899174,-0.00447680,-0.01251175,0.874680,-0.435485,-1.217093,6.709865,3.678603,4.988768,5.770376,4.844702,4.740510,-4.988768,,,,,,below deadband; feedforward + feedback
2026-05-17 15:24:44,888.1,450.301,449.896,452.000,2.104,16.648900,101.061000,51.500200,0.712386,18.000000,97.272154,9.260781,9.260781,9.260781,9.156250,9.156250,0,0.000000,6.873494,4.560835,4.560835,4.794780,3.516657,5.660196,6.315356,6.416303,0.01431962,-0.00270076,-0.00450844,1.392900,-0.262709,-0.438545,5.480594,3.167935,4.823544,4.999381,4.843014,4.771053,-4.823544,,,,,,below deadband; feedforward + feedback
2026-05-17 15:24:49,893.6,449.418,449.978,452.000,2.022,16.623300,101.064000,51.506800,0.711673,18.000000,97.275041,9.180034,9.180034,9.180034,9.225000,9.225000,0,0.000000,6.864199,4.569878,4.569878,4.796770,3.500963,5.693565,6.349269,6.451008,-0.02196686,-0.00189502,-0.00205189,-2.136827,-0.184338,-0.199597,9.001026,6.706705,4.754216,4.769476,4.985160,4.796859,-4.754216,,,,,,below deadband; feedforward + feedback
2026-05-17 15:24:55,899.1,450.331,449.977,452.000,2.023,16.629300,101.062000,51.503500,0.711793,18.000000,97.273116,9.211031,9.211031,9.211031,9.150000,9.150000,0,0.000000,6.822373,4.620109,4.620109,4.788565,3.486959,5.731079,6.378201,6.464995,0.00026891,-0.00012402,0.00699485,0.026158,-0.012064,0.680411,6.796215,4.593951,4.632173,3.939698,5.036033,4.807259,-4.632173,,,,,,below deadband; feedforward + feedback
2026-05-17 15:25:00,904.6,450.963,449.995,452.000,2.005,16.621000,101.062000,51.500200,0.710229,18.000000,97.273116,9.201265,9.201265,9.201265,9.206250,9.206250,0,0.000000,6.850257,4.617379,4.617379,4.765825,3.501649,5.768706,6.394090,6.441759,0.01356352,0.00330805,0.01855721,1.319366,0.321784,1.805117,5.530891,3.298013,4.295594,2.812261,5.044355,4.789982,-4.295594,,,,,,below deadband; feedforward + feedback
2026-05-17 15:25:06,910.1,450.697,450.076,452.000,1.924,16.624800,101.064000,51.510200,0.710957,18.000000,97.275041,0.000000,4.201265,4.201265,9.331250,9.331250,0,0.000000,6.840962,4.725760,4.725760,4.738007,3.491616,5.806305,6.393145,6.390308,0.02195039,0.00564303,0.02481876,2.135225,0.548926,2.414246,4.705737,2.590534,4.176834,2.311513,4.987778,4.751724,-4.176834,,,,,,within deadband and CO2 rising; MFC zero
2026-05-17 15:25:11,915.6,449.689,450.337,452.000,1.663,16.663400,101.062000,51.506800,0.712987,18.000000,97.273116,0.000000,0.000000,0.000000,3.956250,3.956250,0,0.000000,3.123048,4.987621,4.987621,4.724120,1.596277,5.823540,6.379701,6.339371,0.01285736,0.00643131,0.02882536,1.250676,0.625594,2.803933,1.872372,3.736945,4.362027,2.183688,4.858184,4.713848,-4.362027,,,,,,within deadband and CO2 rising; MFC zero
2026-05-17 15:25:17,921.1,449.689,450.295,452.000,1.705,16.630100,101.062000,51.510100,0.712735,18.000000,97.273116,0.000000,0.000000,0.000000,0.000000,0.000000,0,0.000000,0.000000,5.208604,5.208604,4.732772,0.000000,5.823540,6.363323,6.314189,0.01737850,0.00600013,0.02206097,1.690461,0.583652,2.145939,-1.690461,3.518143,4.624953,3.062665,4.849299,4.695123,-4.624953,,,,,,within deadband and CO2 rising; MFC zero
2026-05-17 15:25:22,926.6,449.783,450.106,452.000,1.894,16.632000,101.065000,51.500200,0.713470,18.000000,97.276004,0.000000,0.000000,0.000000,0.000000,0.000000,0,0.000000,0.000000,5.273649,5.273649,4.760077,0.000000,5.823540,6.351984,6.317969,0.01240361,0.00457733,0.00850519,1.206574,0.445264,0.827351,-1.206574,4.067075,4.828384,4.446298,4.789954,4.697934,-4.828384,,,,,,within deadband and CO2 rising; MFC zero
2026-05-17 15:25:28,932.1,449.372,449.807,452.000,2.193,16.626000,101.065000,51.516800,0.711049,18.000000,97.276004,9.419346,5.000000,5.000000,0.000000,0.000000,0,0.000000,0.000000,5.168830,5.168830,4.794359,0.000000,5.823540,6.348656,6.338670,0.00176478,0.00300617,-0.00317386,0.171670,0.292428,-0.308741,-0.171670,4.997160,4.876403,5.477571,4.803501,4.713326,-4.876403,,,,,,below deadband; feedforward + feedback
2026-05-17 15:25:33,937.6,449.334,449.584,452.000,2.416,16.649900,101.061000,51.506800,0.712879,18.000000,97.272154,9.733785,9.733785,9.733785,4.893750,4.893750,0,0.000000,3.611024,4.876413,4.876413,4.817768,1.849733,5.844030,6.350685,6.356772,-0.01388262,0.00052795,-0.01202783,-1.350392,0.051354,-1.169973,4.961417,6.226805,4.825058,6.046385,4.770801,4.726787,-4.825058,,,,,,below deadband; feedforward + feedback
2026-05-17 15:25:39,943.1,449.163,449.346,452.000,2.654,16.663500,101.066000,51.503500,0.713618,18.000000,97.276966,10.074181,10.074181,10.074181,9.675000,9.675000,0,0.000000,7.212754,4.644953,4.644953,4.831235,3.684360,5.883589,6.358406,6.381572,-0.02468959,-0.00146372,-0.01634942,-2.401729,-0.142387,-1.590422,9.614483,7.046682,4.787340,6.235375,4.842088,4.745227,-4.787340,,,,,,below deadband; feedforward + feedback
2026-05-17 15:25:44,948.6,449.776,449.351,452.000,2.649,16.644400,101.062000,51.503500,0.712608,18.000000,97.273116,10.080569,10.080569,10.080569,10.050000,10.050000,0,0.000000,7.463713,4.558686,4.558686,4.839954,3.820180,5.924470,6.372249,6.413777,-0.00472279,-0.00106491,-0.01550422,-0.459400,-0.103587,-1.508144,7.923113,5.018086,4.662273,6.066830,4.737924,4.769175,-4.662273,,,,,,below deadband; feedforward + feedback
2026-05-17 15:25:50,954.1,450.359,449.585,452.000,2.415,16.619400,101.063000,51.510200,0.711705,18.000000,97.274079,9.767218,9.767218,9.767218,10.087500,10.087500,0,0.000000,7.477655,4.555239,4.555239,4.842675,3.824347,5.965615,6.386918,6.430927,0.02067302,0.00072764,-0.01269066,2.010949,0.070781,-1.234473,5.466707,2.544290,4.484458,5.789712,4.682606,4.781927,-4.484458,,,,,,below deadband; feedforward + feedback
2026-05-17 15:25:55,959.6,450.052,450.029,452.000,1.971,16.623500,101.062000,51.506800,0.710651,18.000000,97.273116,0.000000,4.767218,4.767218,22.825000,22.825000,0,0.000000,16.377413,4.566451,4.566451,4.835658,8.388271,6.010382,6.395775,6.422345,0.00289085,0.00436074,-0.00490962,0.281202,0.424183,-0.477574,16.096211,4.285249,4.142268,5.044025,4.662064,4.775546,-4.142268,,,,,,within deadband and CO2 rising; MFC zero
2026-05-17 15:26:01,965.1,449.635,450.336,452.000,1.664,16.637400,101.063000,51.503500,0.712185,18.000000,97.274079,0.000000,0.000000,0.000000,3.593750,3.593750,0,0.000000,2.728020,4.583569,4.583569,4.815844,1.395974,6.040083,6.393237,6.385622,-0.01569780,0.00657170,0.00299297,-1.526989,0.639256,0.291139,4.255009,6.110558,3.944313,4.292430,4.680670,4.748239,-3.944313,,,,,,within deadband and CO2 rising; MFC zero
2026-05-17 15:26:06,970.6,449.820,450.295,452.000,1.705,16.622300,101.062000,51.503500,0.711624,18.000000,97.273116,0.000000,0.000000,0.000000,0.000000,0.000000,0,0.000000,0.000000,4.731240,4.731240,4.792494,0.000000,6.040083,6.379771,6.339372,-0.03223596,0.00586478,0.00622056,-3.135693,0.570486,0.605093,3.135693,7.866932,4.160754,4.126147,4.769531,4.713849,-4.160754,,,,,,within deadband and CO2 rising; MFC zero
2026-05-17 15:26:11,975.6,449.460,450.000,452.000,2.000,16.636900,101.066000,51.513500,0.711749,18.000000,97.276966,9.157580,5.000000,0.000000,0.000000,0.000000,0,0.000000,0.000000,4.756549,4.756549,4.767259,0.000000,6.040083,6.357405,6.290307,-0.00663879,0.00408214,0.00581022,-0.645802,0.397099,0.565201,0.645802,5.402350,4.359450,4.191348,4.759457,4.677365,-4.359450,,,,,,below deadband; feedforward + feedback
2026-05-17 15:26:17,981.1,449.348,449.577,452.000,2.423,16.622100,101.064000,51.510100,0.710647,18.000000,97.275041,9.721900,5.000000,5.000000,0.000000,0.000000,0,0.000000,0.000000,4.756549,4.756549,4.746701,0.000000,6.040083,6.330085,6.248126,-0.00880690,0.00104364,0.00325267,-0.856692,0.101520,0.316404,0.856692,5.613240,4.655029,4.440145,4.756809,4.645999,-4.655029,,,,,,below deadband; feedforward + feedback
2026-05-17 15:26:22,986.6,449.317,449.322,452.000,2.678,16.640000,101.063000,51.503500,0.712577,18.000000,97.274079,10.053035,10.000000,10.000000,4.887500,4.887500,0,0.000000,3.620319,4.756549,4.756549,4.740091,1.852086,6.060642,6.303975,6.225644,-0.00959684,-0.00298931,-0.00003940,-0.933524,-0.290782,-0.003832,4.553843,5.690073,5.047331,4.760381,4.733256,4.629282,-5.047331,,,,,,below deadband; feedforward + feedback
2026-05-17 15:26:28,992.1,449.837,449.358,452.000,2.642,16.625000,101.058000,51.503500,0.712034,18.000000,97.269266,9.981991,9.981991,9.981991,9.968750,9.968750,0,0.000000,7.407944,4.761293,4.761293,4.745155,3.792172,6.101309,6.283296,6.221258,0.00551274,-0.00455684,-0.00277903,0.536221,-0.443240,-0.270315,6.871724,4.225072,5.204533,5.031607,4.747088,4.626021,-5.204533,,,,,,below deadband; feedforward + feedback
2026-05-17 15:26:33,997.6,450.023,449.489,452.000,2.511,16.629100,101.064000,51.506800,0.711124,18.000000,97.275041,9.785224,9.785224,9.785224,9.968750,9.968750,0,0.000000,7.407944,4.760906,4.760906,4.754288,3.790044,6.142005,6.269719,6.228991,0.01354651,-0.00516424,-0.00629276,1.317737,-0.502351,-0.612129,6.090207,3.443169,5.263257,5.373034,4.719435,4.631771,-5.263257,,,,,,below deadband; feedforward + feedback
2026-05-17 15:26:39,1003.1,449.725,449.600,452.000,2.400,16.645400,101.059000,51.513500,0.710760,18.000000,97.270229,9.623035,9.623035,9.623035,9.787500,9.787500,0,0.000000,7.263875,4.755948,4.755948,4.763500,3.713211,6.182074,6.262895,6.242420,0.01206768,-0.00465204,-0.01290134,1.173826,-0.452505,-1.254917,6.090049,3.582122,5.208453,6.010865,4.715050,4.641757,-5.208453,,,,,,below deadband; feedforward + feedback
2026-05-17 15:26:44,1008.6,450.394,449.790,452.000,2.210,16.670400,101.062000,51.510100,0.712116,18.000000,97.273116,9.356570,9.356570,9.356570,9.612500,9.612500,0,0.000000,7.147690,4.743304,4.743304,4.771794,3.655532,6.221467,6.261975,6.259215,0.00936169,-0.00364947,-0.01312700,0.910641,-0.354995,-1.276905,6.237050,3.832663,5.098299,6.020208,4.745264,4.654245,-5.098299,,,,,,below deadband; feedforward + feedback
2026-05-17 15:26:50,1014.1,450.148,449.912,452.000,2.088,16.631700,101.060000,51.503500,0.710927,18.000000,97.271191,9.188469,9.188469,9.188469,9.350000,9.350000,0,0.000000,6.952500,4.679150,4.679150,4.776761,3.549655,6.259843,6.264919,6.273753,-0.00225215,-0.00321656,-0.00585981,-0.219069,-0.312878,-0.569991,7.171569,4.898220,4.992028,5.249141,4.663061,4.665055,-4.992028,,,,,,below deadband; feedforward + feedback
2026-05-17 15:26:55,1019.1,450.665,450.012,452.000,1.988,16.651200,101.063000,51.503500,0.711607,18.000000,97.274079,1.881386,4.188469,4.188469,9.212500,9.212500,0,0.000000,6.822373,4.684998,4.684998,4.779711,3.489768,6.294101,6.271287,6.290388,0.01030279,-0.00225463,0.00666965,1.002194,-0.219317,0.648784,5.820179,3.682804,4.904315,4.036214,4.621645,4.677425,-4.904315,,,,,,within lower deadband; partial feedforward
2026-05-17 15:27:00,1024.6,450.524,450.256,452.000,1.744,16.650600,101.061000,51.513500,0.712823,18.000000,97.272154,0.000000,0.000000,0.000000,3.706250,3.706250,0,0.000000,3.113753,4.688155,4.688155,4.782928,1.585980,6.311296,6.281668,6.312813,0.01494147,0.00026447,0.01943508,1.453389,0.025726,1.890492,1.660364,3.234765,4.662429,2.797663,4.618770,4.694099,-4.662429,,,,,,within deadband and CO2 rising; MFC zero
2026-05-17 15:27:06,1030.1,449.744,450.230,452.000,1.770,16.632300,101.061000,51.513500,0.712230,18.000000,97.272154,0.000000,0.000000,0.000000,0.000000,0.000000,0,0.000000,0.000000,4.595942,4.595942,4.777027,0.000000,6.311296,6.292716,6.325858,-0.00127734,0.00211467,0.02188236,-0.124249,0.205698,2.128544,0.124249,4.720192,4.390244,2.467398,4.715573,4.703800,-4.390244,,,,,,within deadband and CO2 rising; MFC zero
2026-05-17 15:27:11,1035.6,449.690,450.048,452.000,1.952,16.633900,101.063000,51.503500,0.710888,18.000000,97.274079,0.000000,0.000000,0.000000,0.000000,0.000000,0,0.000000,0.000000,4.347249,4.347249,4.747919,0.000000,6.311296,6.296632,6.308381,0.00625223,0.00278727,0.01399815,0.608180,0.271129,1.361657,-0.608180,3.739069,4.076120,2.985592,4.715669,4.690804,-4.076120,,,,,,within deadband and CO2 rising; MFC zero
2026-05-17 15:27:17,1041.1,449.132,449.793,452.000,2.207,16.648900,101.061000,51.503500,0.712275,18.000000,97.272154,9.378888,5.000000,5.000000,0.000000,0.000000,0,0.000000,0.000000,4.126265,4.126265,4.698722,0.000000,6.311296,6.288458,6.263936,-0.00810101,0.00234780,0.00542727,-0.788003,0.228375,0.527922,0.788003,4.914268,3.897890,3.598343,4.779129,4.657756,-3.897890,,,,,,below deadband; feedforward + feedback
2026-05-17 15:27:22,1046.6,449.208,449.508,452.000,2.492,16.633000,101.063000,51.503500,0.710931,18.000000,97.274079,9.757862,9.757862,9.757862,4.831250,4.831250,0,0.000000,3.615672,4.061221,4.061221,4.643612,1.848151,6.332177,6.268677,6.209333,0.00003361,0.00129619,-0.00478367,0.003270,0.126085,-0.465327,3.612402,4.057951,3.935136,4.526548,4.778715,4.617154,-3.935136,,,,,,below deadband; feedforward + feedback
2026-05-17 15:27:28,1052.1,449.966,449.338,452.000,2.662,16.644300,101.063000,51.510200,0.712366,18.000000,97.274079,9.970553,9.970553,9.970553,9.718750,9.718750,0,0.000000,7.231344,4.160346,4.160346,4.597772,3.692249,6.371845,6.243578,6.168280,0.00463883,-0.00045721,-0.01061224,0.451238,-0.044475,-1.032296,6.780106,3.709108,4.204821,5.192642,4.720167,4.586627,-4.204821,,,,,,below deadband; feedforward + feedback
2026-05-17 15:27:33,1057.6,450.018,449.469,452.000,2.531,16.623600,101.064000,51.510100,0.709362,18.000000,97.275041,9.763790,9.763790,9.763790,6.437500,6.437500,0,0.000000,4.963416,4.414346,4.414346,4.576768,2.545481,6.417845,6.220215,6.150126,0.00571450,-0.00116917,-0.01056336,0.555878,-0.113731,-1.027551,4.407538,3.858468,4.528077,5.441897,4.612515,4.573128,-4.528077,,,,,,below deadband; feedforward + feedback
2026-05-17 15:27:38,1062.6,448.871,449.471,452.000,2.529,16.645100,101.063000,51.503500,0.711690,18.000000,97.274079,9.749532,9.749532,9.749532,9.681250,9.681250,0,0.000000,7.208107,4.635988,4.635988,4.579343,3.697382,6.450833,6.208477,6.173266,-0.01435323,-0.00342230,-0.01554475,-1.396197,-0.332901,-1.512101,8.604304,6.032185,4.968889,6.148089,4.674240,4.590335,-4.968889,,,,,,below deadband; feedforward + feedback
2026-05-17 15:27:44,1068.1,449.586,449.482,452.000,2.518,16.633500,101.063000,51.503500,0.712381,18.000000,97.274079,9.730891,9.730891,9.730891,9.737500,9.737500,0,0.000000,7.231344,4.754244,4.754244,4.584095,3.710445,6.490495,6.206146,6.199153,-0.01358011,-0.00489152,-0.01832838,-1.320992,-0.475818,-1.782876,8.552336,6.075237,5.230062,6.537120,4.632003,4.609584,-5.230062,,,,,,below deadband; feedforward + feedback
2026-05-17 15:27:49,1073.6,449.710,449.534,452.000,2.466,16.666000,101.064000,51.510100,0.710547,18.000000,97.275041,9.663792,9.663792,9.663792,9.712500,9.712500,0,0.000000,7.231344,4.749907,4.749907,4.592409,3.701412,6.530280,6.211357,6.226987,-0.00736150,-0.00399282,-0.01450036,-0.716090,-0.388402,-1.410523,7.947433,5.465997,5.138309,6.160430,4.651478,4.630281,-5.138309,,,,,,below deadband; feedforward + feedback
2026-05-17 15:27:55,1079.1,450.128,449.611,452.000,2.389,16.642100,101.063000,51.503500,0.710537,18.000000,97.274079,9.564826,9.564826,9.564826,9.656250,9.656250,0,0.000000,7.175575,4.738966,4.738966,4.600397,3.663406,6.569783,6.219946,6.245713,-0.01099182,-0.00067591,-0.00573670,-1.069219,-0.065749,-0.558032,8.244794,5.808185,4.804715,5.296998,4.793386,4.644205,-4.804715,,,,,,below deadband; feedforward + feedback
2026-05-17 15:28:00,1084.6,451.361,449.965,452.000,2.035,16.632200,101.058000,51.510200,0.712256,18.000000,97.269266,9.080461,9.080461,9.080461,9.562500,9.562500,0,0.000000,7.115159,4.729807,4.729807,4.607500,3.648239,6.608954,6.231426,6.265867,0.02183258,0.00249684,0.00839740,2.123639,0.242866,0.816809,4.991520,2.606168,4.486941,3.912998,4.720382,4.659191,-4.486941,,,,,,below deadband; feedforward + feedback
2026-05-17 15:28:06,1090.1,450.220,450.283,452.000,1.717,16.643300,101.063000,51.510100,0.711564,18.000000,97.274079,0.000000,4.080461,4.080461,9.043750,9.043750,0,0.000000,6.743367,4.685056,4.685056,4.611912,3.445900,6.646370,6.244023,6.281814,0.01092459,0.00481112,0.02216428,1.062680,0.467997,2.156010,5.680688,3.622377,4.217059,2.529046,4.612201,4.671050,-4.217059,,,,,,within deadband and CO2 rising; MFC zero
2026-05-17 15:28:11,1095.6,450.403,450.475,452.000,1.525,16.637200,101.064000,51.503500,0.710492,18.000000,97.275041,0.000000,0.000000,0.000000,3.825000,3.825000,0,0.000000,3.034748,4.910261,4.910261,4.613475,1.552932,6.663167,6.261871,6.315415,0.01028589,0.00525771,0.02539958,1.000560,0.511444,2.470745,2.034188,3.909701,4.398817,2.439516,4.396411,4.696034,-4.398817,,,,,,within deadband and CO2 rising; MFC zero
2026-05-17 15:28:17,1101.1,450.551,450.433,452.000,1.567,16.625900,101.065000,51.510200,0.710460,18.000000,97.276004,0.000000,0.000000,0.000000,0.000000,0.000000,0,0.000000,0.000000,5.127837,5.127837,4.630352,0.000000,6.663167,6.275768,6.317461,0.02354710,0.00451638,0.02334408,2.290568,0.439336,2.270819,-2.290568,2.837268,4.688501,2.857017,4.270230,4.697556,-4.688501,,,,,,within deadband and CO2 rising; MFC zero
2026-05-17 15:28:22,1106.6,449.371,450.137,452.000,1.863,16.628200,101.061000,51.506800,0.711668,18.000000,97.272154,0.000000,0.000000,0.000000,0.000000,0.000000,0,0.000000,0.000000,5.190925,5.190925,4.650096,0.000000,6.663167,6.284972,6.312583,-0.00129417,0.00229660,0.01390064,-0.125886,0.223395,1.352145,0.125886,5.316811,4.967530,3.838780,4.253264,4.693928,-4.967530,,,,,,within deadband and CO2 rising; MFC zero
2026-05-17 15:28:27,1111.6,449.143,449.804,452.000,2.196,16.650500,101.062000,51.513500,0.711611,18.000000,97.273116,9.371732,5.000000,5.000000,0.000000,0.000000,0,0.000000,0.000000,5.108666,5.108666,4.670034,0.000000,6.663167,6.296947,6.332872,-0.01383222,0.00069647,0.00348915,-1.345503,0.067748,0.339400,1.345503,6.454169,5.040918,4.769266,4.348955,4.709015,-5.040918,,,,,,below deadband; feedforward + feedback
2026-05-17 15:28:33,1117.1,449.579,449.498,452.000,2.502,16.633800,101.063000,51.496900,0.712253,18.000000,97.274079,9.805365,9.805365,9.805365,4.937500,4.937500,0,0.000000,3.592435,4.866885,4.866885,4.674625,1.838760,6.684242,6.302320,6.318437,-0.00737831,-0.00093331,-0.00196376,-0.717718,-0.090787,-0.191023,4.310153,5.584604,4.957673,5.057908,4.408065,4.698282,-4.957673,,,,,,below deadband; feedforward + feedback
2026-05-17 15:28:38,1122.6,450.035,449.449,452.000,2.551,16.629000,101.063000,51.510200,0.713183,18.000000,97.274079,9.870242,9.870242,9.870242,9.756250,9.756250,0,0.000000,7.254580,4.628532,4.628532,4.668870,3.707358,6.724081,6.299332,6.290371,0.01732809,-0.00159055,-0.00761876,1.685574,-0.154720,-0.741108,5.569007,2.942959,4.783252,5.369640,4.386317,4.677412,-4.783252,,,,,,below deadband; feedforward + feedback
2026-05-17 15:28:44,1128.1,449.711,449.535,452.000,2.465,16.655300,101.061000,51.513500,0.712414,18.000000,97.272154,9.739846,9.739846,9.739846,9.837500,9.837500,0,0.000000,7.319644,4.545615,4.545615,4.659725,3.737976,6.764271,6.289476,6.259909,-0.00146222,-0.00145837,-0.01356287,-0.142233,-0.141859,-1.319290,7.461877,4.687848,4.687474,5.864905,4.434392,4.654761,-4.687474,,,,,,below deadband; feedforward + feedback
2026-05-17 15:28:49,1133.6,450.208,449.763,452.000,2.237,16.633900,101.061000,51.506800,0.710586,18.000000,97.272154,9.406018,9.406018,9.406018,9.718750,9.718750,0,0.000000,7.231344,4.548036,4.548036,4.651235,3.701628,6.804100,6.274288,6.228724,0.00173113,-0.00017401,-0.01476456,0.168391,-0.016926,-1.436180,7.062953,4.379645,4.564962,5.984216,4.458174,4.631572,-4.564962,,,,,,below deadband; feedforward + feedback
2026-05-17 15:28:55,1139.1,450.251,450.001,452.000,1.999,16.647400,101.059000,51.516800,0.711900,18.000000,97.270229,0.000000,4.406018,4.406018,9.375000,9.375000,0,0.000000,6.985032,4.557059,4.557059,4.644150,3.571018,6.842727,6.249367,6.174602,-0.00297485,0.00182644,-0.01024397,-0.289365,0.177658,-0.996433,7.274396,4.846424,4.379401,5.553492,4.491064,4.591328,-4.379401,,,,,,within deadband and CO2 rising; MFC zero
2026-05-17 15:29:00,1144.1,449.760,450.135,452.000,1.865,16.636200,101.065000,51.503500,0.711430,18.000000,97.276004,0.000000,0.000000,0.000000,4.931250,4.931250,0,0.000000,4.140827,4.566567,4.566567,4.640777,2.117097,6.879176,6.224465,6.149762,-0.02690809,0.00411266,-0.00520425,-2.617511,0.400063,-0.506248,6.758338,7.184078,4.166504,5.072815,4.608151,4.572858,-4.166504,,,,,,within deadband and CO2 rising; MFC zero
2026-05-17 15:29:05,1149.6,448.855,450.106,452.000,1.894,16.637800,101.061000,51.506800,0.710868,18.000000,97.272154,0.000000,0.000000,0.000000,0.000000,0.000000,0,0.000000,0.000000,4.716291,4.716291,4.642001,0.000000,6.879176,6.199599,6.124999,-0.02294203,0.00490756,0.00241323,-2.231621,0.477369,0.234740,2.231621,6.947911,4.238921,4.481551,4.769592,4.554444,-4.238921,,,,,,within deadband and CO2 rising; MFC zero
2026-05-17 15:29:10,1154.6,449.570,449.873,452.000,2.127,16.639400,101.062000,51.506900,0.711976,18.000000,97.273116,9.159526,5.000000,0.000000,0.000000,0.000000,0,0.000000,0.000000,4.729342,4.729342,4.647800,0.000000,6.879176,6.181726,6.128108,-0.01610144,0.00293934,0.00217078,-1.566237,0.285919,0.211159,1.566237,6.295579,4.443423,4.518183,4.838087,4.556756,-4.443423,,,,,,below deadband; feedforward + feedback
2026-05-17 15:29:15,1159.6,449.003,449.618,452.000,2.382,16.651900,101.067000,51.503500,0.712422,18.000000,97.277929,9.510901,5.000000,5.000000,0.000000,0.000000,0,0.000000,0.000000,4.729342,4.729342,4.664413,0.000000,6.879176,6.176311,6.160066,-0.01460532,0.00109658,0.00208596,-1.420776,0.106673,0.202917,1.420776,6.150118,4.622669,4.526425,4.942916,4.580519,-4.622669,,,,,,below deadband; feedforward + feedback
2026-05-17 15:29:20,1164.6,449.239,449.350,452.000,2.650,16.625700,101.063000,51.510100,0.714234,18.000000,97.274079,9.895511,9.895511,9.895511,4.743750,4.743750,0,0.000000,3.601730,4.729342,4.729342,4.690634,1.787983,6.897769,6.186071,6.215351,-0.00075632,-0.00117255,-0.00145422,-0.073570,-0.114059,-0.141458,3.675300,4.802912,4.843401,4.870800,4.938074,4.621628,-4.843401,,,,,,below deadband; feedforward + feedback
2026-05-17 15:29:25,1169.6,449.340,449.224,452.000,2.776,16.658800,101.063000,51.510200,0.711634,18.000000,97.274079,10.095632,10.095632,10.095632,9.843750,9.843750,0,0.000000,7.338234,4.762145,4.762145,4.721109,3.744308,6.934339,6.209897,6.281374,0.00919346,-0.00310619,-0.00689484,0.894286,-0.302152,-0.670689,6.443948,3.867859,5.064297,5.432834,4.929809,4.670722,-5.064297,,,,,,below deadband; feedforward + feedback
2026-05-17 15:29:31,1175.1,449.331,449.334,452.000,2.666,16.652900,101.062000,51.506800,0.712215,18.000000,97.273116,9.974486,9.974486,9.974486,10.068750,10.068750,0,0.000000,7.486950,4.832592,4.832592,4.750337,3.827455,6.975353,6.242226,6.339215,0.00460514,-0.00371577,-0.01132309,0.447956,-0.361444,-1.101433,7.038994,4.384636,5.194036,5.934024,4.959180,4.713732,-5.194036,,,,,,below deadband; feedforward + feedback
2026-05-17 15:29:36,1180.6,449.849,449.499,452.000,2.501,16.638600,101.065000,51.506800,0.713414,18.000000,97.276004,9.777647,9.777647,9.777647,9.956250,9.956250,0,0.000000,7.412592,4.839834,4.839834,4.768836,3.799109,7.016149,6.276597,6.379710,0.00680686,-0.00391461,-0.01230183,0.662144,-0.380798,-1.196673,6.750447,4.177689,5.220632,6.036507,4.973059,4.743843,-5.220632,,,,,,below deadband; feedforward + feedback
2026-05-17 15:29:42,1186.1,449.420,449.620,452.000,2.380,16.647400,101.066000,51.510200,0.711384,18.000000,97.276966,9.640692,9.640692,9.640692,9.762500,9.762500,0,0.000000,7.259228,4.817333,4.817333,4.776721,3.707443,7.056167,6.308342,6.403578,-0.00921028,-0.00575433,-0.01101465,-0.895948,-0.559764,-1.071472,8.155176,5.713280,5.377097,5.888805,4.959194,4.761591,-5.377097,,,,,,below deadband; feedforward + feedback
2026-05-17 15:29:47,1191.6,449.958,449.824,452.000,2.176,16.661000,101.068000,51.496900,0.711433,18.000000,97.278892,9.380185,9.380185,9.380185,9.631250,9.631250,0,0.000000,7.170927,4.829881,4.829881,4.780010,3.669371,7.095621,6.333645,6.409555,0.00099163,-0.00516447,-0.00474041,0.096465,-0.502394,-0.461142,7.074462,4.733416,5.332274,5.291022,4.900854,4.766035,-5.332274,,,,,,below deadband; feedforward + feedback
2026-05-17 15:29:53,1197.1,449.502,449.986,452.000,2.014,16.636200,101.064000,51.503500,0.710588,18.000000,97.275041,9.173889,9.173889,9.173889,9.381250,9.381250,0,0.000000,6.966442,4.829571,4.829571,4.783473,3.550965,7.134110,6.354149,6.415660,-0.01596698,-0.00424737,0.00459802,-1.553189,-0.413163,0.447273,8.519631,6.382760,5.242734,4.382298,4.940713,4.770575,-5.242734,,,,,,below deadband; feedforward + feedback
2026-05-17 15:29:58,1202.6,450.747,450.181,452.000,1.819,16.650100,101.065000,51.503500,0.712149,18.000000,97.276004,1.911747,4.173889,4.173889,9.218750,9.218750,0,0.000000,6.817726,4.822890,4.822890,4.787122,3.486209,7.171742,6.372490,6.427513,0.00470606,-0.00189700,0.01785291,0.457786,-0.184532,1.736660,6.359939,4.365104,5.007423,3.086230,4.877970,4.779389,-5.007423,,,,,,within lower deadband; partial feedforward
2026-05-17 15:30:03,1207.6,450.174,450.394,452.000,1.606,16.655800,101.065000,51.500200,0.709442,18.000000,97.276004,0.000000,0.000000,0.000000,3.881250,3.881250,0,0.000000,3.099811,4.812066,4.812066,4.790699,1.590426,7.187341,6.388409,6.436165,0.00485724,0.00182110,0.02665085,0.472493,0.177149,2.592488,2.627318,4.339572,4.634917,2.219577,4.953336,4.785822,-4.634917,,,,,,within deadband and CO2 rising; MFC zero
2026-05-17 15:30:09,1213.1,449.759,450.376,452.000,1.624,16.651200,101.065000,51.503500,0.712119,18.000000,97.276004,0.000000,0.000000,0.000000,0.000000,0.000000,0,0.000000,0.000000,4.722235,4.722235,4.792315,0.000000,7.187341,6.402330,6.444094,0.00732788,0.00379929,0.02399106,0.712827,0.369580,2.333754,-0.712827,4.009409,4.352656,2.388481,4.970163,4.791718,-4.352656,,,,,,within deadband and CO2 rising; MFC zero
2026-05-17 15:30:14,1218.6,449.304,450.147,452.000,1.853,16.654200,101.066000,51.510100,0.711200,18.000000,97.276966,0.000000,0.000000,0.000000,0.000000,0.000000,0,0.000000,0.000000,4.490272,4.490272,4.774055,0.000000,7.187341,6.407876,6.424515,-0.00354629,0.00438235,0.01584725,-0.344972,0.426302,1.541572,0.344972,4.835245,4.063970,2.948700,5.010404,4.777159,-4.063970,,,,,,within deadband and CO2 rising; MFC zero
2026-05-17 15:30:20,1224.1,449.296,449.841,452.000,2.159,16.636400,101.067000,51.506800,0.712043,18.000000,97.277929,9.425092,5.000000,5.000000,0.000000,0.000000,0,0.000000,0.000000,4.364173,4.364173,4.740852,0.000000,7.187341,6.402177,6.385081,0.00095800,0.00359886,0.00624647,0.093193,0.350089,0.607644,-0.093193,4.270981,4.014084,3.756529,5.072739,4.747837,-4.014084,,,,,,below deadband; feedforward + feedback
2026-05-17 15:30:25,1229.6,449.738,449.573,452.000,2.427,16.624200,101.064000,51.510200,0.710209,18.000000,97.275041,9.783947,9.783947,9.783947,4.868750,4.868750,0,0.000000,3.615672,4.364173,4.364173,4.704906,1.851657,7.208207,6.386287,6.338617,-0.00473959,0.00196649,-0.00425499,-0.461044,0.191291,-0.413904,4.076715,4.825217,4.172882,4.778078,5.051366,4.713287,-4.172882,,,,,,below deadband; feedforward + feedback
2026-05-17 15:30:31,1235.1,449.555,449.558,452.000,2.442,16.632100,101.064000,51.506800,0.710322,18.000000,97.275041,9.783383,9.783383,9.783383,9.743750,9.743750,0,0.000000,7.235991,4.463008,4.463008,4.676834,3.693223,7.247967,6.364898,6.300731,-0.00406731,0.00071994,-0.00795953,-0.395648,0.070032,-0.774264,7.631638,4.858655,4.392976,5.237272,4.981996,4.685115,-4.392976,,,,,,below deadband; feedforward + feedback
2026-05-17 15:30:36,1240.6,449.953,449.627,452.000,2.373,16.647600,101.063000,51.513500,0.711383,18.000000,97.274079,9.667497,9.667497,9.667497,9.731250,9.731250,0,0.000000,7.198812,4.670010,4.670010,4.668274,3.679452,7.292077,6.345122,6.285795,-0.00031934,-0.00033131,-0.01160908,-0.031063,-0.032228,-1.129263,7.229875,4.701074,4.702238,5.799273,4.943581,4.674010,-4.702238,,,,,,below deadband; feedforward + feedback
2026-05-17 15:30:41,1245.6,449.857,449.624,452.000,2.376,16.689800,101.063000,51.510100,0.709875,18.000000,97.274079,9.658994,9.658994,9.658994,9.612500,9.612500,0,0.000000,7.147690,4.873644,4.873644,4.678931,3.669778,7.327602,6.332874,6.296129,0.00734482,-0.00088767,-0.01592094,0.714461,-0.086347,-1.548695,6.433230,4.159183,4.959991,6.422339,4.996461,4.681694,-4.959991,,,,,,below deadband; feedforward + feedback
2026-05-17 15:30:47,1251.1,449.893,449.667,452.000,2.333,16.631900,101.063000,51.503500,0.712929,18.000000,97.274079,9.592854,9.592854,9.592854,9.637500,9.637500,0,0.000000,7.180222,4.849710,4.849710,4.692153,3.663565,7.367008,6.327039,6.309535,-0.00109246,-0.00068914,-0.01576933,-0.106268,-0.067035,-1.533947,7.286490,4.955977,4.916745,6.383656,5.008118,4.691662,-4.916745,,,,,,below deadband; feedforward + feedback
2026-05-17 15:30:52,1256.6,449.898,449.711,452.000,2.289,16.657800,101.065000,51.510200,0.711077,18.000000,97.276004,9.529852,9.529852,9.529852,9.587500,9.587500,0,0.000000,7.129101,4.841867,4.841867,4.704928,3.641955,7.406241,6.325882,6.322412,0.00665560,0.00058268,-0.01171708,0.647430,0.056680,-1.139791,6.481671,4.194437,4.785187,5.981658,5.000066,4.701237,-4.785187,,,,,,below deadband; feedforward + feedback
2026-05-17 15:30:58,1262.1,450.403,449.930,452.000,2.070,16.610000,101.069000,51.506900,0.710274,18.000000,97.279854,9.224714,9.224714,9.224714,9.531250,9.531250,0,0.000000,7.077980,4.838420,4.838420,4.717161,3.607123,7.445228,6.327239,6.331309,-0.00578161,0.00315439,-0.00218259,-0.562434,0.306858,-0.212322,7.640413,5.400854,4.531562,5.050742,5.024172,4.707853,-4.531562,,,,,,below deadband; feedforward + feedback
2026-05-17 15:31:03,1267.6,450.435,450.196,452.000,1.804,16.640100,101.068000,51.513500,0.712360,18.000000,97.278892,0.000000,4.224714,4.224714,9.250000,9.250000,0,0.000000,6.850257,4.792062,4.792062,4.726965,3.505753,7.483107,6.329985,6.338222,0.00961363,0.00521522,0.01277713,0.935203,0.507330,1.242945,5.915054,3.856859,4.284732,3.549117,4.879510,4.712993,-4.284732,,,,,,within deadband and CO2 rising; MFC zero
2026-05-17 15:31:09,1273.1,450.376,450.364,452.000,1.636,16.645900,101.066000,51.510200,0.712074,18.000000,97.276966,0.000000,0.000000,0.000000,4.075000,4.075000,0,0.000000,3.132343,4.890490,4.890490,4.734539,1.604312,7.500518,6.333541,6.344209,0.01499191,0.00564555,0.02060427,1.458367,0.549182,2.004321,1.673976,3.432123,4.341308,2.886169,4.726650,4.717445,-4.341308,,,,,,within deadband and CO2 rising; MFC zero
2026-05-17 15:31:14,1278.6,449.417,450.335,452.000,1.665,16.631600,101.070000,51.506900,0.711257,18.000000,97.280817,0.000000,0.000000,0.000000,0.000000,0.000000,0,0.000000,0.000000,5.113004,5.113004,4.751220,0.000000,7.500518,6.339452,6.357184,0.00773124,0.00460177,0.01786962,0.752101,0.447664,1.738371,-0.752101,4.360902,4.665339,3.374633,4.642533,4.727093,-4.665339,,,,,,within deadband and CO2 rising; MFC zero
2026-05-17 15:31:20,1284.1,449.544,450.131,452.000,1.869,16.622900,101.069000,51.500200,0.710754,18.000000,97.279854,0.000000,0.000000,0.000000,0.000000,0.000000,0,0.000000,0.000000,5.178416,5.178416,4.770745,0.000000,7.500518,6.348346,6.375031,0.00194962,0.00257528,0.01227080,0.189659,0.250522,1.193702,-0.189659,4.988757,4.927893,3.984714,4.592039,4.740364,-4.927893,,,,,,within deadband and CO2 rising; MFC zero
2026-05-17 15:31:25,1289.6,449.903,449.831,452.000,2.169,16.622400,101.065000,51.506800,0.711232,18.000000,97.276004,9.391106,5.000000,5.000000,0.000000,0.000000,0,0.000000,0.000000,5.111803,5.111803,4.788521,0.000000,7.500518,6.354366,6.372424,0.00519347,-0.00013234,0.00258114,0.505200,-0.012873,0.251083,-0.505200,4.606603,5.124677,4.860720,4.616033,4.738425,-5.124677,,,,,,below deadband; feedforward + feedback
2026-05-17 15:31:31,1295.1,448.995,449.469,452.000,2.531,16.644100,101.071000,51.506800,0.711692,18.000000,97.281779,9.900557,9.900557,9.900557,4.887500,4.887500,0,0.000000,3.620319,4.872520,4.872520,4.790336,1.851131,7.521148,6.357822,6.368192,-0.00643720,-0.00259344,-0.00539661,-0.626223,-0.252294,-0.524992,4.246542,5.498743,5.124815,5.397512,4.666675,4.735279,-5.124815,,,,,,below deadband; feedforward + feedback
2026-05-17 15:31:36,1300.1,450.292,449.374,452.000,2.626,16.629000,101.069000,51.503500,0.711262,18.000000,97.279854,10.041046,10.041046,10.041046,9.843750,9.843750,0,0.000000,7.328939,4.647974,4.647974,4.784146,3.739808,7.557769,6.364681,6.385256,0.00569761,-0.00389736,-0.01113847,0.554262,-0.379135,-1.083549,6.774676,4.093712,5.027109,5.731523,4.641763,4.747967,-5.027109,,,,,,below deadband; feedforward + feedback
2026-05-17 15:31:41,1305.6,449.777,449.458,452.000,2.542,16.632600,101.065000,51.516800,0.710852,18.000000,97.276004,9.924689,9.924689,9.924689,10.012500,10.012500,0,0.000000,7.463713,4.546545,4.546545,4.771394,3.814781,7.598638,6.365539,6.368114,0.00482363,-0.00391593,-0.01281198,0.469224,-0.380926,-1.246298,6.994490,4.077321,4.927471,5.792842,4.637399,4.735221,-4.927471,,,,,,below deadband; feedforward + feedback
2026-05-17 15:31:47,1311.1,449.574,449.619,452.000,2.381,16.644100,101.065000,51.506800,0.711134,18.000000,97.276004,9.691868,9.691868,9.691868,9.912500,9.912500,0,0.000000,7.366118,4.547455,4.547455,4.759660,3.761513,7.639208,6.358223,6.336274,-0.00221853,-0.00293076,-0.01253254,-0.215810,-0.285092,-1.219116,7.581928,4.763265,4.832547,5.766570,4.596094,4.711545,-4.832547,,,,,,below deadband; feedforward + feedback
2026-05-17 15:31:52,1316.6,450.067,449.974,452.000,2.026,16.654700,101.066000,51.510100,0.710525,18.000000,97.276966,9.179587,9.179587,9.179587,9.687500,9.687500,0,0.000000,7.203459,4.555859,4.555859,4.747746,3.678264,7.678919,6.343607,6.299762,0.00010084,-0.00156222,-0.01000558,0.009810,-0.151968,-0.973313,7.193650,4.546049,4.707826,5.529171,4.587948,4.684395,-4.707826,,,,,,below deadband; feedforward + feedback
2026-05-17 15:31:58,1322.1,450.593,450.139,452.000,1.861,16.647000,101.066000,51.503500,0.711061,18.000000,97.276966,0.000000,4.179587,4.179587,15.468750,15.468750,0,0.000000,11.809026,4.564882,4.564882,4.736238,6.028746,7.724531,6.321825,6.256476,-0.00257148,0.00064182,-0.00291022,-0.250146,0.062435,-0.283098,12.059171,4.815028,4.502448,4.847980,4.519786,4.652208,-4.502448,,,,,,within deadband and CO2 rising; MFC zero
2026-05-17 15:32:03,1327.6,449.803,450.252,452.000,1.748,16.645900,101.066000,51.510100,0.714209,18.000000,97.276966,0.000000,0.000000,0.000000,0.681250,0.681250,0,0.000000,0.557687,4.570498,4.570498,4.721319,0.285407,7.747929,6.293651,6.209128,-0.01413474,0.00364856,0.00672206,-1.374984,0.354921,0.653901,1.932671,5.945482,4.215577,3.916597,4.599813,4.617001,-4.215577,,,,,,within deadband and CO2 rising; MFC zero
2026-05-17 15:32:08,1332.6,450.339,450.162,452.000,1.838,16.644900,101.067000,51.506800,0.709731,18.000000,97.277929,0.000000,0.000000,0.000000,0.000000,0.000000,0,0.000000,0.000000,4.692763,4.692763,4.720078,0.000000,7.747929,6.268130,6.191568,-0.00062186,0.00386612,0.01123816,-0.060493,0.376088,1.093225,0.060493,4.753257,4.316675,3.599538,4.606484,4.603944,-4.316675,,,,,,within deadband and CO2 rising; MFC zero
2026-05-17 15:32:14,1338.1,448.759,450.034,452.000,1.966,16.617700,101.065000,51.500200,0.710697,18.000000,97.276004,0.000000,0.000000,0.000000,0.000000,0.000000,0,0.000000,0.000000,4.671927,4.671927,4.717890,0.000000,7.747929,6.249635,6.194149,-0.01105925,0.00282837,0.01217408,-1.075800,0.275133,1.184246,1.075800,5.747727,4.396795,3.487681,4.682063,4.605863,-4.396795,,,,,,within deadband and CO2 rising; MFC zero
2026-05-17 15:32:19,1343.1,449.260,449.708,452.000,2.292,16.613000,101.066000,51.510200,0.711904,18.000000,97.276966,9.452849,5.000000,5.000000,0.000000,0.000000,0,0.000000,0.000000,4.671927,4.671927,4.725788,0.000000,7.747929,6.243664,6.225752,-0.00818518,0.00069348,0.00581180,-0.796229,0.067459,0.565355,0.796229,5.468157,4.604468,4.106573,4.709581,4.629363,-4.604468,,,,,,below deadband; feedforward + feedback
2026-05-17 15:32:24,1348.1,449.290,449.483,452.000,2.517,16.639700,101.065000,51.503500,0.711995,18.000000,97.276004,9.774918,9.774918,9.774918,4.787500,4.787500,0,0.000000,3.597082,4.671927,4.671927,4.739169,1.782873,7.766669,6.250943,6.272778,0.00290762,-0.00150513,-0.00088250,0.282842,-0.146413,-0.085846,3.314240,4.389086,4.818340,4.757773,4.714716,4.664330,-4.818340,,,,,,below deadband; feedforward + feedback
2026-05-17 15:32:29,1353.1,449.636,449.340,452.000,2.660,16.652800,101.064000,51.503500,0.711393,18.000000,97.275041,9.991927,9.991927,9.991927,9.743750,9.743750,0,0.000000,7.245286,4.694235,4.694235,4.753519,3.701675,7.802779,6.268277,6.320281,0.01989956,-0.00299213,-0.00787098,1.935731,-0.291059,-0.765650,5.309555,2.758504,4.985294,5.459885,4.624859,4.699653,-4.985294,,,,,,below deadband; feedforward + feedback
2026-05-17 15:32:34,1358.1,450.707,449.425,452.000,2.575,16.629900,101.067000,51.506800,0.710536,18.000000,97.277929,9.894900,9.894900,9.894900,9.968750,9.968750,0,0.000000,7.417239,4.743749,4.743749,4.765726,3.790515,7.839686,6.290495,6.357147,0.02593332,-0.00287546,-0.01309839,2.522740,-0.279718,-1.274185,4.894499,2.221009,5.023467,6.017933,4.510179,4.727065,-5.023467,,,,,,below deadband; feedforward + feedback
2026-05-17 15:32:39,1363.6,450.155,449.706,452.000,2.294,16.647100,101.066000,51.510200,0.711441,18.000000,97.276966,9.522933,9.522933,9.522933,9.875000,9.875000,0,0.000000,7.352176,4.745879,4.745879,4.769024,3.762760,7.880128,6.311333,6.373850,0.00317653,-0.00248796,-0.00914045,0.309004,-0.242022,-0.889155,7.043172,4.436875,4.987901,5.635034,4.498692,4.739485,-4.987901,,,,,,below deadband; feedforward + feedback
2026-05-17 15:32:45,1369.1,450.147,449.941,452.000,2.059,16.639100,101.067000,51.503500,0.711675,18.000000,97.277929,9.209478,9.209478,9.209478,9.512500,9.512500,0,0.000000,7.077980,4.714335,4.714335,4.762098,3.620649,7.919221,6.327018,6.374074,-0.00104204,-0.00256475,-0.00554300,-0.101367,-0.249493,-0.539211,7.179347,4.815702,4.963828,5.253546,4.527236,4.739652,-4.963828,,,,,,below deadband; feedforward + feedback
2026-05-17 15:32:50,1374.6,449.623,450.169,452.000,1.831,16.672800,101.063000,51.503500,0.715914,18.000000,97.274079,1.901460,4.209478,4.209478,9.306250,9.306250,0,0.000000,6.840962,4.719892,4.719892,4.756454,3.503965,7.957064,6.338199,6.371740,-0.02215156,-0.00161331,-0.00072764,-2.154773,-0.156933,-0.070780,8.995735,6.874665,4.876825,4.790673,4.610657,4.737917,-4.876825,,,,,,within lower deadband; partial feedforward
2026-05-17 15:32:56,1380.1,449.965,450.162,452.000,1.838,16.627100,101.067000,51.506800,0.710550,18.000000,97.277929,1.904085,1.904085,1.904085,4.212500,4.212500,0,0.000000,3.123048,4.711469,4.711469,4.750784,1.599705,7.974344,6.346951,6.373208,-0.00561355,-0.00101597,0.00522103,-0.546075,-0.098832,0.507891,3.669123,5.257544,4.810301,4.203578,4.656879,4.739009,-4.810301,,,,,,within lower deadband; partial feedforward
2026-05-17 15:33:01,1385.6,449.350,450.141,452.000,1.859,16.649200,101.065000,51.506800,0.711977,18.000000,97.276004,0.000000,0.000000,0.000000,1.818750,1.818750,0,0.000000,1.431397,4.606322,4.606322,4.740693,0.735348,7.983532,6.353006,6.371169,-0.01500895,0.00112704,0.01328553,-1.460010,0.109634,1.292363,2.891407,6.066332,4.496688,3.313958,4.685813,4.737492,-4.496688,,,,,,within deadband and CO2 rising; MFC zero
2026-05-17 15:33:06,1390.6,449.669,449.998,452.000,2.002,16.644400,101.068000,51.506800,0.711857,18.000000,97.278892,9.159960,5.000000,0.000000,0.000000,0.000000,0,0.000000,0.000000,4.416863,4.416863,4.724380,0.000000,7.983532,6.356915,6.368644,0.00400015,0.00180230,0.01223820,0.389130,0.175326,1.190519,-0.389130,4.027733,4.241537,3.226344,4.693242,4.735614,-4.241537,,,,,,below deadband; feedforward + feedback
2026-05-17 15:33:12,1396.1,449.333,449.753,452.000,2.247,16.644100,101.068000,51.510100,0.711194,18.000000,97.278892,9.500121,5.000000,0.000000,0.000000,0.000000,0,0.000000,0.000000,4.152271,4.152271,4.692283,0.000000,7.983532,6.354846,6.348637,-0.00396646,0.00157398,0.00607076,-0.385853,0.153115,0.590557,0.385853,4.538124,3.999156,3.561714,4.741329,4.720738,-3.999156,,,,,,below deadband; feedforward + feedback
2026-05-17 15:33:17,1401.6,449.071,449.453,452.000,2.547,16.647400,101.067000,51.506800,0.712056,18.000000,97.277929,9.910248,5.000000,5.000000,0.000000,0.000000,0,0.000000,0.000000,4.021525,4.021525,4.644828,0.000000,7.983532,6.344133,6.311994,-0.00386562,-0.00017611,-0.00430118,-0.376040,-0.017132,-0.418410,0.376040,4.397565,4.038656,4.439935,4.742923,4.693491,-4.038656,,,,,,below deadband; feedforward + feedback
2026-05-17 15:33:23,1407.1,448.946,449.181,452.000,2.819,16.656700,101.065000,51.506800,0.710969,18.000000,97.276004,10.272972,10.000000,10.000000,4.862500,4.862500,0,0.000000,3.629614,4.021525,4.021525,4.594528,1.858756,8.003652,6.326442,6.273369,-0.00075632,-0.00252669,-0.01426037,-0.073572,-0.245786,-1.387192,3.703186,4.095096,4.267311,5.408717,4.704069,4.664770,-4.267311,,,,,,below deadband; feedforward + feedback
2026-05-17 15:33:28,1412.6,450.071,449.104,452.000,2.896,16.634700,101.067000,51.503500,0.712337,18.000000,97.277929,10.358323,10.358323,10.358323,9.956250,9.956250,0,0.000000,7.398650,4.114008,4.114008,4.551146,3.783969,8.044347,6.304308,6.237908,0.00731108,-0.00415501,-0.02327456,0.711207,-0.404191,-2.264101,6.687443,3.402801,4.518199,6.378109,4.651729,4.638401,-4.518199,,,,,,below deadband; feedforward + feedback
2026-05-17 15:33:34,1418.1,449.886,449.257,452.000,2.743,16.641200,101.066000,51.510200,0.711736,18.000000,97.276966,10.125469,10.125469,10.125469,10.193750,10.193750,0,0.000000,7.593840,4.341207,4.341207,4.528045,3.891128,8.092339,6.284884,6.226609,-0.01440366,-0.00606901,-0.02035662,-1.401144,-0.590375,-1.980231,8.994984,5.742351,4.931582,6.321438,4.662321,4.630000,-4.931582,,,,,,below deadband; feedforward + feedback
2026-05-17 15:33:39,1423.6,448.882,449.401,452.000,2.599,16.649400,101.061000,51.496900,0.712864,18.000000,97.272154,9.910356,9.910356,9.910356,10.006250,10.006250,0,0.000000,7.440476,4.516646,4.516646,4.522335,3.813911,8.130485,6.271721,6.232233,-0.02297524,-0.00623656,-0.01727333,-2.234851,-0.606644,-1.680214,9.675327,6.751497,5.123290,6.196861,4.777877,4.634182,-5.123290,,,,,,below deadband; feedforward + feedback
2026-05-17 15:33:45,1429.1,449.584,449.564,452.000,2.436,16.645100,101.066000,51.510100,0.712102,18.000000,97.276966,9.675460,9.675460,9.675460,9.893750,9.893750,0,0.000000,7.356823,4.552373,4.552373,4.522589,3.755118,8.171001,6.265095,6.245218,-0.00963061,-0.00613892,-0.01275221,-0.936837,-0.597176,-1.240496,8.293660,5.489210,5.149549,5.792869,4.839263,4.643837,-5.149549,,,,,,below deadband; feedforward + feedback
2026-05-17 15:33:50,1434.1,450.071,449.704,452.000,2.296,16.648500,101.061000,51.510100,0.712724,18.000000,97.272154,9.477312,9.477312,9.477312,9.662500,9.662500,0,0.000000,7.189517,4.550940,4.550940,4.522740,3.668140,8.207097,6.262737,6.255661,0.00752974,-0.00473102,-0.00240115,0.732434,-0.460197,-0.233565,6.457083,3.818506,5.011137,4.784505,4.798187,4.651602,-5.011137,,,,,,below deadband; feedforward + feedback
2026-05-17 15:33:55,1439.6,449.507,449.694,452.000,2.306,16.657100,101.065000,51.510200,0.711007,18.000000,97.276004,9.490553,9.490553,9.490553,9.475000,9.475000,0,0.000000,7.040800,4.548074,4.548074,4.522402,3.494010,8.245823,6.262713,6.262644,-0.00769777,-0.00286996,0.00484405,-0.748808,-0.279178,0.471210,7.789608,5.296882,4.827252,4.076865,4.830832,4.656795,-4.827252,,,,,,below deadband; feedforward + feedback
2026-05-17 15:34:00,1444.6,450.377,449.860,452.000,2.140,16.659700,101.066000,51.506800,0.711329,18.000000,97.276966,9.261095,9.261095,9.261095,9.487500,9.487500,0,0.000000,7.045448,4.544841,4.544841,4.521530,3.494144,8.281082,6.264745,6.270841,0.01221873,-0.00100546,0.01349941,1.188601,-0.097808,1.313182,5.856847,3.356239,4.642648,3.231658,4.767406,4.662890,-4.642648,,,,,,below deadband; feedforward + feedback
2026-05-17 15:34:05,1449.6,450.558,449.994,452.000,2.006,16.651900,101.065000,51.506800,0.711840,18.000000,97.276004,9.077757,9.077757,9.077757,9.256250,9.256250,0,0.000000,6.882789,4.507700,4.507700,4.518800,3.408855,8.315668,6.269427,6.283473,0.01179856,0.00078222,0.01943220,1.147717,0.076091,1.890287,5.735072,3.359983,4.431609,2.617413,4.654993,4.672283,-4.431609,,,,,,below deadband; feedforward + feedback
2026-05-17 15:34:10,1454.6,451.347,450.108,452.000,1.892,16.645000,101.067000,51.506800,0.711380,18.000000,97.277929,0.000000,4.077757,4.077757,9.093750,9.093750,0,0.000000,6.752662,4.561300,4.561300,4.513084,3.346215,8.349531,6.272767,6.282784,0.04351352,0.00263577,0.02468675,4.232905,0.256402,2.401476,2.519757,0.328395,4.304898,2.159824,4.462608,4.671771,-4.304898,,,,,,within deadband and CO2 rising; MFC zero
2026-05-17 15:34:15,1459.6,450.749,450.277,452.000,1.723,16.640800,101.067000,51.510200,0.712170,18.000000,97.277929,0.000000,0.000000,0.000000,3.912500,3.912500,0,0.000000,3.034748,4.840879,4.840879,4.520430,1.552735,8.364827,6.276512,6.287747,0.02813504,0.00369258,0.02626875,2.736919,0.359206,2.555370,0.297829,2.103961,4.481673,2.285510,4.304183,4.675461,-4.481673,,,,,,within deadband and CO2 rising; MFC zero
2026-05-17 15:34:21,1465.1,449.979,450.346,452.000,1.654,16.649200,101.067000,51.506800,0.711326,18.000000,97.277929,0.000000,0.000000,0.000000,0.000000,0.000000,0,0.000000,0.000000,5.073811,5.073811,4.537903,0.000000,8.364827,6.281244,6.295441,0.01840373,0.00347214,0.02120703,1.790277,0.337763,2.062976,-1.790277,3.283534,4.736048,3.010835,4.209200,4.681182,-4.736048,,,,,,within deadband and CO2 rising; MFC zero
2026-05-17 15:34:26,1470.6,449.519,450.228,452.000,1.772,16.639300,101.066000,51.513500,0.713239,18.000000,97.276966,0.000000,0.000000,0.000000,0.000000,0.000000,0,0.000000,0.000000,5.136918,5.136918,4.558120,0.000000,8.364827,6.286604,6.302685,0.00092439,0.00200138,0.01205040,0.089922,0.194689,1.172226,-0.089922,5.046997,4.942230,3.964692,4.237805,4.686569,-4.942230,,,,,,within deadband and CO2 rising; MFC zero
2026-05-17 15:34:32,1476.1,449.544,449.929,452.000,2.071,16.650700,101.066000,51.503500,0.710242,18.000000,97.276966,9.189148,5.000000,5.000000,0.000000,0.000000,0,0.000000,0.000000,4.982451,4.982451,4.570651,0.000000,8.364827,6.289678,6.298898,-0.00374804,0.00063650,0.00465135,-0.364598,0.061917,0.452469,0.364598,5.347048,4.920534,4.529982,4.350350,4.683753,-4.920534,,,,,,below deadband; feedforward + feedback
2026-05-17 15:34:37,1481.6,449.772,449.699,452.000,2.301,16.608000,101.068000,51.510200,0.712797,18.000000,97.278892,9.506361,9.506361,9.506361,5.050000,5.050000,0,0.000000,3.611024,4.651305,4.651305,4.566632,1.841397,8.385536,6.284926,6.270670,0.01374842,0.00113710,0.00102532,1.337431,0.110616,0.099742,2.273594,3.313874,4.540688,4.551562,4.397866,4.662763,-4.540688,,,,,,below deadband; feedforward + feedback
2026-05-17 15:34:43,1487.1,449.915,449.532,452.000,2.468,16.637000,101.065000,51.506800,0.710545,18.000000,97.276004,9.726811,9.726811,9.726811,9.468750,9.468750,0,0.000000,7.045448,4.410415,4.410415,4.552047,3.603601,8.424165,6.271261,6.230267,0.00052102,0.00116674,-0.01022706,0.050683,0.113496,-0.994847,6.994765,4.359732,4.296919,5.405262,4.394512,4.632720,-4.296919,,,,,,below deadband; feedforward + feedback
2026-05-17 15:34:48,1492.6,449.639,449.549,452.000,2.451,16.655100,101.067000,51.510100,0.711282,18.000000,97.277929,9.679884,9.679884,9.679884,9.725000,9.725000,0,0.000000,7.222049,4.324031,4.324031,4.535077,3.698482,8.463701,6.248344,6.179593,-0.00351268,0.00233201,-0.01184257,-0.341706,0.226853,-1.152021,7.563755,4.665737,4.097178,5.476052,4.387992,4.595040,-4.097178,,,,,,below deadband; feedforward + feedback
2026-05-17 15:34:53,1497.6,449.813,449.705,452.000,2.295,16.660400,101.065000,51.503500,0.712726,18.000000,97.276004,9.431332,9.431332,9.431332,27.300000,27.300000,0,0.000000,19.072901,4.324845,4.324845,4.517901,9.747965,8.505761,6.218052,6.127175,-0.00499169,0.00354140,-0.01041266,-0.485572,0.344493,-1.012902,19.558473,4.810416,3.980351,5.337747,4.298242,4.556062,-3.980351,,,,,,below deadband; feedforward + feedback
2026-05-17 15:34:59,1503.1,449.204,449.766,452.000,2.234,16.656600,101.066000,51.506800,0.712285,18.000000,97.276966,9.309561,9.309561,9.309561,9.325000,9.325000,0,0.000000,6.929263,4.354840,4.354840,4.502395,3.533683,8.544994,6.181926,6.073550,-0.00615138,0.00474574,-0.01194158,-0.598388,0.461651,-1.161640,7.527651,4.953228,3.893189,5.516480,4.285011,4.516188,-3.893189,,,,,,below deadband; feedforward + feedback
2026-05-17 15:35:04,1508.6,449.493,449.762,452.000,2.238,16.660300,101.066000,51.500200,0.710326,18.000000,97.276966,9.282587,9.282587,9.282587,9.287500,9.287500,0,0.000000,6.901379,4.613486,4.613486,4.502707,3.532430,8.582836,6.149982,6.054147,-0.01410113,0.00461198,-0.01393669,-1.371715,0.448639,-1.355719,8.273094,5.985201,4.164847,5.969205,4.281483,4.501760,-4.164847,,,,,,below deadband; feedforward + feedback
2026-05-17 15:35:10,1514.1,449.965,449.846,452.000,2.154,16.648500,101.067000,51.510100,0.713504,18.000000,97.277929,9.144287,9.144287,9.144287,9.268750,9.268750,0,0.000000,6.901379,4.845217,4.845217,4.521331,3.534994,8.620762,6.128162,6.062705,-0.02322735,0.00470123,-0.00716321,-2.259509,0.457326,-0.696822,9.160888,7.104726,4.387891,5.542039,4.415265,4.508123,-4.387891,,,,,,below deadband; feedforward + feedback
2026-05-17 15:35:15,1519.6,450.014,449.837,452.000,2.163,16.649600,101.068000,51.500200,0.713401,18.000000,97.278892,9.151616,9.151616,9.151616,9.137500,9.137500,0,0.000000,6.803783,5.161530,5.161530,4.565212,3.482892,8.658221,6.123696,6.110298,-0.00003361,0.00358151,0.00242507,-0.003270,0.348406,0.235908,6.807053,5.164800,4.813125,4.925622,4.442512,4.543513,-4.813125,,,,,,below deadband; feedforward + feedback
2026-05-17 15:35:21,1525.1,450.860,450.013,452.000,1.987,16.676900,101.073000,51.506800,0.712050,18.000000,97.283704,0.000000,4.151616,4.151616,9.212500,9.212500,0,0.000000,6.794489,5.475675,5.475675,4.628436,3.478933,8.695595,6.137366,6.178373,0.01300888,0.00280391,0.00970043,1.265552,0.272775,0.943694,5.528936,4.210122,5.202899,4.531981,4.434363,4.594133,-5.202899,,,,,,within deadband and CO2 rising; MFC zero
2026-05-17 15:35:26,1530.6,450.389,450.163,452.000,1.837,16.654000,101.067000,51.510100,0.710003,18.000000,97.277929,0.000000,0.000000,0.000000,3.831250,3.831250,0,0.000000,3.090516,5.748147,5.748147,4.703506,1.581032,8.712673,6.166820,6.255184,0.01583252,0.00171870,0.01427673,1.540155,0.167191,1.388811,1.550361,4.207992,5.580956,4.359337,4.439271,4.651248,-5.580956,,,,,,within deadband and CO2 rising; MFC zero
2026-05-17 15:35:32,1536.1,450.058,450.125,452.000,1.875,16.637000,101.069000,51.496900,0.711459,18.000000,97.279854,0.000000,0.000000,0.000000,0.000000,0.000000,0,0.000000,0.000000,5.778607,5.778607,4.775880,0.000000,8.712673,6.205561,6.321784,0.01255487,0.00124779,0.01106280,1.221336,0.121385,1.076188,-1.221336,4.557271,5.657222,4.702419,4.489465,4.700770,-5.657222,,,,,,within deadband and CO2 rising; MFC zero
2026-05-17 15:35:37,1541.6,449.910,450.022,452.000,1.978,16.643100,101.068000,51.506800,0.710533,18.000000,97.278892,0.000000,0.000000,0.000000,0.000000,0.000000,0,0.000000,0.000000,5.502455,5.502455,4.826369,0.000000,8.712673,6.242150,6.351915,0.00176474,0.00057113,0.00666091,0.171672,0.055559,0.647966,-0.171672,5.330783,5.446897,4.854490,4.471571,4.723175,-5.446897,,,,,,within deadband and CO2 rising; MFC zero
2026-05-17 15:35:43,1547.1,448.952,449.761,452.000,2.239,16.647200,101.066000,51.500200,0.712129,18.000000,97.276966,9.407626,5.000000,5.000000,0.000000,0.000000,0,0.000000,0.000000,5.115153,5.115153,4.852391,0.000000,8.712673,6.273166,6.366217,-0.02388285,-0.00259803,-0.00326592,-2.323251,-0.252729,-0.317699,2.323251,7.438405,5.367882,5.432852,4.501437,4.733810,-5.367882,,,,,,below deadband; feedforward + feedback
2026-05-17 15:35:48,1552.1,449.175,449.448,452.000,2.552,16.648800,101.066000,51.503500,0.712845,18.000000,97.276966,9.869632,9.869632,9.869632,0.475000,0.475000,0,0.000000,0.390381,4.817352,4.817352,4.863912,0.199691,8.714228,6.297252,6.369509,-0.00779848,-0.00399388,-0.01048680,-0.758613,-0.388513,-1.020124,1.148994,5.575965,5.205865,5.837476,4.505209,4.736258,-5.205865,,,,,,below deadband; feedforward + feedback
2026-05-17 15:35:53,1557.6,449.206,449.265,452.000,2.735,16.659100,101.068000,51.503500,0.711024,18.000000,97.278892,10.144920,10.144920,10.144920,9.806250,9.806250,0,0.000000,7.287112,4.486496,4.486496,4.861110,3.733462,8.749497,6.315465,6.370104,-0.01339524,-0.00549771,-0.01407288,-1.303074,-0.534811,-1.368994,8.590186,5.789570,5.021307,5.855491,4.590907,4.736700,-5.021307,,,,,,below deadband; feedforward + feedback
2026-05-17 15:35:59,1563.1,449.424,449.219,452.000,2.781,16.663000,101.067000,51.496900,0.712380,18.000000,97.277929,10.223592,10.223592,10.223592,10.118750,10.118750,0,0.000000,7.524129,4.306817,4.306817,4.850620,3.837279,8.790631,6.330367,6.375073,0.00198323,-0.00622357,-0.01458994,0.192925,-0.605416,-1.419279,7.331204,4.113892,4.912232,5.726095,4.539473,4.740395,-4.912232,,,,,,below deadband; feedforward + feedback
2026-05-17 15:36:04,1568.6,449.670,449.385,452.000,2.615,16.650900,101.067000,51.503500,0.709985,18.000000,97.277929,10.006272,10.006272,10.006272,10.200000,10.200000,0,0.000000,7.579898,4.321746,4.321746,4.840921,3.877050,8.832298,6.345027,6.389006,-0.00667251,-0.00574842,-0.01622572,-0.649088,-0.559194,-1.578405,8.228986,4.970834,4.880940,5.900151,4.609672,4.750756,-4.880940,,,,,,below deadband; feedforward + feedback
2026-05-17 15:36:10,1574.1,449.806,449.688,452.000,2.312,16.636900,101.068000,51.506800,0.710631,18.000000,97.278892,9.596192,9.596192,9.596192,10.006250,10.006250,0,0.000000,7.435829,4.345584,4.345584,4.833872,3.799704,8.873273,6.359707,6.403749,-0.00468925,-0.00347615,-0.00927132,-0.456165,-0.338156,-0.901904,7.891994,4.801749,4.683740,5.247487,4.672358,4.761718,-4.683740,,,,,,below deadband; feedforward + feedback
2026-05-17 15:36:15,1579.6,450.010,449.911,452.000,2.089,16.682100,101.066000,51.503500,0.711666,18.000000,97.276966,9.300954,9.300954,9.300954,9.581250,9.581250,0,0.000000,7.129101,4.376121,4.376121,4.825136,3.654282,8.912695,6.376879,6.428395,0.00146224,-0.00053375,-0.00290412,0.142242,-0.051922,-0.282504,6.986859,4.233879,4.428043,4.658624,4.966625,4.780045,-4.428043,,,,,,below deadband; feedforward + feedback
2026-05-17 15:36:21,1585.1,450.618,450.189,452.000,1.811,16.639000,101.062000,51.503500,0.712692,18.000000,97.273116,0.000000,4.300954,4.300954,8.412500,8.412500,0,0.000000,6.190327,4.478054,4.478054,4.798057,3.165637,8.953996,6.382898,6.400956,-0.00109246,0.00196237,0.00872951,-0.106267,0.190886,0.849147,6.296594,4.584320,4.287168,3.628907,5.025752,4.759641,-4.287168,,,,,,within deadband and CO2 rising; MFC zero
2026-05-17 15:36:26,1590.1,449.767,450.161,452.000,1.839,16.647200,101.063000,51.510200,0.710480,18.000000,97.274079,0.000000,0.000000,0.000000,3.781250,3.781250,0,0.000000,3.169522,4.774422,4.774422,4.797029,1.615326,8.969925,6.384671,6.389988,-0.01045399,0.00208028,0.01252426,-1.016902,0.202357,1.218285,4.186424,5.791324,4.572065,3.556136,5.059038,4.751486,-4.572065,,,,,,within deadband and CO2 rising; MFC zero
2026-05-17 15:36:31,1595.6,449.641,450.039,452.000,1.961,16.645200,101.065000,51.503500,0.711318,18.000000,97.276004,0.000000,0.000000,0.000000,0.000000,0.000000,0,0.000000,0.000000,4.977939,4.977939,4.790117,0.000000,8.969925,6.384736,6.384930,-0.00700855,0.00125629,0.01546064,-0.681763,0.122207,1.503950,0.681763,5.659702,4.855732,3.473989,5.085677,4.747725,-4.855732,,,,,,within deadband and CO2 rising; MFC zero
2026-05-17 15:36:37,1601.1,449.735,449.834,452.000,2.166,16.629800,101.067000,51.513500,0.710058,18.000000,97.277929,9.418357,5.000000,0.000000,0.000000,0.000000,0,0.000000,0.000000,5.043409,5.043409,4.792767,0.000000,8.969925,6.386517,6.391860,-0.00294124,0.00004487,0.01300698,-0.286118,0.004365,1.265292,0.286118,5.329527,5.039044,3.778117,5.084915,4.752877,-5.039044,,,,,,below deadband; feedforward + feedback
2026-05-17 15:36:42,1606.6,449.451,449.541,452.000,2.459,16.655000,101.065000,51.503500,0.711586,18.000000,97.276004,9.838948,5.000000,5.000000,0.000000,0.000000,0,0.000000,0.000000,4.959891,4.959891,4.806184,0.000000,8.969925,6.396593,6.426821,0.00838672,-0.00183732,0.00623356,0.815827,-0.178727,0.606376,-0.815827,4.144065,5.138619,4.353516,5.121010,4.778874,-5.138619,,,,,,below deadband; feedforward + feedback
2026-05-17 15:36:48,1612.1,449.442,449.462,452.000,2.538,16.663100,101.067000,51.513500,0.711619,18.000000,97.277929,9.968085,9.968085,9.968085,4.775000,4.775000,0,0.000000,3.578493,4.725973,4.725973,4.819904,1.827806,8.987743,6.414605,6.468643,0.00411773,-0.00294209,-0.00311776,0.400565,-0.286200,-0.303289,3.177928,4.325408,5.012173,5.029262,5.119518,4.809972,-5.012173,,,,,,below deadband; feedforward + feedback
2026-05-17 15:36:53,1617.6,449.424,449.301,452.000,2.699,16.648900,101.064000,51.510200,0.712491,18.000000,97.275041,10.230096,10.230096,10.230096,9.925000,9.925000,0,0.000000,7.380060,4.477937,4.477937,4.849402,3.778042,9.028240,6.451916,6.563848,-0.00400015,-0.00356781,-0.01333258,-0.389115,-0.347058,-1.296927,7.769175,4.867052,4.824996,5.774864,5.142719,4.880765,-4.824996,,,,,,below deadband; feedforward + feedback
2026-05-17 15:36:59,1623.1,449.127,449.245,452.000,2.755,16.696300,101.067000,51.506800,0.711928,18.000000,97.277929,10.350326,10.350326,10.350326,10.212500,10.212500,0,0.000000,7.593840,4.404625,4.404625,4.851665,3.884295,9.069797,6.494026,6.620356,-0.01445432,-0.00424530,-0.01936066,-1.406086,-0.412974,-1.883365,8.999927,5.810711,4.817599,6.287990,5.181695,4.922784,-4.817599,,,,,,below deadband; feedforward + feedback
2026-05-17 15:37:04,1628.6,449.819,449.334,452.000,2.666,16.643300,101.066000,51.506800,0.713547,18.000000,97.276966,10.267575,10.267575,10.267575,10.356250,10.356250,0,0.000000,7.696083,4.347094,4.347094,4.839557,3.933228,9.111983,6.535455,6.659740,-0.00410093,-0.00474949,-0.01902830,-0.398926,-0.462016,-1.851016,8.095008,4.746020,4.809110,6.198110,5.125369,4.952068,-4.809110,,,,,,below deadband; feedforward + feedback
2026-05-17 15:37:10,1634.1,449.993,449.588,452.000,2.412,16.646500,101.072000,51.503500,0.711714,18.000000,97.282742,9.949024,9.949024,9.949024,10.268750,10.268750,0,0.000000,7.626372,4.399338,4.399338,4.819289,3.901888,9.153968,6.571699,6.680432,-0.00594970,-0.00336194,-0.01191091,-0.578803,-0.327059,-1.158726,8.205175,4.978142,4.726397,5.558065,5.028706,4.967455,-4.726397,,,,,,below deadband; feedforward + feedback
2026-05-17 15:37:15,1639.1,449.658,449.770,452.000,2.230,16.660900,101.067000,51.506800,0.710196,18.000000,97.277929,9.715464,9.715464,9.715464,9.943750,9.943750,0,0.000000,7.403297,4.431037,4.431037,4.802409,3.794352,9.191171,6.593709,6.659740,-0.00591609,-0.00187638,-0.00386133,-0.575505,-0.182530,-0.375622,7.978802,5.006542,4.613568,4.806659,5.027742,4.952069,-4.613568,,,,,,below deadband; feedforward + feedback
2026-05-17 15:37:20,1644.6,450.415,450.016,452.000,1.984,16.649100,101.067000,51.506800,0.712169,18.000000,97.277929,0.000000,4.715464,4.715464,9.650000,9.650000,0,0.000000,7.217401,4.462717,4.462717,4.772026,3.702116,9.231012,6.604646,6.637455,-0.00341184,0.00031586,0.00858242,-0.331896,0.030726,0.834880,7.549298,4.794614,4.431991,3.627837,5.011647,4.935498,-4.431991,,,,,,within deadband and CO2 rising; MFC zero
2026-05-17 15:37:26,1650.1,450.010,450.210,452.000,1.790,16.651100,101.064000,51.503500,0.711915,18.000000,97.275041,0.000000,0.000000,0.000000,4.531250,4.531250,0,0.000000,3.494840,4.486922,4.486922,4.729036,1.793324,9.250434,6.597646,6.576647,0.00860522,0.00333058,0.01699888,0.837073,0.323982,1.653567,2.657767,3.649849,4.162940,2.833355,4.987288,4.890282,-4.162940,,,,,,within deadband and CO2 rising; MFC zero
2026-05-17 15:37:31,1655.6,450.155,450.201,452.000,1.799,16.636700,101.067000,51.510100,0.710240,18.000000,97.277929,0.000000,0.000000,0.000000,0.000000,0.000000,0,0.000000,0.000000,4.491124,4.491124,4.674383,0.000000,9.250434,6.569721,6.485946,0.01297504,0.00474280,0.02091456,1.262185,0.461369,2.034525,-1.262185,3.228939,4.029755,2.456600,4.944720,4.822838,-4.029755,,,,,,within deadband and CO2 rising; MFC zero
2026-05-17 15:37:37,1661.1,449.454,450.044,452.000,1.956,16.657500,101.068000,51.510200,0.712023,18.000000,97.278892,0.000000,0.000000,0.000000,0.000000,0.000000,0,0.000000,0.000000,4.486922,4.486922,4.618223,0.000000,9.250434,6.525678,6.393551,-0.00294124,0.00421343,0.01652522,-0.286120,0.409878,1.607555,0.286120,4.773043,4.077044,2.879367,4.954101,4.754135,-4.077044,,,,,,within deadband and CO2 rising; MFC zero
2026-05-17 15:37:42,1666.6,450.000,449.879,452.000,2.121,16.644200,101.067000,51.513500,0.711296,18.000000,97.277929,9.443196,5.000000,5.000000,0.000000,0.000000,0,0.000000,0.000000,4.486922,4.486922,4.574069,0.000000,9.250434,6.473971,6.318847,0.00406738,0.00326524,0.01210063,0.395666,0.317636,1.177124,-0.395666,4.091257,4.169286,3.309798,4.900209,4.698587,-4.169286,,,,,,below deadband; feedforward + feedback
2026-05-17 15:37:48,1672.1,449.727,449.715,452.000,2.285,16.641800,101.068000,51.503500,0.714102,18.000000,97.278892,9.611029,9.611029,9.611029,4.868750,4.868750,0,0.000000,3.624967,4.486922,4.486922,4.534455,1.854478,9.269804,6.411539,6.224242,0.01055501,0.00163851,0.00725068,1.026780,0.159393,0.705338,2.598187,3.460143,4.327530,3.781584,4.688663,4.628240,-4.327530,,,,,,below deadband; feedforward + feedback
2026-05-17 15:37:53,1677.6,450.333,449.802,452.000,2.198,16.638800,101.068000,51.500200,0.712546,18.000000,97.278892,9.433184,9.433184,9.433184,6.100000,6.100000,0,0.000000,4.619509,4.566935,4.566935,4.538111,2.361312,9.317521,6.355984,6.189321,0.01796673,0.00120169,0.00467750,1.747784,0.116899,0.455022,2.871725,2.819151,4.450036,4.111913,4.553644,4.602273,-4.450036,,,,,,below deadband; feedforward + feedback
2026-05-17 15:37:59,1683.1,449.441,449.821,452.000,2.179,16.664300,101.068000,51.513500,0.711137,18.000000,97.278892,9.361473,9.361473,9.361473,9.381250,9.381250,0,0.000000,6.971089,4.716678,4.716678,4.556742,3.562756,9.349889,6.311258,6.177081,-0.00697488,0.00004800,-0.00410740,-0.678508,0.004669,-0.399563,7.649598,5.395186,4.712009,5.116241,4.611884,4.593172,-4.712009,,,,,,below deadband; feedforward + feedback
2026-05-17 15:38:04,1688.1,449.683,449.815,452.000,2.185,16.693500,101.068000,51.510200,0.711827,18.000000,97.278892,9.337765,9.337765,9.337765,9.337500,9.337500,0,0.000000,6.952500,4.679615,4.679615,4.562084,3.562414,9.384681,6.278975,6.182125,-0.00228576,0.00000189,-0.00711592,-0.222356,0.000183,-0.692229,7.174856,4.901971,4.679432,5.371844,4.624497,4.596922,-4.679432,,,,,,below deadband; feedforward + feedback
2026-05-17 15:38:09,1693.6,449.917,449.873,452.000,2.127,16.672800,101.067000,51.500200,0.712702,18.000000,97.277929,9.228115,9.228115,9.228115,9.318750,9.318750,0,0.000000,6.924616,4.652350,4.652350,4.576458,3.536743,9.422792,6.250595,6.165454,-0.00127734,0.00058109,-0.00903954,-0.124257,0.056528,-0.879347,7.048872,4.776607,4.595823,5.531698,4.616052,4.584526,-4.595823,,,,,,below deadband; feedforward + feedback
2026-05-17 15:38:15,1699.1,450.238,449.794,452.000,2.206,16.636800,101.072000,51.513500,0.710856,18.000000,97.282742,9.313753,9.313753,9.313753,9.231250,9.231250,0,0.000000,6.854905,4.625086,4.625086,4.588610,3.508081,9.460537,6.225528,6.150329,0.00080674,0.00205605,-0.00580699,0.078482,0.200018,-0.564920,6.776423,4.546604,4.425068,5.190005,4.604959,4.573279,-4.425068,,,,,,below deadband; feedforward + feedback
2026-05-17 15:38:20,1704.6,449.904,449.983,452.000,2.017,16.651600,101.068000,51.510100,0.710982,18.000000,97.278892,9.026588,9.026588,9.026588,9.306250,9.306250,0,0.000000,6.924616,4.605005,4.605005,4.598562,3.536112,9.498539,6.202893,6.134986,-0.01206747,0.00451660,-0.00113292,-1.173910,0.439369,-0.110209,8.098526,5.778915,4.165635,4.715214,4.672134,4.561870,-4.165635,,,,,,below deadband; feedforward + feedback
2026-05-17 15:38:26,1710.1,449.974,450.001,452.000,1.999,16.662500,101.072000,51.510200,0.713584,18.000000,97.282742,0.000000,4.026588,4.026588,8.943750,8.943750,0,0.000000,6.701541,4.531208,4.531208,4.592984,3.419869,9.535599,6.182254,6.120340,-0.00270594,0.00486661,0.00393694,-0.263241,0.473437,0.382996,6.964782,4.794449,4.057771,4.148212,4.630813,4.550980,-4.057771,,,,,,within deadband and CO2 rising; MFC zero
2026-05-17 15:38:31,1715.6,450.733,450.141,452.000,1.859,16.657100,101.069000,51.513500,0.713032,18.000000,97.279854,0.000000,0.000000,0.000000,3.806250,3.806250,0,0.000000,2.983626,4.640964,4.640964,4.577667,1.525333,9.552139,6.154520,6.071317,0.01502572,0.00603612,0.00985358,1.461700,0.587193,0.958555,1.521927,3.179264,4.053771,3.682409,4.518066,4.514527,-4.053771,,,,,,within deadband and CO2 rising; MFC zero
2026-05-17 15:38:37,1721.1,448.972,450.029,452.000,1.971,16.665800,101.069000,51.506900,0.711558,18.000000,97.279854,0.000000,0.000000,0.000000,0.000000,0.000000,0,0.000000,0.000000,4.790784,4.790784,4.566184,0.000000,9.552139,6.122288,6.025592,-0.01084074,0.00513715,0.00522047,-1.054586,0.499741,0.507847,1.054586,5.845370,4.291044,4.282937,4.541514,4.480527,-4.291044,,,,,,within deadband and CO2 rising; MFC zero
2026-05-17 15:38:42,1726.6,449.153,449.900,452.000,2.100,16.648800,101.068000,51.503500,0.712504,18.000000,97.278892,9.028236,5.000000,0.000000,0.000000,0.000000,0,0.000000,0.000000,4.853040,4.853040,4.561327,0.000000,9.552139,6.088691,5.987900,-0.01258848,0.00340285,0.00023377,-1.224593,0.331026,0.022741,1.224593,6.077633,4.522014,4.830299,4.629403,4.452500,-4.522014,,,,,,below deadband; feedforward + feedback
2026-05-17 15:38:47,1731.6,449.470,449.714,452.000,2.286,16.641200,101.065000,51.503500,0.711121,18.000000,97.276004,9.269022,5.000000,5.000000,0.000000,0.000000,0,0.000000,0.000000,4.853040,4.853040,4.574010,0.000000,9.552139,6.067957,6.005755,-0.00431942,0.00097840,-0.00699483,-0.420175,0.095174,-0.680429,0.420175,5.273216,4.757866,5.533469,4.657395,4.465776,-4.757866,,,,,,below deadband; feedforward + feedback
2026-05-17 15:38:53,1737.1,449.490,449.419,452.000,2.581,16.637400,101.065000,51.516800,0.712428,18.000000,97.276004,9.665260,9.665260,9.665260,4.793750,4.793750,0,0.000000,3.606377,4.789894,4.789894,4.576790,1.834336,9.572459,6.052035,6.004268,-0.01416836,-0.00202361,-0.00960203,-1.378242,-0.196849,-0.934047,4.984618,6.168135,4.986743,5.723941,4.737514,4.464671,-4.986743,,,,,,below deadband; feedforward + feedback
2026-05-17 15:38:58,1742.6,449.506,449.289,452.000,2.711,16.647200,101.069000,51.510100,0.712528,18.000000,97.279854,9.839669,9.839669,9.839669,9.625000,9.625000,0,0.000000,7.161633,4.644353,4.644353,4.584025,3.669762,9.611749,6.043884,6.019433,0.00109247,-0.00452311,-0.01422836,0.106275,-0.440008,-1.384133,7.055358,4.538078,5.084361,6.028486,4.723210,4.475947,-5.084361,,,,,,below deadband; feedforward + feedback
2026-05-17 15:39:04,1748.1,449.624,449.359,452.000,2.641,16.659600,101.068000,51.513500,0.713753,18.000000,97.278892,9.738375,9.738375,9.738375,9.818750,9.818750,0,0.000000,7.296407,4.555394,4.555394,4.590580,3.722865,9.651735,6.041535,6.034488,0.00452111,-0.00534207,-0.01366667,0.439808,-0.519670,-1.329478,6.856599,4.115586,5.075064,5.884872,4.649509,4.487142,-5.075064,,,,,,below deadband; feedforward + feedback
2026-05-17 15:39:09,1753.6,449.877,449.523,452.000,2.477,16.651800,101.063000,51.510200,0.713966,18.000000,97.274079,9.510579,9.510579,9.510579,19.993750,19.993750,0,0.000000,15.689599,4.536785,4.536785,4.598828,8.011724,9.695859,6.043234,6.048332,-0.00756317,-0.00523373,-0.01347740,-0.735701,-0.509106,-1.311001,16.425300,5.272486,5.045891,5.847786,4.672399,4.497436,-5.045891,,,,,,below deadband; feedforward + feedback
2026-05-17 15:39:15,1759.1,449.322,449.760,452.000,2.240,16.644500,101.069000,51.506800,0.710486,18.000000,97.279854,9.181215,9.181215,9.181215,9.293750,9.293750,0,0.000000,6.924616,4.518544,4.518544,4.611873,3.530307,9.734140,6.045530,6.052417,-0.01758046,-0.00401732,-0.00715729,-1.710225,-0.390804,-0.696260,8.634840,6.228769,4.909348,5.214804,4.714058,4.500474,-4.909348,,,,,,below deadband; feedforward + feedback
2026-05-17 15:39:20,1764.6,448.956,449.810,452.000,2.190,16.644600,101.065000,51.506800,0.713048,18.000000,97.276004,9.120988,9.120988,9.120988,9.175000,9.175000,0,0.000000,6.813078,4.544860,4.544860,4.615607,3.489950,9.771521,6.054288,6.080563,-0.01653834,-0.00357300,-0.00336693,-1.608784,-0.347567,-0.327521,8.421862,6.153643,4.892427,4.872381,4.775832,4.521403,-4.892427,,,,,,below deadband; feedforward + feedback
2026-05-17 15:39:26,1770.1,449.742,449.878,452.000,2.122,16.643000,101.066000,51.500200,0.711808,18.000000,97.276966,9.039275,9.039275,9.039275,9.112500,9.112500,0,0.000000,6.780546,4.510779,4.510779,4.616691,3.467225,9.808818,6.068965,6.112995,-0.01314335,-0.00187831,0.00057089,-1.278545,-0.182717,0.055534,8.059091,5.789324,4.693496,4.455245,4.873080,4.545519,-4.693496,,,,,,below deadband; feedforward + feedback
2026-05-17 15:39:31,1775.6,450.039,449.894,452.000,2.106,16.650200,101.068000,51.506800,0.710927,18.000000,97.278892,9.037320,9.037320,9.037320,9.043750,9.043750,0,0.000000,6.706188,4.583046,4.583046,4.620869,3.425707,9.845781,6.089375,6.150604,-0.00769764,-0.00063681,0.00972806,-0.748818,-0.061948,0.946335,7.455006,5.331864,4.644994,3.636711,4.968668,4.573484,-4.644994,,,,,,below deadband; feedforward + feedback
2026-05-17 15:39:36,1780.6,450.074,449.941,452.000,2.059,16.662600,101.066000,51.510100,0.711145,18.000000,97.276966,8.990429,8.990429,8.990429,9.037500,9.037500,0,0.000000,6.715483,4.791501,4.791501,4.628288,3.442395,9.879387,6.108424,6.165572,0.01852138,-0.00039033,0.01564680,1.801703,-0.037970,1.522073,4.913779,2.989798,4.829471,3.269428,4.882630,4.584614,-4.829471,,,,,,below deadband; feedforward + feedback
2026-05-17 15:39:42,1786.1,450.593,450.166,452.000,1.834,16.642000,101.067000,51.506800,0.712013,18.000000,97.277929,0.000000,3.990429,3.990429,8.981250,8.981250,0,0.000000,6.673656,5.099236,5.099236,4.654910,3.418690,9.916160,6.136659,6.221362,0.02420215,0.00069961,0.02128959,2.354335,0.068056,2.071007,4.319321,2.744900,5.031179,3.028229,4.794450,4.626098,-5.031179,,,,,,within deadband and CO2 rising; MFC zero
2026-05-17 15:39:47,1791.6,450.461,450.330,452.000,1.670,16.655000,101.068000,51.510100,0.711348,18.000000,97.278892,0.000000,0.000000,0.000000,3.725000,3.725000,0,0.000000,2.969684,5.406448,5.406448,4.694890,1.517858,9.932620,6.173006,6.282048,0.02690804,0.00204859,0.02217601,2.617584,0.199285,2.157258,0.352100,2.788864,5.207163,3.249190,4.737824,4.671223,-5.207163,,,,,,within deadband and CO2 rising; MFC zero
2026-05-17 15:39:53,1797.1,449.565,450.327,452.000,1.673,16.631600,101.068000,51.496900,0.711870,18.000000,97.278892,0.000000,0.000000,0.000000,0.000000,0.000000,0,0.000000,0.000000,5.548929,5.548929,4.741064,0.000000,9.932620,6.213697,6.335768,0.00465555,0.00311117,0.01630008,0.452887,0.302652,1.585653,-0.452887,5.096042,5.246278,3.963276,4.808950,4.711169,-5.246278,,,,,,within deadband and CO2 rising; MFC zero
2026-05-17 15:39:58,1802.6,449.893,450.246,452.000,1.754,16.652100,101.070000,51.500200,0.712764,18.000000,97.280817,0.000000,0.000000,0.000000,0.000000,0.000000,0,0.000000,0.000000,5.374187,5.374187,4.776162,0.000000,9.932620,6.253673,6.373601,0.00421855,0.00284863,0.00916829,0.410384,0.277118,0.891898,-0.410384,4.963803,5.097070,4.482289,4.902196,4.739301,-5.097070,,,,,,within deadband and CO2 rising; MFC zero
2026-05-17 15:40:04,1808.1,449.374,449.956,452.000,2.044,16.642800,101.069000,51.503500,0.712205,18.000000,97.279854,9.147408,5.000000,5.000000,0.000000,0.000000,0,0.000000,0.000000,5.027143,5.027143,4.794663,0.000000,9.932620,6.286263,6.384034,-0.00265553,0.00210053,0.00255910,-0.258330,0.204339,0.248949,0.258330,5.285473,4.822804,4.778194,4.897219,4.747058,-4.822804,,,,,,below deadband; feedforward + feedback
2026-05-17 15:40:09,1813.1,449.494,449.737,452.000,2.263,16.669900,101.070000,51.513500,0.708875,18.000000,97.280817,9.477954,9.477954,9.477954,4.762500,4.762500,0,0.000000,3.597082,4.738017,4.738017,4.792200,1.847626,9.950742,6.309194,6.377988,-0.00643720,0.00097002,-0.00377483,-0.626216,0.094364,-0.367219,4.223298,5.364233,4.643653,5.105236,4.917524,4.742562,-4.643653,,,,,,below deadband; feedforward + feedback
2026-05-17 15:40:14,1818.5,449.619,449.605,452.000,2.395,16.652600,101.066000,51.500200,0.710721,18.000000,97.276966,9.677195,9.677195,9.677195,9.425000,9.425000,0,0.000000,7.017563,4.496411,4.496411,4.785420,3.476947,9.989162,6.324055,6.368639,0.00499170,0.00062154,-0.00652574,0.485577,0.060462,-0.634804,6.531986,4.010833,4.435949,5.131215,4.884230,4.735611,-4.435949,,,,,,below deadband; feedforward + feedback
2026-05-17 15:40:19,1823.6,449.811,449.630,452.000,2.370,16.652900,101.066000,51.506800,0.712258,18.000000,97.276966,9.650699,9.650699,9.650699,9.650000,9.650000,0,0.000000,7.184870,4.427997,4.427997,4.776851,3.551852,10.024932,6.332734,6.358769,0.00139497,0.00176543,-0.00884353,0.135699,0.171735,-0.860272,7.049171,4.292298,4.256262,5.288269,4.873173,4.728272,-4.256262,,,,,,below deadband; feedforward + feedback
2026-05-17 15:40:24,1828.6,450.025,449.757,452.000,2.243,16.651400,101.065000,51.506800,0.713790,18.000000,97.276004,9.479657,9.479657,9.479657,9.643750,9.643750,0,0.000000,7.156985,4.435898,4.435898,4.769498,3.544541,10.060772,6.339597,6.360188,-0.00667235,0.00252887,-0.00994254,-0.649060,0.245999,-0.967170,7.806045,5.084958,4.189899,5.403068,4.843001,4.729327,-4.189899,,,,,,below deadband; feedforward + feedback
2026-05-17 15:40:29,1833.6,450.285,449.900,452.000,2.100,16.664400,101.066000,51.506800,0.710370,18.000000,97.276966,9.285541,9.285541,9.285541,9.487500,9.487500,0,0.000000,7.050095,4.447013,4.447013,4.765838,3.590249,10.096095,6.345366,6.362672,0.00885733,0.00356469,-0.00866599,0.861614,0.346762,-0.843001,6.188481,3.585399,4.100251,5.290014,4.790433,4.731174,-4.100251,,,,,,below deadband; feedforward + feedback
2026-05-17 15:40:34,1838.6,449.835,450.032,452.000,1.968,16.669600,101.064000,51.506800,0.711856,18.000000,97.275041,0.000000,4.285541,4.285541,7.925000,7.925000,0,0.000000,5.809241,4.478615,4.478615,4.758779,2.964915,10.134784,6.349221,6.360787,-0.00909259,0.00469885,-0.00743248,-0.884482,0.457081,-0.722995,6.693724,5.363097,4.021534,5.201610,4.885383,4.729772,-4.021534,,,,,,within deadband and CO2 rising; MFC zero
2026-05-17 15:40:40,1844.1,449.984,449.967,452.000,2.033,16.645900,101.065000,51.510100,0.712961,18.000000,97.276004,9.198646,9.198646,9.198646,4.162500,4.162500,0,0.000000,3.183464,4.745434,4.745434,4.756807,1.627688,10.151964,6.353006,6.364359,-0.01176492,0.00404315,-0.00675565,-1.144445,0.393302,-0.657163,4.327909,5.889878,4.352132,5.402597,4.887318,4.732428,-4.352132,,,,,,below deadband; feedforward + feedback
2026-05-17 15:40:45,1849.6,450.085,449.910,452.000,2.090,16.647300,101.065000,51.510100,0.712895,18.000000,97.276004,9.283465,9.283465,9.283465,9.181250,9.181250,0,0.000000,6.831668,4.929412,4.929412,4.760128,3.480539,10.189498,6.357675,6.371685,-0.00922693,0.00290008,-0.00059455,-0.897559,0.282108,-0.057836,7.729226,5.826971,4.647304,4.987248,4.876420,4.737876,-4.647304,,,,,,below deadband; feedforward + feedback
2026-05-17 15:40:51,1855.1,450.137,449.975,452.000,2.025,16.659300,101.065000,51.500200,0.710121,18.000000,97.276004,9.198100,9.198100,9.198100,9.281250,9.281250,0,0.000000,6.906026,5.166042,5.166042,4.773736,3.544757,10.227397,6.363730,6.381895,-0.00305898,0.00240088,0.00694775,-0.297565,0.233548,0.675849,7.203591,5.463607,4.932494,4.490193,4.884697,4.745468,-4.932494,,,,,,below deadband; feedforward + feedback
2026-05-17 15:40:56,1860.6,450.319,450.196,452.000,1.804,16.702800,101.068000,51.510100,0.710489,18.000000,97.278892,0.000000,4.198100,4.198100,9.175000,9.175000,0,0.000000,6.840962,5.439231,5.439231,4.801968,3.493332,10.265068,6.371409,6.394445,0.00905906,0.00244511,0.01536294,0.881255,0.237857,1.494490,5.959708,4.557976,5.201374,3.944741,4.814690,4.754800,-5.201374,,,,,,within deadband and CO2 rising; MFC zero
2026-05-17 15:41:02,1866.1,450.320,450.353,452.000,1.647,16.653400,101.067000,51.506800,0.710634,18.000000,97.277929,0.000000,0.000000,0.000000,4.050000,4.050000,0,0.000000,3.118401,5.568196,5.568196,4.842136,1.596918,10.282356,6.380893,6.409346,0.00605054,0.00235411,0.01560879,0.588584,0.229003,1.518390,2.529817,4.979613,5.339193,4.049806,4.833888,4.765880,-5.339193,,,,,,within deadband and CO2 rising; MFC zero
2026-05-17 15:41:07,1871.6,449.984,450.355,452.000,1.645,16.661000,101.065000,51.503500,0.711924,18.000000,97.276004,0.000000,0.000000,0.000000,0.000000,0.000000,0,0.000000,0.000000,5.461306,5.461306,4.881523,0.000000,10.282356,6.391150,6.421920,0.02479051,0.00175984,0.01363663,2.411521,0.171190,1.326517,-2.411521,3.049785,5.290116,4.134789,4.787549,4.775230,-5.290116,,,,,,within deadband and CO2 rising; MFC zero
2026-05-17 15:41:13,1877.1,449.861,450.208,452.000,1.792,16.642800,101.066000,51.503500,0.713535,18.000000,97.276966,0.000000,0.000000,0.000000,0.000000,0.000000,0,0.000000,0.000000,5.192610,5.192610,4.910037,0.000000,10.282356,6.398787,6.421700,0.00884037,0.00154697,0.00437302,0.859965,0.150484,0.425394,-0.859965,4.332645,5.042125,4.767216,4.746686,4.775066,-5.042125,,,,,,within deadband and CO2 rising; MFC zero
2026-05-17 15:41:18,1882.6,449.361,449.951,452.000,2.049,16.665200,101.061000,51.506800,0.711810,18.000000,97.272154,9.272184,5.000000,5.000000,0.000000,0.000000,0,0.000000,0.000000,4.807651,4.807651,4.922607,0.000000,10.282356,6.403409,6.417274,-0.00979853,-0.00026746,-0.00127974,-0.953124,-0.026016,-0.124483,0.953124,5.760774,4.833667,4.932134,4.726338,4.771775,-4.833667,,,,,,below deadband; feedforward + feedback
2026-05-17 15:41:24,1888.1,449.639,449.615,452.000,2.385,16.650300,101.064000,51.513500,0.712081,18.000000,97.275041,9.744093,9.744093,9.744093,4.831250,4.831250,0,0.000000,3.611024,4.511089,4.511089,4.921139,1.846370,10.303153,6.404498,6.407763,-0.00648754,-0.00224796,-0.00808537,-0.631076,-0.218670,-0.786505,4.242100,5.142164,4.729759,5.297594,4.682361,4.764703,-4.729759,,,,,,below deadband; feedforward + feedback
2026-05-17 15:41:29,1893.1,450.335,449.542,452.000,2.458,16.641000,101.065000,51.513500,0.712218,18.000000,97.276004,9.844611,9.844611,9.844611,9.718750,9.718750,0,0.000000,7.208107,4.311948,4.311948,4.912494,3.692617,10.339253,6.404041,6.402670,0.00084035,-0.00302697,-0.01111629,0.081746,-0.294451,-1.081348,7.126360,4.230202,4.606400,5.393296,4.614573,4.760916,-4.606400,,,,,,below deadband; feedforward + feedback
2026-05-17 15:41:34,1898.6,449.677,449.646,452.000,2.354,16.655100,101.064000,51.503500,0.710813,18.000000,97.275041,9.696517,9.696517,9.696517,9.825000,9.825000,0,0.000000,7.291760,4.239546,4.239546,4.897559,3.729917,10.379327,6.400987,6.391824,-0.00448750,-0.00226110,-0.00801113,-0.436522,-0.219948,-0.779283,7.728282,4.676067,4.459494,5.018829,4.586060,4.752851,-4.459494,,,,,,below deadband; feedforward + feedback
2026-05-17 15:41:40,1904.0,450.615,449.792,452.000,2.208,16.639800,101.067000,51.513500,0.709759,18.000000,97.277929,9.483474,9.483474,9.483474,9.675000,9.675000,0,0.000000,7.189517,4.263712,4.263712,4.874612,3.554184,10.418847,6.392169,6.365714,0.00875665,-0.00122555,-0.00949310,0.851829,-0.119219,-0.923469,6.337688,3.411883,4.382931,5.187181,4.604412,4.733436,-4.382931,,,,,,below deadband; feedforward + feedback
2026-05-17 15:41:45,1909.0,450.310,450.151,452.000,1.849,16.691200,101.067000,51.503500,0.713462,18.000000,97.277929,0.000000,4.483474,4.483474,9.450000,9.450000,0,0.000000,7.040800,4.286658,4.286658,4.839282,3.477516,10.454213,6.372663,6.314148,0.00378171,0.00141237,-0.00537637,0.367877,0.137393,-0.523002,6.672923,3.918781,4.149266,4.809660,4.655450,4.695092,-4.149266,,,,,,within deadband and CO2 rising; MFC zero
2026-05-17 15:41:50,1914.1,450.280,450.244,452.000,1.756,16.648300,101.066000,51.506800,0.711552,18.000000,97.276966,0.000000,0.000000,0.000000,4.137500,4.137500,0,0.000000,3.327533,4.306178,4.306178,4.791445,1.645678,10.470975,6.340948,6.245800,-0.00117649,0.00275421,-0.00304773,-0.114446,0.267921,-0.296474,3.441979,4.420623,4.038256,4.602651,4.726396,4.644270,-4.038256,,,,,,within deadband and CO2 rising; MFC zero
2026-05-17 15:41:55,1919.1,450.299,450.232,452.000,1.768,16.656900,101.066000,51.510200,0.713211,18.000000,97.276966,0.000000,0.000000,0.000000,0.000000,0.000000,0,0.000000,0.000000,4.414075,4.414075,4.742103,0.000000,10.470975,6.300902,6.180767,-0.00354631,0.00287857,0.00344823,-0.344974,0.280019,0.335434,0.344974,4.759049,4.134056,4.078641,4.711744,4.595913,-4.134056,,,,,,within deadband and CO2 rising; MFC zero
2026-05-17 15:42:00,1924.6,449.244,450.051,452.000,1.949,16.654700,101.067000,51.510100,0.710791,18.000000,97.277929,0.000000,0.000000,0.000000,0.000000,0.000000,0,0.000000,0.000000,4.484792,4.484792,4.703434,0.000000,10.470975,6.260064,6.137547,-0.01695851,0.00130440,0.00326476,-1.649689,0.126889,0.317589,1.649689,6.134481,4.357903,4.167203,4.762643,4.563775,-4.357903,,,,,,within deadband and CO2 rising; MFC zero
2026-05-17 15:42:05,1929.6,449.214,449.758,452.000,2.242,16.660600,101.064000,51.503500,0.712743,18.000000,97.275041,9.364132,5.000000,5.000000,0.000000,0.000000,0,0.000000,0.000000,4.484792,4.484792,4.679853,0.000000,10.470975,6.225017,6.119878,-0.00958013,-0.00036834,0.00205248,-0.931907,-0.035830,0.199656,0.931907,5.416699,4.520622,4.285137,4.768349,4.550637,-4.520622,,,,,,below deadband; feedforward + feedback
2026-05-17 15:42:11,1935.1,449.173,449.483,452.000,2.517,16.666400,101.065000,51.510100,0.710812,18.000000,97.276004,9.725420,9.725420,9.725420,7.718750,7.718750,0,0.000000,5.758120,4.484792,4.484792,4.668843,2.945438,10.507034,6.200990,6.128909,-0.01472301,-0.00322092,-0.00388129,-1.432196,-0.313318,-0.377557,7.190316,5.916988,4.798110,4.862349,4.792382,4.557352,-4.798110,,,,,,below deadband; feedforward + feedback
2026-05-17 15:42:16,1940.6,449.010,449.318,452.000,2.682,16.661800,101.062000,51.506800,0.712242,18.000000,97.273116,9.944320,9.944320,9.944320,9.650000,9.650000,0,0.000000,7.166280,4.448581,4.448581,4.666764,3.673259,10.534778,6.190185,6.157769,-0.01003383,-0.00494423,-0.00735826,-0.976022,-0.480941,-0.715761,8.142302,5.424603,4.929522,5.164343,4.853850,4.578812,-4.929522,,,,,,below deadband; feedforward + feedback
2026-05-17 15:42:22,1946.1,449.503,449.346,452.000,2.654,16.673200,101.064000,51.506800,0.711364,18.000000,97.275041,9.908173,9.908173,9.908173,9.900000,9.900000,0,0.000000,7.380060,4.425790,4.425790,4.666668,3.773397,10.575123,6.192643,6.200016,-0.00280684,-0.00568476,-0.01340825,-0.273035,-0.552985,-1.304288,7.653095,4.698825,4.978775,5.730078,4.871525,4.610225,-4.978775,,,,,,below deadband; feedforward + feedback
2026-05-17 15:42:27,1951.6,449.732,449.478,452.000,2.522,16.652100,101.063000,51.506800,0.713685,18.000000,97.274079,9.736942,9.736942,9.736942,9.893750,9.893750,0,0.000000,7.356823,4.428578,4.428578,4.666350,3.766713,10.615575,6.205687,6.244820,0.00168074,-0.00542374,-0.01713991,0.163493,-0.527589,-1.667269,7.193330,4.265085,4.956168,6.095847,4.835878,4.643541,-4.956168,,,,,,below deadband; feedforward + feedback
2026-05-17 15:42:33,1957.1,449.486,449.622,452.000,2.378,16.692600,101.067000,51.510100,0.710452,18.000000,97.277929,9.556560,9.556560,9.556560,9.731250,9.731250,0,0.000000,7.226696,4.437796,4.437796,4.665949,3.695841,10.655431,6.227605,6.293361,-0.00378167,-0.00506401,-0.01219153,-0.367873,-0.492616,-1.185967,7.594569,4.805669,4.930412,5.623763,4.888933,4.679635,-4.930412,,,,,,below deadband; feedforward + feedback
2026-05-17 15:42:38,1962.6,450.068,449.893,452.000,2.107,16.655800,101.066000,51.506800,0.713704,18.000000,97.276966,9.205549,9.205549,9.205549,9.550000,9.550000,0,0.000000,7.105864,4.389637,4.389637,4.662080,3.633276,10.694567,6.256099,6.341580,0.00626903,-0.00469335,-0.00745553,0.609833,-0.456555,-0.725251,6.496031,3.779804,4.846192,5.114888,4.820095,4.715490,-4.846192,,,,,,below deadband; feedforward + feedback
2026-05-17 15:42:44,1968.1,449.796,449.919,452.000,2.081,16.666700,101.066000,51.500200,0.709863,18.000000,97.276966,9.199289,9.199289,9.199289,9.218750,9.218750,0,0.000000,6.836315,4.477221,4.477221,4.650419,3.493425,10.732410,6.285854,6.375120,-0.01583226,-0.00461084,0.00113971,-1.540114,-0.448529,0.110867,8.376429,6.017335,4.925750,4.366354,4.825636,4.740430,-4.925750,,,,,,below deadband; feedforward + feedback
2026-05-17 15:42:49,1973.6,450.419,450.068,452.000,1.932,16.657100,101.064000,51.506800,0.712097,18.000000,97.275041,1.893491,4.199289,4.199289,9.150000,9.150000,0,0.000000,6.845610,4.607464,4.607464,4.636421,3.501090,10.770009,6.311635,6.388978,0.00233619,-0.00284599,0.01159723,0.227253,-0.276843,1.128121,6.618357,4.380212,4.884308,3.479343,4.762734,4.750734,-4.884308,,,,,,within lower deadband; partial feedforward
2026-05-17 15:42:54,1978.6,450.018,450.124,452.000,1.876,16.667300,101.065000,51.506800,0.711879,18.000000,97.276004,1.898187,1.898187,1.898187,4.187500,4.187500,0,0.000000,3.113753,4.607522,4.607522,4.612138,1.587550,10.785735,6.327290,6.374253,-0.00472279,-0.00075198,0.01828788,-0.459414,-0.073149,1.778972,3.573167,5.066936,4.680672,2.828550,4.745487,4.739786,-4.680672,,,,,,within lower deadband; partial feedforward
2026-05-17 15:43:00,1984.1,449.415,450.183,452.000,1.817,16.640000,101.067000,51.510100,0.710761,18.000000,97.277929,0.000000,0.000000,0.000000,1.818750,1.818750,0,0.000000,1.408160,4.528517,4.528517,4.572541,0.716633,10.794946,6.327205,6.326951,0.00287399,0.00139930,0.01943353,0.279576,0.136121,1.890454,1.128584,4.248941,4.392395,2.638063,4.732051,4.704613,-4.392395,,,,,,within deadband and CO2 rising; MFC zero
2026-05-17 15:43:05,1989.6,449.566,450.028,452.000,1.972,16.654300,101.065000,51.510100,0.711893,18.000000,97.276004,0.000000,0.000000,0.000000,0.000000,0.000000,0,0.000000,0.000000,4.356427,4.356427,4.519856,0.000000,10.794946,6.310674,6.261080,0.00731103,0.00147816,0.01419474,0.711188,0.143790,1.380808,-0.711188,3.645239,4.212638,2.975620,4.674034,4.655632,-4.212638,,,,,,within deadband and CO2 rising; MFC zero
2026-05-17 15:43:11,1995.1,449.229,449.867,452.000,2.133,16.644500,101.063000,51.503500,0.712128,18.000000,97.274079,9.267032,5.000000,0.000000,0.000000,0.000000,0,0.000000,0.000000,4.269444,4.269444,4.468036,0.000000,10.794946,6.281462,6.193825,-0.00194961,0.00133179,0.00691122,-0.189646,0.129549,0.672283,0.189646,4.459090,4.139895,3.597161,4.735309,4.605622,-4.139895,,,,,,below deadband; feedforward + feedback
2026-05-17 15:43:16,2000.6,449.463,449.651,452.000,2.349,16.643100,101.066000,51.506800,0.712299,18.000000,97.276966,9.535897,5.000000,5.000000,0.000000,0.000000,0,0.000000,0.000000,4.269444,4.269444,4.427898,0.000000,10.794946,6.247927,6.147322,0.01258870,0.00023263,-0.00209262,1.224590,0.022630,-0.203563,-1.224590,3.044853,4.246814,4.473007,4.679318,4.571044,-4.246814,,,,,,below deadband; feedforward + feedback
2026-05-17 15:43:22,2006.1,449.789,449.515,452.000,2.485,16.618700,101.066000,51.506800,0.712244,18.000000,97.276966,9.696191,9.696191,9.696191,4.906250,4.906250,0,0.000000,3.615672,4.269444,4.269444,4.404498,1.847271,10.814533,6.216981,6.124142,0.01420222,-0.00172476,-0.00923323,1.381549,-0.167780,-0.898181,2.234123,2.887895,4.437223,5.167624,4.554410,4.553807,-4.437223,,,,,,below deadband; feedforward + feedback
2026-05-17 15:43:27,2011.6,449.928,449.492,452.000,2.508,16.653500,101.065000,51.503500,0.712653,18.000000,97.276004,9.703025,9.703025,9.703025,9.656250,9.656250,0,0.000000,7.184870,4.312413,4.312413,4.395860,3.671082,10.853946,6.192455,6.118877,-0.00411773,-0.00336472,-0.01257963,-0.400556,-0.327307,-1.223696,7.585426,4.712969,4.639720,5.536109,4.535749,4.549892,-4.639720,,,,,,below deadband; feedforward + feedback
2026-05-17 15:43:33,2017.1,449.801,449.589,452.000,2.411,16.653200,101.063000,51.510100,0.710777,18.000000,97.274079,9.548614,9.548614,9.548614,9.375000,9.375000,0,0.000000,6.682951,4.378619,4.378619,4.398758,3.416292,10.897024,6.173494,6.116612,-0.00213450,-0.00194341,-0.01139596,-0.207632,-0.189044,-1.108532,6.890583,4.586251,4.567662,5.487150,4.551230,4.548208,-4.567662,,,,,,below deadband; feedforward + feedback
2026-05-17 15:43:38,2022.6,449.560,449.539,452.000,2.461,16.640800,101.063000,51.510100,0.712761,18.000000,97.274079,9.608247,9.608247,9.608247,9.537500,9.537500,0,0.000000,7.082627,4.439538,4.439538,4.407454,3.607646,10.935902,6.162777,6.130627,0.00020169,-0.00266926,-0.01313611,0.019619,-0.259650,-1.277803,7.063008,4.419920,4.699188,5.717341,4.540093,4.558629,-4.699188,,,,,,below deadband; feedforward + feedback
2026-05-17 15:43:44,2028.1,450.281,449.671,452.000,2.329,16.680100,101.064000,51.510100,0.713712,18.000000,97.275041,9.416999,9.416999,9.416999,9.587500,9.587500,0,0.000000,7.133748,4.401391,4.401391,4.413440,3.653679,10.975088,6.155979,6.135583,0.00759679,-0.00068148,-0.01165246,0.738978,-0.066291,-1.133493,6.394770,3.662413,4.467682,5.534884,4.550985,4.562314,-4.467682,,,,,,below deadband; feedforward + feedback
2026-05-17 15:43:49,2033.1,450.076,449.720,452.000,2.280,16.634000,101.065000,51.513500,0.712614,18.000000,97.276004,9.345773,9.345773,9.345773,9.412500,9.412500,0,0.000000,6.985032,4.398022,4.398022,4.418282,3.576552,11.010204,6.153388,6.145617,-0.00576479,0.00079314,-0.00431874,-0.560775,0.077153,-0.420110,7.545807,4.958797,4.320868,4.818132,4.596203,4.569775,-4.320868,,,,,,below deadband; feedforward + feedback
2026-05-17 15:43:54,2038.6,450.249,449.849,452.000,2.151,16.633300,101.066000,51.506800,0.712243,18.000000,97.276966,9.165465,9.165465,9.165465,9.343750,9.343750,0,0.000000,6.947853,4.445270,4.445270,4.424329,3.550011,11.048433,6.153715,6.154694,0.00934473,0.00258809,0.00410710,0.909027,0.251761,0.399526,6.038826,3.536243,4.193509,4.045744,4.557752,4.576525,-4.193509,,,,,,below deadband; feedforward + feedback
2026-05-17 15:44:00,2044.1,449.665,449.986,452.000,2.014,16.658100,101.063000,51.503500,0.711467,18.000000,97.274079,8.976962,8.976962,8.976962,9.156250,9.156250,0,0.000000,6.808431,4.668093,4.668093,4.435373,3.491944,11.086027,6.157852,6.170265,0.00443707,0.00275253,0.01010418,0.431612,0.267749,0.982875,6.376819,4.236481,4.400344,3.685218,4.535032,4.588103,-4.400344,,,,,,below deadband; feedforward + feedback
2026-05-17 15:44:05,2049.6,450.214,450.115,452.000,1.885,16.660900,101.064000,51.506800,0.711490,18.000000,97.275041,0.000000,3.976962,3.976962,8.968750,8.968750,0,0.000000,6.673656,4.984000,4.984000,4.455818,3.411076,11.122813,6.166732,6.193372,0.00865578,0.00324399,0.01365934,0.841992,0.315559,1.328713,5.831665,4.142008,4.668440,3.655287,4.404389,4.605286,-4.668440,,,,,,within deadband and CO2 rising; MFC zero
2026-05-17 15:44:11,2055.1,449.834,450.174,452.000,1.826,16.647900,101.065000,51.513500,0.710726,18.000000,97.276004,0.000000,0.000000,0.000000,3.937500,3.937500,0,0.000000,2.951095,5.293690,5.293690,4.492586,1.512301,11.139178,6.177273,6.208894,0.00882385,0.00248440,0.01637423,0.858349,0.241673,1.592820,2.092746,4.435342,5.052018,3.700870,4.337041,4.616827,-5.052018,,,,,,within deadband and CO2 rising; MFC zero
2026-05-17 15:44:16,2060.6,449.832,450.005,452.000,1.995,16.654200,101.066000,51.513500,0.710468,18.000000,97.276966,0.000000,0.000000,0.000000,0.000000,0.000000,0,0.000000,0.000000,5.408520,5.408520,4.536220,0.000000,11.139178,6.191025,6.232281,0.01043706,0.00099107,0.01044733,1.015285,0.096408,1.016285,-1.015285,4.393234,5.312112,4.392235,4.290161,4.634217,-5.312112,,,,,,within deadband and CO2 rising; MFC zero
2026-05-17 15:44:22,2066.1,449.471,449.884,452.000,2.116,16.671800,101.066000,51.510100,0.711878,18.000000,97.276966,9.167842,5.000000,0.000000,0.000000,0.000000,0,0.000000,0.000000,5.185890,5.185890,4.570770,0.000000,11.139178,6.205372,6.248415,-0.00524385,-0.00058405,0.00372958,-0.510106,-0.056815,0.362802,0.510106,5.695996,5.242705,4.823088,4.335487,4.646214,-5.242705,,,,,,below deadband; feedforward + feedback
2026-05-17 15:44:27,2071.6,449.813,449.687,452.000,2.313,16.652400,101.065000,51.503500,0.711770,18.000000,97.276004,9.455161,5.000000,5.000000,0.000000,0.000000,0,0.000000,0.000000,4.856022,4.856022,4.590199,0.000000,11.139178,6.216471,6.249768,-0.01312631,-0.00125706,-0.00136212,-1.276875,-0.122282,-0.132502,1.276875,6.132897,4.978304,4.988524,4.420387,4.647220,-4.978304,,,,,,below deadband; feedforward + feedback
2026-05-17 15:44:33,2077.1,449.387,449.531,452.000,2.469,16.668000,101.068000,51.513500,0.711744,18.000000,97.278892,9.678779,9.678779,9.678779,4.862500,4.862500,0,0.000000,3.615672,4.518660,4.518660,4.593875,1.851441,11.159421,6.221969,6.238461,0.00263871,-0.00233130,-0.00453128,0.256691,-0.226786,-0.440798,3.358981,4.261970,4.745447,4.959459,4.395674,4.638813,-4.745447,,,,,,below deadband; feedforward + feedback
2026-05-17 15:44:38,2082.6,450.239,449.512,452.000,2.488,16.663800,101.065000,51.503500,0.710669,18.000000,97.276004,9.704199,9.704199,9.704199,9.656250,9.656250,0,0.000000,7.175575,4.277557,4.277557,4.588780,3.676104,11.198768,6.220474,6.215991,0.00754637,-0.00206672,-0.01116439,0.734080,-0.201042,-1.086027,6.441494,3.543477,4.478599,5.363585,4.384932,4.622104,-4.478599,,,,,,below deadband; feedforward + feedback
2026-05-17 15:44:43,2087.6,449.220,449.635,452.000,2.365,16.693200,101.068000,51.503500,0.711518,18.000000,97.278892,9.527190,9.527190,9.527190,9.687500,9.687500,0,0.000000,7.203459,4.201127,4.201127,4.571926,3.688644,11.234764,6.215665,6.201239,-0.01783231,-0.00173401,-0.01130868,-1.734708,-0.168683,-1.100096,8.938167,5.935835,4.369810,5.301223,4.452362,4.611135,-4.369810,,,,,,below deadband; feedforward + feedback
2026-05-17 15:44:49,2093.1,450.215,449.703,452.000,2.297,16.675600,101.066000,51.510100,0.711650,18.000000,97.276966,9.418045,9.418045,9.418045,7.693750,7.693750,0,0.000000,5.762767,4.208311,4.208311,4.560234,2.939616,11.278974,6.201965,6.160862,0.00163029,-0.00027662,-0.00929864,0.158589,-0.026909,-0.904543,5.604178,4.049722,4.235220,5.112854,4.366814,4.581112,-4.235220,,,,,,below deadband; feedforward + feedback
2026-05-17 15:44:54,2098.5,450.515,449.772,452.000,2.228,16.659700,101.067000,51.503500,0.711816,18.000000,97.277929,9.299550,9.299550,9.299550,9.400000,9.400000,0,0.000000,6.989679,4.263596,4.263596,4.542454,3.476065,11.314968,6.180140,6.114667,-0.00129417,0.00036431,-0.00820709,-0.125894,0.035440,-0.798369,7.115573,4.389490,4.228156,5.061965,4.335412,4.546761,-4.228156,,,,,,below deadband; feedforward + feedback
2026-05-17 15:44:59,2103.5,449.892,449.759,452.000,2.241,16.643800,101.065000,51.513500,0.711924,18.000000,97.276004,9.295978,9.295978,9.295978,9.300000,9.300000,0,0.000000,6.910673,4.315743,4.315743,4.532597,3.421234,11.349571,6.158543,6.093753,0.00381524,0.00130194,-0.00589247,0.371131,0.126647,-0.573196,6.539542,3.944612,4.189096,4.888940,4.318421,4.531211,-4.189096,,,,,,below deadband; feedforward + feedback
2026-05-17 15:45:04,2108.5,449.862,449.802,452.000,2.198,16.644800,101.066000,51.506800,0.711160,18.000000,97.276966,9.219004,9.219004,9.219004,9.275000,9.275000,0,0.000000,6.910673,4.493622,4.493622,4.531080,3.421456,11.384144,6.141874,6.091865,-0.01005058,0.00137267,-0.00006096,-0.977690,0.133530,-0.005930,7.888363,5.471312,4.360093,4.499552,4.371567,4.529806,-4.360093,,,,,,below deadband; feedforward + feedback
2026-05-17 15:45:09,2113.6,450.333,449.848,452.000,2.152,16.650700,101.065000,51.500200,0.712063,18.000000,97.276004,9.146916,9.146916,9.146916,9.212500,9.212500,0,0.000000,6.854905,4.738985,4.738985,4.547713,3.400956,11.418486,6.134256,6.111403,0.00043698,0.00197577,0.00680755,0.042508,0.192195,0.662211,6.812397,4.696477,4.546790,4.076774,4.417273,4.544335,-4.546790,,,,,,below deadband; feedforward + feedback
2026-05-17 15:45:14,2118.6,449.585,449.995,452.000,2.005,16.668500,101.064000,51.506800,0.712559,18.000000,97.275041,8.944938,8.944938,8.944938,9.143750,9.143750,0,0.000000,6.803783,5.026272,5.026272,4.580619,3.486610,11.452556,6.138638,6.151786,-0.00719338,0.00201217,0.01041580,-0.699737,0.195734,1.013197,7.503520,5.726008,4.830538,4.013074,4.472357,4.574363,-4.830538,,,,,,below deadband; feedforward + feedback
2026-05-17 15:45:20,2124.1,450.317,450.134,452.000,1.866,16.646500,101.064000,51.510100,0.712151,18.000000,97.275041,0.000000,3.944938,3.944938,8.781250,8.781250,0,0.000000,6.645772,5.339603,5.339603,4.627147,3.409085,11.489260,6.154850,6.203484,0.01751295,0.00214472,0.01397224,1.703573,0.208628,1.359150,4.942199,3.636030,5.130975,3.980453,4.498060,4.612804,-5.130975,,,,,,within deadband and CO2 rising; MFC zero
2026-05-17 15:45:25,2129.6,450.105,450.190,452.000,1.810,16.667800,101.064000,51.503500,0.711998,18.000000,97.275041,0.000000,0.000000,0.000000,3.906250,3.906250,0,0.000000,2.932505,5.614864,5.614864,4.685644,1.500030,11.505458,6.181143,6.260022,0.00764735,0.00216607,0.01401073,0.743897,0.210705,1.362895,2.188608,4.870967,5.404159,4.251969,4.584280,4.654845,-5.404159,,,,,,within deadband and CO2 rising; MFC zero
2026-05-17 15:45:31,2135.1,449.688,450.173,452.000,1.827,16.646400,101.068000,51.503500,0.711897,18.000000,97.278892,0.000000,0.000000,0.000000,0.000000,0.000000,0,0.000000,0.000000,5.639185,5.639185,4.743330,0.000000,11.505458,6.212178,6.305284,0.00031933,0.00231678,0.00988339,0.031064,0.225373,0.961445,-0.031064,5.608121,5.413812,4.677740,4.623200,4.688501,-5.413812,,,,,,within deadband and CO2 rising; MFC zero
2026-05-17 15:45:36,2140.6,449.658,449.953,452.000,2.047,16.661700,101.065000,51.510200,0.709201,18.000000,97.276004,9.111323,5.000000,0.000000,0.000000,0.000000,0,0.000000,0.000000,5.327578,5.327578,4.784589,0.000000,11.505458,6.246223,6.348360,-0.00205047,0.00023869,0.00191843,-0.199461,0.023219,0.186617,0.199461,5.527039,5.304359,5.140960,4.664104,4.720531,-5.304359,,,,,,below deadband; feedforward + feedback
2026-05-17 15:45:42,2146.1,449.331,449.656,452.000,2.344,16.658400,101.062000,51.510100,0.712018,18.000000,97.273116,9.560703,5.000000,5.000000,0.000000,0.000000,0,0.000000,0.000000,5.010703,5.010703,4.809422,0.000000,11.505458,6.278473,6.375224,-0.00744562,-0.00152071,-0.00349588,-0.724258,-0.147924,-0.340055,0.724258,5.734961,5.158627,5.350758,4.721280,4.740507,-5.158627,,,,,,below deadband; feedforward + feedback
2026-05-17 15:45:47,2151.6,448.926,449.419,452.000,2.581,16.657800,101.068000,51.510200,0.711588,18.000000,97.278892,9.922840,9.922840,9.922840,4.806250,4.806250,0,0.000000,3.624967,4.686083,4.686083,4.821800,1.856647,11.525160,6.309895,6.404161,-0.01393329,-0.00284242,-0.01003879,-1.355415,-0.276507,-0.976562,4.980382,6.041498,4.962590,5.662645,4.824718,4.762025,-4.962590,,,,,,below deadband; feedforward + feedback
2026-05-17 15:45:53,2157.1,449.275,449.299,452.000,2.701,16.660300,101.066000,51.510200,0.710976,18.000000,97.276966,10.121239,10.121239,10.121239,9.881250,9.881250,0,0.000000,7.347528,4.448872,4.448872,4.824011,3.757904,11.565535,6.339769,6.429389,0.00114289,-0.00311940,-0.01478238,0.111177,-0.303446,-1.437985,7.236351,4.337695,4.752318,5.886857,4.797714,4.780783,-4.752318,,,,,,below deadband; feedforward + feedback
2026-05-17 15:45:58,2162.1,450.247,449.412,452.000,2.588,16.651000,101.065000,51.503500,0.710882,18.000000,97.276004,9.991319,9.991319,9.991319,10.093750,10.093750,0,0.000000,7.500892,4.384544,4.384544,4.821371,3.833399,11.602960,6.368294,6.453870,0.00633628,-0.00234018,-0.01479285,0.616368,-0.227643,-1.438989,6.884524,3.768176,4.612187,5.823534,4.807798,4.798987,-4.612187,,,,,,below deadband; feedforward + feedback
2026-05-17 15:46:03,2167.5,450.641,449.631,452.000,2.369,16.648700,101.063000,51.510100,0.711720,18.000000,97.274079,9.707068,9.707068,9.707068,12.862500,12.862500,0,0.000000,9.606161,4.405709,4.405709,4.809963,4.747566,11.652870,6.390853,6.458529,0.01132796,-0.00076401,-0.01025668,1.101916,-0.074318,-0.997709,8.504245,3.303793,4.480027,5.403418,4.767246,4.802451,-4.480027,,,,,,below deadband; feedforward + feedback
2026-05-17 15:46:08,2172.5,449.190,449.816,452.000,2.184,16.680700,101.066000,51.503500,0.711439,18.000000,97.276966,9.460721,9.460721,9.460721,9.662500,9.662500,0,0.000000,7.180222,4.433013,4.433013,4.786007,3.552650,11.685183,6.403751,6.442446,-0.02196693,0.00040732,-0.00870267,-2.136876,0.039623,-0.846569,9.317099,6.569889,4.393389,5.279582,4.872806,4.790493,-4.393389,,,,,,below deadband; feedforward + feedback
2026-05-17 15:46:13,2177.5,450.360,449.888,452.000,2.112,16.640200,101.064000,51.510100,0.712094,18.000000,97.275041,9.362262,9.362262,9.362262,9.450000,9.450000,0,0.000000,7.031506,4.530918,4.530918,4.752843,3.489099,11.720446,6.405077,6.409057,0.00504212,0.00051340,-0.00530868,0.490472,0.049941,-0.516402,6.541034,4.040446,4.480976,5.047320,4.855637,4.765665,-4.480976,,,,,,below deadband; feedforward + feedback
2026-05-17 15:46:18,2182.6,450.027,449.942,452.000,2.058,16.658200,101.063000,51.510200,0.710648,18.000000,97.274079,9.276335,9.276335,9.276335,9.350000,9.350000,0,0.000000,6.957147,4.678182,4.678182,4.721089,3.454796,11.755327,6.395240,6.365727,-0.01154653,0.00110115,0.00069169,-1.123178,0.107113,0.067284,8.080325,5.801360,4.571069,4.610898,4.916860,4.733446,-4.571069,,,,,,below deadband; feedforward + feedback
2026-05-17 15:46:23,2187.6,450.196,449.908,452.000,2.092,16.657800,101.064000,51.506800,0.711773,18.000000,97.275041,9.311356,9.311356,9.311356,9.275000,9.275000,0,0.000000,6.896731,4.957994,4.957994,4.711180,3.527255,11.789869,6.382521,6.344365,-0.00141179,0.00082878,0.00842497,-0.137332,0.080620,0.819539,7.034063,5.095326,4.877374,4.138454,4.890744,4.717562,-4.877374,,,,,,below deadband; feedforward + feedback
2026-05-17 15:46:29,2193.1,451.039,450.069,452.000,1.931,16.651000,101.065000,51.510200,0.709851,18.000000,97.276004,0.000000,4.311356,4.311356,9.268750,9.268750,0,0.000000,6.929263,5.275972,5.275972,4.729439,3.544126,11.827910,6.374843,6.351807,0.00890789,0.00175169,0.01742828,0.866524,0.170397,1.695354,6.062739,4.409448,5.105575,3.580619,4.815811,4.723095,-5.105575,,,,,,within deadband and CO2 rising; MFC zero
2026-05-17 15:46:34,2198.6,450.133,450.359,452.000,1.641,16.638700,101.064000,51.503500,0.712362,18.000000,97.275041,0.000000,0.000000,0.000000,3.993750,3.993750,0,0.000000,3.202054,5.592479,5.592479,4.776127,1.643338,11.845645,6.377558,6.385703,0.02109323,0.00274822,0.02501874,2.051845,0.267333,2.433699,1.150209,3.540634,5.325146,3.158780,4.784449,4.748299,-5.325146,,,,,,within deadband and CO2 rising; MFC zero
2026-05-17 15:46:40,2204.1,449.770,450.303,452.000,1.697,16.672000,101.063000,51.510100,0.712478,18.000000,97.274079,0.000000,0.000000,0.000000,0.000000,0.000000,0,0.000000,0.000000,5.680141,5.680141,4.837109,0.000000,11.845645,6.393319,6.440602,0.01147924,0.00269996,0.01954375,1.116633,0.262636,1.901100,-1.116633,4.563508,5.417505,3.779041,4.828798,4.789121,-5.417505,,,,,,within deadband and CO2 rising; MFC zero
2026-05-17 15:46:45,2209.6,449.962,450.232,452.000,1.768,16.656900,101.066000,51.510100,0.713605,18.000000,97.276966,0.000000,0.000000,0.000000,0.000000,0.000000,0,0.000000,0.000000,5.448526,5.448526,4.891343,0.000000,11.845645,6.418144,6.492620,0.01596659,0.00194378,0.01205001,1.553182,0.189085,1.172189,-1.553182,3.895344,5.259441,4.276337,4.740081,4.827801,-5.259441,,,,,,within deadband and CO2 rising; MFC zero
2026-05-17 15:46:51,2215.1,449.689,449.880,452.000,2.120,16.655500,101.064000,51.503500,0.711871,18.000000,97.275041,9.416919,5.000000,5.000000,0.000000,0.000000,0,0.000000,0.000000,5.119007,5.119007,4.930939,0.000000,11.845645,6.448429,6.539285,0.00280678,0.00088102,0.00056492,0.273030,0.085701,0.054953,-0.273030,4.845977,5.033306,5.064054,4.774701,4.862500,-5.033306,,,,,,below deadband; feedforward + feedback
2026-05-17 15:46:56,2220.6,448.951,449.623,452.000,2.377,16.676500,101.065000,51.510100,0.711360,18.000000,97.276004,9.807991,9.807991,9.807991,4.900000,4.900000,0,0.000000,3.615672,4.744059,4.744059,4.951828,1.855912,11.866485,6.479981,6.574634,-0.02164769,-0.00091141,-0.00817433,-2.105801,-0.088658,-0.795166,5.721473,6.849860,4.832717,5.539225,4.881673,4.888786,-4.832717,,,,,,below deadband; feedforward + feedback
2026-05-17 15:47:01,2225.6,449.835,449.528,452.000,2.472,16.662900,101.065000,51.506800,0.711319,18.000000,97.276004,9.972089,9.972089,9.972089,9.775000,9.775000,0,0.000000,7.263875,4.562501,4.562501,4.962557,3.717804,11.902786,6.511079,6.604373,-0.01315995,-0.00138979,-0.01098373,-1.280147,-0.135193,-1.068453,8.544023,5.842648,4.697694,5.630954,4.964196,4.910899,-4.697694,,,,,,below deadband; feedforward + feedback
2026-05-17 15:47:07,2231.1,449.754,449.632,452.000,2.368,16.664500,101.064000,51.500200,0.710774,18.000000,97.275041,9.851789,9.851789,9.851789,9.943750,9.943750,0,0.000000,7.403297,4.483727,4.483727,4.962127,3.774674,11.943377,6.537184,6.615499,0.00532786,-0.00068511,-0.00653221,0.518268,-0.066644,-0.635421,6.885029,3.965459,4.550371,5.119148,4.898725,4.919172,-4.550371,,,,,,below deadband; feedforward + feedback
2026-05-17 15:47:12,2236.6,449.688,449.740,452.000,2.260,16.667800,101.063000,51.506800,0.710776,18.000000,97.274079,9.719866,9.719866,9.719866,9.831250,9.831250,0,0.000000,7.314997,4.502356,4.502356,4.951838,3.743582,11.983667,6.555936,6.612194,-0.00791629,0.00012421,-0.01071236,-0.770050,0.012082,-1.042035,8.085046,5.272405,4.490273,5.544391,4.923765,4.916714,-4.490273,,,,,,below deadband; feedforward + feedback
2026-05-17 15:47:18,2242.1,450.367,450.036,452.000,1.964,16.686100,101.065000,51.513500,0.710827,18.000000,97.276004,0.000000,4.719866,4.719866,9.593750,9.593750,0,0.000000,6.998974,4.525573,4.525573,4.930069,3.584159,12.027134,6.562533,6.582322,0.00571452,0.00211690,-0.00499731,0.555886,0.205923,-0.486118,6.443088,3.969688,4.319650,5.011691,4.847403,4.894502,-4.319650,,,,,,within deadband and CO2 rising; MFC zero
2026-05-17 15:47:23,2247.6,449.837,450.217,452.000,1.783,16.630900,101.063000,51.503500,0.713404,18.000000,97.274079,0.000000,0.000000,0.000000,1.675000,1.675000,0,0.000000,1.319860,4.547745,4.547745,4.895640,0.675585,12.046259,6.552461,6.522247,-0.00122693,0.00456643,-0.00104691,-0.119348,0.444195,-0.101837,1.439208,4.667093,4.103550,4.649582,4.892232,4.849831,-4.103550,,,,,,within deadband and CO2 rising; MFC zero
2026-05-17 15:47:29,2253.1,449.568,450.156,452.000,1.844,16.653200,101.065000,51.506800,0.713568,18.000000,97.276004,0.000000,0.000000,0.000000,0.000000,0.000000,0,0.000000,0.000000,4.565696,4.565696,4.850024,0.000000,12.046259,6.525751,6.445622,-0.02122732,0.00485218,0.00058500,-2.064909,0.472001,0.056907,2.064909,6.630605,4.093695,4.508789,4.968738,4.792854,-4.093695,,,,,,within deadband and CO2 rising; MFC zero
2026-05-17 15:47:34,2258.6,448.899,449.955,452.000,2.045,16.647700,101.068000,51.506800,0.711828,18.000000,97.278892,9.350356,5.000000,0.000000,0.000000,0.000000,0,0.000000,0.000000,4.503789,4.503789,4.800659,0.000000,12.046259,6.487951,6.374550,-0.01919367,0.00314022,0.00401619,-1.867139,0.305477,0.390691,1.867139,6.370927,4.198312,4.113098,5.001903,4.740007,-4.198312,,,,,,below deadband; feedforward + feedback
2026-05-17 15:47:39,2263.6,448.827,449.558,452.000,2.442,16.654800,101.065000,51.496900,0.711345,18.000000,97.276004,9.866061,5.000000,5.000000,0.000000,0.000000,0,0.000000,0.000000,4.503789,4.503789,4.764842,0.000000,12.046259,6.447506,6.326169,-0.01584888,0.00027616,-0.00166102,-1.541716,0.026864,-0.161577,1.541716,6.045504,4.476925,4.665366,5.024445,4.704031,-4.476925,,,,,,below deadband; feedforward + feedback
2026-05-17 15:47:45,2269.0,449.584,449.246,452.000,2.754,16.647800,101.065000,51.503500,0.713426,18.000000,97.276004,10.267671,10.000000,10.000000,4.781250,4.781250,0,0.000000,3.620319,4.503789,4.503789,4.742803,1.794551,12.066434,6.411476,6.303386,-0.00635316,-0.00272614,-0.00782120,-0.618010,-0.265188,-0.760815,4.238329,5.121798,4.768977,5.264604,4.997786,4.687090,-4.768977,,,,,,below deadband; feedforward + feedback
2026-05-17 15:47:50,2274.0,449.164,449.055,452.000,2.945,16.689800,101.066000,51.500200,0.709694,18.000000,97.276966,10.509975,10.509975,10.509975,9.943750,9.943750,0,0.000000,7.394002,4.583027,4.583027,4.738322,3.663182,12.103422,6.387080,6.313894,-0.00342864,-0.00574934,-0.01496188,-0.333527,-0.559278,-1.455446,7.727530,4.916554,5.142305,6.038473,4.948876,4.694904,-5.142305,,,,,,below deadband; feedforward + feedback
2026-05-17 15:47:55,2279.0,450.045,449.174,452.000,2.826,16.651300,101.060000,51.500200,0.710886,18.000000,97.271191,10.332453,10.332453,10.332453,10.481250,10.481250,0,0.000000,7.793678,4.646076,4.646076,4.746896,3.855400,12.142084,6.376543,6.344932,0.01900879,-0.00654934,-0.01430603,1.849008,-0.637062,-1.391564,5.944670,2.797068,5.283139,6.037641,4.881892,4.717983,-5.283139,,,,,,below deadband; feedforward + feedback
2026-05-17 15:48:00,2284.0,449.878,449.401,452.000,2.599,16.677700,101.064000,51.510100,0.712630,18.000000,97.275041,10.017637,10.017637,10.017637,10.325000,10.325000,0,0.000000,7.663551,4.668093,4.668093,4.759224,3.923837,12.180554,6.378757,6.385400,0.00549590,-0.00654014,-0.01543700,0.534614,-0.636193,-1.501635,7.128937,4.133479,5.304286,6.169728,4.897775,4.748074,-5.304286,,,,,,below deadband; feedforward + feedback
2026-05-17 15:48:05,2289.5,450.565,449.687,452.000,2.313,16.656100,101.066000,51.506800,0.711048,18.000000,97.276966,9.628128,9.628128,9.628128,10.018750,10.018750,0,0.000000,7.445124,4.681532,4.681532,4.771217,3.799047,12.221665,6.390103,6.424140,0.00779860,-0.00473951,-0.01009653,0.758624,-0.461045,-0.982160,6.686499,3.922908,5.142577,5.663692,4.924693,4.776880,-5.142577,,,,,,below deadband; feedforward + feedback
2026-05-17 15:48:10,2294.6,449.909,450.006,452.000,1.994,16.697200,101.065000,51.510100,0.711712,18.000000,97.276004,1.922437,4.628128,4.628128,9.662500,9.662500,0,0.000000,7.152338,4.628590,4.628590,4.779720,3.656201,12.257713,6.408125,6.462190,0.00094119,-0.00427182,-0.00413932,0.091555,-0.415546,-0.402657,7.060783,4.537035,5.044136,5.031247,4.836308,4.805174,-5.044136,,,,,,within lower deadband; partial feedforward
2026-05-17 15:48:16,2300.1,449.699,450.074,452.000,1.926,16.659300,101.064000,51.506800,0.711940,18.000000,97.275041,1.928688,1.928688,1.928688,4.600000,4.600000,0,0.000000,3.439071,4.648555,4.648555,4.784835,1.761247,12.276732,6.428960,6.491465,-0.01042039,-0.00342429,0.00444116,-1.013644,-0.333098,0.432014,4.452715,5.662199,4.981653,4.216541,4.906819,4.826942,-4.981653,,,,,,within lower deadband; partial feedforward
2026-05-17 15:48:21,2305.6,449.569,450.043,452.000,1.957,16.671200,101.065000,51.510200,0.712146,18.000000,97.276004,1.934766,1.934766,1.934766,1.937500,1.937500,0,0.000000,1.431397,4.561106,4.561106,4.779744,0.731937,12.286031,6.449221,6.510006,-0.00537827,-0.00336221,0.01257869,-0.523177,-0.327063,1.223605,1.954574,5.084283,4.888169,3.337502,4.875641,4.840729,-4.888169,,,,,,within lower deadband; partial feedforward
2026-05-17 15:48:27,2311.1,449.209,449.814,452.000,2.186,16.660100,101.067000,51.503500,0.710931,18.000000,97.277929,9.521354,6.934766,6.934766,1.981250,1.981250,0,0.000000,1.436044,4.360629,4.360629,4.753772,0.737255,12.293937,6.461584,6.498671,-0.01875666,-0.00331909,0.01319711,-1.824609,-0.322874,1.283788,3.260654,6.185239,4.683504,3.076842,4.923029,4.832300,-4.683504,,,,,,below deadband; feedforward + feedback
2026-05-17 15:48:32,2316.6,449.496,449.640,452.000,2.360,16.701100,101.065000,51.506800,0.713006,18.000000,97.276004,9.761990,9.761990,9.761990,6.925000,6.925000,0,0.000000,5.144664,4.110522,4.110522,4.703100,2.633144,12.322013,6.458235,6.448188,0.00233618,-0.00135370,0.01185536,0.227254,-0.131682,1.153242,4.917410,3.883268,4.242205,2.957280,4.900152,4.794762,-4.242205,,,,,,below deadband; feedforward + feedback
2026-05-17 15:48:38,2322.0,450.298,449.541,452.000,2.459,16.648300,101.065000,51.510200,0.710570,18.000000,97.276004,9.879841,9.879841,9.879841,9.768750,9.768750,0,0.000000,7.263875,3.979950,3.979950,4.632990,3.705444,12.361314,6.437171,6.373978,0.02326094,-0.00078146,0.00811802,2.262731,-0.076017,0.789688,5.001144,1.717219,4.055967,3.190262,4.820873,4.739581,-4.055967,,,,,,below deadband; feedforward + feedback
2026-05-17 15:48:43,2327.5,449.803,449.706,452.000,2.294,16.660600,101.064000,51.513500,0.711659,18.000000,97.275041,9.613440,9.613440,9.613440,9.875000,9.875000,0,0.000000,7.342881,4.143906,4.143906,4.566197,3.748470,12.401641,6.401945,6.296269,0.00578163,0.00056954,0.00435526,0.562408,0.055402,0.423658,6.780473,3.581498,4.088504,3.720248,4.778176,4.681798,-4.088504,,,,,,below deadband; feedforward + feedback
2026-05-17 15:48:48,2332.6,450.284,449.883,452.000,2.117,16.667400,101.066000,51.500200,0.711483,18.000000,97.276966,9.325855,9.325855,9.325855,7.831250,7.831250,0,0.000000,5.883600,4.447574,4.447574,4.522678,3.022609,12.443274,6.362160,6.242803,0.02388264,0.00105403,0.00142224,2.323230,0.102533,0.138351,3.560369,2.124344,4.345042,4.309223,4.701176,4.642041,-4.345042,,,,,,below deadband; feedforward + feedback
2026-05-17 15:48:54,2338.0,449.722,449.992,452.000,2.008,16.638500,101.066000,51.513500,0.709863,18.000000,97.276966,9.139419,9.139419,9.139419,9.281250,9.281250,0,0.000000,6.896731,4.819308,4.819308,4.509647,3.402008,12.477872,6.328079,6.225837,-0.00329424,0.00078298,-0.00258261,-0.320453,0.076166,-0.251228,7.217185,5.139761,4.743142,5.070536,4.713950,4.629426,-4.743142,,,,,,below deadband; feedforward + feedback
2026-05-17 15:48:59,2343.0,449.829,449.986,452.000,2.014,16.726300,101.065000,51.513500,0.711615,18.000000,97.276004,9.125007,9.125007,9.125007,9.131250,9.131250,0,0.000000,6.785194,5.097629,5.097629,4.525020,3.350261,12.511965,6.306107,6.240191,0.00035296,0.00019971,-0.00191000,0.034334,0.019427,-0.185797,6.750860,5.063294,5.078201,5.283425,4.636273,4.640099,-5.078201,,,,,,below deadband; feedforward + feedback
2026-05-17 15:49:04,2348.0,450.128,449.968,452.000,2.032,16.660600,101.062000,51.516800,0.710443,18.000000,97.273116,9.141806,9.141806,9.141806,9.106250,9.106250,0,0.000000,6.780546,5.223902,5.223902,4.553777,3.355547,12.545894,6.296306,6.266902,0.00605052,0.00071326,0.00027545,0.588553,0.069381,0.026794,6.191993,4.635349,5.154521,5.197108,4.583782,4.659961,-5.154521,,,,,,below deadband; feedforward + feedback
2026-05-17 15:49:09,2353.0,450.199,450.078,452.000,1.922,16.661600,101.063000,51.500200,0.710975,18.000000,97.274079,0.000000,4.141806,4.141806,9.062500,9.062500,0,0.000000,6.808431,5.219584,5.219584,4.585770,3.494504,12.579894,6.294655,6.289704,0.01457182,0.00287064,0.01048294,1.417460,0.279239,1.019718,5.390971,3.802124,4.940345,4.199866,4.576680,4.676916,-4.940345,,,,,,within deadband and CO2 rising; MFC zero
2026-05-17 15:49:14,2358.5,449.568,450.291,452.000,1.709,16.657400,101.063000,51.510100,0.714120,18.000000,97.274079,0.000000,0.000000,0.000000,3.362500,3.362500,0,0.000000,3.071927,5.192861,5.192861,4.615792,1.570498,12.596998,6.296685,6.302772,-0.01107586,0.00492513,0.01682361,-1.077394,0.479087,1.636501,4.149321,6.270255,4.713774,3.556361,4.620065,4.686634,-4.713774,,,,,,within deadband and CO2 rising; MFC zero
2026-05-17 15:49:19,2363.6,449.726,450.300,452.000,1.700,16.660000,101.063000,51.510200,0.712128,18.000000,97.274079,0.000000,0.000000,0.000000,0.000000,0.000000,0,0.000000,0.000000,5.094240,5.094240,4.640517,0.000000,12.596998,6.299736,6.308891,-0.00050421,0.00688726,0.01534852,-0.049047,0.669952,1.493014,0.049047,5.143287,4.424288,3.601226,4.671091,4.691183,-4.424288,,,,,,within deadband and CO2 rising; MFC zero
2026-05-17 15:49:25,2369.0,449.818,450.189,452.000,1.811,16.651100,101.065000,51.506800,0.713105,18.000000,97.276004,0.000000,0.000000,0.000000,0.000000,0.000000,0,0.000000,0.000000,4.809064,4.809064,4.651879,0.000000,12.596998,6.301470,6.306672,0.00388243,0.00764274,0.00937247,0.377667,0.743456,0.911716,-0.377667,4.431397,4.065609,3.897348,4.660843,4.689534,-4.065609,,,,,,within deadband and CO2 rising; MFC zero
2026-05-17 15:49:30,2374.5,449.654,449.931,452.000,2.069,16.658200,101.065000,51.500200,0.711221,18.000000,97.276004,9.197573,5.000000,5.000000,0.000000,0.000000,0,0.000000,0.000000,4.602836,4.602836,4.653494,0.000000,12.596998,6.300343,6.296962,0.00361352,0.00694115,0.00191934,0.351509,0.675208,0.186706,-0.351509,4.251328,3.927628,4.416130,4.557396,4.682313,-3.927628,,,,,,below deadband; feedforward + feedback
2026-05-17 15:49:36,2380.0,449.130,449.692,452.000,2.308,16.676500,101.069000,51.506800,0.711896,18.000000,97.279854,9.528515,9.528515,9.528515,4.943750,4.943750,0,0.000000,3.611024,4.588449,4.588449,4.657174,1.850265,12.617905,6.298015,6.291030,-0.00853810,0.00505347,-0.00807080,-0.830585,0.491600,-0.785126,4.441610,5.419034,4.096848,5.373575,4.516010,4.677902,-4.096848,,,,,,below deadband; feedforward + feedback
2026-05-17 15:49:41,2385.5,450.040,449.698,452.000,2.302,16.672900,101.066000,51.513500,0.711004,18.000000,97.276966,9.517888,9.517888,9.517888,9.500000,9.500000,0,0.000000,7.068685,4.686896,4.686896,4.665136,3.612537,12.656642,6.294773,6.285049,-0.00697510,0.00320992,-0.00707349,-0.678517,0.312252,-0.688087,7.747202,5.365413,4.374644,5.374983,4.486441,4.673455,-4.374644,,,,,,below deadband; feedforward + feedback
2026-05-17 15:49:47,2391.0,450.058,449.851,452.000,2.149,16.688900,101.067000,51.513500,0.711422,18.000000,97.277929,9.300709,9.300709,9.300709,9.506250,9.506250,0,0.000000,7.068685,4.936616,4.936616,4.683954,3.612507,12.695459,6.291549,6.281875,-0.00532797,0.00228135,-0.00405820,-0.518294,0.221925,-0.394773,7.586979,5.454910,4.714691,5.331389,4.500924,4.671095,-4.714691,,,,,,below deadband; feedforward + feedback
2026-05-17 15:49:52,2396.5,450.400,449.939,452.000,2.061,16.665800,101.065000,51.510200,0.711008,18.000000,97.276004,9.173415,9.173415,9.173415,9.287500,9.287500,0,0.000000,6.910673,5.107524,5.107524,4.706758,3.528742,12.733576,6.287595,6.275735,0.01238680,0.00072192,-0.00422311,1.204939,0.070225,-0.410808,5.705735,3.902585,5.037298,5.518331,4.456838,4.666529,-5.037298,,,,,,below deadband; feedforward + feedback
2026-05-17 15:49:57,2401.6,450.747,450.114,452.000,1.886,16.669800,101.065000,51.506800,0.712584,18.000000,97.276004,0.000000,4.173415,4.173415,9.193750,9.193750,0,0.000000,6.813078,5.107291,5.107291,4.726811,3.493631,12.767759,6.279950,6.257015,0.02521069,0.00148358,-0.00300673,2.452395,0.144317,-0.292483,4.360683,2.654896,4.962974,5.399774,4.450657,4.652609,-4.962974,,,,,,within deadband and CO2 rising; MFC zero
2026-05-17 15:50:03,2407.0,450.078,450.289,452.000,1.711,16.673500,101.067000,51.496900,0.712787,18.000000,97.277929,0.000000,0.000000,0.000000,3.918750,3.918750,0,0.000000,3.104459,5.069860,5.069860,4.744279,1.587229,12.784967,6.267406,6.229776,-0.00270595,0.00237902,0.00029158,-0.263229,0.231426,0.028364,3.367688,5.333089,4.838434,5.041496,4.502814,4.632354,-4.838434,,,,,,within deadband and CO2 rising; MFC zero
2026-05-17 15:50:08,2412.5,449.905,450.206,452.000,1.794,16.653400,101.070000,51.503500,0.711822,18.000000,97.280817,0.000000,0.000000,0.000000,0.000000,0.000000,0,0.000000,0.000000,4.938630,4.938630,4.755458,0.000000,12.784967,6.250142,6.198349,-0.00494119,0.00342846,0.00419408,-0.480683,0.333523,0.408004,0.480683,5.419313,4.605107,4.530626,4.567875,4.608986,-4.605107,,,,,,within deadband and CO2 rising; MFC zero
2026-05-17 15:50:14,2418.0,449.016,450.045,452.000,1.955,16.677500,101.064000,51.513500,0.708160,18.000000,97.275041,0.000000,0.000000,0.000000,0.000000,0.000000,0,0.000000,0.000000,4.661626,4.661626,4.756894,0.000000,12.784967,6.228153,6.162185,-0.00927750,0.00242585,0.00466942,-0.902469,0.235975,0.454218,0.902469,5.564095,4.425651,4.207408,4.612530,4.582096,-4.425651,,,,,,within deadband and CO2 rising; MFC zero
2026-05-17 15:50:19,2423.5,449.563,449.742,452.000,2.258,16.656200,101.064000,51.506800,0.713416,18.000000,97.275041,9.362905,5.000000,5.000000,0.000000,0.000000,0,0.000000,0.000000,4.362547,4.362547,4.744459,0.000000,12.784967,6.201845,6.122920,0.00426899,0.00053893,-0.00075736,0.415267,0.052424,-0.073672,-0.415267,3.947280,4.310122,4.436218,4.537968,4.552899,-4.310122,,,,,,below deadband; feedforward + feedback
2026-05-17 15:50:25,2429.0,449.594,449.395,452.000,2.605,16.673800,101.066000,51.510100,0.711524,18.000000,97.276966,9.822630,9.822630,9.822630,4.831250,4.831250,0,0.000000,3.629614,4.213578,4.213578,4.729349,1.854461,12.804590,6.175315,6.095726,-0.00171431,-0.00215368,-0.00786649,-0.166763,-0.209503,-0.765228,3.796377,4.380341,4.423081,4.978806,4.507362,4.532677,-4.423081,,,,,,below deadband; feedforward + feedback
2026-05-17 15:50:30,2434.5,448.885,449.243,452.000,2.757,16.685600,101.067000,51.513500,0.712209,18.000000,97.277929,10.014473,10.014473,10.014473,9.206250,9.206250,0,0.000000,6.729425,4.232710,4.232710,4.723787,3.449283,12.848319,6.154883,6.093586,-0.01070613,-0.00425782,-0.01426127,-1.041470,-0.414192,-1.387307,7.770895,5.274180,4.646902,5.620017,4.467750,4.531086,-4.646902,,,,,,below deadband; feedforward + feedback
2026-05-17 15:50:36,2440.0,449.346,449.317,452.000,2.683,16.651000,101.066000,51.513500,0.710315,18.000000,97.276966,9.907556,9.907556,9.907556,9.993750,9.993750,0,0.000000,7.426534,4.449240,4.449240,4.738514,3.800453,12.888763,6.151216,6.140214,0.00310936,-0.00606954,-0.01844234,0.302469,-0.590426,-1.794015,7.124065,4.146771,5.039666,6.243254,4.479207,4.565758,-5.039666,,,,,,below deadband; feedforward + feedback
2026-05-17 15:50:41,2445.0,448.866,449.388,452.000,2.612,16.693900,101.065000,51.506800,0.713862,18.000000,97.276004,9.821222,9.821222,9.821222,9.893750,9.893750,0,0.000000,7.347528,4.508223,4.508223,4.761482,3.749506,12.925604,6.164037,6.202501,-0.01973146,-0.00630166,-0.01911858,-1.919398,-0.613000,-1.859779,9.266926,6.427621,5.121223,6.368002,4.684007,4.612074,-5.121223,,,,,,below deadband; feedforward + feedback
2026-05-17 15:50:46,2450.5,450.132,449.556,452.000,2.444,16.650300,101.066000,51.506800,0.708421,18.000000,97.276966,9.609824,9.609824,9.609824,9.812500,9.812500,0,0.000000,7.287112,4.516491,4.516491,4.777682,3.606654,12.965637,6.188644,6.262467,0.00124371,-0.00614295,-0.01443090,0.120984,-0.597567,-1.403794,7.166128,4.395507,5.114059,5.920286,4.719399,4.656663,-5.114059,,,,,,below deadband; feedforward + feedback
2026-05-17 15:50:51,2455.5,449.858,449.671,452.000,2.329,16.668200,101.068000,51.506800,0.710166,18.000000,97.278892,9.478788,9.478788,9.478788,9.612500,9.612500,0,0.000000,7.143043,4.516162,4.516162,4.780664,3.532726,13.001482,6.217803,6.305277,-0.00371434,-0.00576731,-0.01194427,-0.361327,-0.561037,-1.161925,7.504370,4.877489,5.077199,5.678087,4.839101,4.688496,-5.077199,,,,,,below deadband; feedforward + feedback
2026-05-17 15:50:56,2460.5,450.273,449.774,452.000,2.226,16.681300,101.071000,51.503500,0.710339,18.000000,97.281779,9.360203,9.360203,9.360203,9.475000,9.475000,0,0.000000,7.054743,4.471334,4.471334,4.765534,3.496001,13.036821,6.243383,6.320125,-0.00287396,-0.00540443,-0.00475415,-0.279584,-0.525752,-0.462492,7.334326,4.750918,4.997087,4.933827,4.822195,4.699537,-4.997087,,,,,,below deadband; feedforward + feedback
2026-05-17 15:51:01,2465.5,450.071,449.913,452.000,2.087,16.663800,101.067000,51.506800,0.711213,18.000000,97.277929,9.182986,9.182986,9.182986,9.356250,9.356250,0,0.000000,6.961795,4.507545,4.507545,4.739879,3.554495,13.071707,6.260871,6.313335,-0.01425230,-0.00467251,0.00717126,-1.386434,-0.454532,0.697605,8.348228,5.893979,4.962077,3.809940,4.858311,4.694488,-4.962077,,,,,,below deadband; feedforward + feedback
2026-05-17 15:51:07,2471.0,450.182,450.101,452.000,1.899,16.663800,101.071000,51.503500,0.712352,18.000000,97.281779,1.880278,4.182986,4.182986,9.225000,9.225000,0,0.000000,6.813078,4.516704,4.516704,4.709131,3.493067,13.109339,6.267594,6.287764,0.00200004,-0.00206083,0.01862159,0.194568,-0.200481,1.811542,6.618511,4.322137,4.717185,2.705163,4.844693,4.675474,-4.717185,,,,,,within lower deadband; partial feedforward
2026-05-17 15:51:12,2476.0,450.306,450.268,452.000,1.732,16.666200,101.067000,51.500200,0.711943,18.000000,97.277929,0.000000,0.000000,0.000000,3.975000,3.975000,0,0.000000,3.109106,4.522281,4.522281,4.678813,1.587718,13.125011,6.265806,6.260441,0.01062198,0.00050596,0.02345478,1.033284,0.049219,2.281632,2.075822,3.488997,4.473063,2.240649,4.831079,4.655157,-4.473063,,,,,,within deadband and CO2 rising; MFC zero
2026-05-17 15:51:17,2481.5,449.932,450.272,452.000,1.728,16.649900,101.066000,51.503500,0.710805,18.000000,97.276966,0.000000,0.000000,0.000000,0.000000,0.000000,0,0.000000,0.000000,4.461168,4.461168,4.647001,0.000000,13.125011,6.258401,6.236184,0.00927762,0.00166791,0.02129108,0.902499,0.162249,2.071132,-0.902499,3.558669,4.298919,2.390036,4.713184,4.637120,-4.298919,,,,,,within deadband and CO2 rising; MFC zero
2026-05-17 15:51:23,2487.0,449.364,450.156,452.000,1.844,16.685700,101.068000,51.510200,0.712518,18.000000,97.278892,0.000000,0.000000,0.000000,0.000000,0.000000,0,0.000000,0.000000,4.397692,4.397692,4.616716,0.000000,13.125011,6.250165,6.225458,0.01504256,0.00161229,0.01612944,1.463323,0.156842,1.569054,-1.463323,2.934369,4.240850,2.828638,4.617144,4.629144,-4.240850,,,,,,within deadband and CO2 rising; MFC zero
2026-05-17 15:51:28,2492.5,449.249,449.824,452.000,2.176,16.681200,101.068000,51.513500,0.712644,18.000000,97.278892,9.295762,5.000000,5.000000,0.000000,0.000000,0,0.000000,0.000000,4.397692,4.397692,4.598830,0.000000,13.125011,6.248697,6.244292,-0.00919356,0.00010261,0.00425184,-0.894339,0.009982,0.413615,0.894339,5.292031,4.387710,3.984078,4.654563,4.643149,-4.387710,,,,,,below deadband; feedforward + feedback
2026-05-17 15:51:34,2498.0,449.234,449.494,452.000,2.506,16.685300,101.069000,51.510200,0.712316,18.000000,97.279854,9.765359,9.765359,9.765359,4.693750,4.693750,0,0.000000,3.597082,4.397692,4.397692,4.589911,1.846931,13.146411,6.257659,6.284546,0.00521018,-0.00224473,-0.00422164,0.506845,-0.218367,-0.410680,3.090237,3.890847,4.616059,4.808373,4.638890,4.673080,-4.616059,,,,,,below deadband; feedforward + feedback
2026-05-17 15:51:39,2503.5,449.558,449.394,452.000,2.606,16.670200,101.070000,51.506800,0.712073,18.000000,97.280817,9.921756,9.921756,9.921756,9.725000,9.725000,0,0.000000,7.235991,4.455862,4.455862,4.584146,3.702389,13.186085,6.273671,6.321708,0.00247064,-0.00284287,-0.00898451,0.240346,-0.276556,-0.874020,6.995645,4.215517,4.732419,5.329883,4.586563,4.700714,-4.732419,,,,,,below deadband; feedforward + feedback
2026-05-17 15:51:45,2509.0,449.981,449.519,452.000,2.481,16.664600,101.066000,51.516800,0.710425,18.000000,97.276966,9.762764,9.762764,9.762764,9.756250,9.756250,0,0.000000,7.259228,4.524024,4.524024,4.577065,3.720365,13.230099,6.289994,6.338961,0.00558003,-0.00149770,-0.01154799,0.542808,-0.145692,-1.123354,6.716420,3.981216,4.669716,5.647378,4.526381,4.713543,-4.669716,,,,,,below deadband; feedforward + feedback
2026-05-17 15:51:50,2514.5,449.382,449.505,452.000,2.495,16.662100,101.064000,51.510100,0.711634,18.000000,97.275041,9.796824,9.796824,9.796824,9.718750,9.718750,0,0.000000,7.226696,4.592786,4.592786,4.562116,3.702929,13.269697,6.303474,6.343915,-0.00359672,-0.00212407,-0.01672647,-0.349871,-0.206619,-1.627068,7.576567,4.942657,4.799405,6.219854,4.504109,4.717226,-4.799405,,,,,,below deadband; feedforward + feedback
2026-05-17 15:51:55,2519.5,449.485,449.598,452.000,2.402,16.694900,101.067000,51.510200,0.711507,18.000000,97.277929,9.672596,9.672596,9.672596,9.781250,9.781250,0,0.000000,7.263875,4.573596,4.573596,4.538902,3.716566,13.306056,6.309271,6.326662,-0.00959685,-0.00173359,-0.01711532,-0.933562,-0.168640,-1.664943,8.197437,5.507158,4.742236,6.238540,4.573873,4.704398,-4.742236,,,,,,below deadband; feedforward + feedback
2026-05-17 15:52:01,2525.0,449.912,449.699,452.000,2.301,16.686400,101.065000,51.510100,0.711418,18.000000,97.276004,9.528230,9.528230,9.528230,9.662500,9.662500,0,0.000000,7.189517,4.587461,4.587461,4.516300,3.683622,13.345641,6.306830,6.299506,-0.00267234,0.00091416,-0.01150958,-0.259954,0.088926,-1.119606,7.449471,4.847415,4.498535,5.707067,4.669200,4.684205,-4.498535,,,,,,below deadband; feedforward + feedback
2026-05-17 15:52:06,2530.5,450.403,449.813,452.000,2.187,16.654800,101.068000,51.506900,0.714215,18.000000,97.278892,9.358523,9.358523,9.358523,9.525000,9.525000,0,0.000000,7.082627,4.636007,4.636007,4.497437,3.629825,13.384665,6.297283,6.268642,0.00371442,0.00334523,-0.00051972,0.361335,0.325420,-0.050558,6.721292,4.274672,4.310587,4.686565,4.623182,4.661255,-4.310587,,,,,,below deadband; feedforward + feedback
2026-05-17 15:52:12,2536.0,450.651,450.131,452.000,1.869,16.694300,101.070000,51.503500,0.709384,18.000000,97.280817,0.000000,4.358523,4.358523,9.375000,9.375000,0,0.000000,6.943205,4.847308,4.847308,4.493467,3.548759,13.423009,6.287069,6.256428,0.00944578,0.00463688,0.01088172,0.918893,0.451080,1.058582,6.024312,3.928415,4.396229,3.788726,4.558360,4.652173,-4.396229,,,,,,within deadband and CO2 rising; MFC zero
2026-05-17 15:52:17,2541.5,450.210,450.277,452.000,1.723,16.658700,101.067000,51.506800,0.712549,18.000000,97.277929,0.000000,0.000000,0.000000,3.962500,3.962500,0,0.000000,3.229938,5.169489,5.169489,4.515548,1.653585,13.440919,6.283682,6.273520,0.01008423,0.00464175,0.01872628,0.980973,0.451539,1.821654,2.248965,4.188516,4.717950,3.347835,4.498552,4.664882,-4.717950,,,,,,within deadband and CO2 rising; MFC zero
2026-05-17 15:52:23,2547.0,450.726,450.277,452.000,1.723,16.648200,101.069000,51.513500,0.713116,18.000000,97.279854,0.000000,0.000000,0.000000,0.000000,0.000000,0,0.000000,0.000000,5.396165,5.396165,4.560488,0.000000,13.440919,6.291135,6.313494,0.02563083,0.00413630,0.02158963,2.493363,0.402379,2.100236,-2.493363,2.902802,4.993787,3.295929,4.453140,4.694606,-4.993787,,,,,,within deadband and CO2 rising; MFC zero
2026-05-17 15:52:28,2552.5,450.191,450.149,452.000,1.851,16.675300,101.069000,51.513500,0.711866,18.000000,97.279854,0.000000,0.000000,0.000000,0.000000,0.000000,0,0.000000,0.000000,5.429239,5.429239,4.613342,0.000000,13.440919,6.307606,6.357020,0.01926091,0.00269081,0.01681245,1.873698,0.261761,1.635512,-1.873698,3.555541,5.167478,3.793727,4.417279,4.726971,-5.167478,,,,,,within deadband and CO2 rising; MFC zero
2026-05-17 15:52:34,2558.0,449.828,449.986,452.000,2.014,16.651500,101.067000,51.506800,0.712603,18.000000,97.277929,9.145050,5.000000,5.000000,0.000000,0.000000,0,0.000000,0.000000,5.240304,5.240304,4.657151,0.000000,13.440919,6.325905,6.380800,0.00245383,0.00191934,0.00758771,0.238703,0.186709,0.738117,-0.238703,5.001600,5.053594,4.502186,4.405428,4.744654,-5.053594,,,,,,below deadband; feedforward + feedback
2026-05-17 15:52:39,2563.5,449.249,449.832,452.000,2.168,16.667400,101.068000,51.506800,0.713205,18.000000,97.278892,9.371135,9.371135,9.371135,4.900000,4.900000,0,0.000000,3.620319,4.876296,4.876296,4.675719,1.851460,13.460135,6.336390,6.367847,-0.01047079,0.00059776,0.00209563,-1.018586,0.058149,0.203861,4.638906,5.894883,4.818147,4.672436,4.481433,4.735022,-4.818147,,,,,,below deadband; feedforward + feedback
2026-05-17 15:52:44,2568.5,449.328,449.704,452.000,2.296,16.711600,101.066000,51.510100,0.709466,18.000000,97.276966,9.553153,9.553153,9.553153,9.325000,9.325000,0,0.000000,6.929263,4.639066,4.639066,4.681407,3.543739,13.494793,6.338298,6.344021,-0.01097501,-0.00076756,0.00004255,-1.067616,-0.074666,0.004139,7.996879,5.706682,4.713732,4.634928,4.450088,4.717305,-4.713732,,,,,,below deadband; feedforward + feedback
2026-05-17 15:52:50,2574.0,449.784,449.782,452.000,2.218,16.657500,101.067000,51.513500,0.711311,18.000000,97.277929,9.436785,9.436785,9.436785,9.537500,9.537500,0,0.000000,7.087274,4.535042,4.535042,4.682214,3.625593,13.533636,6.332250,6.314106,0.00675643,-0.00069286,-0.00497407,0.657252,-0.067400,-0.483867,6.430023,3.877790,4.602442,5.018909,4.427578,4.695061,-4.602442,,,,,,below deadband; feedforward + feedback
2026-05-17 15:52:55,2579.5,449.776,449.931,452.000,2.069,16.667800,101.066000,51.510100,0.713409,18.000000,97.276966,9.215463,9.215463,9.215463,9.418750,9.418750,0,0.000000,7.003621,4.521913,4.521913,4.682464,3.582665,13.572222,6.318933,6.278982,0.00242026,0.00046698,-0.00581789,0.235435,0.045427,-0.565947,6.768186,4.286478,4.476487,5.087860,4.401882,4.668943,-4.476487,,,,,,below deadband; feedforward + feedback
2026-05-17 15:53:01,2585.0,449.297,450.095,452.000,1.905,16.638600,101.069000,51.510100,0.711572,18.000000,97.279854,0.000000,4.215463,4.215463,9.312500,9.312500,0,0.000000,6.836315,4.518137,4.518137,4.684499,3.497736,13.609989,6.299504,6.241216,-0.00578173,0.00171593,-0.00396576,-0.562446,0.166926,-0.385788,7.398761,5.080583,4.351212,4.903926,4.416216,4.640862,-4.351212,,,,,,within deadband and CO2 rising; MFC zero
2026-05-17 15:53:06,2590.5,450.137,450.199,452.000,1.801,16.656000,101.065000,51.503500,0.712217,18.000000,97.276004,0.000000,0.000000,0.000000,7.706250,7.706250,0,0.000000,6.032316,4.514168,4.514168,4.684787,3.080756,13.643550,6.273515,6.195547,-0.00186558,0.00342470,-0.00128985,-0.181476,0.333141,-0.125471,6.213792,4.695644,4.181027,4.639639,4.364114,4.606903,-4.181027,,,,,,within deadband and CO2 rising; MFC zero
2026-05-17 15:53:12,2596.0,449.846,450.147,452.000,1.853,16.674000,101.066000,51.506800,0.710216,18.000000,97.276966,0.000000,0.000000,0.000000,0.000000,0.000000,0,0.000000,0.000000,4.418722,4.418722,4.687720,0.000000,13.643550,6.244648,6.158049,-0.00672282,0.00461364,0.00134696,-0.653975,0.448801,0.131028,0.653975,5.072697,3.969921,4.287694,4.438008,4.579020,-3.969921,,,,,,within deadband and CO2 rising; MFC zero
2026-05-17 15:53:17,2601.5,449.554,449.886,452.000,2.114,16.675400,101.067000,51.510100,0.712451,18.000000,97.277929,9.177907,5.000000,0.000000,0.000000,0.000000,0,0.000000,0.000000,4.382279,4.382279,4.684134,0.000000,13.643550,6.217922,6.137743,-0.00773126,0.00427171,0.00034606,-0.752080,0.415543,0.033664,0.752080,5.134359,3.966736,4.348615,4.509631,4.563921,-3.966736,,,,,,below deadband; feedforward + feedback
2026-05-17 15:53:23,2607.0,449.281,449.735,452.000,2.265,16.653600,101.066000,51.510200,0.711003,18.000000,97.276966,9.365718,5.000000,5.000000,0.000000,0.000000,0,0.000000,0.000000,4.317506,4.317506,4.680489,0.000000,13.643550,6.194228,6.123146,-0.02003404,0.00324275,-0.00225187,-1.948850,0.315444,-0.219055,1.948850,6.266356,4.002061,4.536560,4.661085,4.553067,-4.002061,,,,,,below deadband; feedforward + feedback
2026-05-17 15:53:28,2612.5,449.126,449.486,452.000,2.514,16.657200,101.065000,51.510200,0.711939,18.000000,97.276004,9.693790,9.693790,9.693790,4.806250,4.806250,0,0.000000,3.601730,4.317506,4.317506,4.676844,1.841098,13.664837,6.174435,6.115057,-0.00826908,0.00063863,-0.00667921,-0.804383,0.062123,-0.649727,4.406113,5.121889,4.255382,4.967233,4.653351,4.547052,-4.255382,,,,,,below deadband; feedforward + feedback
2026-05-17 15:53:33,2617.5,449.792,449.453,452.000,2.547,16.658300,101.068000,51.500200,0.711870,18.000000,97.278892,9.725571,9.725571,9.725571,9.662500,9.662500,0,0.000000,7.184870,4.406174,4.406174,4.665076,3.672011,13.700700,6.159806,6.115916,-0.00060504,-0.00159920,-0.00968543,-0.058858,-0.155569,-0.942188,7.243728,4.465032,4.561743,5.348362,4.645163,4.547691,-4.561743,,,,,,below deadband; feedforward + feedback
2026-05-17 15:53:39,2623.0,449.430,449.464,452.000,2.536,16.660400,101.068000,51.503500,0.711925,18.000000,97.278892,9.702095,9.702095,9.702095,9.706250,9.706250,0,0.000000,7.212754,4.553458,4.553458,4.671848,3.691686,13.740343,6.152010,6.128623,0.00304208,-0.00287747,-0.01235904,0.295930,-0.279917,-1.202274,6.916824,4.257528,4.833374,5.755731,4.661106,4.557139,-4.833374,,,,,,below deadband; feedforward + feedback
2026-05-17 15:53:44,2628.5,450.227,449.645,452.000,2.355,16.654100,101.066000,51.513500,0.713438,18.000000,97.276966,9.445419,9.445419,9.445419,9.700000,9.700000,0,0.000000,7.208107,4.645437,4.645437,4.680091,3.690651,13.779953,6.148314,6.137226,0.00351272,-0.00240661,-0.01224229,0.341707,-0.234108,-1.190892,6.866400,4.303730,4.879545,5.836330,4.664941,4.563536,-4.879545,,,,,,below deadband; feedforward + feedback
2026-05-17 15:53:50,2634.0,450.284,449.821,452.000,2.179,16.669300,101.067000,51.510200,0.713741,18.000000,97.277929,9.199008,9.199008,9.199008,9.431250,9.431250,0,0.000000,7.022211,4.579948,4.579948,4.682522,3.582873,13.818665,6.149073,6.151350,-0.00563037,-0.00340593,-0.00936758,-0.547710,-0.331322,-0.911259,7.569921,5.127658,4.911270,5.491206,4.714786,4.574038,-4.911270,,,,,,below deadband; feedforward + feedback
2026-05-17 15:53:55,2639.5,450.846,449.949,452.000,2.051,16.655100,101.067000,51.506800,0.710677,18.000000,97.277929,9.021334,9.021334,9.021334,9.187500,9.187500,0,0.000000,6.836315,4.605353,4.605353,4.688044,3.495787,13.856418,6.149444,6.150557,0.01067250,-0.00359053,-0.00074914,1.038198,-0.349279,-0.072874,5.798117,3.567155,4.954632,4.678228,4.616247,4.573449,-4.954632,,,,,,below deadband; feedforward + feedback
2026-05-17 15:54:01,2645.0,450.158,450.151,452.000,1.849,16.677700,101.068000,51.510200,0.712517,18.000000,97.278892,1.846525,4.021334,4.021334,9.000000,9.000000,0,0.000000,6.701541,4.592592,4.592592,4.688278,3.419447,13.893374,6.155082,6.171997,0.01584892,-0.00263868,0.00732079,1.541766,-0.256688,0.712158,5.159775,3.050827,4.849280,3.880434,4.534584,4.589392,-4.849280,,,,,,within lower deadband; partial feedforward
2026-05-17 15:54:06,2650.5,450.159,450.135,452.000,1.865,16.660100,101.069000,51.520100,0.712191,18.000000,97.279854,1.849506,1.849506,1.849506,3.975000,3.975000,0,0.000000,2.983626,4.571853,4.571853,4.685362,1.526285,13.909936,6.165021,6.194836,0.00494125,-0.00115483,0.01379779,0.480684,-0.112342,1.342247,2.502942,4.091170,4.684195,3.229606,4.526243,4.606374,-4.684195,,,,,,within lower deadband; partial feedforward
2026-05-17 15:54:12,2656.0,449.610,450.150,452.000,1.850,16.650500,101.067000,51.510100,0.710239,18.000000,97.277929,1.852088,1.852088,1.852088,0.000000,0.000000,0,0.000000,0.000000,4.459793,4.459793,4.667747,0.000000,13.909936,6.173626,6.199442,0.00203365,-0.00012122,0.01560419,0.197829,-0.011792,1.517943,-0.197829,4.261964,4.471585,2.941850,4.541404,4.609799,-4.471585,,,,,,within lower deadband; partial feedforward
2026-05-17 15:54:17,2661.0,449.113,449.935,452.000,2.065,16.668300,101.071000,51.506800,0.711777,18.000000,97.281779,9.066317,6.852088,6.852088,0.000000,0.000000,0,0.000000,0.000000,4.228798,4.228798,4.648663,0.000000,13.909936,6.174792,6.178290,-0.00741175,-0.00019782,0.00971474,-0.721028,-0.019244,0.945067,0.721028,4.949827,4.248042,3.283732,4.559161,4.594071,-4.248042,,,,,,below deadband; feedforward + feedback
2026-05-17 15:54:22,2666.5,449.218,449.608,452.000,2.392,16.656000,101.066000,51.500200,0.712115,18.000000,97.276966,9.516530,9.516530,9.516530,6.737500,6.737500,0,0.000000,5.009890,3.986631,3.986631,4.597234,2.558793,13.937103,6.167380,6.145146,-0.00105884,-0.00169079,-0.00027157,-0.103000,-0.164475,-0.026418,5.112890,4.089631,4.151105,4.013048,4.554862,4.569425,-4.151105,,,,,,below deadband; feedforward + feedback
2026-05-17 15:54:28,2672.0,449.101,449.402,452.000,2.598,16.674700,101.067000,51.503500,0.711337,18.000000,97.277929,9.788696,9.788696,9.788696,9.468750,9.468750,0,0.000000,7.050095,4.028089,4.028089,4.537752,3.595621,13.975272,6.150936,6.101601,-0.00042018,-0.00227170,-0.00790653,-0.040875,-0.220986,-0.769131,7.090970,4.068964,4.249075,4.797220,4.605565,4.537046,-4.249075,,,,,,below deadband; feedforward + feedback
2026-05-17 15:54:33,2677.5,450.130,449.446,452.000,2.554,16.660500,101.071000,51.503500,0.711636,18.000000,97.281779,9.704781,9.704781,9.704781,9.700000,9.700000,0,0.000000,7.203459,4.302886,4.302886,4.488781,3.682729,14.020094,6.129041,6.063356,-0.00068910,-0.00216388,-0.00918248,-0.067037,-0.210506,-0.893288,7.270496,4.369923,4.513391,5.196174,4.640973,4.508608,-4.513391,,,,,,below deadband; feedforward + feedback
2026-05-17 15:54:39,2683.0,450.062,449.493,452.000,2.507,16.644400,101.068000,51.503500,0.711056,18.000000,97.278892,9.621962,9.621962,9.621962,9.681250,9.681250,0,0.000000,7.194164,4.700664,4.700664,4.465318,3.556337,14.059400,6.112057,6.061105,0.00700860,-0.00323228,-0.01445217,0.681789,-0.314432,-1.405891,6.512375,4.018875,5.015096,6.106555,4.598245,4.506934,-5.015096,,,,,,below deadband; feedforward + feedback
2026-05-17 15:54:44,2688.0,450.174,449.779,452.000,2.221,16.663600,101.073000,51.513500,0.711796,18.000000,97.283704,9.214254,9.214254,9.214254,9.612500,9.612500,0,0.000000,7.147690,4.914637,4.914637,4.466985,3.550081,14.095208,6.104609,6.082265,-0.00089078,-0.00272809,-0.00953753,-0.086658,-0.265399,-0.927846,7.234349,5.001296,5.180036,5.842484,4.559394,4.522668,-5.180036,,,,,,below deadband; feedforward + feedback
2026-05-17 15:54:49,2693.0,449.676,449.937,452.000,2.063,16.679200,101.068000,51.513500,0.711517,18.000000,97.278892,8.994633,8.994633,8.994633,9.200000,9.200000,0,0.000000,6.840962,5.023987,5.023987,4.483721,3.395246,14.129685,6.105943,6.109945,-0.00263876,-0.00167700,-0.00493529,-0.256696,-0.163137,-0.480099,7.097658,5.280683,5.187123,5.504086,4.540872,4.543251,-5.187123,,,,,,below deadband; feedforward + feedback
2026-05-17 15:54:54,2698.0,450.765,449.993,452.000,2.007,16.661400,101.072000,51.513500,0.713474,18.000000,97.282742,8.922452,8.922452,8.922452,8.987500,8.987500,0,0.000000,6.692246,5.028499,5.028499,4.505175,3.430490,14.163266,6.113107,6.134599,0.00810098,0.00004545,0.00003203,0.788086,0.004421,0.003116,5.904160,4.240413,5.024078,5.025383,4.556638,4.561582,-5.024078,,,,,,below deadband; feedforward + feedback
2026-05-17 15:54:59,2703.0,450.300,450.259,452.000,1.741,16.671300,101.069000,51.510200,0.712725,18.000000,97.279854,0.000000,3.922452,3.922452,8.931250,8.931250,0,0.000000,6.645772,5.017461,5.017461,4.526721,3.395555,14.196503,6.122988,6.152632,0.00346222,0.00239070,0.00858252,0.336804,0.232567,0.834906,6.308968,4.680657,4.784894,4.182555,4.573776,4.574992,-4.784894,,,,,,within deadband and CO2 rising; MFC zero
2026-05-17 15:55:04,2708.5,450.190,450.308,452.000,1.692,16.666800,101.067000,51.510200,0.710859,18.000000,97.277929,0.000000,0.000000,0.000000,3.887500,3.887500,0,0.000000,2.904621,5.002589,5.002589,4.547784,1.487425,14.212724,6.134141,6.167598,-0.00302527,0.00406476,0.01707857,-0.294292,0.395411,1.661368,3.198912,5.296881,4.607178,3.341221,4.583181,4.586120,-4.607178,,,,,,within deadband and CO2 rising; MFC zero
2026-05-17 15:55:10,2714.0,449.703,450.273,452.000,1.727,16.666100,101.070000,51.506800,0.711597,18.000000,97.280817,0.000000,0.000000,0.000000,0.000000,0.000000,0,0.000000,0.000000,4.931233,4.931233,4.565917,0.000000,14.212724,6.146116,6.182043,-0.00351265,0.00517232,0.02018726,-0.341714,0.503168,1.963833,0.341714,5.272946,4.428065,2.967399,4.608281,4.596861,-4.428065,,,,,,within deadband and CO2 rising; MFC zero
2026-05-17 15:55:15,2719.5,449.501,450.165,452.000,1.835,16.652800,101.069000,51.510200,0.711289,18.000000,97.279854,0.000000,0.000000,0.000000,0.000000,0.000000,0,0.000000,0.000000,4.740108,4.740108,4.579890,0.000000,14.212724,6.160034,6.201788,-0.00095800,0.00444591,0.01723621,-0.093194,0.432498,1.676736,0.093194,4.833303,4.307611,3.063373,4.597872,4.611543,-4.307611,,,,,,within deadband and CO2 rising; MFC zero
2026-05-17 15:55:21,2725.0,449.623,449.834,452.000,2.166,16.657700,101.070000,51.510100,0.710708,18.000000,97.280817,9.211318,5.000000,5.000000,0.000000,0.000000,0,0.000000,0.000000,4.740108,4.740108,4.595448,0.000000,14.212724,6.178358,6.233328,0.01257190,0.00240504,0.00427132,1.223005,0.233964,0.415518,-1.223005,3.517104,4.506145,4.324591,4.527557,4.634996,-4.506145,,,,,,below deadband; feedforward + feedback
2026-05-17 15:55:26,2730.5,448.910,449.570,452.000,2.430,16.669200,101.069000,51.513500,0.712849,18.000000,97.279854,9.605083,9.605083,9.605083,4.906250,4.906250,0,0.000000,3.615672,4.740108,4.740108,4.613822,1.847198,14.232869,6.202908,6.276558,-0.01744611,-0.00001325,-0.00737142,-1.697155,-0.001289,-0.717091,5.312827,6.437264,4.741397,5.457199,4.534988,4.667141,-4.741397,,,,,,below deadband; feedforward + feedback
2026-05-17 15:55:32,2736.0,449.599,449.413,452.000,2.587,16.667400,101.068000,51.513500,0.710221,18.000000,97.278892,9.852862,9.852862,9.852862,9.568750,9.568750,0,0.000000,7.115159,4.783658,4.783658,4.634090,3.634249,14.271954,6.231587,6.317626,-0.00731107,-0.00178951,-0.01312441,-0.711213,-0.174082,-1.276728,7.826371,5.494871,4.957740,6.060386,4.551204,4.697678,-4.957740,,,,,,below deadband; feedforward + feedback
2026-05-17 15:55:37,2741.0,449.798,449.457,452.000,2.543,16.667800,101.074000,51.503500,0.712706,18.000000,97.284667,9.820721,9.820721,9.820721,9.831250,9.831250,0,0.000000,7.314997,4.849593,4.849593,4.653369,3.740076,14.308365,6.260276,6.346342,0.00426908,-0.00208945,-0.01571101,0.415316,-0.203271,-1.528440,6.899681,4.434278,5.052864,6.378033,4.549867,4.719031,-5.052864,,,,,,below deadband; feedforward + feedback
2026-05-17 15:55:42,2746.5,450.106,449.593,452.000,2.407,16.648100,101.071000,51.496900,0.711535,18.000000,97.281779,9.654599,9.654599,9.654599,9.793750,9.793750,0,0.000000,7.296407,4.849225,4.849225,4.666228,3.734625,14.348458,6.284834,6.358509,-0.00879003,-0.00197594,-0.01407889,-0.855110,-0.192223,-1.369620,8.151517,5.704335,5.041448,6.218845,4.612772,4.728078,-5.041448,,,,,,below deadband; feedforward + feedback
2026-05-17 15:55:48,2752.0,450.554,450.014,452.000,1.986,16.656300,101.066000,51.510200,0.712031,18.000000,97.276966,1.890961,4.654599,4.654599,9.681250,9.681250,0,0.000000,7.170927,4.853195,4.853195,4.675261,3.660266,14.387977,6.303203,6.358311,0.00297485,-0.00023610,-0.00587077,0.289384,-0.022967,-0.571091,6.881543,4.563811,4.876162,5.424286,4.624080,4.727931,-4.876162,,,,,,within lower deadband; partial feedforward
2026-05-17 15:55:53,2757.5,449.856,450.188,452.000,1.812,16.679400,101.069000,51.506800,0.712191,18.000000,97.279854,0.000000,0.000000,0.000000,4.456250,4.456250,0,0.000000,3.462308,4.855732,4.855732,4.687252,1.769943,14.407102,6.315107,6.350820,-0.01527767,0.00074611,-0.00137760,-1.486209,0.072581,-0.134013,4.948517,6.341941,4.783151,4.989744,4.676875,4.722361,-4.783151,,,,,,within deadband and CO2 rising; MFC zero
2026-05-17 15:55:59,2763.0,449.734,450.167,452.000,1.833,16.683200,101.068000,51.506800,0.711505,18.000000,97.278892,0.000000,0.000000,0.000000,0.000000,0.000000,0,0.000000,0.000000,4.771246,4.771246,4.694465,0.000000,14.407102,6.318788,6.329831,-0.00895816,0.00180476,0.00315621,-0.871440,0.175565,0.307033,0.871440,5.642686,4.595681,4.464213,4.767115,4.706754,-4.595681,,,,,,within deadband and CO2 rising; MFC zero
2026-05-17 15:56:04,2768.5,449.265,450.055,452.000,1.945,16.671900,101.069000,51.500200,0.712498,18.000000,97.279854,0.000000,0.000000,0.000000,0.000000,0.000000,0,0.000000,0.000000,4.530066,4.530066,4.691746,0.000000,14.407102,6.313506,6.297658,-0.01245395,0.00237478,0.00706136,-1.211519,0.231019,0.686929,1.211519,5.741584,4.299047,3.843137,4.884105,4.682831,-4.299047,,,,,,within deadband and CO2 rising; MFC zero
2026-05-17 15:56:10,2774.0,449.391,449.750,452.000,2.250,16.665600,101.069000,51.513500,0.710952,18.000000,97.279854,9.450889,5.000000,5.000000,0.000000,0.000000,0,0.000000,0.000000,4.252365,4.252365,4.677855,0.000000,14.407102,6.300609,6.261920,-0.00453798,0.00184388,0.00536560,-0.441454,0.179373,0.521965,0.441454,4.693819,4.072992,3.730400,4.910307,4.656257,-4.072992,,,,,,below deadband; feedforward + feedback
2026-05-17 15:56:15,2779.0,448.877,449.508,452.000,2.492,16.659600,101.067000,51.506800,0.710393,18.000000,97.277929,9.774548,9.774548,9.774548,6.025000,6.025000,0,0.000000,4.526561,4.140537,4.140537,4.663975,2.321209,14.441817,6.286063,6.242422,-0.01048781,0.00002489,0.00147596,-1.020232,0.002421,0.143579,5.546793,5.160769,4.138115,3.996958,4.949385,4.641758,-4.138115,,,,,,below deadband; feedforward + feedback
2026-05-17 15:56:20,2784.5,448.794,449.236,452.000,2.764,16.665400,101.069000,51.503500,0.711203,18.000000,97.279854,10.150577,10.150577,10.150577,9.693750,9.693750,0,0.000000,7.203459,4.312568,4.312568,4.667617,3.565385,14.463305,6.281047,6.265998,-0.01393304,-0.00348158,-0.00965856,-1.355404,-0.338688,-0.939584,8.558864,5.667972,4.651256,5.252151,4.980609,4.659289,-4.651256,,,,,,below deadband; feedforward + feedback
2026-05-17 15:56:25,2789.5,449.393,449.126,452.000,2.874,16.668800,101.067000,51.500200,0.711437,18.000000,97.277929,10.313572,10.313572,10.313572,10.106250,10.106250,0,0.000000,7.514834,4.412777,4.412777,4.686145,3.730644,14.500635,6.289867,6.316330,0.01302535,-0.00615877,-0.01592900,1.267079,-0.599112,-1.549540,6.247756,3.145699,5.011889,5.962318,4.939568,4.696715,-5.011889,,,,,,below deadband; feedforward + feedback
2026-05-17 15:56:30,2794.5,450.223,449.172,452.000,2.828,16.655400,101.065000,51.510200,0.710372,18.000000,97.276004,10.269073,10.269073,10.269073,10.293750,10.293750,0,0.000000,7.654256,4.505706,4.505706,4.706911,3.793318,14.538803,6.309628,6.368909,0.00551272,-0.00660593,-0.01950638,0.536255,-0.642599,-1.897503,7.118001,3.969451,5.148304,6.403209,4.935242,4.735811,-5.148304,,,,,,below deadband; feedforward + feedback
2026-05-17 15:56:35,2799.5,449.443,449.384,452.000,2.616,16.651900,101.068000,51.506800,0.711235,18.000000,97.278892,9.996531,9.996531,9.996531,10.243750,10.243750,0,0.000000,7.617077,4.531228,4.531228,4.716839,3.895945,14.576969,6.333851,6.406520,-0.00739508,-0.00642902,-0.01660348,-0.719385,-0.625408,-1.615168,8.336463,5.250613,5.156636,6.146396,4.973533,4.763779,-5.156636,,,,,,below deadband; feedforward + feedback
2026-05-17 15:56:40,2804.5,450.158,449.680,452.000,2.320,16.655100,101.073000,51.506800,0.710572,18.000000,97.283704,9.601937,9.601937,9.601937,9.981250,9.981250,0,0.000000,7.417239,4.507661,4.507661,4.708447,3.781876,14.614267,6.353237,6.411397,-0.00226895,-0.00607345,-0.01145467,-0.220732,-0.590848,-1.114353,7.637971,4.728394,5.098509,5.622014,5.004381,4.767405,-5.098509,,,,,,below deadband; feedforward + feedback
2026-05-17 15:56:46,2810.0,450.263,450.011,452.000,1.989,16.654900,101.065000,51.506800,0.711883,18.000000,97.276004,1.909165,4.601937,4.601937,9.481250,9.481250,0,0.000000,7.143043,4.525593,4.525593,4.691532,3.649246,14.653742,6.363884,6.395823,-0.00272275,-0.00398951,0.00006044,-0.264858,-0.388084,0.005879,7.407901,4.790450,4.913676,4.519713,4.995214,4.755824,-4.913676,,,,,,within lower deadband; partial feedforward
2026-05-17 15:56:51,2815.5,449.385,450.108,452.000,1.892,16.665800,101.067000,51.510200,0.711225,18.000000,97.277929,1.909763,1.909763,1.909763,4.581250,4.581250,0,0.000000,3.415834,4.532389,4.532389,4.670158,1.750591,14.672598,6.365876,6.371852,-0.01732810,-0.00251615,0.01065502,-1.685641,-0.244766,1.036498,5.101475,6.218031,4.777155,3.495891,5.035968,4.738000,-4.777155,,,,,,within lower deadband; partial feedforward
2026-05-17 15:56:57,2821.0,449.589,450.082,452.000,1.918,16.647400,101.068000,51.516800,0.709868,18.000000,97.278892,1.908270,1.908270,1.908270,1.906250,1.906250,0,0.000000,1.417455,4.450034,4.450034,4.645008,0.727490,14.681782,6.360899,6.345967,-0.00418500,-0.00135028,0.01368386,-0.407112,-0.131354,1.331151,1.824567,4.857146,4.581387,3.118883,5.062783,4.718752,-4.581387,,,,,,within lower deadband; partial feedforward
2026-05-17 15:57:02,2826.5,449.358,449.940,452.000,2.060,16.620700,101.070000,51.506800,0.712621,18.000000,97.280817,9.233419,6.908270,6.908270,1.937500,1.937500,0,0.000000,1.412807,4.260226,4.260226,4.612085,0.719950,14.689568,6.349174,6.314002,-0.00631946,0.00022629,0.01694386,-0.614762,0.022014,1.648313,2.027570,4.874989,4.238213,2.611914,5.071232,4.694984,-4.238213,,,,,,below deadband; feedforward + feedback
2026-05-17 15:57:08,2832.0,449.215,449.689,452.000,2.311,16.648600,101.067000,51.513500,0.711647,18.000000,97.277929,9.567272,9.567272,9.567272,6.906250,6.906250,0,0.000000,5.130722,4.050726,4.050726,4.570699,2.626814,14.717537,6.331417,6.278145,-0.00284038,0.00058380,0.01161648,-0.276306,0.056791,1.130027,5.407028,4.327032,3.993935,2.920699,5.029065,4.668321,-3.993935,,,,,,below deadband; feedforward + feedback
2026-05-17 15:57:13,2837.5,449.564,449.650,452.000,2.350,16.649000,101.066000,51.506800,0.712763,18.000000,97.276966,9.601498,9.601498,9.601498,9.562500,9.562500,0,0.000000,7.110511,4.097413,4.097413,4.534446,3.638099,14.756003,6.311498,6.251743,0.00368075,0.00124267,0.01001324,0.358052,0.120883,0.974057,6.752459,3.739361,3.976530,3.123355,4.962387,4.648689,-3.976530,,,,,,below deadband; feedforward + feedback
2026-05-17 15:57:19,2843.0,449.698,449.674,452.000,2.326,16.656000,101.068000,51.506800,0.712839,18.000000,97.278892,9.552935,9.552935,9.552935,9.606250,9.606250,0,0.000000,7.147690,4.376953,4.376953,4.518657,3.660220,14.795234,6.295940,6.249265,0.01344566,0.00114849,0.00545054,1.307979,0.111723,0.530223,5.839711,3.068974,4.265230,3.846731,4.885677,4.646846,-4.265230,,,,,,below deadband; feedforward + feedback
2026-05-17 15:57:24,2848.0,450.514,449.892,452.000,2.108,16.659600,101.066000,51.500200,0.711398,18.000000,97.276966,9.235181,9.235181,9.235181,7.437500,7.437500,0,0.000000,5.572224,4.673476,4.673476,4.515760,2.851745,14.836631,6.284191,6.248943,0.01820202,0.00177664,0.00138860,1.770637,0.172827,0.135079,3.801587,2.902839,4.500650,4.538398,4.858970,4.646607,-4.500650,,,,,,below deadband; feedforward + feedback
2026-05-17 15:57:29,2853.5,449.783,450.047,452.000,1.953,16.661300,101.069000,51.503500,0.712175,18.000000,97.279854,0.000000,4.235181,4.235181,9.262500,9.262500,0,0.000000,6.840962,5.025342,5.025342,4.528161,3.495844,14.871571,6.278790,6.262588,-0.00020168,0.00052011,-0.00153335,-0.019620,0.050596,-0.149164,6.860582,5.044962,4.974746,5.174507,4.798435,4.656753,-4.974746,,,,,,within deadband and CO2 rising; MFC zero
2026-05-17 15:57:35,2859.0,449.624,450.084,452.000,1.916,16.662600,101.065000,51.503500,0.711010,18.000000,97.276004,0.000000,0.000000,0.000000,4.118750,4.118750,0,0.000000,3.146285,5.150977,5.150977,4.544132,1.607712,14.888977,6.276036,6.267775,0.00304209,0.00107441,-0.00059564,0.295922,0.104514,-0.057942,2.850363,4.855055,5.046463,5.208918,4.770617,4.660610,-5.046463,,,,,,within deadband and CO2 rising; MFC zero
2026-05-17 15:57:40,2864.5,449.498,450.001,452.000,1.999,16.671400,101.066000,51.510100,0.711383,18.000000,97.276966,0.000000,0.000000,0.000000,0.000000,0.000000,0,0.000000,0.000000,5.045365,5.045365,4.552643,0.000000,14.888977,6.271958,6.259724,-0.00897497,0.00133842,-0.00092874,-0.873058,0.130198,-0.090345,0.873058,5.918423,4.915167,5.135710,4.835145,4.654624,-4.915167,,,,,,within deadband and CO2 rising; MFC zero
2026-05-17 15:57:46,2870.0,449.411,449.789,452.000,2.211,16.649100,101.067000,51.503500,0.711760,18.000000,97.277929,9.357831,5.000000,0.000000,0.000000,0.000000,0,0.000000,0.000000,4.776920,4.776920,4.549500,0.000000,14.888977,6.262466,6.233990,-0.01327778,0.00180488,-0.00066788,-1.291635,0.175575,-0.064970,1.291635,6.068555,4.601345,4.841889,4.850981,4.635489,-4.601345,,,,,,below deadband; feedforward + feedback
2026-05-17 15:57:51,2875.5,449.265,449.588,452.000,2.412,16.646900,101.068000,51.500200,0.711800,18.000000,97.278892,9.623259,5.000000,5.000000,0.000000,0.000000,0,0.000000,0.000000,4.443295,4.443295,4.531678,0.000000,14.888977,6.246284,6.197736,-0.00415151,0.00192401,-0.00459645,-0.403855,0.187166,-0.447137,0.403855,4.847150,4.256129,4.890432,4.863300,4.608531,-4.256129,,,,,,below deadband; feedforward + feedback
2026-05-17 15:57:57,2881.0,449.260,449.325,452.000,2.675,16.652100,101.069000,51.506800,0.710119,18.000000,97.279854,9.968324,9.968324,9.968324,4.875000,4.875000,0,0.000000,3.615672,4.144332,4.144332,4.500748,1.849244,14.909483,6.223044,6.153323,-0.00482366,0.00124139,-0.00896465,-0.469245,0.120762,-0.872079,4.084917,4.613577,4.023570,5.016411,4.788153,4.575505,-4.023570,,,,,,below deadband; feedforward + feedback
2026-05-17 15:58:02,2886.5,449.851,449.249,452.000,2.751,16.654800,101.068000,51.500200,0.710926,18.000000,97.278892,10.049301,10.049301,10.049301,9.931250,9.931250,0,0.000000,7.375413,4.110542,4.110542,4.472021,3.767946,14.949990,6.197271,6.119953,0.00563036,0.00087956,-0.01215434,0.547716,0.085562,-1.182361,6.827697,3.562826,4.024979,5.292903,4.697725,4.550692,-4.024979,,,,,,below deadband; feedforward + feedback
2026-05-17 15:58:08,2892.0,449.934,449.302,452.000,2.698,16.642900,101.067000,51.513500,0.711590,18.000000,97.277929,9.954936,9.954936,9.954936,10.018750,10.018750,0,0.000000,7.445124,4.368588,4.368588,4.465001,3.805608,14.990923,6.178331,6.121510,0.00294125,0.00044117,-0.01448455,0.286118,0.042916,-1.409027,7.159005,4.082470,4.325672,5.777615,4.625589,4.551850,-4.325672,,,,,,below deadband; feedforward + feedback
2026-05-17 15:58:13,2897.5,449.983,449.590,452.000,2.410,16.660800,101.069000,51.503500,0.713806,18.000000,97.279854,9.547236,9.547236,9.547236,9.931250,9.931250,0,0.000000,7.398650,4.708138,4.708138,4.484817,3.777273,15.031610,6.173376,6.158514,0.00531104,0.00002356,-0.01146013,0.516657,0.002291,-1.114840,6.881992,4.191481,4.705847,5.822978,4.603749,4.579365,-4.705847,,,,,,below deadband; feedforward + feedback
2026-05-17 15:58:19,2903.0,450.107,449.690,452.000,2.310,16.674000,101.068000,51.506800,0.711237,18.000000,97.278892,9.417968,9.417968,9.417968,9.543750,9.543750,0,0.000000,7.105864,5.000789,5.000789,4.522219,3.633505,15.070880,6.184563,6.218121,0.00092439,-0.00161143,-0.00840677,0.089923,-0.156758,-0.817801,7.015941,4.910865,5.157547,5.818590,4.592883,4.623688,-5.157547,,,,,,below deadband; feedforward + feedback
2026-05-17 15:58:24,2908.5,449.773,449.844,452.000,2.156,16.659500,101.070000,51.503500,0.711203,18.000000,97.280817,9.221642,9.221642,9.221642,9.406250,9.406250,0,0.000000,6.998974,5.082738,5.082738,4.555705,3.584163,15.109469,6.203487,6.260261,-0.00747919,-0.00297294,0.00017515,-0.727582,-0.289210,0.017039,7.726556,5.810319,5.371947,5.065699,4.599072,4.655023,-5.371947,,,,,,below deadband; feedforward + feedback
2026-05-17 15:58:30,2914.0,450.384,450.001,452.000,1.999,16.683600,101.072000,51.503500,0.712066,18.000000,97.282742,1.866823,4.221642,4.221642,9.231250,9.231250,0,0.000000,6.850257,5.145632,5.145632,4.587568,3.503617,15.147266,6.222745,6.280518,0.01226937,-0.00218635,0.00869078,1.193598,-0.212694,0.845463,5.656659,3.952034,5.358327,4.300170,4.634130,4.670085,-5.358327,,,,,,within lower deadband; partial feedforward
2026-05-17 15:58:35,2919.5,450.933,450.212,452.000,1.788,16.672500,101.070000,51.506800,0.712102,18.000000,97.280817,1.868937,1.868937,1.868937,4.168750,4.168750,0,0.000000,3.141638,5.118329,5.118329,4.617975,1.607311,15.164599,6.229790,6.250927,0.01593327,-0.00033369,0.01946179,1.550001,-0.032462,1.893259,1.591636,3.568327,5.150791,3.225070,4.587875,4.648082,-5.150791,,,,,,within lower deadband; partial feedforward
2026-05-17 15:58:40,2924.5,449.828,450.177,452.000,1.823,16.647800,101.067000,51.513500,0.712493,18.000000,97.277929,1.870153,1.870153,1.870153,0.000000,0.000000,0,0.000000,0.000000,5.008747,5.008747,4.640752,0.000000,15.164599,6.233845,6.246008,0.00768080,-0.00009550,0.02022552,0.747172,-0.009290,1.967497,-0.747172,4.261575,5.018037,3.041250,4.566656,4.644425,-5.018037,,,,,,within lower deadband; partial feedforward
2026-05-17 15:58:46,2930.0,449.279,450.036,452.000,1.964,16.664900,101.067000,51.510100,0.711437,18.000000,97.277929,0.000000,0.000000,0.000000,0.000000,0.000000,0,0.000000,0.000000,4.740670,4.740670,4.650528,0.000000,15.164599,6.233517,6.232533,-0.00013446,0.00048763,0.01597517,-0.013080,0.047436,1.554031,0.013080,4.753750,4.693234,3.186639,4.564988,4.634405,-4.693234,,,,,,within deadband and CO2 rising; MFC zero
2026-05-17 15:58:51,2935.5,449.099,449.783,452.000,2.217,16.673900,101.069000,51.500200,0.710908,18.000000,97.279854,9.330805,5.000000,0.000000,0.000000,0.000000,0,0.000000,0.000000,4.405612,4.405612,4.644766,0.000000,15.164599,6.226970,6.207330,0.00013446,0.00041886,0.00719746,0.013080,0.040747,0.700168,-0.013080,4.392533,4.364865,3.705445,4.482011,4.615664,-4.364865,,,,,,below deadband; feedforward + feedback
2026-05-17 15:58:57,2941.0,448.766,449.516,452.000,2.484,16.673300,101.069000,51.506800,0.712949,18.000000,97.279854,9.694330,5.000000,0.000000,0.000000,0.000000,0,0.000000,0.000000,4.171055,4.171055,4.632085,0.000000,15.164599,6.216590,6.185448,-0.00512615,-0.00053843,-0.00224203,-0.498671,-0.052378,-0.218105,0.498671,4.669726,4.223433,4.389159,4.473492,4.599393,-4.223433,,,,,,below deadband; feedforward + feedback
2026-05-17 15:59:02,2946.5,449.041,449.267,452.000,2.733,16.653400,101.068000,51.506800,0.711249,18.000000,97.278892,10.035761,5.000000,5.000000,0.000000,0.000000,0,0.000000,0.000000,4.053495,4.053495,4.622688,0.000000,15.164599,6.209386,6.187774,-0.01742892,-0.00228989,-0.01444342,-1.695466,-0.222758,-1.405040,1.695466,5.748961,4.276253,5.458535,4.513218,4.601123,-4.276253,,,,,,below deadband; feedforward + feedback
2026-05-17 15:59:08,2952.0,448.836,449.060,452.000,2.940,16.665300,101.068000,51.510100,0.712866,18.000000,97.278892,10.327027,10.000000,10.000000,4.068750,4.068750,0,0.000000,3.090516,3.988044,3.988044,4.619839,1.585881,15.197097,6.211517,6.217910,-0.01578195,-0.00512845,-0.02206246,-1.535251,-0.498890,-2.146212,4.625767,5.523295,4.486934,6.134256,4.567594,4.623532,-4.486934,,,,,,below deadband; feedforward + feedback
2026-05-17 15:59:13,2957.0,447.780,448.902,452.000,3.098,16.678000,101.071000,51.513500,0.712478,18.000000,97.281779,10.550612,10.550612,10.550612,9.906250,9.906250,0,0.000000,7.370765,3.977065,3.977065,4.591892,3.772256,15.218928,6.213342,6.218819,-0.03702597,-0.00680504,-0.02789837,-3.601952,-0.662006,-2.714003,10.972717,7.579017,4.639071,6.691068,4.698525,4.624207,-4.639071,,,,,,below deadband; feedforward + feedback
2026-05-17 15:59:18,2962.5,449.064,448.704,452.000,3.296,16.647400,101.066000,51.500200,0.712551,18.000000,97.276966,10.839890,10.839890,10.839890,10.518750,10.518750,0,0.000000,7.821562,3.888435,3.888435,4.582806,4.003822,15.261545,6.225385,6.261515,-0.01753010,-0.00841207,-0.03483599,-1.705275,-0.818300,-3.388739,9.526838,5.593710,4.706735,7.277174,4.779149,4.655955,-4.706735,,,,,,below deadband; feedforward + feedback
2026-05-17 15:59:24,2968.0,450.093,448.831,452.000,3.169,16.653700,101.071000,51.506800,0.713462,18.000000,97.281779,10.678872,10.678872,10.678872,10.812500,10.812500,0,0.000000,8.044637,3.900247,3.900247,4.557016,4.111323,15.305569,6.242097,6.292233,0.00537823,-0.00732084,-0.03020200,0.523204,-0.712184,-2.938104,7.521434,3.377044,4.612432,6.838351,4.878439,4.678797,-4.612432,,,,,,below deadband; feedforward + feedback
2026-05-17 15:59:29,2973.5,449.830,449.003,452.000,2.997,16.645200,101.070000,51.513500,0.710864,18.000000,97.280817,10.443137,10.443137,10.443137,10.650000,10.650000,0,0.000000,7.942395,3.882936,3.882936,4.505089,4.068559,15.349280,6.247477,6.263615,-0.00931112,-0.00641092,-0.02068791,-0.905793,-0.623660,-2.012537,8.848188,4.788729,4.506596,5.895473,4.866792,4.657517,-4.506596,,,,,,below deadband; feedforward + feedback
2026-05-17 15:59:35,2979.0,450.090,449.398,452.000,2.602,16.645600,101.070000,51.510100,0.712876,18.000000,97.280817,9.883505,9.883505,9.883505,10.431250,10.431250,0,0.000000,7.751852,3.954757,3.954757,4.450715,3.966897,15.392081,6.240845,6.220950,-0.01416840,-0.00404764,-0.00313953,-1.378313,-0.393757,-0.305416,9.130165,5.333070,4.348515,4.260173,4.888520,4.625792,-4.348515,,,,,,below deadband; feedforward + feedback
2026-05-17 15:59:40,2984.5,449.958,449.721,452.000,2.279,16.668200,101.073000,51.516800,0.709162,18.000000,97.283704,9.417603,9.417603,9.417603,9.868750,9.868750,0,0.000000,7.342881,4.094624,4.094624,4.407500,3.757378,15.432809,6.226723,6.184357,0.00746234,-0.00228117,0.00797582,0.725964,-0.221921,0.775917,6.616917,3.368661,4.316545,3.318707,4.772622,4.598582,-4.316545,,,,,,below deadband; feedforward + feedback
2026-05-17 15:59:46,2990.0,449.903,449.915,452.000,2.085,16.657400,101.069000,51.503500,0.712612,18.000000,97.279854,9.133259,9.133259,9.133259,9.406250,9.406250,0,0.000000,6.998974,4.376973,4.376973,4.389320,3.574750,15.471581,6.214259,6.176867,0.00349588,-0.00104692,0.01778733,0.340079,-0.101845,1.730349,6.658895,4.036894,4.478817,2.646624,4.680273,4.593013,-4.478817,,,,,,below deadband; feedforward + feedback
2026-05-17 15:59:51,2995.5,450.657,450.139,452.000,1.861,16.655200,101.069000,51.500200,0.712078,18.000000,97.279854,1.863573,4.133259,4.133259,9.137500,9.137500,0,0.000000,6.775899,4.707383,4.707383,4.401324,3.478880,15.509049,6.211911,6.204866,0.02263921,-0.00006974,0.02853067,2.202339,-0.006785,2.775460,4.573560,2.505044,4.714168,1.931923,4.573814,4.613832,-4.714168,,,,,,within lower deadband; partial feedforward
2026-05-17 15:59:57,3001.0,449.813,450.204,452.000,1.796,16.662600,101.068000,51.503500,0.712839,18.000000,97.278892,0.000000,0.000000,0.000000,4.087500,4.087500,0,0.000000,3.067279,5.024180,5.024180,4.441317,1.571905,15.526078,6.224516,6.262333,0.01322702,0.00062217,0.03537660,1.286710,0.060524,3.441396,1.780569,3.737470,4.963656,1.582784,4.533991,4.656564,-4.963656,,,,,,within deadband and CO2 rising; MFC zero
2026-05-17 16:00:02,3006.5,449.072,450.200,452.000,1.800,16.665500,101.068000,51.510100,0.712473,18.000000,97.278892,0.000000,0.000000,0.000000,0.000000,0.000000,0,0.000000,0.000000,5.147646,5.147646,4.488458,0.000000,15.526078,6.250929,6.330166,0.00499170,0.00013371,0.03237530,0.485587,0.013007,3.149433,-0.485587,4.662059,5.134639,1.998213,4.583956,4.707003,-5.134639,,,,,,within deadband and CO2 rising; MFC zero
2026-05-17 16:00:07,3011.5,449.580,450.002,452.000,1.998,16.667900,101.069000,51.506800,0.710755,18.000000,97.279854,0.000000,0.000000,0.000000,0.000000,0.000000,0,0.000000,0.000000,4.984329,4.984329,4.510018,0.000000,15.526078,6.274630,6.345735,0.01250439,0.00011355,0.02526020,1.216425,0.011046,2.457308,-1.216425,3.767904,4.973283,2.527021,4.548476,4.718580,-4.973283,,,,,,within deadband and CO2 rising; MFC zero
2026-05-17 16:00:13,3017.0,450.912,449.763,452.000,2.237,16.641500,101.070000,51.503500,0.711357,18.000000,97.280817,9.428509,5.000000,5.000000,0.000000,0.000000,0,0.000000,0.000000,4.645031,4.645031,4.522037,0.000000,15.526078,6.296464,6.361964,0.05033804,0.00042986,0.01474326,4.896925,0.041817,1.434236,-4.896925,-0.251895,4.603214,3.210795,4.360025,4.730647,-4.603214,,,,,,below deadband; feedforward + feedback
2026-05-17 16:00:18,3022.0,448.834,449.399,452.000,2.601,16.656900,101.069000,51.513500,0.712472,18.000000,97.279854,9.951078,9.951078,9.951078,4.837500,4.837500,0,0.000000,3.611024,4.335262,4.335262,4.505825,1.792424,15.544300,6.309223,6.347500,-0.00386561,-0.00126672,-0.00439832,-0.376046,-0.123227,-0.427868,3.987071,4.711309,4.458489,4.763130,4.382626,4.719893,-4.458489,,,,,,below deadband; feedforward + feedback
2026-05-17 16:00:23,3027.0,449.398,449.198,452.000,2.802,16.656900,101.069000,51.510100,0.710245,18.000000,97.279854,10.228112,10.228112,10.228112,8.650000,8.650000,0,0.000000,6.529587,4.092417,4.092417,4.466331,3.226480,15.588682,6.305592,6.294699,0.00149584,-0.00166641,-0.01483960,0.145515,-0.162108,-1.443594,6.384072,3.946902,4.254524,5.536011,4.340715,4.680631,-4.254524,,,,,,below deadband; feedforward + feedback
2026-05-17 16:00:28,3032.0,448.322,449.083,452.000,2.917,16.683200,101.066000,51.500200,0.711258,18.000000,97.276966,10.368802,10.368802,10.368802,10.093750,10.093750,0,0.000000,7.496245,4.006653,4.006653,4.419544,3.833272,15.623778,6.284442,6.220992,-0.01623564,-0.00107645,-0.02192421,-1.579354,-0.104714,-2.132721,9.075599,5.586007,4.111367,6.139374,4.330962,4.625823,-4.111367,,,,,,below deadband; feedforward + feedback
2026-05-17 16:00:33,3037.5,449.724,448.951,452.000,3.049,16.657900,101.066000,51.510100,0.711327,18.000000,97.276966,10.518522,10.518522,10.518522,10.362500,10.362500,0,0.000000,7.705378,4.069083,4.069083,4.372738,3.955109,15.665893,6.249852,6.146082,-0.00453790,-0.00008331,-0.02639879,-0.441433,-0.008105,-2.567994,8.146810,4.510516,4.077188,6.637077,4.355244,4.570121,-4.077188,,,,,,below deadband; feedforward + feedback
2026-05-17 16:00:38,3042.5,449.325,449.233,452.000,2.767,16.651600,101.066000,51.503500,0.712144,18.000000,97.276966,10.080034,10.080034,10.080034,10.506250,10.506250,0,0.000000,7.821562,4.112478,4.112478,4.329005,4.004542,15.704877,6.206129,6.074961,-0.00561354,0.00182997,-0.02185536,-0.546068,0.178014,-2.126023,8.367631,4.658547,3.934464,6.238501,4.402645,4.517237,-3.934464,,,,,,below deadband; feedforward + feedback
2026-05-17 16:00:44,3048.0,450.043,449.438,452.000,2.562,16.666200,101.065000,51.503500,0.710474,18.000000,97.276004,9.744403,9.744403,9.744403,10.068750,10.068750,0,0.000000,7.491598,4.336231,4.336231,4.299765,3.820820,15.746318,6.157988,6.013566,-0.00626903,0.00378510,-0.01501196,-0.609827,0.368199,-1.460303,8.101424,4.946057,3.968031,5.796534,4.432405,4.471585,-3.968031,,,,,,below deadband; feedforward + feedback
2026-05-17 16:00:49,3053.5,450.553,449.771,452.000,2.229,16.673100,101.065000,51.510100,0.711599,18.000000,97.276004,9.234207,9.234207,9.234207,9.750000,9.750000,0,0.000000,7.240638,4.688213,4.688213,4.297485,3.694542,15.786357,6.113957,5.981865,0.00826908,0.00552196,-0.00351970,0.804384,0.537154,-0.342383,6.436255,3.883829,4.151058,5.030595,4.394582,4.448012,-4.151058,,,,,,below deadband; feedforward + feedback
2026-05-17 16:00:55,3059.0,450.464,450.064,452.000,1.936,16.663900,101.065000,51.513500,0.711163,18.000000,97.276004,0.000000,4.234207,4.234207,9.200000,9.200000,0,0.000000,6.868847,5.027027,5.027027,4.324503,3.511372,15.824395,6.080477,5.980037,-0.00620181,0.00712841,0.01067836,-0.603287,0.693423,1.038748,7.472134,5.630314,4.333604,3.988279,4.448399,4.446653,-4.333604,,,,,,within deadband and CO2 rising; MFC zero
2026-05-17 16:01:00,3064.5,450.510,450.235,452.000,1.765,16.652200,101.066000,51.513500,0.710171,18.000000,97.276966,0.000000,0.000000,0.000000,4.150000,4.150000,0,0.000000,3.141638,5.351918,5.351918,4.375845,1.605400,15.841822,6.060727,6.001478,0.00558004,0.00783118,0.02258460,0.542809,0.761793,2.196962,2.598829,4.809109,4.590125,3.154957,4.454459,4.462596,-4.590125,,,,,,within deadband and CO2 rising; MFC zero
2026-05-17 16:01:06,3070.0,449.777,450.224,452.000,1.776,16.668000,101.067000,51.510100,0.712985,18.000000,97.277929,0.000000,0.000000,0.000000,0.000000,0.000000,0,0.000000,0.000000,5.574645,5.574645,4.441982,0.000000,15.841822,6.055324,6.039115,0.00033615,0.00673023,0.02420753,0.032700,0.654703,2.354858,-0.032700,5.541945,4.919942,3.219786,4.445458,4.490582,-4.919942,,,,,,within deadband and CO2 rising; MFC zero
2026-05-17 16:01:11,3075.5,449.263,449.970,452.000,2.030,16.651600,101.065000,51.503500,0.712694,18.000000,97.276004,8.903216,5.000000,0.000000,0.000000,0.000000,0,0.000000,0.000000,5.600438,5.600438,4.512086,0.000000,15.841822,6.061636,6.080572,-0.00036976,0.00415814,0.01989685,-0.035969,0.404488,1.935487,0.035969,5.636407,5.195950,3.664951,4.450376,4.521409,-5.195950,,,,,,below deadband; feedforward + feedback
2026-05-17 16:01:17,3081.0,449.029,449.643,452.000,2.357,16.658800,101.068000,51.503500,0.712150,18.000000,97.278892,9.377166,5.000000,5.000000,0.000000,0.000000,0,0.000000,0.000000,5.355075,5.355075,4.571999,0.000000,15.841822,6.076911,6.122737,0.00184877,-0.00005269,0.01043804,0.179847,-0.005125,1.015401,-0.179847,5.175228,5.360200,4.339673,4.345863,4.552763,-5.360200,,,,,,below deadband; feedforward + feedback
2026-05-17 16:01:22,3086.0,448.942,449.257,452.000,2.743,16.644100,101.068000,51.510200,0.711857,18.000000,97.278892,9.939099,9.939099,9.939099,4.856250,4.856250,0,0.000000,3.606377,5.125397,5.125397,4.625780,1.847178,15.860516,6.098549,6.163460,-0.00958001,-0.00285568,-0.00156429,-0.931933,-0.277798,-0.152172,4.538310,6.057330,5.403195,5.277569,4.366021,4.583044,-5.403195,,,,,,below deadband; feedforward + feedback
2026-05-17 16:01:27,3091.5,449.110,449.130,452.000,2.870,16.672200,101.071000,51.506900,0.708589,18.000000,97.281779,10.142599,10.142599,10.142599,9.893750,9.893750,0,0.000000,7.356823,4.848644,4.848644,4.667015,3.760562,15.900864,6.124914,6.204009,0.01324394,-0.00470039,-0.00988664,1.288394,-0.457262,-0.961790,6.068429,3.560251,5.305907,5.810434,4.373986,4.613195,-5.305907,,,,,,below deadband; feedforward + feedback
2026-05-17 16:01:33,3097.0,450.275,449.172,452.000,2.828,16.654700,101.066000,51.503500,0.711132,18.000000,97.276966,10.113704,10.113704,10.113704,10.106250,10.106250,0,0.000000,7.528777,4.737494,4.737494,4.704169,3.841460,15.942107,6.154714,6.244116,0.00926074,-0.00467771,-0.01855656,0.900857,-0.455034,-1.805126,6.627920,3.836638,5.192528,6.542620,4.332591,4.643018,-5.192528,,,,,,below deadband; feedforward + feedback
2026-05-17 16:01:38,3102.5,450.454,449.479,452.000,2.521,16.658300,101.067000,51.506800,0.712028,18.000000,97.277929,9.716018,9.716018,9.716018,10.087500,10.087500,0,0.000000,7.514834,4.714490,4.714490,4.737201,3.846501,15.983413,6.186338,6.281209,0.01899173,-0.00275907,-0.01352727,1.847476,-0.268397,-1.315904,5.667359,2.867014,4.982887,6.030394,4.225371,4.670599,-4.982887,,,,,,below deadband; feedforward + feedback
2026-05-17 16:01:44,3108.0,450.573,449.830,452.000,2.170,16.651800,101.065000,51.506800,0.713595,18.000000,97.276004,9.254782,9.254782,9.254782,11.593750,11.593750,0,0.000000,8.644151,4.704730,4.704730,4.763728,4.415850,16.029545,6.216607,6.307415,0.01396690,-0.00061694,-0.00718039,1.358644,-0.060013,-0.698479,7.285507,3.346086,4.764743,5.403210,4.224390,4.690086,-4.764743,,,,,,below deadband; feedforward + feedback
2026-05-17 16:01:49,3113.5,450.276,450.087,452.000,1.913,16.684500,101.067000,51.513500,0.712042,18.000000,97.277929,0.000000,4.254782,4.254782,9.156250,9.156250,0,0.000000,6.775899,4.707402,4.707402,4.778094,3.467841,16.064754,6.240394,6.311755,0.00371443,0.00158686,-0.00181558,0.361332,0.154367,-0.176616,6.414567,4.346070,4.553036,4.884018,4.237832,4.693313,-4.553036,,,,,,within deadband and CO2 rising; MFC zero
2026-05-17 16:01:55,3119.0,449.359,449.958,452.000,2.042,16.685700,101.070000,51.506800,0.712650,18.000000,97.280817,9.112946,9.112946,9.112946,4.200000,4.200000,0,0.000000,3.160227,4.742529,4.742529,4.779622,1.612744,16.082182,6.254531,6.296940,-0.02005136,0.00289612,0.00135564,-1.950613,0.281737,0.131878,5.110840,6.693142,4.460792,4.610651,4.419923,4.682297,-4.460792,,,,,,below deadband; feedforward + feedback
2026-05-17 16:02:00,3124.5,449.895,449.870,452.000,2.130,16.650600,101.066000,51.510100,0.712523,18.000000,97.276966,9.236525,9.236525,9.236525,9.112500,9.112500,0,0.000000,6.771252,4.679983,4.679983,4.764657,3.460101,16.119378,6.254840,6.255768,-0.01611796,0.00432226,0.01106170,-1.567906,0.420456,1.076049,8.339157,6.247889,4.259527,3.603934,4.529072,4.651682,-4.259527,,,,,,below deadband; feedforward + feedback
2026-05-17 16:02:05,3129.5,449.950,449.809,452.000,2.191,16.669700,101.069000,51.503500,0.713102,18.000000,97.279854,9.309409,9.309409,9.309409,9.218750,9.218750,0,0.000000,6.864199,4.771536,4.771536,4.748305,3.497282,16.153640,6.242219,6.204358,0.00290762,0.00530580,0.01598750,0.282853,0.516148,1.555262,6.581346,4.488683,4.255389,3.216274,4.521534,4.613454,-4.255389,,,,,,below deadband; feedforward + feedback
2026-05-17 16:02:11,3135.0,450.439,449.941,452.000,2.059,16.665800,101.069000,51.503500,0.712149,18.000000,97.279854,9.108155,9.108155,9.108155,9.300000,9.300000,0,0.000000,6.919968,5.083067,5.083067,4.752598,3.540271,16.191657,6.225310,6.174580,0.01976510,0.00636361,0.02044097,1.922746,0.619052,1.988495,4.997222,3.160321,4.464015,3.094572,4.495117,4.591312,-4.464015,,,,,,below deadband; feedforward + feedback
2026-05-17 16:02:16,3140.5,450.240,450.165,452.000,1.835,16.661900,101.068000,51.513500,0.711321,18.000000,97.278892,0.000000,4.108155,4.108155,9.087500,9.087500,0,0.000000,6.780546,5.398760,5.398760,4.785368,3.480469,16.229034,6.215340,6.185430,0.02035337,0.00627049,0.01923244,1.979954,0.609986,1.870910,4.800593,3.418807,4.788774,3.527850,4.654713,4.599380,-4.788774,,,,,,within deadband and CO2 rising; MFC zero
2026-05-17 16:02:22,3146.0,450.968,450.305,452.000,1.695,16.654800,101.067000,51.510100,0.711677,18.000000,97.277929,0.000000,0.000000,0.000000,3.518750,3.518750,0,0.000000,3.044042,5.675687,5.675687,4.843648,1.555264,16.245910,6.217494,6.223958,0.03031968,0.00573903,0.01635772,2.949436,0.558281,1.591246,0.094606,2.726251,5.117405,4.084441,4.568406,4.628028,-5.117405,,,,,,within deadband and CO2 rising; MFC zero
2026-05-17 16:02:27,3151.5,449.972,450.308,452.000,1.692,16.693600,101.068000,51.510100,0.708542,18.000000,97.278892,0.000000,0.000000,0.000000,0.000000,0.000000,0,0.000000,0.000000,5.688893,5.688893,4.913060,0.000000,16.245910,6.232511,6.277562,0.01958025,0.00532076,0.00919492,1.904745,0.517598,0.894472,-1.904745,3.784148,5.171295,4.794421,4.561330,4.667888,-5.171295,,,,,,within deadband and CO2 rising; MFC zero
2026-05-17 16:02:33,3157.0,449.494,450.090,452.000,1.910,16.669300,101.067000,51.510200,0.712113,18.000000,97.277929,0.000000,0.000000,0.000000,0.000000,0.000000,0,0.000000,0.000000,5.371592,5.371592,4.972405,0.000000,16.245910,6.259156,6.339089,-0.01709337,0.00213799,-0.00101893,-1.662808,0.207979,-0.099119,1.662808,7.034400,5.163613,5.470712,4.624303,4.713638,-5.163613,,,,,,within deadband and CO2 rising; MFC zero
2026-05-17 16:02:38,3162.5,450.118,449.932,452.000,2.068,16.677500,101.066000,51.506800,0.712594,18.000000,97.276966,9.198557,5.000000,5.000000,0.000000,0.000000,0,0.000000,0.000000,5.024413,5.024413,5.054917,0.000000,16.245910,6.303042,6.434700,-0.00941218,0.00166860,-0.00200002,-0.915588,0.162316,-0.194556,0.915588,5.940001,4.862096,5.218969,4.687724,4.784732,-4.862096,,,,,,below deadband; feedforward + feedback
2026-05-17 16:02:44,3168.0,449.827,449.657,452.000,2.343,16.658000,101.066000,51.506800,0.711217,18.000000,97.276966,9.626386,9.626386,9.626386,4.843750,4.843750,0,0.000000,3.620319,4.670088,4.670088,5.070092,1.854286,16.266283,6.345521,6.472959,-0.01040358,0.00078310,-0.00461770,-1.012028,0.076177,-0.449196,4.632348,5.682116,4.593910,5.119284,4.721181,4.813182,-4.593910,,,,,,below deadband; feedforward + feedback
2026-05-17 16:02:49,3173.5,449.776,449.539,452.000,2.461,16.661600,101.067000,51.510100,0.710633,18.000000,97.277929,9.825860,9.825860,9.825860,9.600000,9.600000,0,0.000000,7.119806,4.412893,4.412893,5.057577,3.641422,16.305373,6.380635,6.485978,-0.00947919,0.00050226,-0.00781736,-0.922116,0.048859,-0.760457,8.041922,5.335009,4.364034,5.173350,4.787144,4.822862,-4.364034,,,,,,below deadband; feedforward + feedback
2026-05-17 16:02:55,3179.0,449.525,449.612,452.000,2.388,16.671400,101.063000,51.506800,0.711847,18.000000,97.274079,9.747292,9.747292,9.747292,9.812500,9.812500,0,0.000000,7.296407,4.325542,4.325542,5.025692,3.740287,16.345331,6.404302,6.475301,-0.00858849,0.00171267,-0.01218930,-0.835437,0.166599,-1.185703,8.131844,5.160979,4.158943,5.511244,4.765810,4.814923,-4.158943,,,,,,below deadband; feedforward + feedback
2026-05-17 16:03:00,3184.0,450.604,449.722,452.000,2.278,16.659200,101.070000,51.516800,0.710666,18.000000,97.280817,9.598884,9.598884,9.598884,9.725000,9.725000,0,0.000000,7.245286,4.328388,4.328388,4.995374,3.716726,16.381602,6.409579,6.425412,0.01191628,0.00376935,-0.01129443,1.159225,0.366685,-1.098732,6.086061,3.169163,3.961703,5.427120,4.696391,4.777827,-3.961703,,,,,,below deadband; feedforward + feedback
2026-05-17 16:03:05,3189.5,450.465,450.052,452.000,1.948,16.656100,101.063000,51.506900,0.713251,18.000000,97.274079,0.000000,4.598884,4.598884,9.600000,9.600000,0,0.000000,7.133748,4.423505,4.423505,4.955008,3.649842,16.420904,6.402784,6.382399,0.00337821,0.00584960,-0.00444496,0.328612,0.569014,-0.432380,6.805136,4.094893,3.854491,4.855884,4.665338,4.745842,-3.854491,,,,,,within deadband and CO2 rising; MFC zero
2026-05-17 16:03:11,3195.0,449.763,450.261,452.000,1.739,16.668500,101.066000,51.510200,0.711370,18.000000,97.276966,0.000000,0.000000,0.000000,6.581250,6.581250,0,0.000000,5.126074,4.674677,4.674677,4.915879,2.622039,16.453915,6.385549,6.333844,-0.00926070,0.00601513,0.00176861,-0.900853,0.585134,0.172045,6.026927,5.575530,4.089543,4.502632,4.666798,4.709738,-4.089543,,,,,,within deadband and CO2 rising; MFC zero
2026-05-17 16:03:16,3200.5,449.476,450.203,452.000,1.797,16.641700,101.064000,51.506800,0.711940,18.000000,97.275041,0.000000,0.000000,0.000000,0.000000,0.000000,0,0.000000,0.000000,4.957084,4.957084,4.887907,0.000000,16.453915,6.363503,6.297366,-0.01243727,0.00395793,0.00169177,-1.209836,0.385007,0.164567,1.209836,6.166920,4.572076,4.792517,4.689864,4.682613,-4.572076,,,,,,within deadband and CO2 rising; MFC zero
2026-05-17 16:03:22,3206.0,449.118,449.944,452.000,2.056,16.649800,101.065000,51.510100,0.709812,18.000000,97.276004,9.208300,5.000000,0.000000,0.000000,0.000000,0,0.000000,0.000000,5.098500,5.098500,4.865450,0.000000,16.453915,6.330355,6.230908,-0.02432042,0.00107816,0.00341329,-2.365793,0.104879,0.332031,2.365793,7.464293,4.993621,4.766468,4.731755,4.633197,-4.993621,,,,,,below deadband; feedforward + feedback
2026-05-17 16:03:27,3211.5,449.693,449.737,452.000,2.263,16.649400,101.065000,51.500200,0.712413,18.000000,97.276004,9.472215,5.000000,5.000000,0.000000,0.000000,0,0.000000,0.000000,5.017190,5.017190,4.873111,0.000000,16.453915,6.303455,6.222755,-0.00043699,-0.00159693,0.00472308,-0.042509,-0.155343,0.459442,0.042509,5.059699,5.172533,4.557747,4.799911,4.627134,-5.172533,,,,,,below deadband; feedforward + feedback
2026-05-17 16:03:33,3217.0,449.074,449.417,452.000,2.583,16.672600,101.064000,51.506800,0.712447,18.000000,97.275041,9.900000,9.900000,9.900000,4.850000,4.850000,0,0.000000,3.624967,4.760867,4.760867,4.874173,1.855814,16.473952,6.283555,6.223857,-0.00838672,-0.00462283,-0.00491355,-0.815819,-0.449686,-0.477966,4.440785,5.576686,5.210553,5.238833,4.879005,4.627954,-5.210553,,,,,,below deadband; feedforward + feedback
2026-05-17 16:03:38,3222.5,448.962,449.255,452.000,2.745,16.677100,101.066000,51.513500,0.712973,18.000000,97.276966,10.113132,10.113132,10.113132,9.868750,9.868750,0,0.000000,7.333586,4.512599,4.512599,4.864997,3.749072,16.514202,6.270097,6.229722,-0.01421878,-0.00582079,-0.01070054,-1.383160,-0.566229,-1.040917,8.716746,5.895759,5.078828,5.553516,5.016675,4.632315,-5.078828,,,,,,below deadband; feedforward + feedback
2026-05-17 16:03:43,3227.5,449.936,449.355,452.000,2.645,16.674600,101.065000,51.513500,0.713877,18.000000,97.276004,9.966814,9.966814,9.966814,10.075000,10.075000,0,0.000000,7.500892,4.425635,4.425635,4.845894,3.850016,16.551600,6.264059,6.245944,0.00183197,-0.00497670,-0.01211773,0.178207,-0.484113,-1.178765,7.322686,4.247428,4.909748,5.604399,4.983229,4.644377,-4.909748,,,,,,below deadband; feedforward + feedback
2026-05-17 16:03:49,3233.0,450.107,449.461,452.000,2.539,16.668200,101.065000,51.510100,0.713874,18.000000,97.276004,9.815604,9.815604,9.815604,9.943750,9.943750,0,0.000000,7.407944,4.424066,4.424066,4.833691,3.785885,16.592375,6.260934,6.251561,0.00556314,-0.00448975,-0.01402434,0.541160,-0.436745,-1.364232,6.866785,3.882907,4.860811,5.788298,5.006569,4.648554,-4.860811,,,,,,below deadband; feedforward + feedback
2026-05-17 16:03:54,3238.5,450.001,449.739,452.000,2.261,16.673600,101.067000,51.516800,0.712407,18.000000,97.277929,9.427956,9.427956,9.427956,9.806250,9.806250,0,0.000000,7.287112,4.405070,4.405070,4.820546,3.736416,16.632566,6.262976,6.269103,0.00800017,-0.00460507,-0.01048597,0.778240,-0.447972,-1.020053,6.508872,3.626830,4.853042,5.425124,4.975298,4.661598,-4.853042,,,,,,below deadband; feedforward + feedback
2026-05-17 16:04:00,3244.0,450.213,449.997,452.000,2.003,16.678300,101.067000,51.510200,0.712252,18.000000,97.277929,9.074669,9.074669,9.074669,9.406250,9.406250,0,0.000000,7.003621,4.511166,4.511166,4.810487,3.589241,16.671305,6.270819,6.294345,-0.00672281,-0.00392006,-0.00450134,-0.653981,-0.381335,-0.437881,7.657602,5.165147,4.892501,4.949048,4.908863,4.680368,-4.892501,,,,,,below deadband; feedforward + feedback
2026-05-17 16:04:05,3249.5,449.892,450.110,452.000,1.890,16.661200,101.067000,51.503500,0.710534,18.000000,97.277929,1.887906,4.074669,4.074669,9.137500,9.137500,0,0.000000,6.748015,4.620341,4.620341,4.809547,3.446536,16.708601,6.293021,6.359629,0.00067227,-0.00290070,0.00709538,0.065397,-0.282174,0.690224,6.682617,4.554944,4.902515,3.930117,4.851010,4.728911,-4.902515,,,,,,within lower deadband; partial feedforward
2026-05-17 16:04:11,3255.0,449.714,450.187,452.000,1.813,16.694800,101.067000,51.506800,0.711634,18.000000,97.277929,1.893934,1.893934,1.893934,4.062500,4.062500,0,0.000000,3.030100,4.625047,4.625047,4.788727,1.544895,16.725442,6.313112,6.373383,-0.00141178,-0.00065758,0.01731983,-0.137335,-0.063968,1.684837,3.167435,4.762382,4.689015,2.940210,4.923831,4.739139,-4.689015,,,,,,within lower deadband; partial feedforward
2026-05-17 16:04:16,3260.5,449.597,450.306,452.000,1.694,16.647600,101.065000,51.506800,0.711121,18.000000,97.276004,0.000000,0.000000,0.000000,1.875000,1.875000,0,0.000000,1.408160,4.527142,4.527142,4.749108,0.719131,16.734679,6.321894,6.348241,-0.00087398,0.00153851,0.02260358,-0.085017,0.149660,2.198786,1.493177,4.612159,4.377482,2.328356,4.978075,4.720444,-4.377482,,,,,,within deadband and CO2 rising; MFC zero
2026-05-17 16:04:22,3266.0,449.642,450.171,452.000,1.829,16.668000,101.064000,51.510200,0.711054,18.000000,97.275041,0.000000,0.000000,0.000000,0.000000,0.000000,0,0.000000,0.000000,4.322811,4.322811,4.687614,0.000000,16.734679,6.312507,6.284345,0.00751259,0.00257690,0.01894287,0.730788,0.250668,1.842669,-0.730788,3.592024,4.072143,2.480143,5.017428,4.672932,-4.072143,,,,,,within deadband and CO2 rising; MFC zero
2026-05-17 16:04:27,3271.5,449.784,449.945,452.000,2.055,16.671000,101.065000,51.510200,0.712385,18.000000,97.276004,9.161915,5.000000,0.000000,0.000000,0.000000,0,0.000000,0.000000,4.134592,4.134592,4.616964,0.000000,16.734679,6.285475,6.204377,0.01694149,0.00279093,0.01422107,1.648001,0.271490,1.383369,-1.648001,2.486591,3.863102,2.751223,4.958448,4.613468,-3.863102,,,,,,below deadband; feedforward + feedback
2026-05-17 16:04:33,3277.0,449.204,449.744,452.000,2.256,16.654700,101.065000,51.513500,0.711219,18.000000,97.276004,9.405684,5.000000,5.000000,0.000000,0.000000,0,0.000000,0.000000,4.070923,4.070923,4.557843,0.000000,16.734679,6.246689,6.130331,0.00798336,0.00121930,0.00248154,0.776589,0.118608,0.241394,-0.776589,3.294333,3.952314,3.829529,4.788445,4.558409,-3.952314,,,,,,below deadband; feedforward + feedback
2026-05-17 16:04:38,3282.5,448.993,449.421,452.000,2.579,16.683700,101.063000,51.513500,0.712409,18.000000,97.274079,9.816965,9.816965,9.816965,4.812500,4.812500,0,0.000000,3.615672,4.070923,4.070923,4.514502,1.848760,16.754183,6.206085,6.084275,-0.00801695,-0.00038815,-0.01216609,-0.779842,-0.037756,-1.183445,4.395514,4.850764,4.108679,5.254368,4.738934,4.524163,-4.108679,,,,,,below deadband; feedforward + feedback
2026-05-17 16:04:43,3287.5,449.835,449.364,452.000,2.636,16.658000,101.065000,51.500200,0.710529,18.000000,97.276004,9.862875,9.862875,9.862875,9.787500,9.787500,0,0.000000,7.282465,4.144158,4.144158,4.498400,3.730545,16.790602,6.172930,6.073464,0.00310931,-0.00200571,-0.01590364,0.302461,-0.195108,-1.547043,6.980004,3.841697,4.339266,5.691201,4.699924,4.516124,-4.339266,,,,,,below deadband; feedforward + feedback
2026-05-17 16:04:49,3293.0,449.509,449.414,452.000,2.586,16.670800,101.064000,51.500200,0.714091,18.000000,97.275041,9.767784,9.767784,9.767784,9.562500,9.562500,0,0.000000,7.115159,4.303854,4.303854,4.482477,3.638667,16.832146,6.147909,6.072846,-0.00857160,-0.00287305,-0.01707980,-0.833803,-0.279476,-1.661438,7.948961,5.137656,4.583329,5.965292,4.676252,4.515664,-4.583329,,,,,,below deadband; feedforward + feedback
2026-05-17 16:04:54,3298.5,448.993,449.420,452.000,2.580,16.673500,101.066000,51.510200,0.710132,18.000000,97.276966,9.747422,9.747422,9.747422,9.762500,9.762500,0,0.000000,7.245286,4.431425,4.431425,4.483283,3.694089,16.871791,6.135527,6.098382,-0.01574833,-0.00379688,-0.01944758,-1.531950,-0.369349,-1.891801,8.777235,5.963375,4.800774,6.323226,4.703572,4.534653,-4.800774,,,,,,below deadband; feedforward + feedback
2026-05-17 16:05:00,3304.0,449.332,449.602,452.000,2.398,16.671800,101.065000,51.500200,0.712484,18.000000,97.276004,9.501263,9.501263,9.501263,9.737500,9.737500,0,0.000000,7.254580,4.415043,4.415043,4.494392,3.709539,16.911643,6.143433,6.167151,-0.01477365,-0.00304215,-0.01494508,-1.437122,-0.295928,-1.453797,8.691702,5.852165,4.710971,5.868840,4.804735,4.585788,-4.710971,,,,,,below deadband; feedforward + feedback
2026-05-17 16:05:05,3309.5,449.809,449.710,452.000,2.290,16.655600,101.066000,51.500200,0.711778,18.000000,97.276966,9.363857,9.363857,9.363857,9.493750,9.493750,0,0.000000,7.064037,4.413629,4.413629,4.493943,3.619647,16.950604,6.158522,6.203789,-0.01047089,-0.00041329,-0.00884774,-1.018577,-0.040204,-0.860681,8.082614,5.432206,4.453833,5.274310,4.865522,4.613031,-4.453833,,,,,,below deadband; feedforward + feedback
2026-05-17 16:05:11,3315.0,450.173,449.851,452.000,2.149,16.663600,101.064000,51.503500,0.711152,18.000000,97.275041,9.181209,9.181209,9.181209,9.356250,9.356250,0,0.000000,6.966442,4.412409,4.412409,4.482022,3.557825,16.988959,6.172189,6.213188,0.00225216,0.00173843,0.00079990,0.219079,0.169106,0.077811,6.747363,4.193330,4.243303,4.334599,4.802695,4.620020,-4.243303,,,,,,below deadband; feedforward + feedback
2026-05-17 16:05:16,3320.5,450.089,450.001,452.000,1.999,16.650700,101.066000,51.503500,0.713325,18.000000,97.276966,0.000000,4.181209,4.181209,9.231250,9.231250,0,0.000000,6.808431,4.451815,4.451815,4.459055,3.477215,17.026585,6.176800,6.190636,0.00897498,0.00255614,0.01193665,0.873058,0.248654,1.161161,5.935372,3.578757,4.203161,3.290654,4.685051,4.603251,-4.203161,,,,,,within deadband and CO2 rising; MFC zero
2026-05-17 16:05:22,3326.0,449.872,450.165,452.000,1.835,16.670500,101.065000,51.506800,0.708965,18.000000,97.276004,0.000000,0.000000,0.000000,4.018750,4.018750,0,0.000000,3.109106,4.626848,4.626848,4.437616,1.590826,17.043777,6.169900,6.149197,0.00401689,0.00319834,0.01734836,0.390747,0.311122,1.687580,2.718359,4.236101,4.315726,2.939268,4.538315,4.572438,-4.315726,,,,,,within deadband and CO2 rising; MFC zero
2026-05-17 16:05:27,3331.5,449.752,450.113,452.000,1.887,16.659200,101.065000,51.506800,0.712962,18.000000,97.276004,0.000000,0.000000,0.000000,0.000000,0.000000,0,0.000000,0.000000,4.847579,4.847579,4.429906,0.000000,17.043777,6.155312,6.111548,-0.00438666,0.00299093,0.01716999,-0.426717,0.290946,1.670228,0.426717,5.274296,4.556634,3.177351,4.548070,4.544442,-4.556634,,,,,,within deadband and CO2 rising; MFC zero
2026-05-17 16:05:32,3336.5,449.729,450.012,452.000,1.988,16.638200,101.067000,51.503500,0.710945,18.000000,97.277929,0.000000,0.000000,0.000000,0.000000,0.000000,0,0.000000,0.000000,4.912159,4.912159,4.450874,0.000000,17.043777,6.148173,6.126755,0.00882370,0.00110649,0.01437384,0.858351,0.107637,1.398257,-0.858351,4.053808,4.804521,3.513902,4.526580,4.555750,-4.804521,,,,,,within deadband and CO2 rising; MFC zero
2026-05-17 16:05:38,3342.0,448.887,449.748,452.000,2.252,16.657700,101.063000,51.506800,0.712028,18.000000,97.274079,9.293308,5.000000,5.000000,0.000000,0.000000,0,0.000000,0.000000,4.834489,4.834489,4.454075,0.000000,17.043777,6.140158,6.116114,-0.00178154,-0.00199509,0.00374853,-0.173298,-0.194071,0.364635,0.173298,5.007787,5.028560,4.469855,4.501845,4.547837,-5.028560,,,,,,below deadband; feedforward + feedback
2026-05-17 16:05:43,3347.5,449.571,449.529,452.000,2.471,16.660400,101.068000,51.510200,0.713331,18.000000,97.278892,9.585286,9.585286,9.585286,4.862500,4.862500,0,0.000000,3.620319,4.593909,4.593909,4.459064,1.852691,17.063958,6.126096,6.083912,-0.00332780,-0.00328996,-0.00439364,-0.323724,-0.320043,-0.427409,3.944044,4.917634,4.913952,5.021318,4.468950,4.523893,-4.913952,,,,,,below deadband; feedforward + feedback
2026-05-17 16:05:49,3353.0,449.610,449.403,452.000,2.597,16.673700,101.060000,51.510100,0.712727,18.000000,97.271191,9.749707,9.749707,9.749707,9.556250,9.556250,0,0.000000,7.096569,4.348624,4.348624,4.455634,3.625365,17.102944,6.113592,6.076080,0.00954658,-0.00394840,-0.00687592,0.928607,-0.384065,-0.668828,6.167962,3.420016,4.732689,5.017452,4.447909,4.518069,-4.732689,,,,,,below deadband; feedforward + feedback
2026-05-17 16:05:54,3358.5,450.580,449.580,452.000,2.420,16.682200,101.064000,51.510200,0.711576,18.000000,97.275041,9.487456,9.487456,9.487456,9.731250,9.731250,0,0.000000,7.235991,4.257903,4.257903,4.448945,3.708040,17.142620,6.099001,6.055228,0.01783259,-0.00261144,-0.00841743,1.734666,-0.254028,-0.818806,5.501325,2.523236,4.511931,5.076709,4.397746,4.502564,-4.511931,,,,,,below deadband; feedforward + feedback
2026-05-17 16:06:00,3364.0,449.853,449.804,452.000,2.196,16.661500,101.062000,51.516800,0.712244,18.000000,97.273116,9.154615,9.154615,9.154615,11.712500,11.712500,0,0.000000,8.871873,4.248530,4.248530,4.437007,4.536543,17.185720,6.080075,6.023295,0.00885732,-0.00125003,-0.00682677,0.861579,-0.121594,-0.664061,8.010294,3.386952,4.370125,4.912591,4.316919,4.478819,-4.370125,,,,,,below deadband; feedforward + feedback
2026-05-17 16:06:05,3369.5,449.062,449.893,452.000,2.107,16.662000,101.061000,51.503500,0.712163,18.000000,97.272154,9.006863,9.006863,9.006863,8.862500,8.862500,0,0.000000,6.576061,4.247601,4.247601,4.420064,3.361812,17.220379,6.056608,5.986207,-0.01324397,-0.00049538,-0.00638823,-1.288269,-0.048187,-0.621397,7.864330,5.535870,4.295788,4.868998,4.361506,4.451241,-4.295788,,,,,,below deadband; feedforward + feedback
2026-05-17 16:06:11,3375.0,449.558,449.786,452.000,2.214,16.663400,101.063000,51.496900,0.713154,18.000000,97.274079,9.132128,9.132128,9.132128,8.987500,8.987500,0,0.000000,6.692246,4.271245,4.271245,4.403982,3.425074,17.256940,6.032738,5.961128,-0.01620201,-0.00007722,-0.00773418,-1.576036,-0.007511,-0.752335,8.268282,5.847281,4.278756,5.023580,4.410820,4.432593,-4.278756,,,,,,below deadband; feedforward + feedback
2026-05-17 16:06:16,3380.5,449.907,449.728,452.000,2.272,16.679100,101.064000,51.510200,0.712533,18.000000,97.275041,9.191678,9.191678,9.191678,9.131250,9.131250,0,0.000000,6.785194,4.349960,4.349960,4.395929,3.466829,17.294159,6.011438,5.947540,-0.01196669,0.00200211,-0.00274293,-1.164060,0.194755,-0.266819,7.949254,5.514020,4.155205,4.616779,4.451814,4.422489,-4.155205,,,,,,below deadband; feedforward + feedback
2026-05-17 16:06:22,3386.0,450.149,449.740,452.000,2.260,16.661000,101.064000,51.506800,0.712083,18.000000,97.275041,9.162534,9.162534,9.162534,9.181250,9.181250,0,0.000000,6.845610,4.548055,4.548055,4.406167,3.497566,17.331709,5.998534,5.959823,0.00734464,0.00282691,0.00540735,0.714451,0.274987,0.526000,6.131159,3.833604,4.273068,4.022055,4.462795,4.431622,-4.273068,,,,,,below deadband; feedforward + feedback
2026-05-17 16:06:27,3391.0,450.810,449.868,452.000,2.132,16.675800,101.065000,51.503500,0.710911,18.000000,97.276004,8.974597,8.974597,8.974597,9.168750,9.168750,0,0.000000,6.813078,4.801493,4.801493,4.423355,3.476025,17.365826,5.989867,5.963863,0.01778186,0.00309199,0.00959692,1.729748,0.300776,0.933550,5.083330,3.071744,4.500717,3.867942,4.402314,4.434626,-4.500717,,,,,,below deadband; feedforward + feedback
2026-05-17 16:06:32,3396.5,450.239,450.118,452.000,1.882,16.653700,101.061000,51.506800,0.711766,18.000000,97.272154,0.000000,3.974597,3.974597,8.987500,8.987500,0,0.000000,6.673656,5.114533,5.114533,4.465961,3.410453,17.402634,5.996165,6.015059,0.02124392,0.00386396,0.01501110,2.066442,0.375856,1.460162,4.607214,3.048091,4.738678,3.654371,4.426727,4.472695,-4.738678,,,,,,within deadband and CO2 rising; MFC zero
2026-05-17 16:06:38,3402.0,450.719,450.362,452.000,1.638,16.649600,101.063000,51.500200,0.713181,18.000000,97.274079,0.000000,0.000000,0.000000,3.950000,3.950000,0,0.000000,2.951095,5.424185,5.424185,4.524799,1.508072,17.419053,6.016092,6.075876,0.03447192,0.00443853,0.01771091,3.353224,0.431753,1.722813,-0.402129,2.070961,4.992432,3.701373,4.373537,4.517917,-4.992432,,,,,,within deadband and CO2 rising; MFC zero
2026-05-17 16:06:43,3407.5,449.666,450.332,452.000,1.668,16.698000,101.065000,51.520200,0.711275,18.000000,97.276004,0.000000,0.000000,0.000000,0.000000,0.000000,0,0.000000,0.000000,5.565253,5.565253,4.610025,0.000000,17.419053,6.050675,6.154422,0.00077314,0.00360108,0.01197177,0.075208,0.350299,1.164566,-0.075208,5.490045,5.214954,4.400687,4.426770,4.576323,-5.214954,,,,,,within deadband and CO2 rising; MFC zero
2026-05-17 16:06:49,3413.0,449.644,450.243,452.000,1.757,16.656000,101.060000,51.513500,0.711531,18.000000,97.271191,0.000000,0.000000,0.000000,0.000000,0.000000,0,0.000000,0.000000,5.386290,5.386290,4.659226,0.000000,17.419053,6.084119,6.184452,-0.00731112,0.00320453,0.00604781,-0.711162,0.311709,0.588277,0.711162,6.097451,5.074581,4.798013,4.470397,4.598653,-5.074581,,,,,,within deadband and CO2 rising; MFC zero
2026-05-17 16:06:54,3418.5,449.052,449.971,452.000,2.029,16.693100,101.065000,51.506800,0.710614,18.000000,97.276004,8.952074,5.000000,5.000000,0.000000,0.000000,0,0.000000,0.000000,5.022902,5.022902,4.686112,0.000000,17.419053,6.111194,6.192417,-0.01994999,0.00094402,0.00284132,-1.940655,0.091830,0.276392,1.940655,6.963558,4.931072,4.746510,4.515860,4.604575,-4.931072,,,,,,below deadband; feedforward + feedback
2026-05-17 16:07:00,3424.0,449.796,449.587,452.000,2.413,16.658300,101.063000,51.506900,0.711902,18.000000,97.274079,9.511073,9.511073,9.511073,4.875000,4.875000,0,0.000000,3.620319,4.710539,4.710539,4.699543,1.851214,17.438933,6.132628,6.196929,0.00174793,-0.00076325,-0.00313495,0.170029,-0.074245,-0.304949,3.450290,4.540511,4.784784,5.015488,4.456239,4.607930,-4.784784,,,,,,below deadband; feedforward + feedback
2026-05-17 16:07:05,3429.0,449.523,449.541,452.000,2.459,16.669600,101.064000,51.516800,0.712842,18.000000,97.275041,9.590644,9.590644,9.590644,9.462500,9.462500,0,0.000000,7.040800,4.484928,4.484928,4.690212,3.599690,17.474167,6.148079,6.194434,0.00774808,-0.00082574,-0.00487215,0.753695,-0.080324,-0.473939,6.287105,3.731233,4.565252,4.958867,4.424717,4.606075,-4.565252,,,,,,below deadband; feedforward + feedback
2026-05-17 16:07:10,3434.5,449.583,449.560,452.000,2.440,16.681600,101.064000,51.503500,0.711701,18.000000,97.275041,9.574674,9.574674,9.574674,9.581250,9.581250,0,0.000000,7.115159,4.391109,4.391109,4.689233,3.514718,17.513097,6.158919,6.191439,0.00042018,-0.00011825,-0.01016466,0.040873,-0.011503,-0.988767,7.074286,4.350236,4.402611,5.379876,4.377675,4.603848,-4.402611,,,,,,below deadband; feedforward + feedback
2026-05-17 16:07:15,3439.5,449.795,449.709,452.000,2.291,16.671400,101.069000,51.506800,0.713174,18.000000,97.279854,9.375406,9.375406,9.375406,9.568750,9.568750,0,0.000000,7.115159,4.392251,4.392251,4.688357,3.527223,17.548697,6.168286,6.196387,-0.00699177,0.00066122,-0.01152781,-0.680158,0.064324,-1.121424,7.795317,5.072409,4.327927,5.513675,4.415896,4.607527,-4.327927,,,,,,below deadband; feedforward + feedback
2026-05-17 16:07:20,3444.5,450.599,449.932,452.000,2.068,16.661000,101.063000,51.510200,0.710889,18.000000,97.274079,9.070670,9.070670,9.070670,9.381250,9.381250,0,0.000000,6.980384,4.399396,4.399396,4.686077,3.462201,17.583674,6.175155,6.195763,0.00863882,0.00212705,-0.00884050,0.840333,0.206907,-0.859951,6.140051,3.559063,4.192490,5.259348,4.415039,4.607063,-4.192490,,,,,,below deadband; feedforward + feedback
2026-05-17 16:07:25,3449.5,450.579,450.122,452.000,1.878,16.642500,101.065000,51.510100,0.712908,18.000000,97.276004,0.000000,4.070670,4.070670,9.043750,9.043750,0,0.000000,6.734072,4.439655,4.439655,4.677939,3.325880,17.617575,6.176907,6.182161,0.00665566,0.00366529,-0.00529869,0.647436,0.356545,-0.515435,6.086636,3.792218,4.083110,4.955090,4.395740,4.596949,-4.083110,,,,,,within deadband and CO2 rising; MFC zero
2026-05-17 16:07:31,3455.0,449.482,450.199,452.000,1.801,16.703000,101.059000,51.503500,0.711086,18.000000,97.270229,0.000000,0.000000,0.000000,1.806250,1.806250,0,0.000000,1.449987,4.639609,4.639609,4.668896,0.741244,17.656220,6.172995,6.161259,-0.01403400,0.00452820,0.00100416,-1.365091,0.440459,0.097675,2.815077,6.004699,4.199150,4.541934,4.427497,4.581407,-4.199150,,,,,,within deadband and CO2 rising; MFC zero
2026-05-17 16:07:36,3460.0,449.371,450.096,452.000,1.904,16.664900,101.061000,51.510100,0.711119,18.000000,97.272154,0.000000,0.000000,0.000000,0.000000,0.000000,0,0.000000,0.000000,4.999162,4.999162,4.672679,0.000000,17.656220,6.168907,6.156644,-0.02542919,0.00281230,0.00248797,-2.473552,0.273558,0.242010,2.473552,7.472714,4.725604,4.757152,4.576145,4.577975,-4.725604,,,,,,within deadband and CO2 rising; MFC zero
2026-05-17 16:07:41,3465.5,449.456,449.957,452.000,2.043,16.653700,101.063000,51.506800,0.710507,18.000000,97.274079,9.026778,5.000000,0.000000,0.000000,0.000000,0,0.000000,0.000000,5.101153,5.101153,4.684273,0.000000,17.656220,6.166018,6.157351,-0.00420177,0.00062210,0.00633608,-0.408723,0.060515,0.616336,0.408723,5.509876,5.040638,4.484817,4.597975,4.578501,-5.040638,,,,,,below deadband; feedforward + feedback
2026-05-17 16:07:47,3471.0,449.610,449.721,452.000,2.279,16.659200,101.062000,51.510100,0.710752,18.000000,97.273116,9.358877,5.000000,5.000000,0.000000,0.000000,0,0.000000,0.000000,5.061243,5.061243,4.704592,0.000000,17.656220,6.167752,6.172956,-0.00638665,-0.00122941,0.00372075,-0.621249,-0.119589,0.361929,0.621249,5.682492,5.180832,4.699314,4.631230,4.590104,-5.180832,,,,,,below deadband; feedforward + feedback
2026-05-17 16:07:52,3476.5,449.650,449.527,452.000,2.473,16.666700,101.061000,51.516800,0.713413,18.000000,97.272154,9.635798,9.635798,9.635798,4.943750,4.943750,0,0.000000,3.615672,4.875154,4.875154,4.727485,1.848332,17.676484,6.173878,6.192254,0.00310931,-0.00192855,-0.00003682,0.302449,-0.187594,-0.003581,3.313222,4.572705,5.062748,4.878735,4.681347,4.604454,-5.062748,,,,,,below deadband; feedforward + feedback
2026-05-17 16:07:58,3482.0,450.250,449.570,452.000,2.430,16.659500,101.063000,51.506800,0.712070,18.000000,97.274079,9.585787,9.585787,9.585787,9.606250,9.606250,0,0.000000,7.138396,4.643559,4.643559,4.744252,3.648959,17.715632,6.183647,6.212955,0.02195057,-0.00228634,-0.00670239,2.135221,-0.222402,-0.651969,5.003174,2.508338,4.865961,5.295528,4.680699,4.619847,-4.865961,,,,,,below deadband; feedforward + feedback
2026-05-17 16:08:03,3487.5,450.500,449.699,452.000,2.301,16.648600,101.061000,51.510100,0.711597,18.000000,97.272154,9.418075,9.418075,9.418075,9.556250,9.556250,0,0.000000,7.101217,4.564941,4.564941,4.758009,3.631130,17.754748,6.196045,6.233239,0.01242045,-0.00156359,-0.00716301,1.208164,-0.152094,-0.696761,5.893053,3.356777,4.717035,5.261702,4.679387,4.634930,-4.717035,,,,,,below deadband; feedforward + feedback
2026-05-17 16:08:09,3493.0,450.041,449.851,452.000,2.149,16.657300,101.061000,51.506800,0.710146,18.000000,97.272154,9.220971,9.220971,9.220971,9.406250,9.406250,0,0.000000,6.989679,4.528555,4.528555,4.770225,3.562497,17.793285,6.212056,6.260087,-0.00198323,-0.00232736,-0.00536887,-0.192913,-0.226387,-0.522242,7.182593,4.721469,4.754943,5.050797,4.643978,4.654893,-4.754943,,,,,,below deadband; feedforward + feedback
2026-05-17 16:08:14,3498.5,449.924,449.994,452.000,2.006,16.645600,101.059000,51.510100,0.713334,18.000000,97.270229,9.040200,9.040200,9.040200,9.218750,9.218750,0,0.000000,6.845610,4.571505,4.571505,4.783280,3.481821,17.831085,6.231905,6.291454,0.00541209,-0.00250538,-0.00340247,0.526435,-0.243699,-0.330959,6.319175,4.045070,4.815204,4.902464,4.565621,4.678217,-4.815204,,,,,,below deadband; feedforward + feedback
2026-05-17 16:08:20,3504.0,450.258,450.226,452.000,1.774,16.695200,101.060000,51.506800,0.713863,18.000000,97.271191,1.876290,4.040200,4.040200,9.025000,9.025000,0,0.000000,6.710835,4.583472,4.583472,4.793432,3.435836,17.868113,6.254300,6.321486,-0.00573130,-0.00087750,0.00366297,-0.557491,-0.085356,0.356302,7.268326,5.140963,4.668828,4.227170,4.549401,4.700549,-4.668828,,,,,,within lower deadband; partial feedforward
2026-05-17 16:08:25,3509.5,449.676,450.187,452.000,1.813,16.671300,101.060000,51.510200,0.712518,18.000000,97.271191,1.882911,1.882911,1.882911,4.031250,4.031250,0,0.000000,3.006863,4.584034,4.584034,4.794997,1.536902,17.884737,6.276370,6.342578,-0.01154646,-0.00051152,0.00996458,-1.123138,-0.049756,0.969267,4.130001,5.707171,4.633790,3.614767,4.630861,4.716232,-4.633790,,,,,,within lower deadband; partial feedforward
2026-05-17 16:08:31,3515.0,449.883,450.099,452.000,1.901,16.664100,101.058000,51.506800,0.713098,18.000000,97.269266,1.887826,1.887826,1.887826,1.887500,1.887500,0,0.000000,1.398865,4.486806,4.486806,4.781315,0.715437,17.893875,6.292754,6.341906,-0.00073951,-0.00002486,0.01184481,-0.071932,-0.002418,1.152136,1.470797,4.558738,4.489224,3.334670,4.695513,4.715732,-4.489224,,,,,,within lower deadband; partial feedforward
2026-05-17 16:08:36,3520.5,450.022,449.960,452.000,2.040,16.658900,101.059000,51.506900,0.711834,18.000000,97.270229,9.152969,6.887826,6.887826,1.993750,1.993750,0,0.000000,1.398865,4.284528,4.284528,4.745227,0.715650,17.901573,6.297144,6.310313,0.01203392,0.00088571,0.00674841,1.170542,0.086154,0.656419,0.228323,3.113986,4.198375,3.628109,4.698378,4.692241,-4.198375,,,,,,below deadband; feedforward + feedback
2026-05-17 16:08:41,3525.5,449.890,449.681,452.000,2.319,16.662500,101.060000,51.506800,0.710475,18.000000,97.271191,9.532591,9.532591,9.532591,6.875000,6.875000,0,0.000000,5.116780,4.094528,4.094528,4.687416,2.617308,17.926919,6.285711,6.251415,0.00680688,0.00112465,0.00181906,0.662114,0.109396,0.176942,4.454666,3.432414,3.985131,3.917586,4.757571,4.648445,-3.985131,,,,,,below deadband; feedforward + feedback
2026-05-17 16:08:47,3531.0,449.812,449.543,452.000,2.457,16.686000,101.060000,51.506800,0.711787,18.000000,97.271191,9.700296,9.700296,9.700296,9.518750,9.518750,0,0.000000,7.077980,4.123477,4.123477,4.624730,3.621094,17.965232,6.260671,6.185551,0.00552952,0.00035934,-0.00474881,0.537863,0.034953,-0.461922,6.540117,3.585614,4.088524,4.585399,4.674770,4.599470,-4.088524,,,,,,below deadband; feedforward + feedback
2026-05-17 16:08:52,3536.5,450.680,449.626,452.000,2.374,16.649200,101.061000,51.503500,0.711713,18.000000,97.272154,9.554350,9.554350,9.554350,9.700000,9.700000,0,0.000000,7.217401,4.401817,4.401817,4.581927,3.667571,18.004786,6.231275,6.143085,0.01223553,0.00055007,-0.00697605,1.190176,0.053506,-0.678575,6.027225,3.211641,4.348311,5.080392,4.549300,4.567893,-4.348311,,,,,,below deadband; feedforward + feedback
2026-05-17 16:08:58,3542.0,449.764,449.794,452.000,2.206,16.666700,101.058000,51.510100,0.710805,18.000000,97.269266,9.295194,9.295194,9.295194,9.456250,9.456250,0,0.000000,7.045448,4.728858,4.728858,4.569143,3.609297,18.046024,6.206689,6.132930,-0.01095807,-0.00029327,-0.00676410,-1.065884,-0.028526,-0.657939,8.111332,5.794742,4.757384,5.386797,4.498482,4.560342,-4.757384,,,,,,below deadband; feedforward + feedback
2026-05-17 16:09:03,3547.5,449.198,449.791,452.000,2.209,16.681800,101.061000,51.506800,0.711683,18.000000,97.272154,9.286974,9.286974,9.286974,9.275000,9.275000,0,0.000000,6.892084,5.068176,5.068176,4.584692,3.538623,18.083859,6.195039,6.160090,-0.01956379,-0.00186197,-0.00973206,-1.903012,-0.181118,-0.946659,8.795096,6.971188,5.249294,6.014835,4.604163,4.580538,-5.249294,,,,,,below deadband; feedforward + feedback
2026-05-17 16:09:09,3553.0,450.624,449.996,452.000,2.004,16.639500,101.060000,51.506800,0.712616,18.000000,97.271191,9.001566,9.001566,9.001566,9.281250,9.281250,0,0.000000,6.906026,5.174988,5.174988,4.614695,3.519014,18.121814,6.196491,6.200847,0.00430268,-0.00089757,-0.00358129,0.418526,-0.087307,-0.348357,6.487500,4.756462,5.262296,5.523345,4.648738,4.610844,-5.262296,,,,,,below deadband; feedforward + feedback
2026-05-17 16:09:14,3558.5,450.005,450.052,452.000,1.948,16.668800,101.060000,51.506800,0.711533,18.000000,97.271191,0.000000,4.001566,4.001566,9.037500,9.037500,0,0.000000,6.682951,5.167514,5.167514,4.648451,3.408879,18.158781,6.208461,6.244372,-0.00221854,0.00021093,0.00127217,-0.215800,0.020518,0.123746,6.898751,5.383314,5.146996,5.043768,4.693655,4.643208,-5.146996,,,,,,within deadband and CO2 rising; MFC zero
2026-05-17 16:09:20,3564.0,450.584,450.214,452.000,1.786,16.666100,101.058000,51.510100,0.711763,18.000000,97.269266,0.000000,0.000000,0.000000,3.818750,3.818750,0,0.000000,2.974332,5.154288,5.154288,4.681583,1.519351,18.175237,6.226991,6.282579,0.00485716,0.00177796,0.01214154,0.472453,0.172941,1.180999,2.501879,4.681835,4.981347,3.973289,4.676673,4.671618,-4.981347,,,,,,within deadband and CO2 rising; MFC zero
2026-05-17 16:09:25,3569.5,450.015,450.269,452.000,1.731,16.646000,101.056000,51.506800,0.713092,18.000000,97.267341,0.000000,0.000000,0.000000,0.000000,0.000000,0,0.000000,0.000000,5.044513,5.044513,4.721904,0.000000,18.175237,6.258166,6.351693,0.00811795,0.00318612,0.01480977,0.789611,0.309905,1.440507,-0.789611,4.254901,4.734608,3.604006,4.748505,4.723010,-4.734608,,,,,,within deadband and CO2 rising; MFC zero
2026-05-17 16:09:31,3575.0,449.569,450.073,452.000,1.927,16.657400,101.058000,51.506800,0.709905,18.000000,97.269266,0.000000,0.000000,0.000000,0.000000,0.000000,0,0.000000,0.000000,4.790184,4.790184,4.728748,0.000000,18.175237,6.285618,6.367975,0.00013446,0.00333792,0.00965698,0.013078,0.324677,0.939327,-0.013078,4.777106,4.465507,3.850857,4.692705,4.735117,-4.465507,,,,,,within deadband and CO2 rising; MFC zero
2026-05-17 16:09:36,3580.0,448.934,449.840,452.000,2.160,16.677200,101.057000,51.510100,0.711824,18.000000,97.268304,9.323748,5.000000,5.000000,0.000000,0.000000,0,0.000000,0.000000,4.430631,4.430631,4.702906,0.000000,18.175237,6.299188,6.339896,-0.01828590,0.00168982,0.00305957,-1.778639,0.164366,0.297599,1.778639,6.209270,4.266265,4.133032,4.635276,4.714238,-4.266265,,,,,,below deadband; feedforward + feedback
2026-05-17 16:09:41,3585.5,449.983,449.575,452.000,2.425,16.664500,101.059000,51.506800,0.711619,18.000000,97.270229,9.692764,9.692764,9.692764,4.981250,4.981250,0,0.000000,3.615672,4.328640,4.328640,4.667791,1.843425,18.194854,6.298359,6.295873,0.00121011,0.00008391,-0.00561652,0.117708,0.008162,-0.546320,3.497964,4.210932,4.320478,4.874960,4.576233,4.681504,-4.320478,,,,,,below deadband; feedforward + feedback
2026-05-17 16:09:47,3591.0,449.536,449.503,452.000,2.497,16.685500,101.059000,51.513500,0.710564,18.000000,97.270229,9.784328,9.784328,9.784328,9.662500,9.662500,0,0.000000,7.175575,4.417095,4.417095,4.638512,3.668402,18.234315,6.287968,6.256795,-0.00324375,-0.00127956,-0.01179466,-0.315520,-0.124463,-1.147269,7.491095,4.732615,4.541559,5.564364,4.533057,4.652446,-4.541559,,,,,,below deadband; feedforward + feedback
2026-05-17 16:09:52,3596.5,450.738,449.606,452.000,2.394,16.656100,101.056000,51.510200,0.713768,18.000000,97.267341,9.629135,9.629135,9.629135,9.768750,9.768750,0,0.000000,7.259228,4.670862,4.670862,4.629226,3.709532,18.274153,6.277080,6.244416,0.00993306,-0.00194694,-0.00959873,0.966162,-0.189373,-0.933642,6.293066,3.704700,4.860236,5.604505,4.493602,4.643241,-4.860236,,,,,,below deadband; feedforward + feedback
2026-05-17 16:09:58,3602.0,450.417,449.907,452.000,2.093,16.638800,101.055000,51.503500,0.711398,18.000000,97.266379,9.201193,9.201193,9.201193,9.625000,9.625000,0,0.000000,7.143043,4.906969,4.906969,4.641199,3.639500,18.313575,6.271448,6.254550,0.00601701,-0.00128280,-0.00254617,0.585253,-0.124773,-0.247656,6.557790,4.321717,5.031742,5.154626,4.576028,4.650776,-5.031742,,,,,,below deadband; feedforward + feedback
2026-05-17 16:10:03,3607.5,450.220,450.100,452.000,1.900,16.656100,101.058000,51.506800,0.711412,18.000000,97.269266,1.881600,4.201193,4.201193,9.250000,9.250000,0,0.000000,6.840962,4.985723,4.985723,4.660326,3.494480,18.351433,6.271998,6.273651,0.00786570,-0.00045018,-0.00467305,0.765091,-0.043789,-0.454544,6.075872,4.220632,5.029512,5.440267,4.615295,4.664980,-5.029512,,,,,,within lower deadband; partial feedforward
2026-05-17 16:10:08,3612.5,450.275,450.235,452.000,1.765,16.672300,101.060000,51.516800,0.711447,18.000000,97.271191,0.000000,0.000000,0.000000,4.000000,4.000000,0,0.000000,3.113753,4.982528,4.982528,4.674334,1.594338,18.367162,6.276180,6.288725,-0.00586565,0.00061429,0.00046273,-0.570559,0.059752,0.045011,3.684312,5.553087,4.922776,4.937518,4.656068,4.676188,-4.922776,,,,,,within deadband and CO2 rising; MFC zero
2026-05-17 16:10:14,3618.0,449.366,450.167,452.000,1.833,16.667800,101.058000,51.503500,0.710893,18.000000,97.269266,0.000000,0.000000,0.000000,0.000000,0.000000,0,0.000000,0.000000,4.895293,4.895293,4.690280,0.000000,18.367162,6.280110,6.291901,-0.01073972,0.00088444,0.00422763,-1.044645,0.086029,0.411219,1.044645,5.939938,4.809264,4.484074,4.709045,4.678550,-4.809264,,,,,,within deadband and CO2 rising; MFC zero
2026-05-17 16:10:19,3623.0,449.598,450.034,452.000,1.966,16.655800,101.058000,51.506800,0.712525,18.000000,97.269266,0.000000,0.000000,0.000000,0.000000,0.000000,0,0.000000,0.000000,4.670475,4.670475,4.694583,0.000000,18.367162,6.278599,6.274066,-0.01267253,0.00164803,0.00663330,-1.232647,0.160302,0.645216,1.232647,5.903122,4.510173,4.025259,4.789830,4.665288,-4.510173,,,,,,within deadband and CO2 rising; MFC zero
2026-05-17 16:10:24,3628.0,449.687,449.834,452.000,2.166,16.653400,101.055000,51.496900,0.711932,18.000000,97.266379,9.304368,5.000000,5.000000,0.000000,0.000000,0,0.000000,0.000000,4.385958,4.385958,4.685995,0.000000,18.367162,6.271303,6.249416,-0.00255467,0.00142597,0.00538725,-0.248484,0.138699,0.523998,0.248484,4.634442,4.247259,3.861960,4.767807,4.646959,-4.247259,,,,,,below deadband; feedforward + feedback
2026-05-17 16:10:29,3633.0,449.057,449.607,452.000,2.393,16.685400,101.056000,51.510100,0.713246,18.000000,97.267341,9.608588,9.608588,9.608588,4.856250,4.856250,0,0.000000,3.592435,4.135792,4.135792,4.666506,1.834629,18.385639,6.258353,6.219504,-0.01752977,0.00013958,0.00069323,-1.705074,0.013576,0.067428,5.297509,5.840866,4.122216,4.068364,4.773620,4.624716,-4.122216,,,,,,below deadband; feedforward + feedback
2026-05-17 16:10:34,3638.0,449.047,449.489,452.000,2.511,16.699100,101.055000,51.500200,0.710184,18.000000,97.266379,9.759957,9.759957,9.759957,10.825000,10.825000,0,0.000000,8.077169,4.078649,4.078649,4.648760,4.138479,18.425941,6.244172,6.201629,-0.00660517,-0.00107821,-0.00375249,-0.642461,-0.104874,-0.364991,8.719630,4.721110,4.183523,4.443640,4.780680,4.611425,-4.183523,,,,,,below deadband; feedforward + feedback
2026-05-17 16:10:39,3643.5,449.574,449.481,452.000,2.519,16.649200,101.056000,51.506800,0.713727,18.000000,97.267341,9.764588,9.764588,9.764588,9.706250,9.706250,0,0.000000,7.222049,4.242489,4.242489,4.646932,3.583406,18.462349,6.237428,6.217197,0.01322729,-0.00228382,-0.01002962,1.286583,-0.222141,-0.975555,5.935466,2.955906,4.464630,5.218044,4.773807,4.623001,-4.464630,,,,,,below deadband; feedforward + feedback
2026-05-17 16:10:44,3648.5,449.329,449.593,452.000,2.407,16.663100,101.059000,51.503500,0.710113,18.000000,97.270229,9.613970,9.613970,9.613970,9.743750,9.743750,0,0.000000,7.259228,4.496391,4.496391,4.664405,3.607204,18.498572,6.244415,6.265373,-0.00458837,-0.00321439,-0.01122475,-0.446312,-0.312664,-1.091834,7.705539,4.942703,4.809056,5.588225,4.839471,4.658824,-4.809056,,,,,,below deadband; feedforward + feedback
2026-05-17 16:10:49,3653.5,449.316,449.726,452.000,2.274,16.663100,101.058000,51.510100,0.713450,18.000000,97.269266,9.445725,9.445725,9.445725,9.593750,9.593750,0,0.000000,7.143043,4.585099,4.585099,4.684475,3.545085,18.534379,6.261880,6.314277,-0.00001681,-0.00349344,-0.01260959,-0.001635,-0.339805,-1.226525,7.144678,4.586733,4.924903,5.811624,4.882998,4.695188,-4.924903,,,,,,below deadband; feedforward + feedback
2026-05-17 16:10:54,3658.5,450.073,449.804,452.000,2.196,16.653700,101.054000,51.506800,0.711344,18.000000,97.265416,9.357686,9.357686,9.357686,9.431250,9.431250,0,0.000000,7.022211,4.595865,4.595865,4.692912,3.598627,18.569601,6.282936,6.346102,0.00299164,-0.00305062,-0.00802486,0.290983,-0.296720,-0.780542,6.731228,4.304882,4.892585,5.376407,4.930531,4.718853,-4.892585,,,,,,below deadband; feedforward + feedback
2026-05-17 16:11:00,3664.0,450.001,449.973,452.000,2.027,16.659200,101.056000,51.506800,0.711700,18.000000,97.267341,9.137326,9.137326,9.137326,9.350000,9.350000,0,0.000000,6.947853,4.592283,4.592283,4.686974,3.556155,18.607884,6.299316,6.348458,-0.00668916,-0.00211178,-0.00174293,-0.650637,-0.205407,-0.169530,7.598490,5.242920,4.797689,4.761812,4.906538,4.720605,-4.797689,,,,,,below deadband; feedforward + feedback
2026-05-17 16:11:05,3669.0,450.318,450.060,452.000,1.940,16.663200,101.057000,51.513500,0.711558,18.000000,97.268304,1.891210,4.137326,4.137326,9.131250,9.131250,0,0.000000,6.789841,4.564882,4.564882,4.665092,3.476611,18.641984,6.304033,6.318183,-0.00065547,-0.00171311,0.00653573,-0.063756,-0.166632,0.635719,6.853598,4.628639,4.731514,3.929163,4.804688,4.698093,-4.731514,,,,,,within lower deadband; partial feedforward
2026-05-17 16:11:10,3674.5,450.331,450.275,452.000,1.725,16.664200,101.058000,51.503500,0.711369,18.000000,97.269266,0.000000,0.000000,0.000000,4.112500,4.112500,0,0.000000,3.071927,4.564708,4.564708,4.638558,1.575091,18.659020,6.296286,6.273044,0.00821864,0.00076481,0.01729800,0.799421,0.074392,1.682564,2.272506,3.765287,4.490316,2.882144,4.761594,4.664528,-4.490316,,,,,,within deadband and CO2 rising; MFC zero
2026-05-17 16:11:16,3680.0,449.920,450.292,452.000,1.708,16.676800,101.057000,51.510200,0.710882,18.000000,97.268304,0.000000,0.000000,0.000000,0.000000,0.000000,0,0.000000,0.000000,4.467926,4.467926,4.608141,0.000000,18.659020,6.277385,6.220682,0.00858835,0.00222530,0.01813474,0.835374,0.216451,1.763935,-0.835374,3.632552,4.251475,2.703991,4.685474,4.625593,-4.251475,,,,,,within deadband and CO2 rising; MFC zero
2026-05-17 16:11:21,3685.5,449.481,450.068,452.000,1.932,16.671600,101.056000,51.503500,0.712249,18.000000,97.267341,0.000000,0.000000,0.000000,0.000000,0.000000,0,0.000000,0.000000,4.221982,4.221982,4.567606,0.000000,18.659020,6.248955,6.163667,0.00363032,0.00221799,0.01097648,0.353112,0.215738,1.067653,-0.353112,3.868870,4.006245,3.154329,4.650127,4.583197,-4.006245,,,,,,within deadband and CO2 rising; MFC zero
2026-05-17 16:11:27,3691.0,449.675,449.841,452.000,2.159,16.670400,101.058000,51.503500,0.711258,18.000000,97.269266,9.238319,5.000000,5.000000,0.000000,0.000000,0,0.000000,0.000000,4.053902,4.053902,4.524536,0.000000,18.659020,6.215299,6.114329,0.00685739,0.00167671,0.00444973,0.667014,0.163093,0.432822,-0.667014,3.386888,3.890809,3.621080,4.612388,4.546510,-3.890809,,,,,,below deadband; feedforward + feedback
2026-05-17 16:11:32,3696.5,448.720,449.563,452.000,2.437,16.662000,101.054000,51.510100,0.712540,18.000000,97.265416,9.594467,9.594467,9.594467,0.506250,0.506250,0,0.000000,0.334612,4.029154,4.029154,4.491448,0.171086,18.660846,6.183262,6.087151,-0.01477363,0.00029247,-0.00367880,-1.436963,0.028447,-0.357820,1.771575,5.466117,4.000707,4.386974,4.642345,4.526301,-4.000707,,,,,,below deadband; feedforward + feedback
2026-05-17 16:11:38,3702.0,449.422,449.312,452.000,2.688,16.666700,101.056000,51.510200,0.710421,18.000000,97.267341,9.923131,9.923131,9.923131,9.518750,9.518750,0,0.000000,7.082627,4.037481,4.037481,4.474354,3.618033,18.696029,6.159966,6.090081,0.00327738,-0.00286721,-0.01467890,0.318782,-0.278886,-1.427778,6.763845,3.718698,4.316366,5.465259,4.534059,4.528480,-4.316366,,,,,,below deadband; feedforward + feedback
2026-05-17 16:11:43,3707.5,448.882,449.284,452.000,2.716,16.694800,101.052000,51.506800,0.713404,18.000000,97.263491,9.949632,9.949632,9.949632,9.893750,9.893750,0,0.000000,7.356823,4.191774,4.191774,4.468404,3.769476,18.736253,6.146952,6.107907,0.00013446,-0.00445779,-0.01645853,0.013078,-0.433580,-1.600814,7.343745,4.178697,4.625354,5.792589,4.532657,4.541735,-4.625354,,,,,,below deadband; feedforward + feedback
2026-05-17 16:11:48,3712.5,449.450,449.287,452.000,2.713,16.685900,101.052000,51.503500,0.711715,18.000000,97.263491,9.940406,9.940406,9.940406,24.568750,24.568750,0,0.000000,18.654635,4.357880,4.357880,4.465829,9.573431,18.778973,6.141996,6.127130,-0.00541189,-0.00526854,-0.01849791,-0.526379,-0.512437,-1.799172,19.181014,4.884259,4.870317,6.157051,4.539251,4.556029,-4.870317,,,,,,below deadband; feedforward + feedback
2026-05-17 16:11:54,3718.0,449.282,449.496,452.000,2.504,16.645900,101.051000,51.500200,0.712521,18.000000,97.262529,9.642954,9.642954,9.642954,9.481250,9.481250,0,0.000000,7.026858,4.396046,4.396046,4.453880,3.587611,18.817776,6.137249,6.123006,-0.01329451,-0.00404743,-0.01741641,-1.293058,-0.393664,-1.693965,8.319916,5.689105,4.789710,6.090011,4.625529,4.552963,-4.789710,,,,,,below deadband; feedforward + feedback
2026-05-17 16:11:59,3723.5,449.665,449.503,452.000,2.497,16.677300,101.056000,51.506800,0.710435,18.000000,97.267341,9.627161,9.627161,9.627161,9.637500,9.637500,0,0.000000,7.152338,4.453093,4.453093,4.434147,3.656657,18.857070,6.131466,6.114116,-0.00564724,-0.00438590,-0.01708046,-0.549292,-0.426605,-1.661371,7.701630,5.002386,4.879698,6.114464,4.655123,4.546352,-4.879698,,,,,,below deadband; feedforward + feedback
