timestamp,elapsed_s,li850_co2_ppm,co2_avg_ppm,target_co2_ppm,co2_error_ppm,li850_h2o_mmol_mol,li850_cellpres_kpa,li850_celltemp_c,li850_flowrate,chamber_air_temp_c,chamber_air_mol,mfc_raw_requested_mln_min,mfc_rate_limited_mln_min,mfc_setpoint_mln_min,mfc_actual_mln_min,mfc_flow_used_mln_min,co2_supply_inst_umol_s,co2_supply_avg_umol_s,A_MFC_only_umol_s,A_MFC_only_smoothed_umol_s,co2_supplied_umol_step,co2_supplied_mmol_total,feedforward_flow_mln_min,raw_feedforward_flow_mln_min,dCdt_simple_ppm_s,dCdt_regression_ppm_s,dCdt_regression_short_ppm_s,storage_simple_umol_s,storage_regression_umol_s,storage_regression_short_umol_s,A_inst_umol_s,A_from_avg_supply_umol_s,A_regression_umol_s,A_regression_short_umol_s,A_smoothed_umol_s,A_regression_smoothed_umol_s,NE_regression_umol_s,A_inst_umol_m2_s,A_from_avg_supply_umol_m2_s,A_MFC_only_umol_m2_s,A_regression_umol_m2_s,A_smoothed_umol_m2_s,control_note
2026-05-16 18:55:21,0.0,456.653,456.653,452.000,-4.653,13.240900,100.837000,51.510100,0.711785,18.000000,97.056552,0.000000,0.000000,0.000000,0.000000,0.000000,0.000000,0.000000,0.000000,0.000000,0.000000,0.000000,0.000000,0.000000,,,,,,,,,,,,,,,,,,,final safety clamp; high CO2 cutoff
2026-05-16 18:55:26,5.4,456.776,456.449,452.000,-4.449,13.239700,100.836000,51.510200,0.712748,18.000000,97.055589,0.000000,0.000000,0.000000,0.000000,0.000000,0.000000,0.000000,0.000000,0.000000,0.000000,0.000000,0.000000,0.000000,0.02456555,0.00868327,0.00868327,2.384224,0.842759,0.842759,-2.384224,-2.384224,-0.842759,-0.842759,-2.384224,-0.842759,0.842759,,,,,,final safety clamp; high CO2 cutoff
2026-05-16 18:55:31,10.4,456.457,456.416,452.000,-4.416,13.236800,100.836000,51.500200,0.712309,18.000000,97.055589,0.000000,0.000000,0.000000,0.000000,0.000000,0.000000,0.000000,0.000000,0.000000,0.000000,0.000000,0.138445,0.553780,-0.01958657,-0.01716874,-0.01716874,-1.900986,-1.666322,-1.666322,1.900986,1.900986,1.666322,1.666322,-0.241619,0.411781,-1.666322,,,,,,final safety clamp; high CO2 cutoff
2026-05-16 18:55:37,15.9,456.243,456.343,452.000,-4.343,13.240600,100.838000,51.500200,0.712584,18.000000,97.057514,0.000000,0.000000,0.000000,0.000000,0.000000,0.000000,0.000000,0.000000,0.000000,0.000000,0.000000,0.407240,1.213625,-0.02643993,-0.01940839,-0.01940839,-2.566194,-1.883730,-1.883730,2.566194,2.566194,1.883730,1.883730,0.694318,0.902431,-1.883730,,,,,,final safety clamp; high CO2 cutoff
2026-05-16 18:55:42,21.4,456.423,456.353,452.000,-4.353,13.236700,100.839000,51.510200,0.713057,18.000000,97.058477,0.000000,0.000000,0.000000,0.000000,0.000000,0.000000,0.000000,0.000000,0.000000,0.000000,0.000000,0.573362,1.071728,-0.01094879,-0.00494940,-0.00494940,-1.062673,-0.480382,-0.480382,1.062673,1.062673,0.480382,0.480382,0.786407,0.796919,-0.480382,,,,,,final safety clamp; high CO2 cutoff
2026-05-16 18:55:48,26.9,456.464,456.350,452.000,-4.350,13.222300,100.835000,51.516800,0.712707,18.000000,97.054627,0.000000,0.000000,0.000000,0.000000,0.000000,0.000000,0.000000,0.000000,0.000000,0.000000,0.000000,0.640387,0.841463,-0.00713022,0.00060985,0.00060985,-0.692021,0.059189,0.059189,0.692021,0.692021,-0.059189,-0.059189,0.767530,0.625697,0.059189,,,,,,final safety clamp; high CO2 cutoff
2026-05-16 18:55:53,32.4,456.520,456.428,452.000,-4.428,13.247500,100.839000,51.510200,0.711015,18.000000,97.058477,0.000000,0.000000,0.000000,0.000000,0.000000,0.000000,0.000000,0.000000,0.000000,0.000000,0.000000,0.646244,0.663815,-0.00415536,0.00171933,0.00171933,-0.403313,0.166875,0.166875,0.403313,0.403313,-0.166875,-0.166875,0.706827,0.493602,0.166875,,,,,,final safety clamp; high CO2 cutoff
2026-05-16 18:55:58,37.4,455.785,456.399,452.000,-4.399,13.243100,100.837000,51.510200,0.713263,18.000000,97.056552,0.000000,0.000000,0.000000,0.000000,0.000000,0.000000,0.000000,0.000000,0.000000,0.000000,0.000000,0.631658,0.587898,-0.02345572,-0.00101430,-0.00101430,-2.276532,-0.098444,-0.098444,2.276532,2.276532,0.098444,0.098444,0.931071,0.437151,-0.098444,,,,,,final safety clamp; high CO2 cutoff
2026-05-16 18:56:03,42.4,456.138,456.382,452.000,-4.382,13.242600,100.839000,51.513500,0.711762,18.000000,97.058477,0.000000,0.000000,0.000000,0.000000,0.000000,0.000000,0.000000,0.000000,0.000000,0.000000,0.000000,0.605622,0.527514,-0.01226021,-0.00080311,-0.00080311,-1.189957,-0.077949,-0.077949,1.189957,1.189957,0.077949,0.077949,0.963431,0.392250,-0.077949,,,,,,final safety clamp; high CO2 cutoff
2026-05-16 18:56:09,47.9,456.359,456.424,452.000,-4.424,13.233300,100.838000,51.506900,0.709886,18.000000,97.057514,0.000000,0.000000,0.000000,0.000000,0.000000,0.000000,0.000000,0.000000,0.000000,0.000000,0.000000,0.565407,0.444765,-0.00618872,0.00166426,0.00166426,-0.600661,0.161529,0.161529,0.600661,0.600661,-0.161529,-0.161529,0.923124,0.330719,0.161529,,,,,,final safety clamp; high CO2 cutoff
2026-05-16 18:56:14,53.4,456.699,456.447,452.000,-4.447,13.238200,100.836000,51.503500,0.712367,18.000000,97.055589,0.000000,0.000000,0.000000,0.000000,0.000000,0.000000,0.000000,0.000000,0.000000,0.000000,0.000000,0.514394,0.361355,0.00086783,0.00298281,0.00298281,0.084228,0.289498,0.289498,-0.084228,-0.084228,-0.289498,-0.289498,0.822388,0.268698,0.289498,,,,,,final safety clamp; high CO2 cutoff
2026-05-16 18:56:20,58.9,456.828,456.477,452.000,-4.477,13.240800,100.837000,51.513500,0.714358,18.000000,97.056552,0.000000,0.000000,0.000000,0.000000,0.000000,0.000000,0.000000,0.000000,0.000000,0.000000,0.000000,0.462500,0.306815,0.00299116,0.00182789,0.00182789,0.290311,0.177408,0.177408,-0.290311,-0.290311,-0.177408,-0.177408,0.721234,0.228143,0.177408,,,,,,final safety clamp; high CO2 cutoff
2026-05-16 18:56:25,63.9,456.124,456.474,452.000,-4.474,13.237400,100.835000,51.516800,0.711565,18.000000,97.054627,0.000000,0.000000,0.000000,0.000000,0.000000,0.000000,0.000000,0.000000,0.000000,0.000000,0.000000,0.412937,0.264249,-0.00531103,0.00156276,0.00204586,-0.515460,0.151673,0.198560,0.515460,0.515460,-0.151673,-0.198560,0.704086,0.196491,0.151673,,,,,,final safety clamp; high CO2 cutoff
2026-05-16 18:56:30,68.9,456.017,456.410,452.000,-4.410,13.243100,100.835000,51.506800,0.712425,18.000000,97.054627,0.000000,0.000000,0.000000,0.000000,0.000000,0.000000,0.000000,0.000000,0.000000,0.000000,0.000000,0.369227,0.238096,-0.00023530,0.00058026,0.00148229,-0.022837,0.056317,0.143863,0.022837,0.022837,-0.056317,-0.143863,0.651682,0.177044,0.056317,,,,,,final safety clamp; high CO2 cutoff
2026-05-16 18:56:35,74.4,455.910,456.345,452.000,-4.345,13.261500,100.834000,51.506800,0.711782,18.000000,97.053664,0.000000,0.000000,0.000000,0.000000,0.000000,0.000000,0.000000,0.000000,0.000000,0.000000,0.000000,0.332738,0.223271,-0.00680686,-0.00023397,-0.00167057,-0.660630,-0.022707,-0.162135,0.660630,0.660630,0.022707,0.162135,0.652321,0.166020,-0.022707,,,,,,final safety clamp; high CO2 cutoff
2026-05-16 18:56:41,79.9,456.225,456.307,452.000,-4.307,13.239000,100.838000,51.503500,0.711950,18.000000,97.057514,0.000000,0.000000,0.000000,0.000000,0.000000,0.000000,0.000000,0.000000,0.000000,0.000000,0.000000,0.304284,0.218922,0.00065548,-0.00121073,-0.00328989,0.063619,-0.117511,-0.319308,-0.063619,-0.063619,0.117511,0.319308,0.604592,0.162786,-0.117511,,,,,,final safety clamp; high CO2 cutoff
2026-05-16 18:56:46,85.4,456.503,456.270,452.000,-4.270,13.242200,100.837000,51.506800,0.711485,18.000000,97.056552,0.000000,0.000000,0.000000,0.000000,0.000000,0.000000,0.000000,0.000000,0.000000,0.000000,0.000000,0.281503,0.213162,0.01067249,-0.00097126,-0.00188754,1.035835,-0.094267,-0.183198,-1.035835,-1.035835,0.094267,0.183198,0.502065,0.158504,-0.094267,,,,,,final safety clamp; high CO2 cutoff
2026-05-16 18:56:52,90.9,456.091,456.254,452.000,-4.254,13.244100,100.835000,51.496900,0.713384,18.000000,97.054627,0.000000,0.000000,0.000000,0.000000,0.000000,0.000000,0.000000,0.000000,0.000000,0.000000,0.000000,0.263638,0.210041,-0.00768100,-0.00122662,-0.00333299,-0.745477,-0.119049,-0.323482,0.745477,0.745477,0.119049,0.323482,0.516384,0.156183,-0.119049,,,,,,final safety clamp; high CO2 cutoff
2026-05-16 18:56:57,95.9,456.125,456.293,452.000,-4.293,13.240500,100.837000,51.500200,0.712164,18.000000,97.056552,0.000000,0.000000,0.000000,0.000000,0.000000,0.000000,0.000000,0.000000,0.000000,0.000000,0.000000,0.249525,0.207185,-0.00544549,-0.00121534,-0.00352819,-0.528521,-0.117956,-0.342434,0.528521,0.528521,0.117956,0.342434,0.517058,0.154059,-0.117956,,,,,,final safety clamp; high CO2 cutoff
2026-05-16 18:57:02,100.9,456.223,456.319,452.000,-4.319,13.243300,100.836000,51.503500,0.712294,18.000000,97.055589,0.000000,0.000000,0.000000,0.000000,0.000000,0.000000,0.000000,0.000000,0.000000,0.000000,0.000000,0.238425,0.205127,-0.00636986,-0.00128773,-0.00477931,-0.618231,-0.124981,-0.463858,0.618231,0.618231,0.124981,0.463858,0.522383,0.152529,-0.124981,,,,,,final safety clamp; high CO2 cutoff
2026-05-16 18:57:07,106.4,455.803,456.263,452.000,-4.263,13.226300,100.836000,51.510200,0.713971,18.000000,97.055589,0.000000,0.000000,0.000000,0.000000,0.000000,0.000000,0.000000,0.000000,0.000000,0.000000,0.000000,0.230073,0.205014,-0.01860540,-0.00155429,-0.00493569,-1.805758,-0.150853,-0.479036,1.805758,1.805758,0.150853,0.479036,0.586552,0.152445,-0.150853,,,,,,final safety clamp; high CO2 cutoff
2026-05-16 18:57:13,111.9,456.113,456.221,452.000,-4.221,13.238400,100.835000,51.513500,0.712216,18.000000,97.054627,0.000000,0.000000,0.000000,0.000000,0.000000,0.000000,0.000000,0.000000,0.000000,0.000000,0.000000,0.224328,0.207096,-0.00615138,-0.00190562,-0.00409032,-0.597020,-0.184949,-0.396984,0.597020,0.597020,0.184949,0.396984,0.587050,0.153993,-0.184949,,,,,,final safety clamp; high CO2 cutoff
2026-05-16 18:57:18,117.4,456.133,456.197,452.000,-4.197,13.235400,100.837000,51.506800,0.713362,18.000000,97.056552,0.000000,0.000000,0.000000,0.000000,0.000000,0.000000,0.000000,0.000000,0.000000,0.000000,0.000000,0.220631,0.209538,-0.00272274,-0.00199826,-0.00363141,-0.264260,-0.193944,-0.352453,0.264260,0.264260,0.193944,0.352453,0.572378,0.155809,-0.193944,,,,,,final safety clamp; high CO2 cutoff
2026-05-16 18:57:23,122.4,456.302,456.249,452.000,-4.249,13.279800,100.833000,51.506900,0.713910,18.000000,97.052702,0.000000,0.000000,0.000000,0.000000,0.000000,0.000000,0.000000,0.000000,0.000000,0.000000,0.000000,0.217629,0.208625,-0.00467236,-0.00144456,-0.00043528,-0.453465,-0.140199,-0.042245,0.453465,0.453465,0.140199,0.042245,0.567208,0.155130,-0.140199,,,,,,final safety clamp; high CO2 cutoff
2026-05-16 18:57:28,127.4,456.404,456.270,452.000,-4.270,13.239900,100.836000,51.500200,0.713675,18.000000,97.055589,0.000000,0.000000,0.000000,0.000000,0.000000,0.000000,0.000000,0.000000,0.000000,0.000000,0.000000,0.215253,0.208124,0.00067228,-0.00150620,-0.00018947,0.065249,-0.146186,-0.018389,-0.065249,-0.065249,0.146186,0.018389,0.540855,0.154758,-0.146186,,,,,,final safety clamp; high CO2 cutoff
2026-05-16 18:57:34,132.9,456.133,456.294,452.000,-4.294,13.233100,100.835000,51.506800,0.711424,18.000000,97.054627,0.000000,0.000000,0.000000,0.000000,0.000000,0.000000,0.000000,0.000000,0.000000,0.000000,0.000000,0.213259,0.207278,0.00072272,-0.00143246,0.00056716,0.070143,-0.139027,0.055045,-0.070143,-0.070143,0.139027,-0.055045,0.516415,0.154128,-0.139027,,,,,,final safety clamp; high CO2 cutoff
2026-05-16 18:57:39,138.4,455.835,456.264,452.000,-4.264,13.237500,100.835000,51.503500,0.714016,18.000000,97.054627,0.000000,0.000000,0.000000,0.000000,0.000000,0.000000,0.000000,0.000000,0.000000,0.000000,0.000000,0.212056,0.208446,-0.00509263,-0.00182064,-0.00270361,-0.494263,-0.176702,-0.262398,0.494263,0.494263,0.176702,0.262398,0.515563,0.154997,-0.176702,,,,,,final safety clamp; high CO2 cutoff
2026-05-16 18:57:45,143.9,455.992,456.168,452.000,-4.168,13.241600,100.831000,51.513500,0.711482,18.000000,97.050777,0.000000,0.000000,0.000000,0.000000,0.000000,0.000000,0.000000,0.000000,0.000000,0.000000,0.000000,0.211464,0.209690,-0.01006760,-0.00185457,-0.00284498,-0.977068,-0.179987,-0.276107,0.977068,0.977068,0.179987,0.276107,0.532656,0.155922,-0.179987,,,,,,final safety clamp; high CO2 cutoff
2026-05-16 18:57:50,149.4,456.478,456.100,452.000,-4.100,13.243300,100.832000,51.496900,0.713593,18.000000,97.051739,0.000000,0.000000,0.000000,0.000000,0.000000,0.000000,0.000000,0.000000,0.000000,0.000000,0.000000,0.211535,0.211745,0.00653794,-0.00204739,-0.00296885,0.634518,-0.198703,-0.288132,-0.634518,-0.634518,0.198703,0.288132,0.490971,0.157450,-0.198703,,,,,,final safety clamp; high CO2 cutoff
2026-05-16 18:57:55,154.4,456.167,456.067,452.000,-4.067,13.236400,100.836000,51.500200,0.711927,18.000000,97.055589,0.000000,0.000000,0.000000,0.000000,0.000000,0.000000,0.000000,0.000000,0.000000,0.000000,0.000000,0.212234,0.214332,-0.00447068,-0.00219708,-0.00393234,-0.433904,-0.213239,-0.381655,0.433904,0.433904,0.213239,0.381655,0.489004,0.159374,-0.213239,,,,,,final safety clamp; high CO2 cutoff
2026-05-16 18:58:00,159.4,456.357,456.076,452.000,-4.076,13.248000,100.836000,51.506800,0.713013,18.000000,97.055589,0.000000,0.000000,0.000000,0.000000,0.000000,0.000000,0.000000,0.000000,0.000000,0.000000,0.000000,0.225177,0.264005,-0.00808419,-0.00235299,-0.00455177,-0.784616,-0.228371,-0.441774,0.784616,0.784616,0.228371,0.441774,0.598274,0.196309,-0.228371,,,,,,final safety clamp; high CO2 cutoff
2026-05-16 18:58:06,164.9,456.247,456.019,452.000,-4.019,13.247400,100.832000,51.510100,0.712294,18.000000,97.051739,0.000000,0.000000,0.000000,0.000000,0.000000,0.000000,0.000000,0.000000,0.000000,0.000000,0.000000,0.218884,0.200006,-0.00569759,-0.00294969,-0.00523394,-0.552961,-0.286272,-0.507963,0.552961,0.552961,0.286272,0.507963,0.551790,0.148721,-0.286272,,,,,,final safety clamp; high CO2 cutoff
2026-05-16 18:58:11,170.4,456.085,456.020,452.000,-4.020,13.282600,100.835000,51.510200,0.711919,18.000000,97.054627,0.000000,0.000000,0.000000,0.000000,0.000000,0.000000,0.000000,0.000000,0.000000,0.000000,0.000000,0.195763,0.126401,-0.00168070,-0.00305507,-0.00610318,-0.163120,-0.296509,-0.592342,0.163120,0.163120,0.296509,0.592342,0.468926,0.093990,-0.296509,,,,,,final safety clamp; high CO2 cutoff
2026-05-16 18:58:17,175.9,455.667,455.982,452.000,-3.982,13.249100,100.836000,51.503500,0.711224,18.000000,97.055589,0.000000,0.000000,0.000000,0.000000,0.000000,0.000000,0.000000,0.000000,0.000000,0.000000,0.000000,0.176616,0.119173,-0.00850437,-0.00334368,-0.00838019,-0.825397,-0.324523,-0.813344,0.825397,0.825397,0.324523,0.813344,0.460744,0.088615,-0.324523,,,,,,above upper deadband; MFC zero
2026-05-16 18:58:22,181.4,455.658,455.874,452.000,-3.874,13.238400,100.833000,51.510200,0.713490,18.000000,97.052702,0.000000,0.000000,0.000000,0.000000,0.000000,0.000000,0.000000,0.000000,0.000000,0.000000,0.000000,0.167329,0.139467,-0.00756330,-0.00389916,-0.00813591,-0.734039,-0.378424,-0.789612,0.734039,0.734039,0.378424,0.789612,0.462193,0.103705,-0.378424,,,,,,above upper deadband; MFC zero
2026-05-16 18:58:27,186.4,455.770,455.858,452.000,-3.858,13.238600,100.833000,51.510200,0.711799,18.000000,97.052702,0.000000,0.000000,0.000000,0.000000,0.000000,0.000000,0.000000,0.000000,0.000000,0.000000,0.000000,0.167013,0.166066,-0.00887428,-0.00419062,-0.00838921,-0.861273,-0.406711,-0.814195,0.861273,0.861273,0.406711,0.814195,0.477984,0.123484,-0.406711,,,,,,above upper deadband; MFC zero
2026-05-16 18:58:32,191.4,455.152,455.743,452.000,-3.743,13.242300,100.833000,51.506800,0.711502,18.000000,97.052702,0.000000,0.000000,0.000000,0.000000,0.000000,0.000000,0.000000,0.000000,0.000000,0.000000,0.000000,0.170943,0.182733,-0.01569779,-0.00471737,-0.00770223,-1.523513,-0.457833,-0.747522,1.523513,1.523513,0.457833,0.747522,0.452018,0.135877,-0.457833,,,,,,above upper deadband; MFC zero
2026-05-16 18:58:38,196.9,455.814,455.700,452.000,-3.700,13.248400,100.836000,51.510100,0.710702,18.000000,97.055589,0.000000,0.000000,0.000000,0.000000,0.000000,0.000000,0.000000,0.000000,0.000000,0.000000,0.000000,0.178633,0.201702,-0.00321015,-0.00501772,-0.00963655,-0.311563,-0.486998,-0.935281,0.311563,0.311563,0.486998,0.935281,0.421729,0.149982,-0.486998,,,,,,above upper deadband; MFC zero
2026-05-16 18:58:43,202.4,455.436,455.650,452.000,-3.650,13.252000,100.833000,51.513500,0.713671,18.000000,97.052702,0.000000,0.000000,0.000000,0.000000,0.000000,0.000000,0.000000,0.000000,0.000000,0.000000,0.000000,0.192119,0.232578,-0.01637008,-0.00519593,-0.01024544,-1.588761,-0.504279,-0.994347,1.588761,1.588761,0.504279,0.994347,0.455801,0.172941,-0.504279,,,,,,above upper deadband; MFC zero
2026-05-16 18:58:49,207.9,455.377,455.537,452.000,-3.537,13.239700,100.832000,51.506800,0.712814,18.000000,97.051739,0.000000,0.000000,0.000000,0.000000,0.000000,0.000000,0.000000,0.000000,0.000000,0.000000,0.000000,0.212033,0.271775,-0.00502531,-0.00572627,-0.01185408,-0.487715,-0.555745,-1.150459,0.487715,0.487715,0.555745,1.150459,0.475523,0.202087,-0.555745,,,,,,above upper deadband; MFC zero
2026-05-16 18:58:54,212.9,455.213,455.498,452.000,-3.498,13.253200,100.834000,51.500200,0.712683,18.000000,97.053664,0.000000,0.000000,0.000000,0.000000,0.000000,0.000000,0.000000,0.000000,0.000000,0.000000,0.000000,0.235765,0.306959,-0.01194983,-0.00598957,-0.01198550,-1.159774,-0.581310,-1.163237,1.159774,1.159774,0.581310,1.163237,0.525526,0.228250,-0.581310,,,,,,above upper deadband; MFC zero
2026-05-16 18:58:59,217.9,454.972,455.468,452.000,-3.468,13.275400,100.834000,51.500200,0.713906,18.000000,97.053664,0.000000,0.000000,0.000000,0.000000,0.000000,0.000000,0.000000,0.000000,0.000000,0.000000,0.000000,0.262421,0.342390,-0.01637006,-0.00630934,-0.01175003,-1.588774,-0.612345,-1.140383,1.588774,1.588774,0.612345,1.140383,0.562537,0.254595,-0.612345,,,,,,above upper deadband; MFC zero
2026-05-16 18:59:04,223.4,455.390,455.355,452.000,-3.355,13.241200,100.836000,51.510100,0.713279,18.000000,97.055589,0.000000,0.000000,0.000000,0.000000,0.000000,0.000000,0.000000,0.000000,0.000000,0.000000,0.000000,0.291036,0.376883,-0.00759680,-0.00708348,-0.01320508,-0.737312,-0.687491,-1.281627,0.737312,0.737312,0.687491,1.281627,0.587174,0.280244,-0.687491,,,,,,above upper deadband; MFC zero
2026-05-16 18:59:10,228.9,455.387,455.287,452.000,-3.287,13.238200,100.832000,51.506800,0.712098,18.000000,97.051739,0.000000,0.000000,0.000000,0.000000,0.000000,0.000000,0.000000,0.000000,0.000000,0.000000,0.000000,0.321120,0.411371,0.00068910,-0.00789675,-0.01200367,0.066878,-0.766394,-1.164977,-0.066878,-0.066878,0.766394,1.164977,0.562088,0.305888,-0.766394,,,,,,above upper deadband; MFC zero
2026-05-16 18:59:15,234.4,455.099,455.191,452.000,-3.191,13.240100,100.836000,51.510200,0.714461,18.000000,97.055589,0.000000,0.000000,0.000000,0.000000,0.000000,0.000000,0.000000,0.000000,0.000000,0.000000,0.000000,0.351778,0.443753,-0.01445431,-0.00840559,-0.01270714,-1.402872,-0.815809,-1.233299,1.402872,1.402872,0.815809,1.233299,0.612656,0.329967,-0.815809,,,,,,above upper deadband; MFC zero
2026-05-16 18:59:20,239.4,454.925,455.107,452.000,-3.107,13.241700,100.835000,51.506800,0.712512,18.000000,97.054627,0.000000,0.000000,0.000000,0.000000,0.000000,0.000000,0.000000,0.000000,0.000000,0.000000,0.000000,0.383654,0.479282,-0.01164730,-0.00886513,-0.01376171,-1.130424,-0.860402,-1.335637,1.130424,1.130424,0.860402,1.335637,0.687355,0.356386,-0.860402,,,,,,above upper deadband; MFC zero
2026-05-16 18:59:25,244.4,455.049,455.090,452.000,-3.090,13.236300,100.834000,51.503500,0.714075,18.000000,97.053664,0.000000,0.000000,0.000000,0.000000,0.000000,0.000000,0.000000,0.000000,0.000000,0.000000,0.000000,0.416628,0.515549,-0.01569778,-0.00928473,-0.01270326,-1.523527,-0.901117,-1.232898,1.523527,1.523527,0.901117,1.232898,0.714184,0.383354,-0.901117,,,,,,above upper deadband; MFC zero
2026-05-16 18:59:31,249.9,454.962,455.049,452.000,-3.049,13.242200,100.836000,51.506800,0.712674,18.000000,97.055589,0.000000,0.000000,0.000000,0.000000,0.000000,0.000000,0.000000,0.000000,0.000000,0.000000,0.000000,0.450893,0.553688,-0.00880691,-0.00968911,-0.01169213,-0.854760,-0.940383,-1.134787,0.854760,0.854760,0.940383,1.134787,0.725434,0.411713,-0.940383,,,,,,above upper deadband; MFC zero
2026-05-16 18:59:36,255.4,454.589,454.931,452.000,-2.931,13.249000,100.831000,51.506900,0.712580,18.000000,97.050777,0.000000,0.000000,0.000000,0.000000,0.000000,0.000000,0.000000,0.000000,0.000000,0.000000,0.000000,0.486805,0.594542,-0.01791632,-0.01036523,-0.01387069,-1.738793,-1.005953,-1.346161,1.738793,1.738793,1.005953,1.346161,0.764074,0.442092,-1.005953,,,,,,above upper deadband; MFC zero
2026-05-16 18:59:42,260.9,454.494,454.866,452.000,-2.866,13.239000,100.830000,51.503500,0.713402,18.000000,97.049814,0.000000,0.000000,0.000000,0.000000,0.000000,0.000000,0.000000,0.000000,0.000000,0.000000,0.000000,0.524395,0.637162,-0.02702568,-0.01102425,-0.01389507,-2.622837,-1.069901,-1.348514,2.622837,2.622837,1.069901,1.348514,0.792249,0.473783,-1.069901,,,,,,above upper deadband; MFC zero
2026-05-16 18:59:47,266.4,454.481,454.758,452.000,-2.758,13.293900,100.834000,51.500200,0.712683,18.000000,97.053664,0.000000,0.000000,0.000000,0.000000,0.000000,0.000000,0.000000,0.000000,0.000000,0.000000,0.000000,0.563487,0.680764,-0.02016845,-0.01159339,-0.01473241,-1.957422,-1.125181,-1.429834,1.957422,1.957422,1.125181,1.429834,0.839159,0.506205,-1.125181,,,,,,above upper deadband; MFC zero
2026-05-16 18:59:53,271.9,454.466,454.689,452.000,-2.689,13.243900,100.832000,51.503500,0.712238,18.000000,97.051739,0.000000,0.000000,0.000000,0.000000,0.000000,0.000000,0.000000,0.000000,0.000000,0.000000,0.000000,0.603647,0.724125,-0.02149621,-0.01163263,-0.01416469,-2.086245,-1.128967,-1.374707,2.086245,2.086245,1.128967,1.374707,0.901986,0.538447,-1.128967,,,,,,above upper deadband; MFC zero
2026-05-16 18:59:58,276.9,454.028,454.612,452.000,-2.612,13.250300,100.832000,51.510100,0.712564,18.000000,97.051739,0.000000,0.000000,0.000000,0.000000,0.000000,0.000000,0.000000,0.000000,0.000000,0.000000,0.000000,0.645730,0.771979,-0.01270635,-0.01207731,-0.01284176,-1.233173,-1.172124,-1.246315,1.233173,1.233173,1.172124,1.246315,0.928873,0.574031,-1.172124,,,,,,above upper deadband; MFC zero
2026-05-16 19:00:03,281.9,454.680,454.523,452.000,-2.523,13.247400,100.833000,51.513500,0.712319,18.000000,97.052702,0.000000,0.000000,0.000000,0.000000,0.000000,0.000000,0.000000,0.000000,0.000000,0.000000,0.000000,0.689345,0.820192,-0.00403375,-0.01221844,-0.01477612,-0.391487,-1.185833,-1.434063,0.391487,0.391487,1.185833,1.434063,0.944622,0.609880,-1.185833,,,,,,above upper deadband; MFC zero
2026-05-16 19:00:08,287.4,453.833,454.434,452.000,-2.434,13.241600,100.832000,51.510100,0.713535,18.000000,97.051739,0.000000,0.000000,0.000000,0.000000,0.000000,0.000000,0.000000,0.000000,0.000000,0.000000,0.000000,0.734787,0.871114,-0.01707595,-0.01274698,-0.01538775,-1.657251,-1.237116,-1.493407,1.657251,1.657251,1.237116,1.493407,1.004188,0.647746,-1.237116,,,,,,above upper deadband; MFC zero
2026-05-16 19:00:14,292.9,454.321,454.352,452.000,-2.352,13.245100,100.833000,51.516800,0.710796,18.000000,97.052702,0.000000,0.000000,0.000000,0.000000,0.000000,0.000000,0.000000,0.000000,0.000000,0.000000,0.000000,0.781434,0.921375,-0.01736167,-0.01298793,-0.01575317,-1.684997,-1.260513,-1.528888,1.684997,1.684997,1.260513,1.528888,1.045248,0.685118,-1.260513,,,,,,above upper deadband; MFC zero
2026-05-16 19:00:19,298.4,454.106,454.328,452.000,-2.328,13.252500,100.830000,51.513500,0.713358,18.000000,97.049814,0.000000,0.000000,0.000000,0.000000,0.000000,0.000000,0.000000,0.000000,0.000000,0.000000,0.000000,0.829317,0.972967,-0.01830287,-0.01331806,-0.01551421,-1.776290,-1.292516,-1.505652,1.776290,1.776290,1.292516,1.505652,1.072807,0.723481,-1.292516,,,,,,above upper deadband; MFC zero
2026-05-16 19:00:24,303.4,453.947,454.244,452.000,-2.244,13.240400,100.834000,51.513500,0.712768,18.000000,97.053664,0.000000,0.000000,0.000000,0.000000,0.000000,0.000000,0.000000,0.000000,0.000000,0.000000,0.000000,0.878111,1.024493,-0.01618518,-0.01349578,-0.01476900,-1.570831,-1.309815,-1.433386,1.570831,1.570831,1.309815,1.433386,1.148853,0.761796,-1.309815,,,,,,above upper deadband; MFC zero
2026-05-16 19:00:29,308.4,454.085,454.151,452.000,-2.151,13.244000,100.835000,51.510200,0.714140,18.000000,97.054627,0.000000,0.000000,0.000000,0.000000,0.000000,0.000000,0.000000,0.000000,0.000000,0.000000,0.000000,0.927767,1.076735,-0.01136156,-0.01380442,-0.01450829,-1.102692,-1.339783,-1.408097,1.102692,1.102692,1.339783,1.408097,1.171915,0.800642,-1.339783,,,,,,above upper deadband; MFC zero
2026-05-16 19:00:35,313.9,453.719,454.048,452.000,-2.048,13.280200,100.833000,51.506800,0.711220,18.000000,97.052702,0.000000,0.000000,0.000000,0.000000,0.000000,0.000000,0.000000,0.000000,0.000000,0.000000,0.000000,0.978076,1.129002,-0.02045416,-0.01396612,-0.01546334,-1.985132,-1.355450,-1.500759,1.985132,1.985132,1.355450,1.500759,1.213312,0.839507,-1.355450,,,,,,above upper deadband; MFC zero
2026-05-16 19:00:40,319.4,453.564,453.944,452.000,-1.944,13.254900,100.831000,51.500200,0.712085,18.000000,97.050777,0.000000,0.000000,0.000000,0.000000,0.000000,0.000000,0.000000,0.000000,0.000000,0.000000,0.000000,1.028253,1.178783,-0.02764761,-0.01401048,-0.01605352,-2.683222,-1.359728,-1.558006,2.683222,2.683222,1.359728,1.558006,1.286769,0.876522,-1.359728,,,,,,at/above target within deadband; MFC zero
2026-05-16 19:00:46,324.9,454.030,453.898,452.000,-1.898,13.257200,100.831000,51.510200,0.712115,18.000000,97.050777,0.000000,0.000000,0.000000,0.000000,0.000000,0.000000,0.000000,0.000000,0.000000,0.000000,0.000000,1.078268,1.228316,-0.00077314,-0.01406110,-0.01398254,-0.075034,-1.364641,-1.357016,0.075034,0.075034,1.364641,1.357016,1.283732,0.913355,-1.364641,,,,,,at/above target within deadband; MFC zero
2026-05-16 19:00:51,329.9,453.777,453.850,452.000,-1.850,13.244300,100.833000,51.510100,0.713192,18.000000,97.052702,0.000000,0.000000,0.000000,0.000000,0.000000,0.000000,0.000000,0.000000,0.000000,0.000000,0.000000,1.127957,1.277022,-0.01969820,-0.01416579,-0.01449799,-1.911764,-1.374828,-1.407069,1.911764,1.911764,1.374828,1.407069,1.321193,0.949572,-1.374828,,,,,,at/above target within deadband; MFC zero
2026-05-16 19:00:56,334.9,453.705,453.799,452.000,-1.799,13.242900,100.832000,51.506800,0.712086,18.000000,97.051739,0.000000,0.000000,0.000000,0.000000,0.000000,0.000000,0.000000,0.000000,0.000000,0.000000,0.000000,1.176670,1.322807,-0.01702554,-0.01407214,-0.01308495,-1.652358,-1.365725,-1.269917,1.652358,1.652358,1.365725,1.269917,1.352859,0.983617,-1.365725,,,,,,at/above target within deadband; MFC zero
2026-05-16 19:01:01,340.4,453.465,453.745,452.000,-1.745,13.242700,100.834000,51.506800,0.711090,18.000000,97.053664,0.000000,0.000000,0.000000,0.000000,0.000000,0.000000,0.000000,0.000000,0.000000,0.000000,0.000000,1.224291,1.367155,-0.01991635,-0.01404408,-0.01380670,-1.932955,-1.363030,-1.339991,1.932955,1.932955,1.363030,1.339991,1.389814,1.016593,-1.363030,,,,,,at/above target within deadband; MFC zero
2026-05-16 19:01:07,345.9,453.504,453.680,452.000,-1.680,13.239000,100.831000,51.510100,0.714271,18.000000,97.050777,0.000000,0.000000,0.000000,0.000000,0.000000,0.000000,0.000000,0.000000,0.000000,0.000000,0.000000,1.270581,1.409453,-0.01660538,-0.01411559,-0.01251821,-1.611565,-1.369929,-1.214902,1.611565,1.611565,1.369929,1.214902,1.392850,1.048045,-1.369929,,,,,,at/above target within deadband; MFC zero
2026-05-16 19:01:12,351.4,453.551,453.566,452.000,-1.566,13.246300,100.833000,51.503500,0.713937,18.000000,97.052702,0.000000,0.000000,0.000000,0.000000,0.000000,0.000000,0.000000,0.000000,0.000000,0.000000,0.000000,1.315736,1.451200,-0.01457172,-0.01429365,-0.01423858,-1.414225,-1.387237,-1.381892,1.414225,1.414225,1.387237,1.381892,1.430873,1.079088,-1.387237,,,,,,at/above target within deadband; MFC zero
2026-05-16 19:01:18,356.9,453.717,453.477,452.000,-1.477,13.241600,100.834000,51.510200,0.712540,18.000000,97.053664,0.000000,0.000000,0.000000,0.000000,0.000000,0.000000,0.000000,0.000000,0.000000,0.000000,0.000000,1.359955,1.492613,-0.00515978,-0.01439720,-0.01299430,-0.500776,-1.397301,-1.261144,0.500776,0.500776,1.397301,1.261144,1.393356,1.109882,-1.397301,,,,,,at/above target within deadband; MFC zero
2026-05-16 19:01:23,361.9,452.771,453.340,452.000,-1.340,13.257100,100.830000,51.506800,0.711244,18.000000,97.049814,0.000000,0.000000,0.000000,0.000000,0.000000,0.000000,0.000000,0.000000,0.000000,0.000000,0.000000,1.402952,1.531940,-0.02479040,-0.01446465,-0.01441092,-2.405904,-1.403792,-1.398577,2.405904,2.405904,1.403792,1.398577,1.459501,1.139125,-1.403792,,,,,,at/above target within deadband; MFC zero
2026-05-16 19:01:28,366.9,453.144,453.273,452.000,-1.273,13.242700,100.831000,51.513500,0.713103,18.000000,97.050777,0.000000,0.000000,0.000000,0.000000,0.000000,0.000000,0.000000,0.000000,0.000000,0.000000,0.000000,1.444440,1.568905,-0.01811802,-0.01420293,-0.01520655,-1.758368,-1.378405,-1.475807,1.758368,1.758368,1.378405,1.475807,1.480142,1.166611,-1.378405,,,,,,at/above target within deadband; MFC zero
2026-05-16 19:01:33,372.4,452.888,453.210,452.000,-1.210,13.251100,100.836000,51.506800,0.711365,18.000000,97.055589,0.000000,0.000000,0.000000,0.000000,0.000000,0.000000,0.000000,0.000000,0.000000,0.000000,0.000000,1.484878,1.606192,-0.01131134,-0.01459371,-0.01431579,-1.097829,-1.416401,-1.389428,1.097829,1.097829,1.416401,1.389428,1.463213,1.194337,-1.416401,,,,,,at/above target within deadband; MFC zero
2026-05-16 19:01:39,377.9,453.211,453.111,452.000,-1.111,13.242300,100.835000,51.506800,0.709447,18.000000,97.054627,0.000000,0.000000,0.000000,0.000000,0.000000,0.000000,0.000000,0.000000,0.000000,0.000000,0.000000,1.523723,1.640257,-0.00603384,-0.01465218,-0.01531288,-0.585612,-1.422062,-1.486186,0.585612,0.585612,1.422062,1.486186,1.457982,1.219667,-1.422062,,,,,,at/above target within deadband; MFC zero
2026-05-16 19:01:44,383.4,453.083,453.124,452.000,-1.124,13.248500,100.833000,51.513500,0.712855,18.000000,97.052702,0.000000,0.000000,0.000000,0.000000,0.000000,0.000000,0.000000,0.000000,0.000000,0.000000,0.000000,1.560162,1.669481,-0.01132795,-0.01438995,-0.01501315,-1.099409,-1.396584,-1.457067,1.099409,1.099409,1.396584,1.457067,1.498198,1.241397,-1.396584,,,,,,at/above target within deadband; MFC zero
2026-05-16 19:01:50,388.9,452.695,453.057,452.000,-1.057,13.240200,100.835000,51.510100,0.710422,18.000000,97.054627,0.000000,0.000000,0.000000,0.000000,0.000000,0.000000,0.000000,0.000000,0.000000,0.000000,0.000000,1.594133,1.696047,-0.01993319,-0.01430812,-0.01378215,-1.934608,-1.388670,-1.337621,1.934608,1.934608,1.388670,1.337621,1.516534,1.261151,-1.388670,,,,,,at/above target within deadband; MFC zero
2026-05-16 19:01:55,393.9,452.902,453.008,452.000,-1.008,13.243500,100.835000,51.510100,0.712947,18.000000,97.054627,0.000000,0.000000,0.000000,0.000000,0.000000,0.000000,0.000000,0.000000,0.000000,0.000000,0.000000,1.625579,1.719916,-0.01295824,-0.01416845,-0.01348081,-1.257657,-1.375114,-1.308375,1.257657,1.257657,1.375114,1.308375,1.520921,1.278900,-1.375114,,,,,,at/above target within deadband; MFC zero
2026-05-16 19:02:00,398.9,452.342,452.933,452.000,-0.933,13.243500,100.833000,51.506900,0.714428,18.000000,97.052702,0.000000,0.000000,0.000000,0.000000,0.000000,0.000000,0.000000,0.000000,0.000000,0.000000,0.000000,1.654424,1.740958,-0.02273997,-0.01396007,-0.01280046,-2.206976,-1.354863,-1.242319,2.206976,2.206976,1.354863,1.242319,1.544489,1.294546,-1.354863,,,,,,at/above target within deadband; MFC zero
2026-05-16 19:02:05,404.4,453.173,452.882,452.000,-0.882,13.248300,100.833000,51.503500,0.713529,18.000000,97.052702,0.000000,0.000000,0.000000,0.000000,0.000000,0.000000,0.000000,0.000000,0.000000,0.000000,0.000000,1.680612,1.759178,-0.00863883,-0.01373779,-0.01011473,-0.838422,-1.333290,-0.981661,0.838422,0.838422,1.333290,0.981661,1.543925,1.308095,-1.333290,,,,,,at/above target within deadband; MFC zero
2026-05-16 19:02:11,409.9,452.158,452.873,452.000,-0.873,13.246700,100.831000,51.500200,0.713003,18.000000,97.050777,0.000000,0.000000,0.000000,0.000000,0.000000,0.000000,0.000000,0.000000,0.000000,0.000000,0.000000,1.703514,1.772220,-0.01272294,-0.01326302,-0.00885100,-1.234772,-1.287186,-0.858997,1.234772,1.234772,1.287186,0.858997,1.526545,1.317793,-1.287186,,,,,,at/above target within deadband; MFC zero
2026-05-16 19:02:16,415.4,452.668,452.819,452.000,-0.819,13.247200,100.832000,51.506800,0.712550,18.000000,97.051739,0.000000,0.000000,0.000000,0.000000,0.000000,0.000000,0.000000,0.000000,0.000000,0.000000,0.000000,1.722997,1.781446,-0.01114308,-0.01307403,-0.00942057,-1.081456,-1.268857,-0.914283,1.081456,1.081456,1.268857,0.914283,1.473394,1.324653,-1.268857,,,,,,at/above target within deadband; MFC zero
2026-05-16 19:02:22,420.9,452.012,452.708,452.000,-0.708,13.247600,100.832000,51.506800,0.711391,18.000000,97.051739,0.000000,0.000000,0.000000,0.000000,0.000000,0.000000,0.000000,0.000000,0.000000,0.000000,0.000000,1.739490,1.788969,-0.00005042,-0.01326505,-0.00986113,-0.004894,-1.287396,-0.957039,0.004894,0.004894,1.287396,0.957039,1.406066,1.330247,-1.287396,,,,,,at/above target within deadband; MFC zero
2026-05-16 19:02:27,425.9,452.607,452.617,452.000,-0.617,13.246100,100.831000,51.506800,0.711836,18.000000,97.050777,0.000000,0.000000,0.000000,0.000000,0.000000,0.000000,0.000000,0.000000,0.000000,0.000000,0.000000,1.753576,1.795834,-0.00579853,-0.01315811,-0.01192108,-0.562752,-1.277005,-1.156950,0.562752,0.562752,1.277005,1.156950,1.353531,1.335351,-1.277005,,,,,,at/above target within deadband; MFC zero
2026-05-16 19:02:32,430.9,452.395,452.494,452.000,-0.494,13.251400,100.831000,51.503500,0.714732,18.000000,97.050777,0.000000,0.000000,0.000000,0.000000,0.000000,0.000000,0.000000,0.000000,0.000000,0.000000,0.000000,1.765479,1.801187,-0.01238680,-0.01326686,-0.01258326,-1.202148,-1.287559,-1.221215,1.202148,1.202148,1.287559,1.221215,1.352461,1.339332,-1.287559,,,,,,at/above target within deadband; MFC zero
2026-05-16 19:02:37,436.4,451.936,452.378,452.000,-0.378,13.249700,100.831000,51.513500,0.712157,18.000000,97.050777,0.000000,0.000000,0.000000,0.000000,0.000000,0.000000,0.000000,0.000000,0.000000,0.000000,0.000000,1.775542,1.805731,-0.01828608,-0.01322820,-0.01529063,-1.774679,-1.283807,-1.483967,1.774679,1.774679,1.283807,1.483967,1.400158,1.342710,-1.283807,,,,,,at/above target within deadband; MFC zero
2026-05-16 19:02:43,441.9,452.399,452.306,452.000,-0.306,13.252300,100.831000,51.503500,0.713735,18.000000,97.050777,0.000000,0.000000,0.000000,0.000000,0.000000,0.000000,0.000000,0.000000,0.000000,0.000000,0.000000,1.783801,1.808577,-0.01569782,-0.01337948,-0.01613502,-1.523486,-1.298488,-1.565916,1.523486,1.523486,1.298488,1.565916,1.395545,1.344827,-1.298488,,,,,,at/above target within deadband; MFC zero
2026-05-16 19:02:48,447.4,452.546,452.221,452.000,-0.221,13.258700,100.834000,51.506800,0.709423,18.000000,97.053664,0.000000,0.000000,0.000000,0.000000,0.000000,0.000000,0.000000,0.000000,0.000000,0.000000,0.000000,1.790322,1.809888,-0.01117669,-0.01327920,-0.01555437,-1.084738,-1.288795,-1.509608,1.084738,1.084738,1.288795,1.509608,1.374847,1.345802,-1.288795,,,,,,at/above target within deadband; MFC zero
2026-05-16 19:02:53,452.4,452.685,452.138,452.000,-0.138,13.240000,100.833000,51.503500,0.713247,18.000000,97.052702,0.000000,0.000000,0.000000,0.000000,0.000000,0.000000,0.000000,0.000000,0.000000,0.000000,0.000000,1.795263,1.810084,-0.00247064,-0.01336122,-0.01657094,-0.239782,-1.296742,-1.608255,0.239782,0.239782,1.296742,1.608255,1.321863,1.345948,-1.296742,,,,,,at/above target within deadband; MFC zero
2026-05-16 19:02:58,457.4,451.283,452.167,452.000,-0.167,13.246200,100.834000,51.513500,0.712711,18.000000,97.053664,0.000000,0.000000,0.000000,0.000000,0.000000,0.000000,0.000000,0.000000,0.000000,0.000000,0.000000,1.798516,1.808274,-0.02719384,-0.01309366,-0.01447150,-2.639261,-1.270788,-1.404512,2.639261,2.639261,1.270788,1.404512,1.358706,1.344602,-1.270788,,,,,,at/above target within deadband; MFC zero
2026-05-16 19:03:04,462.9,452.101,452.096,452.000,-0.096,13.258300,100.834000,51.500200,0.710680,18.000000,97.053664,0.000000,0.000000,0.000000,0.000000,0.000000,0.000000,0.000000,0.000000,0.000000,0.000000,0.000000,1.800164,1.805110,-0.01472298,-0.01310145,-0.01535908,-1.428919,-1.271543,-1.490655,1.428919,1.428919,1.271543,1.490655,1.369955,1.342249,-1.271543,,,,,,at/above target within deadband; MFC zero
2026-05-16 19:03:09,468.4,451.905,451.974,452.000,0.026,13.256900,100.832000,51.510100,0.711841,18.000000,97.051739,0.540259,0.540259,0.540259,0.000000,0.000000,0.000000,0.000000,0.000000,0.000000,0.000000,0.000000,1.800863,1.802960,-0.01509299,-0.01348864,-0.01300235,-1.464801,-1.309096,-1.261900,1.464801,1.464801,1.309096,1.261900,1.352013,1.340650,-1.309096,,,,,,within lower deadband; partial feedforward
2026-05-16 19:03:15,473.9,451.361,451.903,452.000,0.097,13.250900,100.835000,51.510200,0.713002,18.000000,97.054627,0.540305,0.540305,0.540305,0.000000,0.000000,0.000000,0.000000,0.000000,0.000000,0.000000,0.000000,1.801016,1.801473,-0.02349665,-0.01367955,-0.01345157,-2.280458,-1.327663,-1.305537,2.280458,2.280458,1.327663,1.305537,1.338124,1.339545,-1.327663,,,,,,within lower deadband; partial feedforward
2026-05-16 19:03:20,479.4,451.701,451.796,452.000,0.204,13.256200,100.832000,51.506800,0.711348,18.000000,97.051739,0.540150,0.540150,0.540150,0.000000,0.000000,0.000000,0.000000,0.000000,0.000000,0.000000,0.000000,1.800500,1.798955,-0.02295843,-0.01350133,-0.01395983,-2.228155,-1.310327,-1.354826,2.228155,2.228155,1.310327,1.354826,1.412370,1.337672,-1.310327,,,,,,within lower deadband; partial feedforward
2026-05-16 19:03:25,484.4,451.368,451.715,452.000,0.285,13.247900,100.832000,51.500200,0.713082,18.000000,97.051739,0.539827,0.539827,0.539827,0.000000,0.000000,0.000000,0.000000,0.000000,0.000000,0.000000,0.000000,1.799424,1.796193,-0.02290802,-0.01355245,-0.01453104,-2.223263,-1.315289,-1.410263,2.223263,2.223263,1.315289,1.410263,1.423111,1.335619,-1.315289,,,,,,within lower deadband; partial feedforward
2026-05-16 19:03:30,489.4,451.600,451.656,452.000,0.344,13.264400,100.831000,51.506800,0.712808,18.000000,97.050777,0.539410,0.539410,0.539410,0.000000,0.000000,0.000000,0.000000,0.000000,0.000000,0.000000,0.000000,1.798034,1.793864,-0.01265570,-0.01355465,-0.01359337,-1.228246,-1.315489,-1.319247,1.228246,1.228246,1.315489,1.319247,1.408487,1.333886,-1.315489,,,,,,within lower deadband; partial feedforward
2026-05-16 19:03:36,494.9,451.879,451.650,452.000,0.350,13.244900,100.831000,51.503500,0.714817,18.000000,97.050777,0.538801,0.538801,0.538801,0.000000,0.000000,0.000000,0.000000,0.000000,0.000000,0.000000,0.000000,1.796003,1.789909,-0.00235299,-0.01316578,-0.01152923,-0.228359,-1.277750,-1.118921,0.228359,0.228359,1.277750,1.118921,1.349708,1.330946,-1.277750,,,,,,within lower deadband; partial feedforward
2026-05-16 19:03:41,500.4,451.456,451.536,452.000,0.464,13.245800,100.833000,51.510100,0.714065,18.000000,97.052702,0.538159,0.538159,0.538159,0.000000,0.000000,0.000000,0.000000,0.000000,0.000000,0.000000,0.000000,1.793862,1.787441,-0.00776486,-0.01356683,-0.01367084,-0.753600,-1.316698,-1.326791,0.753600,0.753600,1.316698,1.326791,1.320123,1.329110,-1.316698,,,,,,within lower deadband; partial feedforward
2026-05-16 19:03:47,505.9,451.420,451.499,452.000,0.501,13.247600,100.832000,51.510100,0.712463,18.000000,97.051739,0.537428,0.537428,0.537428,0.000000,0.000000,0.000000,0.000000,0.000000,0.000000,0.000000,0.000000,1.791426,1.784119,-0.01173132,-0.01355588,-0.01392244,-1.138545,-1.315621,-1.351197,1.138545,1.138545,1.315621,1.351197,1.310616,1.326641,-1.315621,,,,,,within lower deadband; partial feedforward
2026-05-16 19:03:52,510.9,451.541,451.398,452.000,0.602,13.243300,100.832000,51.506800,0.712336,18.000000,97.051739,0.536580,0.536580,0.536580,0.000000,0.000000,0.000000,0.000000,0.000000,0.000000,0.000000,0.000000,1.788600,1.780122,-0.00324376,-0.01350922,-0.01441227,-0.314813,-1.311094,-1.398736,0.314813,0.314813,1.311094,1.398736,1.304204,1.323668,-1.311094,,,,,,within lower deadband; partial feedforward
2026-05-16 19:03:57,515.9,451.027,451.301,452.000,0.699,13.249500,100.836000,51.510100,0.711704,18.000000,97.055589,0.535730,0.535730,0.535730,0.000000,0.000000,0.000000,0.000000,0.000000,0.000000,0.000000,0.000000,1.785766,1.777264,-0.04532982,-0.01382889,-0.01369527,-4.399513,-1.342171,-1.329203,4.399513,4.399513,1.342171,1.329203,1.372949,1.321543,-1.342171,,,,,,within lower deadband; partial feedforward
2026-05-16 19:04:02,521.4,450.509,451.184,452.000,0.816,13.252300,100.834000,51.503500,0.712232,18.000000,97.053664,0.535102,0.535102,0.535102,0.000000,0.000000,0.000000,0.000000,0.000000,0.000000,0.000000,0.000000,1.783675,1.777400,-0.02748003,-0.01423263,-0.01506952,-2.667037,-1.381328,-1.462552,2.667037,2.667037,1.381328,1.462552,1.404282,1.321644,-1.381328,,,,,,within lower deadband; partial feedforward
2026-05-16 19:04:08,526.9,450.951,451.086,452.000,0.914,13.253300,100.830000,51.506800,0.712048,18.000000,97.049814,0.534594,0.534594,0.534594,0.000000,0.000000,0.000000,0.000000,0.000000,0.000000,0.000000,0.000000,1.781980,1.776898,-0.01100862,-0.01448305,-0.01489934,-1.068385,-1.405578,-1.445979,1.068385,1.068385,1.405578,1.445979,1.403267,1.321271,-1.405578,,,,,,within lower deadband; partial feedforward
2026-05-16 19:04:13,532.4,450.747,451.060,452.000,0.940,13.255100,100.832000,51.510100,0.712239,18.000000,97.051739,0.534068,0.534068,0.534068,0.000000,0.000000,0.000000,0.000000,0.000000,0.000000,0.000000,0.000000,1.780226,1.774962,-0.01679026,-0.01422247,-0.01350393,-1.629524,-1.380316,-1.310580,1.629524,1.629524,1.380316,1.310580,1.439264,1.319831,-1.380316,,,,,,within lower deadband; partial feedforward
2026-05-16 19:04:19,537.9,450.849,450.992,452.000,1.008,13.248100,100.831000,51.503500,0.713693,18.000000,97.050777,0.533584,0.533584,0.533584,0.000000,0.000000,0.000000,0.000000,0.000000,0.000000,0.000000,0.000000,1.778613,1.773774,-0.01243720,-0.01412628,-0.01399290,-1.207040,-1.370967,-1.358022,1.207040,1.207040,1.370967,1.358022,1.442975,1.318948,-1.370967,,,,,,within lower deadband; partial feedforward
2026-05-16 19:04:24,542.9,451.080,451.001,452.000,0.999,13.239500,100.832000,51.506800,0.712394,18.000000,97.051739,0.533153,0.533153,0.533153,0.000000,0.000000,0.000000,0.000000,0.000000,0.000000,0.000000,0.000000,1.777178,1.772875,-0.00679005,-0.01410875,-0.01307791,-0.658986,-1.369278,-1.269234,0.658986,0.658986,1.369278,1.269234,1.398988,1.318279,-1.369278,,,,,,within lower deadband; partial feedforward
2026-05-16 19:04:29,547.9,451.024,450.918,452.000,1.082,13.243200,100.831000,51.510100,0.712200,18.000000,97.050777,0.532827,0.532827,0.532827,0.000000,0.000000,0.000000,0.000000,0.000000,0.000000,0.000000,0.000000,1.776090,1.772826,-0.01359690,-0.01415815,-0.01453189,-1.319590,-1.374060,-1.410331,1.319590,1.319590,1.374060,1.410331,1.401124,1.318243,-1.374060,,,,,,within lower deadband; partial feedforward
2026-05-16 19:04:34,553.4,449.156,450.793,452.000,1.207,13.251900,100.832000,51.503500,0.713392,18.000000,97.051739,0.532653,0.532653,0.532653,0.000000,0.000000,0.000000,0.000000,0.000000,0.000000,0.000000,0.000000,1.775510,1.773768,-0.04583282,-0.01416966,-0.01422575,-4.448155,-1.375190,-1.380634,4.448155,4.448155,1.375190,1.380634,1.478406,1.318944,-1.375190,,,,,,within lower deadband; partial feedforward
2026-05-16 19:04:40,558.9,450.721,450.687,452.000,1.313,13.263200,100.831000,51.506800,0.711044,18.000000,97.050777,0.532522,0.532522,0.532522,0.000000,0.000000,0.000000,0.000000,0.000000,0.000000,0.000000,0.000000,1.775073,1.773764,-0.01272294,-0.01373706,-0.01490223,-1.234771,-1.333192,-1.446273,1.234771,1.234771,1.333192,1.446273,1.492073,1.318940,-1.333192,,,,,,within lower deadband; partial feedforward
2026-05-16 19:04:45,564.4,450.979,450.574,452.000,1.426,13.258700,100.830000,51.503500,0.710765,18.000000,97.049814,0.532615,0.532615,0.532615,0.000000,0.000000,0.000000,0.000000,0.000000,0.000000,0.000000,0.000000,1.775385,1.776318,0.00463883,-0.01383076,-0.01280492,0.450197,-1.342273,-1.242715,-0.450197,-0.450197,1.342273,1.242715,1.433971,1.320840,-1.342273,,,,,,within lower deadband; partial feedforward
2026-05-16 19:04:50,569.4,450.476,450.525,452.000,1.475,13.255400,100.834000,51.506800,0.712528,18.000000,97.053664,0.532976,0.532976,0.532976,0.000000,0.000000,0.000000,0.000000,0.000000,0.000000,0.000000,0.000000,1.776588,1.780199,-0.01225255,-0.01393604,-0.01402932,-1.189155,-1.352544,-1.361597,1.189155,1.189155,1.352544,1.361597,1.437685,1.323726,-1.352544,,,,,,within lower deadband; partial feedforward
2026-05-16 19:04:55,574.4,450.659,450.488,452.000,1.512,13.257800,100.832000,51.503500,0.711673,18.000000,97.051739,0.533457,0.533457,0.533457,0.000000,0.000000,0.000000,0.000000,0.000000,0.000000,0.000000,0.000000,1.778190,1.782997,-0.00759680,-0.01388662,-0.01267539,-0.737283,-1.347721,-1.230168,0.737283,0.737283,1.347721,1.230168,1.462940,1.325806,-1.347721,,,,,,within lower deadband; partial feedforward
2026-05-16 19:05:01,579.9,450.597,450.433,452.000,1.567,13.256700,100.831000,51.500200,0.714593,18.000000,97.050777,0.534058,0.534058,0.534058,0.000000,0.000000,0.000000,0.000000,0.000000,0.000000,0.000000,0.000000,1.780194,1.786204,-0.00752956,-0.01387083,-0.01491466,-0.730749,-1.346175,-1.447479,0.730749,0.730749,1.346175,1.447479,1.468733,1.328191,-1.346175,,,,,,within lower deadband; partial feedforward
2026-05-16 19:05:06,585.4,450.719,450.336,452.000,1.664,13.260800,100.834000,51.500200,0.709578,18.000000,97.053664,0.534706,0.534706,0.534706,0.000000,0.000000,0.000000,0.000000,0.000000,0.000000,0.000000,0.000000,1.782353,1.788832,-0.00796658,-0.01385019,-0.01559945,-0.773185,-1.344212,-1.513984,0.773185,0.773185,1.344212,1.513984,1.453941,1.330145,-1.344212,,,,,,within lower deadband; partial feedforward
2026-05-16 19:05:12,590.9,450.241,450.250,452.000,1.750,13.261500,100.832000,51.513500,0.712973,18.000000,97.051739,0.535475,0.535475,0.535475,0.000000,0.000000,0.000000,0.000000,0.000000,0.000000,0.000000,0.000000,1.784917,1.792608,-0.01994995,-0.01406706,-0.01441516,-1.936177,-1.365232,-1.399016,1.936177,1.936177,1.365232,1.399016,1.459510,1.332952,-1.365232,,,,,,within lower deadband; partial feedforward
2026-05-16 19:05:17,596.4,450.169,450.153,452.000,1.847,13.253800,100.835000,51.513500,0.713931,18.000000,97.054627,0.536332,0.536332,0.536332,0.000000,0.000000,0.000000,0.000000,0.000000,0.000000,0.000000,0.000000,1.787773,1.796343,-0.00989936,-0.01420880,-0.01436923,-0.960779,-1.379030,-1.394600,0.960779,0.960779,1.379030,1.394600,1.440106,1.335730,-1.379030,,,,,,within lower deadband; partial feedforward
2026-05-16 19:05:22,601.4,448.998,450.109,452.000,1.891,13.248500,100.832000,51.503500,0.711915,18.000000,97.051739,0.537290,0.537290,0.537290,0.000000,0.000000,0.000000,0.000000,0.000000,0.000000,0.000000,0.000000,1.790966,1.800546,-0.03253847,-0.01421328,-0.01375622,-3.157915,-1.379424,-1.335065,3.157915,3.157915,1.379424,1.335065,1.511595,1.338855,-1.379424,,,,,,within lower deadband; partial feedforward
2026-05-16 19:05:27,606.4,450.286,450.028,452.000,1.972,13.248000,100.836000,51.510100,0.711928,18.000000,97.055589,0.538168,0.538168,0.538168,0.000000,0.000000,0.000000,0.000000,0.000000,0.000000,0.000000,0.000000,1.793893,1.802674,-0.00023530,-0.01383374,-0.01324762,-0.022837,-1.342641,-1.285756,0.022837,0.022837,1.342641,1.285756,1.504114,1.340438,-1.342641,,,,,,within lower deadband; partial feedforward
2026-05-16 19:05:33,611.9,449.908,449.944,452.000,2.056,13.245600,100.833000,51.506800,0.714064,18.000000,97.052702,4.675548,4.675548,4.675548,0.000000,0.000000,0.000000,0.000000,0.000000,0.000000,0.000000,0.000000,1.797148,1.806913,-0.02976580,-0.01403568,-0.01264565,-2.888851,-1.362201,-1.227294,2.888851,2.888851,1.362201,1.227294,1.512721,1.343590,-1.362201,,,,,,below deadband; feedforward + feedback
2026-05-16 19:05:38,617.4,449.433,449.873,452.000,2.127,13.252600,100.835000,51.500200,0.712409,18.000000,97.054627,4.778966,4.778966,4.778966,4.181250,4.181250,3.160227,0.000000,0.000000,0.000000,1.615158,0.041048,1.800746,1.811539,-0.01337862,-0.01412914,-0.01451365,-1.298457,-1.371299,-1.408617,4.458684,1.298457,1.371299,1.408617,1.508222,1.347030,-1.371299,,,,,,below deadband; feedforward + feedback
2026-05-16 19:05:44,622.9,449.669,449.807,452.000,2.193,13.262800,100.836000,51.500200,0.711929,18.000000,97.055589,4.877227,4.877227,4.877227,4.625000,4.625000,3.439071,0.196430,0.196430,0.006773,1.703524,0.050095,1.806397,1.823350,-0.00964725,-0.01408840,-0.01468051,-0.936319,-1.367358,-1.424826,4.375390,1.132749,1.563788,1.621255,1.496772,1.355812,-1.563788,,,,,,below deadband; feedforward + feedback
2026-05-16 19:05:49,627.9,449.532,449.706,452.000,2.294,13.263000,100.834000,51.506800,0.710483,18.000000,97.053664,5.026565,5.026565,5.026565,4.825000,4.825000,3.587787,0.290571,0.290571,0.016793,1.775316,0.067891,1.814720,1.839690,-0.02134498,-0.01431623,-0.01546858,-2.071608,-1.389443,-1.501282,5.659396,2.362179,1.680013,1.791853,1.499590,1.367962,-1.680013,,,,,,below deadband; feedforward + feedback
2026-05-16 19:05:54,632.9,450.184,449.644,452.000,2.356,13.255800,100.834000,51.510200,0.711512,18.000000,97.053664,5.125194,5.125194,5.125194,4.993750,4.993750,3.717914,0.380172,0.380172,0.029903,1.905939,0.086366,1.826269,1.860916,-0.00731109,-0.01429992,-0.01475932,-0.709568,-1.387860,-1.432446,4.427482,1.089740,1.768032,1.812619,1.460334,1.383745,-1.768032,,,,,,below deadband; feedforward + feedback
2026-05-16 19:05:59,638.4,449.195,449.566,452.000,2.434,13.251800,100.834000,51.503500,0.713316,18.000000,97.053664,5.249991,5.249991,5.249991,5.087500,5.087500,3.792273,0.512964,0.512964,0.047591,1.941464,0.107179,1.841761,1.888236,-0.01517677,-0.01433706,-0.01475537,-1.472961,-1.391464,-1.432062,5.265234,1.985925,1.904428,1.945026,1.452150,1.404060,-1.904428,,,,,,below deadband; feedforward + feedback
2026-05-16 19:06:05,643.9,449.114,449.457,452.000,2.543,13.258600,100.831000,51.503500,0.713623,18.000000,97.050777,5.421856,5.421856,5.421856,5.237500,5.237500,3.894515,0.650186,0.650186,0.070011,1.997394,0.128508,1.861796,1.921901,-0.01112627,-0.01433521,-0.01498235,-1.079813,-1.391244,-1.454049,4.974328,1.729999,2.041429,2.104235,1.469452,1.429093,-2.041429,,,,,,below deadband; feedforward + feedback
2026-05-16 19:06:10,649.4,448.537,449.483,452.000,2.517,13.259300,100.830000,51.513500,0.711585,18.000000,97.049814,5.410489,5.410489,5.410489,5.412500,5.412500,4.019995,0.790785,0.790785,0.097280,2.058367,0.150515,1.886934,1.962347,-0.02963082,-0.01400466,-0.01262511,-2.875665,-1.359149,-1.225264,6.895660,3.666450,2.149934,2.016049,1.588007,1.459168,-2.149934,,,,,,below deadband; feedforward + feedback
2026-05-16 19:06:16,654.9,449.211,449.325,452.000,2.675,13.255300,100.831000,51.510100,0.712931,18.000000,97.050777,5.661827,5.661827,5.661827,5.393750,5.393750,4.024642,0.935381,0.935381,0.129534,1.992930,0.172573,1.917142,2.007766,-0.01282379,-0.01402075,-0.01424564,-1.244559,-1.360725,-1.382551,5.269201,2.179939,2.296105,2.317932,1.637191,1.492941,-2.296105,,,,,,below deadband; feedforward + feedback
2026-05-16 19:06:21,659.9,449.296,449.308,452.000,2.692,13.255700,100.831000,51.503500,0.711904,18.000000,97.050777,5.721729,5.721729,5.721729,5.650000,5.650000,4.205891,1.069381,1.069381,0.166409,2.087464,0.193451,1.952719,2.059449,-0.02628666,-0.01402073,-0.01228425,-2.551141,-1.360723,-1.192196,6.757032,3.620522,2.430103,2.261576,1.722776,1.531371,-2.430103,,,,,,below deadband; feedforward + feedback
2026-05-16 19:06:26,664.9,449.394,449.244,452.000,2.756,13.256700,100.834000,51.503500,0.712372,18.000000,97.053664,5.851897,5.851897,5.851897,5.706250,5.706250,4.252365,1.204899,1.204899,0.207957,2.178346,0.214671,1.993882,2.117374,-0.00794988,-0.01396427,-0.01369463,-0.771565,-1.355284,-1.329114,5.023930,1.976464,2.560183,2.534012,1.780074,1.574443,-2.560183,,,,,,below deadband; feedforward + feedback
2026-05-16 19:06:31,670.4,448.635,449.134,452.000,2.866,13.243000,100.834000,51.506800,0.713722,18.000000,97.053664,6.053896,6.053896,6.053896,5.837500,5.837500,4.340665,1.359331,1.359331,0.254831,2.220998,0.238496,2.040901,2.181956,-0.01514315,-0.01417239,-0.01345353,-1.469698,-1.375482,-1.305715,5.810363,2.829029,2.734814,2.665046,1.725920,1.622465,-2.734814,,,,,,below deadband; feedforward + feedback
2026-05-16 19:06:37,675.9,448.777,449.053,452.000,2.947,13.252100,100.833000,51.503500,0.711361,18.000000,97.052702,6.219301,6.219301,6.219301,6.043750,6.043750,4.494029,1.516584,1.516584,0.307127,2.304217,0.263099,2.093886,2.252843,-0.02351308,-0.01435658,-0.01388899,-2.282008,-1.393345,-1.347964,6.776037,3.798591,2.909929,2.864548,1.764939,1.675176,-2.909929,,,,,,below deadband; feedforward + feedback
2026-05-16 19:06:42,681.4,449.286,449.035,452.000,2.965,13.262500,100.830000,51.506800,0.711373,18.000000,97.049814,6.302652,6.302652,6.302652,6.206250,6.206250,4.614861,1.678081,1.678081,0.364992,2.294330,0.288332,2.152282,2.327469,0.00053783,-0.01377360,-0.01126411,0.052196,-1.336726,-1.093180,4.562665,1.625885,3.014806,2.771260,1.784163,1.730666,-3.014806,,,,,,below deadband; feedforward + feedback
2026-05-16 19:06:47,686.4,449.099,449.027,452.000,2.973,13.263700,100.831000,51.510100,0.713793,18.000000,97.050777,6.378867,6.378867,6.378867,6.281250,6.281250,4.684572,1.829338,1.829338,0.428072,2.320967,0.311686,2.216422,2.408843,-0.00300845,-0.01345398,-0.01057088,-0.291972,-1.305719,-1.025912,4.976544,2.121310,3.135057,2.855250,1.801121,1.791174,-3.135057,,,,,,below deadband; feedforward + feedback
2026-05-16 19:06:52,691.4,448.804,449.028,452.000,2.972,13.256000,100.831000,51.510100,0.713396,18.000000,97.050777,6.447320,6.447320,6.447320,6.375000,6.375000,4.735693,1.983631,1.983631,0.496474,2.343384,0.335348,2.286275,2.495834,-0.01146242,-0.01301587,-0.01037877,-1.112436,-1.263200,-1.007267,5.848130,3.096068,3.246832,2.990898,1.866260,1.855859,-3.246832,,,,,,below deadband; feedforward + feedback
2026-05-16 19:06:58,696.9,448.991,449.054,452.000,2.946,13.268600,100.832000,51.503500,0.711122,18.000000,97.051739,6.485749,6.485749,6.485749,6.462500,6.462500,4.800757,2.155833,2.155833,0.570813,2.454584,0.361668,2.361909,2.588810,-0.00539506,-0.01255384,-0.00710145,-0.523600,-1.218372,-0.689208,5.324357,2.679433,3.374204,2.845040,1.935931,1.924995,-3.374204,,,,,,below deadband; feedforward + feedback
2026-05-16 19:07:03,702.4,448.839,448.947,452.000,3.053,13.265500,100.832000,51.506800,0.712335,18.000000,97.051739,6.717037,6.717037,6.717037,8.062500,8.062500,6.055553,2.330249,2.330249,0.651166,3.097548,0.400738,2.443432,2.688000,-0.00487405,-0.01218654,-0.00845089,-0.473035,-1.182725,-0.820173,6.528588,2.803284,3.512974,3.150423,1.987093,1.998751,-3.512974,,,,,,below deadband; feedforward + feedback
2026-05-16 19:07:09,707.9,448.695,448.900,452.000,3.100,13.258700,100.836000,51.503500,0.710603,18.000000,97.055589,6.872076,6.872076,6.872076,6.662500,6.662500,4.954121,2.547143,2.547143,0.738999,2.456732,0.421293,2.532041,2.797868,-0.03440465,-0.01233550,-0.00659467,-3.339163,-1.197229,-0.640049,8.293284,5.886307,3.744372,3.187193,2.036684,2.080446,-3.744372,,,,,,below deadband; feedforward + feedback
2026-05-16 19:07:14,712.9,449.267,448.845,452.000,3.155,13.273100,100.832000,51.510100,0.710447,18.000000,97.051739,7.045497,7.045497,7.045497,6.862500,6.862500,5.098190,2.734387,2.734387,0.833288,2.530040,0.446691,2.628112,2.916325,0.00731120,-0.01188237,-0.00634694,0.709564,-1.153205,-0.615981,4.388626,2.024822,3.887592,3.350368,2.063927,2.168529,-3.887592,,,,,,below deadband; feedforward + feedback
2026-05-16 19:07:19,717.9,449.231,448.858,452.000,3.142,13.258400,100.831000,51.503500,0.713736,18.000000,97.050777,7.129100,7.129100,7.129100,7.025000,7.025000,5.223670,2.875141,2.875141,0.932430,2.582832,0.472736,2.730615,3.038124,-0.00181516,-0.01126834,-0.00369217,-0.176163,-1.093601,-0.358328,5.399832,3.051303,3.968742,3.233469,2.184669,2.259097,-3.968742,,,,,,below deadband; feedforward + feedback
2026-05-16 19:07:24,722.9,449.180,448.981,452.000,3.019,13.269900,100.835000,51.500200,0.713200,18.000000,97.054627,7.064910,7.064910,7.064910,7.118750,7.118750,5.293381,3.046010,3.046010,1.037465,2.702779,0.499199,2.838625,3.162656,0.00455469,-0.01022028,-0.00069443,0.442054,-0.991926,-0.067398,4.851327,2.603956,4.037936,3.113408,2.233455,2.351697,-4.037936,,,,,,below deadband; feedforward + feedback
2026-05-16 19:07:29,728.4,448.998,449.100,452.000,2.900,13.268900,100.832000,51.506800,0.712368,18.000000,97.051739,7.011479,7.011479,7.011479,7.050000,7.050000,5.237612,3.238520,3.238520,1.149138,2.599605,0.528011,2.951829,3.291440,-0.00115969,-0.00913200,0.00299696,-0.112550,-0.886276,0.290860,5.350161,3.351070,4.124797,2.947660,2.323585,2.447458,-4.124797,,,,,,below deadband; feedforward + feedback
2026-05-16 19:07:34,733.4,449.447,449.210,452.000,2.790,13.265800,100.833000,51.506800,0.711740,18.000000,97.052702,6.976107,6.976107,6.976107,7.012500,7.012500,5.200433,3.414471,3.414471,1.266879,2.577977,0.554108,3.069582,3.422841,0.00786571,-0.00788474,0.00536819,0.763388,-0.765235,0.520997,4.437045,2.651082,4.179706,2.893474,2.389804,2.545166,-4.179706,,,,,,below deadband; feedforward + feedback
2026-05-16 19:07:39,738.4,449.302,449.287,452.000,2.713,13.270700,100.836000,51.500200,0.711041,18.000000,97.055589,6.989896,6.989896,6.989896,6.962500,6.962500,5.191138,3.589027,3.589027,1.390638,2.663294,0.580085,3.191661,3.557899,0.00021849,-0.00687812,0.00618729,0.021206,-0.667560,0.600511,5.169932,3.567821,4.256586,2.988516,2.486171,2.645593,-4.256586,,,,,,below deadband; feedforward + feedback
2026-05-16 19:07:45,743.9,450.807,449.348,452.000,2.652,13.255300,100.832000,51.506900,0.712366,18.000000,97.051739,7.030332,7.030332,7.030332,6.981250,6.981250,5.191138,3.779601,3.779601,1.520969,2.657721,0.608631,3.317322,3.694305,0.03299225,-0.00543092,0.01126738,3.201955,-0.527081,1.093518,1.989183,0.577645,4.306681,2.686082,2.439325,2.747022,-4.306681,,,,,,below deadband; feedforward + feedback
2026-05-16 19:07:50,749.4,449.350,449.357,452.000,2.643,13.265600,100.836000,51.503500,0.713871,18.000000,97.055589,7.146193,7.146193,7.146193,7.000000,7.000000,5.223670,3.969803,3.969803,1.657859,2.679694,0.637333,3.446448,3.833827,-0.00075632,-0.00430545,0.01190882,-0.073405,-0.417868,1.155818,5.297074,4.043208,4.387671,2.813985,2.545615,2.850768,-4.387671,,,,,,below deadband; feedforward + feedback
2026-05-16 19:07:56,754.9,449.896,449.438,452.000,2.562,13.269200,100.832000,51.503500,0.711943,18.000000,97.051739,7.166290,7.166290,7.166290,7.137500,7.137500,5.307323,4.160594,4.160594,1.801328,2.638146,0.666402,3.578790,3.975813,0.01919395,-0.00289130,0.01332154,1.862806,-0.280605,1.292878,3.444516,2.297788,4.441199,2.867716,2.515956,2.956347,-4.441199,,,,,,below deadband; feedforward + feedback
2026-05-16 19:08:01,759.9,449.605,449.577,452.000,2.423,13.264000,100.834000,51.506800,0.712979,18.000000,97.053664,7.105797,7.105797,7.105797,7.156250,7.156250,5.311970,4.335770,4.335770,1.950837,2.632712,0.693029,3.714227,4.120539,0.02305968,-0.00131597,0.01633804,2.238026,-0.127720,1.585667,3.073944,2.097744,4.463490,2.750103,2.587504,3.063962,-4.463490,,,,,,below deadband; feedforward + feedback
2026-05-16 19:08:06,764.9,450.311,449.694,452.000,2.306,13.258000,100.833000,51.506800,0.711601,18.000000,97.052702,7.080376,7.080376,7.080376,7.106250,7.106250,5.274791,4.512897,4.512897,2.106454,2.698201,0.719498,3.851836,4.264662,0.01689107,0.00044140,0.01826402,1.639324,0.042839,1.772572,3.635467,2.873573,4.470058,2.740325,2.586977,3.171130,-4.470058,,,,,,below deadband; feedforward + feedback
2026-05-16 19:08:11,770.4,450.148,449.967,452.000,2.033,13.268800,100.830000,51.506900,0.712612,18.000000,97.049814,6.836612,6.836612,6.836612,7.075000,7.075000,5.260849,4.684417,4.684417,2.267986,2.703959,0.748469,3.990587,4.406839,0.02635345,0.00254746,0.02108273,2.557597,0.247230,2.046075,2.703252,2.126820,4.437187,2.638342,2.615542,3.276850,-4.437187,,,,,,below deadband; feedforward + feedback
2026-05-16 19:08:17,775.9,450.033,450.128,452.000,1.872,13.276600,100.831000,51.500200,0.712876,18.000000,97.050777,0.000000,1.836612,1.836612,5.481250,5.481250,4.354607,4.619540,4.619540,2.420507,2.232918,0.789818,4.125130,4.528759,0.01541206,0.00439652,0.02118441,1.495752,0.426685,2.055963,2.858855,3.123788,4.192854,2.563576,2.684198,3.367507,-4.192854,,,,,,within deadband and CO2 rising; MFC zero
2026-05-16 19:08:22,781.4,449.538,450.217,452.000,1.783,13.275900,100.833000,51.503500,0.711220,18.000000,97.052702,0.000000,0.000000,0.000000,0.000000,0.000000,0.000000,4.820245,4.820245,2.576703,0.000000,0.789818,4.256016,4.648674,0.00327737,0.00571224,0.02129670,0.318078,0.554388,2.066902,-0.318078,4.502167,4.265857,2.753343,2.757991,3.456674,-4.265857,,,,,,within deadband and CO2 rising; MFC zero
2026-05-16 19:08:28,786.9,449.843,450.150,452.000,1.850,13.277400,100.834000,51.510100,0.713821,18.000000,97.053664,0.000000,0.000000,0.000000,0.000000,0.000000,0.000000,4.787512,4.787512,2.728680,0.000000,0.789818,4.381364,4.757408,0.01077331,0.00695241,0.01886202,1.045589,0.674757,1.830628,-1.045589,3.741923,4.112755,2.956884,2.849445,3.537527,-4.112755,,,,,,within deadband and CO2 rising; MFC zero
2026-05-16 19:08:33,791.9,451.037,450.127,452.000,1.873,13.270300,100.831000,51.506800,0.714072,18.000000,97.050777,0.000000,0.000000,0.000000,0.000000,0.000000,0.000000,4.663783,4.663783,2.871812,0.000000,0.789818,4.498253,4.848923,0.03252165,0.00809819,0.01808378,3.156252,0.785936,1.755045,-3.156252,1.507531,3.877847,2.908738,2.832949,3.605576,-3.877847,,,,,,within deadband and CO2 rising; MFC zero
2026-05-16 19:08:38,796.9,449.910,450.023,452.000,1.977,13.263100,100.829000,51.506800,0.712926,18.000000,97.048852,0.000000,0.000000,0.000000,0.000000,0.000000,0.000000,4.537358,4.537358,3.005852,0.000000,0.789818,4.605111,4.925683,0.00984893,0.00866240,0.01320887,0.955827,0.840676,1.281905,-0.955827,3.581531,3.696682,3.255453,2.896795,3.662654,-3.696682,,,,,,within deadband and CO2 rising; MFC zero
2026-05-16 19:08:43,802.4,450.320,450.017,452.000,1.983,13.272800,100.834000,51.503500,0.711172,18.000000,97.053664,0.000000,0.000000,0.000000,0.000000,0.000000,0.000000,4.394792,4.394792,3.130128,0.000000,0.789818,4.700637,4.987215,0.01248783,0.00945856,0.00796999,1.211989,0.917988,0.773517,-1.211989,3.182802,3.476804,3.621275,2.880117,3.708408,-3.476804,,,,,,within deadband and CO2 rising; MFC zero
2026-05-16 19:08:49,807.9,450.148,450.037,452.000,1.963,13.275000,100.831000,51.503500,0.714004,18.000000,97.050777,0.000000,0.000000,0.000000,0.000000,0.000000,0.000000,4.247795,4.247795,3.244349,0.000000,0.789818,4.783580,5.032410,0.01510980,0.01006812,0.00454473,1.466418,0.977119,0.441069,-1.466418,2.781377,3.270676,3.806725,2.900857,3.742014,-3.270676,,,,,,within deadband and CO2 rising; MFC zero
2026-05-16 19:08:54,812.9,450.111,449.966,452.000,2.034,13.267100,100.833000,51.510200,0.711756,18.000000,97.052702,7.701009,5.000000,5.000000,0.000000,0.000000,0.000000,4.113764,4.113764,3.349328,0.000000,0.789818,4.853794,5.064434,0.00280683,0.01023246,-0.00012851,0.272410,0.993088,-0.012473,-0.272410,3.841354,3.120676,4.126236,2.908472,3.765826,-3.120676,,,,,,below deadband; feedforward + feedback
2026-05-16 19:08:59,817.9,450.461,450.077,452.000,1.923,13.265900,100.832000,51.503500,0.712759,18.000000,97.051739,0.000000,0.000000,5.000000,4.818750,4.818750,3.583140,3.974714,3.974714,3.444839,1.770440,0.808676,4.910783,5.081752,0.01504232,0.01072724,-0.00065836,1.459883,1.041097,-0.063895,2.123257,2.514830,2.933616,4.038609,2.927036,3.778703,-2.933616,,,,,,within deadband and CO2 rising; MFC zero
2026-05-16 19:09:04,823.4,450.415,450.232,452.000,1.768,13.274700,100.832000,51.506800,0.711535,18.000000,97.051739,0.000000,0.000000,5.000000,4.931250,4.931250,3.676088,3.886119,3.886119,3.531970,1.881129,0.828790,4.954079,5.083968,0.00462194,0.01137036,0.00142074,0.448567,1.103513,0.137885,3.227521,3.437552,2.782606,3.748234,2.948019,3.780351,-2.782606,,,,,,within deadband and CO2 rising; MFC zero
2026-05-16 19:09:10,828.9,450.270,450.347,452.000,1.653,13.273200,100.833000,51.506800,0.713277,18.000000,97.052702,0.000000,0.000000,5.000000,4.987500,4.987500,3.694677,3.857522,3.857522,3.612692,1.892503,0.849072,4.984331,5.075087,-0.00403369,0.01173692,0.00554181,-0.391481,1.139100,0.537847,4.086158,4.249003,2.718422,3.319675,2.963551,3.773748,-2.718422,,,,,,within deadband and CO2 rising; MFC zero
2026-05-16 19:09:15,834.4,450.708,450.555,452.000,1.445,13.277700,100.832000,51.506800,0.711884,18.000000,97.051739,0.000000,0.000000,0.000000,4.768750,4.768750,3.694677,3.827965,3.827965,3.686825,1.891438,0.869429,5.002394,5.056582,0.00527742,0.01249029,0.01163343,0.512183,1.212204,1.129045,3.182495,3.315782,2.615760,2.698920,3.021823,3.759988,-2.615760,,,,,,within deadband and CO2 rising; MFC zero
2026-05-16 19:09:21,839.9,452.067,450.715,452.000,1.285,13.264600,100.832000,51.500200,0.712379,18.000000,97.051739,0.000000,0.000000,0.000000,0.000000,0.000000,0.000000,3.794395,3.794395,3.754586,0.000000,0.869429,5.008690,5.027577,0.03294186,0.01323826,0.01839713,3.197065,1.284796,1.785474,-3.197065,0.597330,2.509599,2.008921,2.969272,3.738420,-2.509599,,,,,,within deadband and CO2 rising; MFC zero
2026-05-16 19:09:26,845.4,450.139,450.730,452.000,1.270,13.274700,100.833000,51.503500,0.710852,18.000000,97.052702,0.000000,0.000000,0.000000,0.000000,0.000000,0.000000,3.684670,3.684670,3.813243,0.000000,0.869429,5.004055,4.990151,0.00502531,0.01282683,0.01707592,0.487720,1.244878,1.657264,-0.487720,3.196950,2.439792,2.027406,2.972751,3.710591,-2.439792,,,,,,within deadband and CO2 rising; MFC zero
2026-05-16 19:09:31,850.4,450.190,450.731,452.000,1.269,13.276700,100.834000,51.503500,0.710877,18.000000,97.053664,0.000000,0.000000,0.000000,0.000000,0.000000,0.000000,3.526643,3.526643,3.860512,0.000000,0.869429,4.988179,4.940550,-0.00047060,0.01259138,0.01564457,-0.045674,1.222040,1.518363,0.045674,3.572317,2.304604,2.008280,3.003540,3.673708,-2.304604,,,,,,within deadband and CO2 rising; MFC zero
2026-05-16 19:09:36,855.4,450.681,450.757,452.000,1.243,13.281300,100.832000,51.513500,0.712997,18.000000,97.051739,0.000000,0.000000,0.000000,0.000000,0.000000,0.000000,3.367005,3.367005,3.896262,0.000000,0.869429,4.960423,4.877155,0.01107604,0.01258156,0.01686114,1.074949,1.221062,1.636403,-1.074949,2.292056,2.145943,1.730602,2.985911,3.626569,-2.145943,,,,,,within deadband and CO2 rising; MFC zero
2026-05-16 19:09:42,860.9,450.294,450.673,452.000,1.327,13.263900,100.829000,51.510100,0.713305,18.000000,97.048852,0.000000,0.000000,0.000000,0.000000,0.000000,0.000000,3.105729,3.105729,3.915524,0.000000,0.869429,4.918754,4.793746,0.00636987,0.01195255,0.01471515,0.618188,1.159981,1.428088,-0.618188,2.487540,1.945748,1.677640,2.868713,3.564548,-1.945748,,,,,,within deadband and CO2 rising; MFC zero
2026-05-16 19:09:47,866.4,450.614,450.748,452.000,1.252,13.271700,100.833000,51.506900,0.714162,18.000000,97.052702,0.000000,0.000000,0.000000,0.000000,0.000000,0.000000,2.968569,2.968569,3.923599,0.000000,0.869429,4.864246,4.700722,0.00831948,0.01119960,0.01103496,0.807428,1.086952,1.070972,-0.807428,2.161141,1.881617,1.897596,2.873413,3.495376,-1.881617,,,,,,within deadband and CO2 rising; MFC zero
2026-05-16 19:09:53,871.9,450.427,450.794,452.000,1.206,13.280400,100.832000,51.506900,0.712350,18.000000,97.051739,0.000000,0.000000,0.000000,0.000000,0.000000,0.000000,2.781837,2.781837,3.920382,0.000000,0.869429,4.797316,4.596528,0.00294123,0.01092119,0.00693545,0.285452,1.059921,0.673097,-0.285452,2.496385,1.721916,2.108739,2.854278,3.417899,-1.721916,,,,,,within deadband and CO2 rising; MFC zero
2026-05-16 19:09:58,876.9,450.989,450.712,452.000,1.288,13.271300,100.831000,51.503500,0.711904,18.000000,97.050777,0.000000,0.000000,0.000000,0.000000,0.000000,0.000000,2.607559,2.607559,3.905263,0.000000,0.869429,4.718887,4.483597,0.01085736,0.01035392,0.00268889,1.053715,1.004856,0.260959,-1.053715,1.553844,1.602703,2.346600,2.818067,3.333926,-1.602703,,,,,,within deadband and CO2 rising; MFC zero
2026-05-16 19:10:03,881.9,451.739,450.803,452.000,1.197,13.276800,100.829000,51.516800,0.713167,18.000000,97.048852,0.000000,0.000000,0.000000,0.000000,0.000000,0.000000,2.431237,2.431237,3.877425,0.000000,0.869429,4.628948,4.359134,0.01423556,0.01020461,0.00350860,1.381544,0.990346,0.340506,-1.381544,1.049693,1.440891,2.090732,2.738710,3.241377,-1.440891,,,,,,within deadband and CO2 rising; MFC zero
2026-05-16 19:10:08,887.4,450.425,450.876,452.000,1.124,13.271600,100.833000,51.503500,0.711951,18.000000,97.052702,0.000000,0.000000,0.000000,0.000000,0.000000,0.000000,2.238944,2.238944,3.836890,0.000000,0.869429,4.528059,4.225390,-0.00300846,0.00971928,0.00380655,-0.291979,0.943283,0.369436,0.291979,2.530923,1.295661,1.869508,2.734566,3.141928,-1.295661,,,,,,within deadband and CO2 rising; MFC zero
2026-05-16 19:10:14,892.9,451.631,451.024,452.000,0.976,13.274000,100.831000,51.503500,0.714072,18.000000,97.050777,0.000000,0.000000,0.000000,0.000000,0.000000,0.000000,2.048122,2.048122,3.783755,0.000000,0.869429,4.416116,4.080286,0.01035336,0.00948508,0.00603127,1.004802,0.920534,0.585340,-1.004802,1.043320,1.127587,1.462782,2.647514,3.034031,-1.127587,,,,,,within deadband and CO2 rising; MFC zero
2026-05-16 19:10:19,898.4,451.248,451.116,452.000,0.884,13.275100,100.834000,51.503500,0.712934,18.000000,97.053664,0.000000,0.000000,0.000000,0.000000,0.000000,0.000000,1.857935,1.857935,3.717491,0.000000,0.869429,4.293338,3.925005,0.00916002,0.00927034,0.00900003,0.889013,0.899721,0.873486,-0.889013,0.968921,0.958214,0.984449,2.661007,2.918567,-0.958214,,,,,,within deadband and CO2 rising; MFC zero
2026-05-16 19:10:25,903.9,451.875,451.172,452.000,0.828,13.278900,100.831000,51.506900,0.713019,18.000000,97.050777,0.000000,0.000000,0.000000,0.000000,0.000000,0.000000,1.667361,1.667361,3.638096,0.000000,0.869429,4.159553,3.758198,0.02201761,0.00903348,0.01176126,2.136826,0.876706,1.141439,-2.136826,-0.469466,0.790654,0.525922,2.505397,2.794532,-0.790654,,,,,,within deadband and CO2 rising; MFC zero
2026-05-16 19:10:30,908.9,451.008,451.144,452.000,0.856,13.297200,100.835000,51.510100,0.713395,18.000000,97.054627,0.000000,0.000000,0.000000,0.000000,0.000000,0.000000,1.492774,1.492774,3.546102,0.000000,0.869429,4.015069,3.581615,0.00151266,0.00885475,0.00992332,0.146811,0.859395,0.963104,-0.146811,1.345963,0.633379,0.529670,2.472576,2.663228,-0.633379,,,,,,within deadband and CO2 rising; MFC zero
2026-05-16 19:10:35,913.9,451.241,451.199,452.000,0.801,13.277300,100.831000,51.503500,0.711496,18.000000,97.050777,0.000000,0.000000,0.000000,0.000000,0.000000,0.000000,1.315785,1.315785,3.441965,0.000000,0.869429,3.860136,3.395340,0.00450429,0.00895523,0.01095445,0.437145,0.869112,1.063137,-0.437145,0.878641,0.446673,0.252648,2.430538,2.524717,-0.446673,,,,,,within deadband and CO2 rising; MFC zero
2026-05-16 19:10:40,919.4,451.329,451.257,452.000,0.743,13.284700,100.833000,51.510100,0.711812,18.000000,97.052702,0.000000,0.000000,0.000000,0.000000,0.000000,0.000000,1.120889,1.120889,3.324999,0.000000,0.869429,3.694344,3.196967,0.00784890,0.00956722,0.01260212,0.761757,0.928525,1.223070,-0.761757,0.359132,0.192365,-0.102181,2.343833,2.377210,-0.192365,,,,,,within deadband and CO2 rising; MFC zero
2026-05-16 19:10:46,924.9,451.873,451.275,452.000,0.725,13.277800,100.832000,51.500200,0.712842,18.000000,97.051739,0.000000,0.000000,0.000000,0.000000,0.000000,0.000000,0.927372,0.927372,3.195446,0.000000,0.869429,3.518031,2.989093,0.02431983,0.01002303,0.01157576,2.360282,0.972753,1.123447,-2.360282,-1.432910,-0.045381,-0.196076,2.221083,2.222639,0.045381,,,,,,within deadband and CO2 rising; MFC zero
2026-05-16 19:10:51,930.4,451.216,451.314,452.000,0.686,13.275700,100.831000,51.516800,0.713371,18.000000,97.050777,0.000000,0.000000,0.000000,0.000000,0.000000,0.000000,0.690943,0.690943,3.059977,0.000000,0.869429,3.333710,2.780747,0.00539507,0.01020958,0.01006615,0.523595,0.990848,0.976927,-0.523595,0.167348,-0.299905,-0.285984,2.119137,2.067716,0.299905,,,,,,within deadband and CO2 rising; MFC zero
2026-05-16 19:10:56,935.4,451.401,451.356,452.000,0.644,13.280600,100.830000,51.513500,0.711386,18.000000,97.049814,0.000000,0.000000,0.000000,0.000000,0.000000,0.000000,0.529617,0.529617,2.912024,0.000000,0.869429,3.140889,2.562425,0.01393306,0.01001169,0.00710548,1.352201,0.971633,0.689585,-1.352201,-0.822584,-0.442016,-0.159968,1.935525,1.905375,0.442016,,,,,,within deadband and CO2 rising; MFC zero
2026-05-16 19:11:01,940.4,451.321,451.463,452.000,0.537,13.267800,100.835000,51.500200,0.710887,18.000000,97.054627,0.000000,0.000000,0.000000,0.000000,0.000000,0.000000,0.529617,0.529617,2.765200,0.000000,0.869429,2.943317,2.350601,0.01277337,0.01014493,0.00821775,1.239714,0.984612,0.797570,-1.239714,-0.710097,-0.454996,-0.267953,1.782007,1.747867,0.454996,,,,,,within deadband and CO2 rising; MFC zero
2026-05-16 19:11:07,945.9,451.647,451.519,452.000,0.481,13.282700,100.834000,51.503500,0.713935,18.000000,97.053664,0.000000,0.000000,0.000000,0.000000,0.000000,0.000000,0.529617,0.529617,2.622643,0.000000,0.869429,2.745094,2.150427,0.00680698,0.00997708,0.00851825,0.660643,0.968312,0.826727,-0.660643,-0.131026,-0.438695,-0.297110,1.725505,1.599021,0.438695,,,,,,within deadband and CO2 rising; MFC zero
2026-05-16 19:11:12,951.4,452.013,451.638,452.000,0.362,13.281000,100.832000,51.503500,0.710969,18.000000,97.051739,0.000000,0.000000,0.000000,0.000000,0.000000,0.000000,0.529617,0.529617,2.484445,0.000000,0.869429,2.548512,1.958763,0.01832001,0.00995292,0.01066059,1.777989,0.965948,1.034628,-1.777989,-1.248372,-0.436331,-0.505012,1.558957,1.456503,0.436331,,,,,,within deadband and CO2 rising; MFC zero
2026-05-16 19:11:18,956.9,452.005,451.697,452.000,0.303,13.274800,100.833000,51.510200,0.712038,18.000000,97.052702,0.000000,0.000000,0.000000,0.000000,0.000000,0.000000,0.529617,0.529617,2.351163,0.000000,0.869429,2.355879,1.777981,0.01055483,0.00980072,0.01214376,1.024374,0.951186,1.178585,-1.024374,-0.494757,-0.421569,-0.648968,1.432144,1.322076,0.421569,,,,,,within deadband and CO2 rising; MFC zero
2026-05-16 19:11:23,962.4,451.356,451.739,452.000,0.261,13.274700,100.835000,51.510100,0.712706,18.000000,97.054627,0.000000,0.000000,0.000000,0.000000,0.000000,0.000000,0.529617,0.529617,2.222950,0.000000,0.869429,2.169363,1.609816,0.00650433,0.00912087,0.01070600,0.631276,0.885223,1.039067,-0.631276,-0.101659,-0.355606,-0.509450,1.332729,1.197032,0.355606,,,,,,within deadband and CO2 rising; MFC zero
2026-05-16 19:11:28,967.4,451.388,451.689,452.000,0.311,13.274600,100.830000,51.500200,0.712079,18.000000,97.049814,0.000000,0.000000,0.000000,0.000000,0.000000,0.000000,0.529617,0.529617,2.099359,0.000000,0.869429,1.989903,1.451523,0.00897498,0.00847364,0.00873001,0.871020,0.822365,0.847246,-0.871020,-0.341403,-0.292748,-0.317629,1.188496,1.079328,0.292748,,,,,,within deadband and CO2 rising; MFC zero
2026-05-16 19:11:33,972.4,451.594,451.617,452.000,0.383,13.283000,100.829000,51.503500,0.714599,18.000000,97.048852,0.000000,0.000000,0.000000,0.000000,0.000000,0.000000,0.483902,0.483902,1.978986,0.000000,0.869429,1.817539,1.300447,0.00820184,0.00832643,0.00671273,0.795979,0.808071,0.651462,-0.795979,-0.312077,-0.324169,-0.167560,1.091017,0.966990,0.324169,,,,,,within deadband and CO2 rising; MFC zero
2026-05-16 19:11:39,977.9,451.388,451.532,452.000,0.468,13.284900,100.832000,51.506800,0.710952,18.000000,97.051739,0.000000,0.000000,0.000000,0.000000,0.000000,0.000000,0.356532,0.356532,1.857276,0.000000,0.869429,1.651251,1.152385,-0.00514296,0.00790009,0.00359043,-0.499134,0.766717,0.348458,0.499134,0.855666,-0.410185,0.008075,1.001986,0.856894,0.410185,,,,,,within deadband and CO2 rising; MFC zero
2026-05-16 19:11:44,983.4,451.079,451.462,452.000,0.538,13.270500,100.833000,51.503500,0.712503,18.000000,97.052702,0.000000,0.000000,0.000000,0.000000,0.000000,0.000000,0.221774,0.221774,1.731905,0.000000,0.869429,1.489419,1.003924,-0.00245382,0.00726162,-0.00096402,-0.238150,0.704760,-0.093561,0.238150,0.459924,-0.482986,0.315334,0.871328,0.746501,0.482986,,,,,,within deadband and CO2 rising; MFC zero
2026-05-16 19:11:50,988.9,450.692,451.411,452.000,0.589,13.284300,100.835000,51.510200,0.712170,18.000000,97.054627,0.000000,0.000000,0.000000,0.000000,0.000000,0.000000,0.086364,0.086364,1.602885,0.000000,0.869429,1.331010,0.855785,-0.01077333,0.00685243,-0.00477675,-1.045601,0.665060,-0.463606,1.045601,1.131966,-0.578696,0.549970,0.796024,0.636347,0.578696,,,,,,within deadband and CO2 rising; MFC zero
2026-05-16 19:11:55,993.9,450.795,451.271,452.000,0.729,13.289500,100.829000,51.506800,0.713462,18.000000,97.048852,0.000000,0.000000,0.000000,0.000000,0.000000,0.000000,0.000000,0.000000,1.472044,0.000000,0.869429,1.176270,0.712047,-0.00857160,0.00607885,-0.01015735,-0.831864,0.589945,-0.985759,0.831864,0.831864,-0.589945,0.985759,0.804112,0.529466,0.589945,,,,,,within deadband and CO2 rising; MFC zero
2026-05-16 19:12:00,998.9,451.392,451.195,452.000,0.805,13.289000,100.831000,51.506800,0.712456,18.000000,97.050777,0.000000,0.000000,0.000000,0.000000,0.000000,0.000000,0.000000,0.000000,1.344986,0.000000,0.869429,1.026374,0.576688,-0.00902554,0.00493644,-0.01165745,-0.875936,0.479085,-1.131364,0.875936,0.875936,-0.479085,1.131364,0.724077,0.428815,0.479085,,,,,,within deadband and CO2 rising; MFC zero
2026-05-16 19:12:05,1004.4,451.347,451.098,452.000,0.902,13.278500,100.833000,51.500200,0.714219,18.000000,97.052702,0.000000,0.000000,0.000000,0.000000,0.000000,0.000000,0.000000,0.000000,1.223378,0.000000,0.869429,0.882644,0.451454,-0.00574802,0.00407952,-0.01451293,-0.557861,0.395929,-1.408519,0.557861,0.557861,-0.395929,1.408519,0.620130,0.335693,0.395929,,,,,,within deadband and CO2 rising; MFC zero
2026-05-16 19:12:11,1009.9,451.093,451.045,452.000,0.955,13.284800,100.834000,51.503500,0.713260,18.000000,97.053664,0.000000,0.000000,0.000000,0.000000,0.000000,0.000000,0.000000,0.000000,1.107274,0.000000,0.869429,0.746600,0.338469,-0.01495829,0.00299268,-0.01576276,-1.451757,0.290450,-1.529833,1.451757,1.451757,-0.290450,1.529833,0.591154,0.251680,0.290450,,,,,,within deadband and CO2 rising; MFC zero
2026-05-16 19:12:16,1015.4,450.868,451.018,452.000,0.982,13.281300,100.832000,51.506800,0.711464,18.000000,97.051739,0.000000,0.000000,0.000000,0.000000,0.000000,0.000000,0.000000,0.000000,1.000180,0.000000,0.869429,0.620227,0.241109,-0.01058846,0.00158390,-0.01389793,-1.027628,0.153720,-1.348818,1.027628,1.027628,-0.153720,1.348818,0.540812,0.179284,0.153720,,,,,,within deadband and CO2 rising; MFC zero
2026-05-16 19:12:22,1020.9,450.869,450.928,452.000,1.072,13.283400,100.834000,51.503500,0.710737,18.000000,97.053664,0.000000,0.000000,0.000000,0.000000,0.000000,0.000000,0.000000,0.000000,0.897815,0.000000,0.869429,0.503337,0.152664,-0.01292462,0.00026378,-0.01368202,-1.254381,0.025601,-1.327890,1.254381,1.254381,-0.025601,1.327890,0.509545,0.113518,0.025601,,,,,,within deadband and CO2 rising; MFC zero
2026-05-16 19:12:27,1025.9,451.041,450.838,452.000,1.162,13.290400,100.830000,51.503500,0.711371,18.000000,97.049814,0.000000,0.000000,0.000000,0.000000,0.000000,0.000000,0.000000,0.000000,0.801890,0.000000,0.869429,0.397407,0.079619,-0.01149603,-0.00151250,-0.01539791,-1.115687,-0.146788,-1.494365,1.115687,1.115687,0.146788,1.494365,0.461935,0.059204,-0.146788,,,,,,within lower deadband; partial feedforward
2026-05-16 19:12:32,1030.9,451.101,450.786,452.000,1.214,13.282900,100.837000,51.506800,0.712460,18.000000,97.056552,0.000000,0.000000,0.000000,0.000000,0.000000,0.000000,0.000000,0.000000,0.711974,0.000000,0.869429,0.302399,0.017375,-0.01058844,-0.00268373,-0.01430149,-1.027678,-0.260473,-1.388054,1.027678,1.027678,0.260473,1.388054,0.443791,0.012920,-0.260473,,,,,,within lower deadband; partial feedforward
2026-05-16 19:12:37,1036.4,450.105,450.733,452.000,1.267,13.261200,100.832000,51.513500,0.712083,18.000000,97.051739,0.000000,0.000000,0.000000,0.000000,0.000000,0.000000,0.000000,0.000000,0.628138,0.000000,0.869429,0.226799,0.000000,-0.01905923,-0.00368102,-0.01272155,-1.849731,-0.357249,-1.234649,1.849731,1.849731,0.357249,1.234649,0.471378,-0.024447,-0.357249,,,,,,within lower deadband; partial feedforward
2026-05-16 19:12:43,1041.9,450.505,450.649,452.000,1.351,13.282200,100.832000,51.510100,0.710661,18.000000,97.051739,0.000000,0.000000,0.000000,0.000000,0.000000,0.000000,0.000000,0.000000,0.550933,0.000000,0.869429,0.170100,0.000000,-0.01721068,-0.00503835,-0.01332422,-1.670327,-0.488981,-1.293138,1.670327,1.670327,0.488981,1.293138,0.441703,-0.052264,-0.488981,,,,,,within lower deadband; partial feedforward
2026-05-16 19:12:48,1047.4,450.407,450.526,452.000,1.474,13.290600,100.836000,51.506800,0.711884,18.000000,97.055589,0.000000,0.000000,0.000000,0.000000,0.000000,0.000000,0.000000,0.000000,0.480309,0.000000,0.869429,0.127575,0.000000,-0.01608463,-0.00638403,-0.01349207,-1.561103,-0.619605,-1.309481,1.561103,1.561103,0.619605,1.309481,0.459557,-0.069780,-0.619605,,,,,,within lower deadband; partial feedforward
2026-05-16 19:12:53,1052.4,450.042,450.398,452.000,1.602,13.294800,100.831000,51.503500,0.712822,18.000000,97.050777,0.000000,0.000000,0.000000,0.000000,0.000000,0.000000,0.000000,0.000000,0.416242,0.000000,0.869429,0.095681,0.000000,-0.01897518,-0.00754114,-0.01507047,-1.841556,-0.731874,-1.462601,1.841556,1.841556,0.731874,1.462601,0.489648,-0.077585,-0.731874,,,,,,within lower deadband; partial feedforward
2026-05-16 19:12:58,1057.4,450.448,450.351,452.000,1.649,13.284200,100.837000,51.500200,0.712601,18.000000,97.056552,0.000000,0.000000,0.000000,0.000000,0.000000,0.000000,0.000000,0.000000,0.358747,0.000000,0.869429,0.071761,0.000000,-0.01000020,-0.00844711,-0.01559032,-0.970585,-0.819847,-1.513143,0.970585,0.970585,0.819847,1.513143,0.539305,-0.076579,-0.819847,,,,,,within lower deadband; partial feedforward
2026-05-16 19:13:04,1062.9,449.695,450.308,452.000,1.692,13.286300,100.832000,51.510100,0.712691,18.000000,97.051739,0.000000,0.000000,0.000000,0.000000,0.000000,0.000000,0.000000,0.000000,0.307272,0.000000,0.869429,0.053821,0.000000,-0.02048780,-0.00956750,-0.01441669,-1.988377,-0.928542,-1.399165,1.988377,1.988377,0.928542,1.399165,0.561457,-0.066401,-0.928542,,,,,,within lower deadband; partial feedforward
2026-05-16 19:13:09,1068.4,450.122,450.258,452.000,1.742,13.298100,100.831000,51.506800,0.711876,18.000000,97.050777,0.000000,0.000000,0.000000,0.000000,0.000000,0.000000,0.000000,0.000000,0.261900,0.000000,0.869429,0.040365,0.000000,-0.01158006,-0.01058729,-0.01405123,-1.123854,-1.027505,-1.363683,1.123854,1.123854,1.027505,1.363683,0.569913,-0.046372,-1.027505,,,,,,within lower deadband; partial feedforward
2026-05-16 19:13:15,1073.9,450.032,450.207,452.000,1.793,13.288400,100.832000,51.506800,0.710632,18.000000,97.051739,0.000000,0.000000,0.000000,0.000000,0.000000,0.000000,0.000000,0.000000,0.223248,0.000000,0.869429,0.030274,0.000000,-0.01194982,-0.01163561,-0.01382592,-1.159751,-1.129257,-1.341829,1.159751,1.159751,1.129257,1.341829,0.597520,-0.014065,-1.129257,,,,,,within lower deadband; partial feedforward
2026-05-16 19:13:20,1079.4,450.118,450.156,452.000,1.844,13.282200,100.831000,51.510200,0.711565,18.000000,97.050777,0.000000,0.000000,0.000000,0.000000,0.000000,0.000000,0.000000,0.000000,0.191270,0.000000,0.869429,0.032364,0.038632,-0.01250444,-0.01231895,-0.01269852,-1.213566,-1.195564,-1.232401,1.213566,1.213566,1.195564,1.232401,0.688778,0.028726,-1.195564,,,,,,within lower deadband; partial feedforward
2026-05-16 19:13:25,1084.4,449.581,450.053,452.000,1.947,13.252900,100.836000,51.510100,0.712013,18.000000,97.055589,0.000000,0.000000,0.000000,0.000000,0.000000,0.000000,0.000000,0.000000,0.167445,0.000000,0.869429,0.052280,0.112030,-0.01465575,-0.01321753,-0.01415480,-1.422423,-1.282835,-1.373802,1.422423,1.422423,1.282835,1.373802,0.732057,0.083303,-1.282835,,,,,,within lower deadband; partial feedforward
2026-05-16 19:13:30,1089.4,450.178,449.964,452.000,2.036,13.289300,100.834000,51.510100,0.712937,18.000000,97.053664,2.938696,2.938696,2.938696,0.000000,0.000000,0.000000,0.000000,0.000000,0.149182,0.000000,0.869429,0.087631,0.193686,-0.00497489,-0.01358847,-0.01478333,-0.482831,-1.318811,-1.434777,0.482831,0.482831,1.318811,1.434777,0.777071,0.144021,-1.318811,,,,,,below deadband; feedforward + feedback
2026-05-16 19:13:36,1094.9,449.158,449.864,452.000,2.136,13.290300,100.834000,51.510100,0.711414,18.000000,97.053664,3.125585,3.125585,3.125585,7.175000,7.175000,5.302675,0.000000,0.000000,0.130919,2.705506,0.902531,0.135395,0.278685,-0.01663926,-0.01419755,-0.01267015,-1.614901,-1.377924,-1.229685,6.917577,1.614901,1.377924,1.229685,0.857243,0.207226,-1.377924,,,,,,below deadband; feedforward + feedback
2026-05-16 19:13:41,1100.4,450.169,449.777,452.000,2.223,13.287000,100.833000,51.503500,0.711797,18.000000,97.052702,3.305834,3.305834,3.305834,0.006250,0.006250,0.000000,0.097146,0.097146,0.116006,0.000000,0.910385,0.193319,0.367093,-0.01005080,-0.01412202,-0.01323218,-0.975457,-1.370580,-1.284219,0.975457,1.072603,1.467726,1.381365,0.898748,0.272964,-1.467726,,,,,,below deadband; feedforward + feedback
2026-05-16 19:13:47,1105.9,449.712,449.738,452.000,2.262,13.293900,100.833000,51.506800,0.711416,18.000000,97.052702,3.427167,3.427167,3.427167,3.112500,3.112500,2.300460,0.271330,0.271330,0.107100,1.139793,0.915714,0.260612,0.462491,-0.00413454,-0.01390474,-0.01373839,-0.401268,-1.349492,-1.333348,2.701727,0.672598,1.620822,1.604678,0.964988,0.343900,-1.620822,,,,,,below deadband; feedforward + feedback
2026-05-16 19:13:52,1110.9,449.676,449.719,452.000,2.281,13.302400,100.834000,51.510100,0.711031,18.000000,97.053664,3.528284,3.528284,3.528284,3.381250,3.381250,2.528182,0.273174,0.273174,0.098257,1.256381,0.928116,0.334569,0.556440,-0.01349609,-0.01371567,-0.01336004,-1.309845,-1.331156,-1.296641,3.838027,1.583019,1.604330,1.569815,1.036636,0.413759,-1.604330,,,,,,below deadband; feedforward + feedback
2026-05-16 19:13:57,1115.9,449.646,449.685,452.000,2.315,13.291300,100.832000,51.503500,0.711716,18.000000,97.051739,3.654657,3.654657,3.654657,3.512500,3.512500,2.611835,0.340731,0.340731,0.091744,1.332114,0.941101,0.413587,0.650639,-0.01257166,-0.01375525,-0.01347356,-1.220101,-1.334970,-1.307632,3.831936,1.560833,1.675702,1.648364,1.093963,0.483804,-1.675702,,,,,,below deadband; feedforward + feedback
2026-05-16 19:14:02,1121.4,449.507,449.592,452.000,2.408,13.298300,100.834000,51.506800,0.712894,18.000000,97.053664,3.868073,3.868073,3.868073,3.625000,3.625000,2.700135,0.433896,0.433896,0.088443,1.381320,0.955901,0.496558,0.745470,-0.01188259,-0.01358304,-0.01213293,-1.153249,-1.318284,-1.177545,3.853384,1.587145,1.752180,1.611441,1.160465,0.554319,-1.752180,,,,,,below deadband; feedforward + feedback
2026-05-16 19:14:08,1126.9,449.252,449.477,452.000,2.523,13.297900,100.836000,51.510100,0.712674,18.000000,97.055589,4.116828,4.116828,4.116828,3.862500,3.862500,2.872089,0.530965,0.530965,0.090066,1.468532,0.971510,0.583998,0.846321,-0.01721042,-0.01359626,-0.01396694,-1.670368,-1.319593,-1.355570,4.542457,2.201333,1.850557,1.886534,1.247134,0.629310,-1.850557,,,,,,below deadband; feedforward + feedback
2026-05-16 19:14:13,1132.4,449.504,449.383,452.000,2.617,13.279500,100.833000,51.510100,0.712418,18.000000,97.052702,4.340886,4.340886,4.340886,4.112500,4.112500,3.057985,0.632309,0.632309,0.099575,1.562207,0.988155,0.676876,0.955508,-0.00752957,-0.01351862,-0.01324408,-0.730766,-1.312019,-1.285374,3.788750,1.363074,1.944328,1.917683,1.264631,0.710500,-1.944328,,,,,,below deadband; feedforward + feedback
2026-05-16 19:14:19,1137.9,449.285,449.319,452.000,2.681,13.297200,100.834000,51.503500,0.712948,18.000000,97.053664,4.528900,4.528900,4.528900,4.331250,4.331250,3.215996,0.740159,0.740159,0.117451,1.593427,1.005675,0.775570,1.071651,-0.01679053,-0.01320250,-0.01210482,-1.629582,-1.281351,-1.174817,4.845578,2.369741,2.021510,1.914976,1.330486,0.796862,-2.021510,,,,,,below deadband; feedforward + feedback
2026-05-16 19:14:24,1142.9,449.252,449.262,452.000,2.738,13.292500,100.835000,51.500200,0.713185,18.000000,97.054627,4.714343,4.714343,4.714343,4.518750,4.518750,3.364713,0.843827,0.843827,0.143570,1.671881,1.022399,0.881178,1.198003,-0.01001719,-0.01341629,-0.01185340,-0.972215,-1.302113,-1.150427,4.336927,1.816042,2.145940,1.994254,1.354075,0.890815,-2.145940,,,,,,below deadband; feedforward + feedback
2026-05-16 19:14:29,1147.9,448.959,449.213,452.000,2.787,13.295100,100.834000,51.506800,0.712655,18.000000,97.053664,4.895251,4.895251,4.895251,4.700000,4.700000,3.490192,0.952313,0.952313,0.176409,1.782837,1.039770,0.993626,1.330969,-0.01201719,-0.01365222,-0.01410996,-1.166313,-1.324998,-1.369423,4.656505,2.118625,2.277310,2.321736,1.398446,0.989685,-2.277310,,,,,,below deadband; feedforward + feedback
2026-05-16 19:14:34,1153.4,448.635,449.064,452.000,2.936,13.302000,100.834000,51.503500,0.712976,18.000000,97.053664,5.222257,5.222257,5.222257,4.881250,4.881250,3.638909,1.077064,1.077064,0.213549,1.858063,1.059653,1.111612,1.465569,-0.02136178,-0.01387242,-0.01609639,-2.073239,-1.346369,-1.562214,5.712147,3.150303,2.423433,2.639278,1.476873,1.089772,-2.423433,,,,,,below deadband; feedforward + feedback
2026-05-16 19:14:40,1158.9,448.989,448.956,452.000,3.044,13.286100,100.835000,51.510100,0.712327,18.000000,97.054627,5.495532,5.495532,5.495532,5.212500,5.212500,3.885221,1.207160,1.207160,0.255175,1.991647,1.080785,1.234352,1.602575,-0.01099182,-0.01392295,-0.01708709,-1.066807,-1.351287,-1.658381,4.952027,2.273967,2.558447,2.865542,1.536049,1.191647,-2.558447,,,,,,below deadband; feedforward + feedback
2026-05-16 19:14:45,1164.4,448.818,448.909,452.000,3.091,13.296200,100.834000,51.500200,0.712430,18.000000,97.053664,5.688439,5.688439,5.688439,5.481250,5.481250,4.085058,1.343964,1.343964,0.301519,2.026782,1.102990,1.360724,1.739838,-0.01142881,-0.01365754,-0.01527711,-1.109208,-1.325515,-1.482699,5.194266,2.453172,2.669479,2.826663,1.570581,1.293714,-2.669479,,,,,,below deadband; feedforward + feedback
2026-05-16 19:14:50,1169.4,448.601,448.881,452.000,3.119,13.296000,100.834000,51.510100,0.713920,18.000000,97.053664,5.856348,5.856348,5.856348,5.681250,5.681250,4.229128,1.475532,1.475532,0.352399,2.097952,1.124019,1.489643,1.876401,-0.01845413,-0.01355521,-0.01440744,-1.791041,-1.315582,-1.398295,6.020169,3.266573,2.791114,2.873827,1.647786,1.395260,-2.791114,,,,,,below deadband; feedforward + feedback
2026-05-16 19:14:55,1174.4,448.899,448.882,452.000,3.118,13.292100,100.835000,51.506800,0.711521,18.000000,97.054627,5.985910,5.985910,5.985910,5.837500,5.837500,4.345312,1.612645,1.612645,0.408007,2.152563,1.145690,1.620570,2.013351,-0.00727745,-0.01354830,-0.01298637,-0.706310,-1.314925,-1.260387,5.051623,2.318956,2.927570,2.873033,1.684495,1.497093,-2.927570,,,,,,below deadband; feedforward + feedback
2026-05-16 19:15:01,1179.9,448.530,448.889,452.000,3.111,13.333800,100.836000,51.506800,0.713688,18.000000,97.055589,6.107019,6.107019,6.107019,5.975000,5.975000,4.447555,1.768999,1.768999,0.469007,2.277863,1.170080,1.752319,2.147566,-0.00793293,-0.01310575,-0.00946836,-0.769935,-1.271986,-0.918957,5.217490,2.538934,3.040985,2.687956,1.733572,1.596893,-3.040985,,,,,,below deadband; feedforward + feedback
2026-05-16 19:15:06,1185.4,449.266,448.882,452.000,3.118,13.291400,100.835000,51.506800,0.713328,18.000000,97.054627,6.248958,6.248958,6.248958,6.100000,6.100000,4.535856,1.929845,1.929845,0.535554,2.314415,1.194968,1.884353,2.280454,0.00480682,-0.01232525,-0.00786357,0.466524,-1.196223,-0.763195,4.069332,1.463322,3.126068,2.693041,1.748595,1.695707,-3.126068,,,,,,below deadband; feedforward + feedback
2026-05-16 19:15:12,1190.9,448.653,448.876,452.000,3.124,13.293500,100.835000,51.510100,0.713060,18.000000,97.054627,6.390613,6.390613,6.390613,10.081250,10.081250,7.640314,2.094270,2.094270,0.607770,3.792910,1.229405,2.017188,2.415693,-0.00979868,-0.01215042,-0.00682521,-0.951007,-1.179255,-0.662418,8.591321,3.045277,3.273525,2.756689,1.789820,1.796268,-3.273525,,,,,,below deadband; feedforward + feedback
2026-05-16 19:15:17,1195.9,448.950,448.941,452.000,3.059,13.293900,100.832000,51.503500,0.711830,18.000000,97.051739,6.432799,6.432799,6.432799,4.437500,4.437500,3.132343,2.246736,2.246736,0.685244,1.554798,1.249587,2.150269,2.549511,-0.00783222,-0.01162134,-0.00336551,-0.760130,-1.127871,-0.326629,3.892473,3.006866,3.374607,2.573365,1.835908,1.895772,-3.374607,,,,,,below deadband; feedforward + feedback
2026-05-16 19:15:22,1200.9,449.026,448.913,452.000,3.087,13.291600,100.834000,51.506800,0.712639,18.000000,97.053664,6.606415,6.606415,6.606415,6.412500,6.412500,4.754283,2.472630,2.472630,0.770507,2.427124,1.273020,2.284090,2.685552,-0.00490766,-0.01113371,-0.00083783,-0.476306,-1.080567,-0.081315,5.230589,2.948936,3.553197,2.553945,1.883764,1.996931,-3.553197,,,,,,below deadband; feedforward + feedback
2026-05-16 19:15:27,1206.4,448.715,448.942,452.000,3.058,13.294600,100.833000,51.513500,0.710373,18.000000,97.052702,6.699669,6.699669,6.699669,6.606250,6.606250,4.903000,2.611355,2.611355,0.860553,2.509564,1.299889,2.417979,2.819646,-0.00638668,-0.01042835,0.00188466,-0.619845,-1.012100,0.182911,5.522844,3.231199,3.623454,2.428443,1.931683,2.096640,-3.623454,,,,,,below deadband; feedforward + feedback
2026-05-16 19:15:33,1211.9,448.887,449.066,452.000,2.934,13.303800,100.833000,51.513500,0.714037,18.000000,97.052702,6.658769,6.658769,6.658769,6.700000,6.700000,4.982005,2.787956,2.787956,0.956690,2.554351,1.327220,2.551379,2.951579,-0.00200004,-0.00903521,0.00445565,-0.194109,-0.876892,0.432432,5.176115,2.982065,3.664847,2.355523,2.001044,2.194744,-3.664847,,,,,,below deadband; feedforward + feedback
2026-05-16 19:15:38,1217.4,450.036,449.239,452.000,2.761,13.305100,100.835000,51.506800,0.710420,18.000000,97.054627,6.548514,6.548514,6.548514,6.662500,6.662500,4.940179,2.968817,2.968817,1.059063,2.530304,1.354431,2.683499,3.079861,0.02048780,-0.00748007,0.00850895,1.988436,-0.725976,0.825833,2.951743,0.980381,3.694792,2.142983,1.966286,2.290132,-3.694792,,,,,,below deadband; feedforward + feedback
2026-05-16 19:15:44,1222.9,449.703,449.451,452.000,2.549,13.309800,100.834000,51.510100,0.712837,18.000000,97.053664,6.382580,6.382580,6.382580,6.543750,6.543750,4.870468,3.150778,3.150778,1.167710,2.492532,1.381264,2.813525,3.203601,0.01206747,-0.00561589,0.01476250,1.171192,-0.545043,1.432755,3.699275,1.979585,3.695820,1.718023,1.995794,2.382143,-3.695820,,,,,,below deadband; feedforward + feedback
2026-05-16 19:15:49,1228.4,449.828,449.594,452.000,2.406,13.290900,100.837000,51.510100,0.712503,18.000000,97.056552,6.309916,6.309916,6.309916,6.368750,6.368750,4.731046,3.330880,3.330880,1.282568,2.345358,1.407363,2.940816,3.322691,0.02243741,-0.00377533,0.01858373,2.177698,-0.366420,1.803673,2.553348,1.153182,3.697300,1.527206,1.995567,2.470696,-3.697300,,,,,,below deadband; feedforward + feedback
2026-05-16 19:15:54,1233.4,449.954,449.702,452.000,2.298,13.286300,100.837000,51.503500,0.711516,18.000000,97.056552,6.282508,6.282508,6.282508,6.312500,6.312500,4.679925,3.491695,3.491695,1.402972,2.313865,1.430874,3.065693,3.440324,0.01736169,-0.00247793,0.01789210,1.685066,-0.240499,1.736546,2.994859,1.806629,3.732194,1.755149,2.016018,2.558166,-3.732194,,,,,,below deadband; feedforward + feedback
2026-05-16 19:15:59,1238.4,450.099,449.730,452.000,2.270,13.297500,100.832000,51.506800,0.714391,18.000000,97.051739,6.365543,6.365543,6.365543,6.275000,6.275000,4.675277,3.649303,3.649303,1.528810,2.392427,1.454239,3.188068,3.555194,0.02574877,-0.00113950,0.02100727,2.498963,-0.110590,2.038792,2.176314,1.150340,3.759894,1.610512,2.006636,2.643582,-3.759894,,,,,,below deadband; feedforward + feedback
2026-05-16 19:16:05,1243.9,449.870,449.807,452.000,2.193,13.303700,100.834000,51.503500,0.713950,18.000000,97.053664,6.377626,6.377626,6.377626,6.362500,6.362500,4.726399,3.820870,3.820870,1.660564,2.413943,1.480203,3.307986,3.667738,0.02149661,0.00077462,0.02222936,2.086324,0.075179,2.157440,2.640074,1.734545,3.745690,1.663429,2.049798,2.727267,-3.745690,,,,,,below deadband; feedforward + feedback
2026-05-16 19:16:10,1249.4,450.213,449.950,452.000,2.050,13.302400,100.837000,51.500200,0.712204,18.000000,97.056552,6.295023,6.295023,6.295023,6.375000,6.375000,4.735693,3.963297,3.963297,1.797229,2.350531,1.506192,3.424918,3.775715,0.02094159,0.00264765,0.02329394,2.032519,0.256972,2.260830,2.703175,1.930778,3.706325,1.702467,2.060690,2.807557,-3.706325,,,,,,below deadband; feedforward + feedback
2026-05-16 19:16:15,1254.4,450.304,450.051,452.000,1.949,13.303200,100.835000,51.510100,0.711960,18.000000,97.054627,0.000000,1.295023,1.295023,5.856250,5.856250,4.684572,3.891464,3.891464,1.928068,2.320032,1.529667,3.536021,3.869331,0.02011804,0.00417290,0.02172788,1.952549,0.404999,2.108791,2.732023,1.938915,3.486464,1.782672,2.090563,2.877169,-3.486464,,,,,,within deadband and CO2 rising; MFC zero
2026-05-16 19:16:20,1259.4,450.603,450.198,452.000,1.802,13.308700,100.838000,51.510200,0.712696,18.000000,97.057514,0.000000,0.000000,0.000000,0.000000,0.000000,0.000000,4.035393,4.035393,2.057863,0.000000,1.529667,3.640359,3.953372,0.02968125,0.00620596,0.02242052,2.880789,0.602335,2.176080,-2.880789,1.154604,3.433058,1.859314,2.107184,2.939659,-3.433058,,,,,,within deadband and CO2 rising; MFC zero
2026-05-16 19:16:26,1264.9,449.672,450.169,452.000,1.831,13.304900,100.832000,51.503600,0.712956,18.000000,97.051739,0.000000,0.000000,0.000000,0.000000,0.000000,0.000000,4.077514,4.077514,2.189047,0.000000,1.529667,3.738812,4.034173,0.01021869,0.00752998,0.01689488,0.991741,0.730798,1.639678,-0.991741,3.085773,3.346716,2.437837,2.159003,2.999742,-3.346716,,,,,,within deadband and CO2 rising; MFC zero
2026-05-16 19:16:31,1270.4,450.526,450.174,452.000,1.826,13.302900,100.836000,51.506800,0.714377,18.000000,97.055589,0.000000,0.000000,0.000000,0.000000,0.000000,0.000000,3.985155,3.985155,2.314717,0.000000,1.529667,3.829524,4.101661,0.02257187,0.00880062,0.01310038,2.190726,0.854149,1.271465,-2.190726,1.794429,3.131006,2.713690,2.167058,3.049925,-3.131006,,,,,,within deadband and CO2 rising; MFC zero
2026-05-16 19:16:37,1275.9,449.716,450.077,452.000,1.923,13.337500,100.833000,51.503500,0.714023,18.000000,97.052702,0.000000,0.000000,0.000000,0.000000,0.000000,0.000000,3.888784,3.888784,2.433851,0.000000,1.529667,3.911698,4.158220,-0.00134456,0.00944816,0.00755115,-0.130494,0.916969,0.732860,0.130494,4.019277,2.971814,3.155924,2.250925,3.091981,-2.971814,,,,,,within deadband and CO2 rising; MFC zero
2026-05-16 19:16:42,1281.4,450.192,449.992,452.000,2.008,13.308300,100.835000,51.503500,0.713510,18.000000,97.054627,6.795428,5.000000,5.000000,0.000000,0.000000,0.000000,3.788462,3.788462,2.546178,0.000000,1.529667,3.984403,4.202516,0.00690769,0.01012516,0.00562106,0.670424,0.982694,0.545550,-0.670424,3.118038,2.805768,3.242912,2.282536,3.124919,-2.805768,,,,,,below deadband; feedforward + feedback
2026-05-16 19:16:48,1286.9,449.369,449.975,452.000,2.025,13.307400,100.836000,51.503500,0.712265,18.000000,97.055589,6.882588,6.882588,6.882588,0.218750,0.218750,0.223075,3.681866,3.681866,2.651336,0.110691,1.530519,4.047133,4.235324,-0.00475648,0.01061325,0.00222947,-0.461643,1.030075,0.216382,0.684718,4.143509,2.651791,3.465484,2.378413,3.149314,-2.651791,,,,,,below deadband; feedforward + feedback
2026-05-16 19:16:53,1291.9,450.204,449.928,452.000,2.072,13.299300,100.836000,51.506800,0.712648,18.000000,97.055589,7.000538,7.000538,7.000538,13.268750,13.268750,9.950068,3.581823,3.581823,2.749324,4.935768,1.561098,4.100158,4.259234,0.01247105,0.01076426,-0.00200077,1.210385,1.044732,-0.194186,8.739683,2.371438,2.537092,3.776009,2.378471,3.167093,-2.537092,,,,,,below deadband; feedforward + feedback
2026-05-16 19:16:58,1296.9,450.315,449.997,452.000,2.003,13.301700,100.832000,51.503500,0.714703,18.000000,97.051739,6.947754,6.947754,6.947754,0.981250,0.981250,0.455445,3.530609,3.530609,2.841972,0.233660,1.583971,4.143414,4.273180,0.00702537,0.01116862,-0.00295254,0.681824,1.083934,-0.286549,-0.226380,2.848785,2.446675,3.817158,2.414083,3.177463,-2.446675,,,,,,below deadband; feedforward + feedback
2026-05-16 19:17:03,1302.4,450.412,450.037,452.000,1.963,13.308000,100.836000,51.500200,0.711153,18.000000,97.055589,0.000000,1.947754,1.947754,6.893750,6.893750,5.130722,3.680394,3.680394,2.936043,2.619137,1.611957,4.179570,4.288038,0.00779848,0.01115536,-0.00204209,0.756886,1.082690,-0.198197,4.373836,2.923509,2.597704,3.878591,2.441838,3.188511,-2.597704,,,,,,within deadband and CO2 rising; MFC zero
2026-05-16 19:17:09,1307.9,449.892,450.113,452.000,1.887,13.315800,100.836000,51.506800,0.712801,18.000000,97.055589,0.000000,0.000000,0.000000,1.900000,1.900000,1.431397,3.681556,3.681556,3.025853,0.709899,1.620177,4.209176,4.297994,-0.00699174,0.01075074,-0.00189239,-0.678587,1.043419,-0.183667,2.109984,4.360143,2.638137,3.865223,2.483556,3.195915,-2.638137,,,,,,within deadband and CO2 rising; MFC zero
2026-05-16 19:17:14,1312.9,450.624,450.208,452.000,1.792,13.306600,100.834000,51.506800,0.711598,18.000000,97.053664,0.000000,0.000000,0.000000,0.000000,0.000000,0.000000,3.670929,3.670929,3.110811,0.000000,1.620177,4.232009,4.300510,0.01221874,0.01090367,0.00063749,1.185873,1.058241,0.061870,-1.185873,2.485056,2.612688,3.609059,2.490835,3.197785,-2.612688,,,,,,within deadband and CO2 rising; MFC zero
2026-05-16 19:17:19,1317.9,450.147,450.185,452.000,1.815,13.305200,100.835000,51.496900,0.710606,18.000000,97.054627,0.000000,0.000000,0.000000,0.000000,0.000000,0.000000,3.569848,3.569848,3.187566,0.000000,1.620177,4.247773,4.295063,-0.00495817,0.01048718,0.00323448,-0.481213,1.017830,0.313921,0.481213,4.051062,2.552019,3.255928,2.545935,3.193735,-2.552019,,,,,,within deadband and CO2 rising; MFC zero
2026-05-16 19:17:24,1323.4,449.613,450.304,452.000,1.696,13.305600,100.833000,51.506800,0.712349,18.000000,97.052702,0.000000,0.000000,0.000000,0.000000,0.000000,0.000000,3.420264,3.420264,3.254625,0.000000,1.620177,4.255379,4.278197,-0.00201685,0.01022986,0.00857445,-0.195741,0.992835,0.832173,0.195741,3.616005,2.427429,2.588091,2.557984,3.181194,-2.427429,,,,,,within deadband and CO2 rising; MFC zero
2026-05-16 19:17:30,1328.9,450.302,450.314,452.000,1.686,13.305600,100.834000,51.506800,0.713007,18.000000,97.053664,0.000000,0.000000,0.000000,0.000000,0.000000,0.000000,3.264887,3.264887,3.311599,0.000000,1.620177,4.254138,4.250417,0.00657156,0.00964800,0.00746740,0.637794,0.936374,0.724738,-0.637794,2.627093,2.328513,2.540148,2.568609,3.160537,-2.328513,,,,,,within deadband and CO2 rising; MFC zero
2026-05-16 19:17:35,1334.4,450.406,450.260,452.000,1.740,13.309900,100.841000,51.506800,0.712684,18.000000,97.060402,0.000000,0.000000,0.000000,0.000000,0.000000,0.000000,3.104691,3.104691,3.357658,0.000000,1.620177,4.244128,4.214098,0.02623627,0.00872516,0.00797270,2.546503,0.846868,0.773834,-2.546503,0.558188,2.257823,2.330857,2.500308,3.133531,-2.257823,,,,,,within deadband and CO2 rising; MFC zero
2026-05-16 19:17:41,1339.9,450.524,450.327,452.000,1.673,13.305200,100.836000,51.500200,0.710897,18.000000,97.055589,0.000000,0.000000,0.000000,0.000000,0.000000,0.000000,2.940855,2.940855,3.392520,0.000000,1.620177,4.225476,4.169520,0.00872302,0.00799606,0.00658168,0.846618,0.776062,0.638788,-0.846618,2.094237,2.164793,2.302066,2.522064,3.100384,-2.164793,,,,,,within deadband and CO2 rising; MFC zero
2026-05-16 19:17:46,1344.9,450.371,450.250,452.000,1.750,13.307200,100.835000,51.506800,0.712946,18.000000,97.054627,0.000000,0.000000,0.000000,0.000000,0.000000,0.000000,2.789086,2.789086,3.416479,0.000000,1.620177,4.197805,4.114791,0.00314292,0.00716855,0.00609715,0.305035,0.695741,0.591756,-0.305035,2.484051,2.093346,2.197330,2.502711,3.059688,-2.093346,,,,,,within deadband and CO2 rising; MFC zero
2026-05-16 19:17:51,1349.9,450.544,450.309,452.000,1.691,13.316700,100.837000,51.503500,0.712997,18.000000,97.056552,0.000000,0.000000,0.000000,0.000000,0.000000,0.000000,2.564075,2.564075,3.427422,0.000000,1.620177,4.160600,4.048986,0.01655496,0.00626926,0.00437615,1.606767,0.608473,0.424734,-1.606767,0.957308,1.955602,2.139341,2.432037,3.010757,-1.955602,,,,,,within deadband and CO2 rising; MFC zero
2026-05-16 19:17:56,1355.4,450.408,450.289,452.000,1.711,13.314700,100.840000,51.506900,0.711393,18.000000,97.059439,0.000000,0.000000,0.000000,0.000000,0.000000,0.000000,2.425010,2.425010,3.425780,0.000000,1.620177,4.113957,3.974027,0.00635306,0.00503014,0.00160111,0.616624,0.488223,0.155402,-0.616624,1.808385,1.936787,2.269607,2.392707,2.955019,-1.936787,,,,,,within deadband and CO2 rising; MFC zero
2026-05-16 19:18:02,1360.9,450.500,450.248,452.000,1.752,13.319200,100.837000,51.510100,0.712335,18.000000,97.056552,0.000000,0.000000,0.000000,0.000000,0.000000,0.000000,2.249664,2.249664,3.413308,0.000000,1.620177,4.058525,3.892230,0.01342884,0.00401914,0.00057049,1.303357,0.390084,0.055370,-1.303357,0.946306,1.859579,2.194294,2.313918,2.894195,-1.859579,,,,,,within deadband and CO2 rising; MFC zero
2026-05-16 19:18:07,1366.4,450.585,450.261,452.000,1.739,13.308100,100.837000,51.503500,0.712827,18.000000,97.056552,0.000000,0.000000,0.000000,0.000000,0.000000,0.000000,2.069252,2.069252,3.388525,0.000000,1.620177,3.994407,3.802054,0.00692450,0.00359524,0.00102831,0.672068,0.348942,0.099804,-0.672068,1.397184,1.720310,1.969448,2.259267,2.827142,-1.720310,,,,,,within deadband and CO2 rising; MFC zero
2026-05-16 19:18:13,1371.9,450.146,450.326,452.000,1.674,13.353600,100.840000,51.506800,0.711463,18.000000,97.059439,0.000000,0.000000,0.000000,0.000000,0.000000,0.000000,1.887105,1.887105,3.351224,0.000000,1.620177,3.921375,3.702279,-0.00109246,0.00354263,0.00193922,-0.106033,0.343846,0.188220,0.106033,1.993138,1.543259,1.698885,2.294189,2.752952,-1.543259,,,,,,within deadband and CO2 rising; MFC zero
2026-05-16 19:18:18,1376.9,450.139,450.323,452.000,1.677,13.323700,100.836000,51.510100,0.712621,18.000000,97.055589,0.000000,0.000000,0.000000,0.000000,0.000000,0.000000,1.722773,1.722773,3.301983,0.000000,1.620177,3.840407,3.597500,0.00413453,0.00295099,-0.00075535,0.401279,0.286410,-0.073311,-0.401279,1.321494,1.436363,1.796084,2.271497,2.675039,-1.436363,,,,,,within deadband and CO2 rising; MFC zero
2026-05-16 19:18:23,1381.9,450.543,450.367,452.000,1.633,13.317000,100.836000,51.510200,0.710843,18.000000,97.055589,0.000000,0.000000,0.000000,0.000000,0.000000,0.000000,1.560858,1.560858,3.240948,0.000000,1.620177,3.751974,3.486676,-0.00983229,0.00261042,0.00192583,-0.954278,0.253356,0.186912,0.954278,2.515136,1.307502,1.373946,2.318461,2.592632,-1.307502,,,,,,within deadband and CO2 rising; MFC zero
2026-05-16 19:18:28,1387.4,450.942,450.394,452.000,1.606,13.310300,100.837000,51.510100,0.713049,18.000000,97.056552,0.000000,0.000000,0.000000,0.000000,0.000000,0.000000,1.387014,1.387014,3.168372,0.000000,1.620177,3.655610,3.366518,0.01635354,0.00253357,0.00366847,1.587218,0.245900,0.356049,-1.587218,-0.200204,1.141115,1.030965,2.249259,2.503285,-1.141115,,,,,,within deadband and CO2 rising; MFC zero
2026-05-16 19:18:34,1392.9,450.395,450.400,452.000,1.600,13.316400,100.837000,51.500200,0.711517,18.000000,97.056552,0.000000,0.000000,0.000000,0.000000,0.000000,0.000000,1.215138,1.215138,3.084436,0.000000,1.620177,3.550848,3.236565,0.00438664,0.00265350,0.00320982,0.425752,0.257539,0.311534,-0.425752,0.789387,0.957599,0.903604,2.236813,2.406654,-0.957599,,,,,,within deadband and CO2 rising; MFC zero
2026-05-16 19:18:39,1397.9,450.965,450.485,452.000,1.515,13.311000,100.834000,51.506800,0.712937,18.000000,97.053664,0.000000,0.000000,0.000000,0.000000,0.000000,0.000000,1.059249,1.059249,2.989207,0.000000,1.620177,3.438103,3.099866,0.00994977,0.00269244,0.00371811,0.965662,0.261311,0.360856,-0.965662,0.093587,0.797938,0.698393,2.180228,2.305007,-0.797938,,,,,,within deadband and CO2 rising; MFC zero
2026-05-16 19:18:44,1402.9,450.596,450.535,452.000,1.465,13.325200,100.837000,51.510100,0.713262,18.000000,97.056552,0.000000,0.000000,0.000000,0.000000,0.000000,0.000000,0.901625,0.901625,2.883633,0.000000,1.620177,3.317464,2.955548,0.00193281,0.00316684,0.00607859,0.187592,0.307362,0.589967,-0.187592,0.714033,0.594263,0.311658,2.138271,2.197695,-0.594263,,,,,,within deadband and CO2 rising; MFC zero
2026-05-16 19:18:49,1408.4,450.873,450.610,452.000,1.390,13.311200,100.835000,51.503500,0.712807,18.000000,97.054627,0.000000,0.000000,0.000000,0.000000,0.000000,0.000000,0.728092,0.728092,2.774551,0.000000,1.620177,3.190260,2.808649,0.01650452,0.00421775,0.00953196,1.601840,0.409352,0.925121,-1.601840,-0.873749,0.318740,-0.197029,2.041283,2.088463,-0.318740,,,,,,within deadband and CO2 rising; MFC zero
2026-05-16 19:18:55,1413.9,451.292,450.771,452.000,1.229,13.315600,100.838000,51.510100,0.712497,18.000000,97.057514,0.000000,0.000000,0.000000,0.000000,0.000000,0.000000,0.603170,0.603170,2.656198,0.000000,1.620177,3.056333,2.654552,0.02374840,0.00507991,0.01272719,2.304961,0.493044,1.235270,-2.304961,-1.701791,0.110126,-0.632100,1.942786,1.973879,-0.110126,,,,,,within deadband and CO2 rising; MFC zero
2026-05-16 19:19:00,1419.4,449.646,450.877,452.000,1.123,13.311000,100.836000,51.506800,0.712196,18.000000,97.055589,0.000000,0.000000,0.000000,0.000000,0.000000,0.000000,0.603170,0.603170,2.536393,0.000000,1.620177,2.917810,2.502239,-0.00922708,0.00557326,0.01258075,-0.895540,0.540916,1.221032,0.895540,1.498709,0.062254,-0.617862,1.888060,1.860622,-0.062254,,,,,,within deadband and CO2 rising; MFC zero
2026-05-16 19:19:06,1424.9,450.802,450.954,452.000,1.046,13.313000,100.838000,51.500200,0.712835,18.000000,97.057514,0.000000,0.000000,0.000000,0.000000,0.000000,0.000000,0.603170,0.603170,2.419773,0.000000,1.620177,2.777869,2.358049,0.00109246,0.00599091,0.01323932,0.106031,0.581462,1.284975,-0.106031,0.497138,0.021707,-0.681806,1.843326,1.753405,-0.021707,,,,,,within deadband and CO2 rising; MFC zero
2026-05-16 19:19:11,1429.9,450.788,451.020,452.000,0.980,13.311500,100.836000,51.506800,0.712406,18.000000,97.055589,0.000000,0.000000,0.000000,0.000000,0.000000,0.000000,0.603170,0.603170,2.306476,0.000000,1.620177,2.638337,2.219739,-0.01213490,0.00632475,0.01631658,-1.177760,0.613853,1.583616,1.177760,1.780930,-0.010683,-0.980446,1.766142,1.650560,0.010683,,,,,,within deadband and CO2 rising; MFC zero
2026-05-16 19:19:16,1434.9,450.870,450.955,452.000,1.045,13.310200,100.832000,51.506800,0.710732,18.000000,97.051739,0.000000,0.000000,0.000000,0.000000,0.000000,0.000000,0.603170,0.603170,2.196638,0.000000,1.620177,2.501155,2.089609,0.02729517,0.00621857,0.01373622,2.649043,0.603523,1.333124,-2.649043,-2.045874,-0.000354,-0.729955,1.588076,1.553797,0.000354,,,,,,within deadband and CO2 rising; MFC zero
2026-05-16 19:19:21,1440.4,451.381,450.983,452.000,1.017,13.326300,100.834000,51.500200,0.713106,18.000000,97.053664,0.000000,0.000000,0.000000,0.000000,0.000000,0.000000,0.602225,0.602225,2.090444,0.000000,1.620177,2.367594,1.966912,0.01233639,0.00614340,0.01052119,1.197292,0.596240,1.021120,-1.197292,-0.595067,0.005985,-0.418895,1.424676,1.462562,-0.005985,,,,,,within deadband and CO2 rising; MFC zero
2026-05-16 19:19:27,1445.9,451.358,451.020,452.000,0.980,13.315300,100.836000,51.506800,0.712452,18.000000,97.055589,0.000000,0.000000,0.000000,0.000000,0.000000,0.000000,0.577841,0.577841,1.986858,0.000000,1.620177,2.237353,1.846630,0.01594990,0.00653765,0.01032837,1.548027,0.634515,1.002426,-1.548027,-0.970186,-0.056674,-0.424584,1.309448,1.373122,0.056674,,,,,,within deadband and CO2 rising; MFC zero
2026-05-16 19:19:32,1451.4,451.187,451.053,452.000,0.947,13.316600,100.835000,51.503500,0.711451,18.000000,97.054627,0.000000,0.000000,0.000000,0.000000,0.000000,0.000000,0.312367,0.312367,1.875884,0.000000,1.620177,2.106910,1.715582,0.00929431,0.00712589,0.01087447,0.902056,0.691601,1.055418,-0.902056,-0.589689,-0.379234,-0.743051,1.190880,1.275677,0.379234,,,,,,within deadband and CO2 rising; MFC zero
2026-05-16 19:19:38,1456.9,450.825,451.102,452.000,0.898,13.320300,100.835000,51.503500,0.713019,18.000000,97.054627,0.000000,0.000000,0.000000,0.000000,0.000000,0.000000,0.174448,0.174448,1.754990,0.000000,1.620177,1.972940,1.571028,0.00346225,0.00714941,0.00585974,0.336028,0.693883,0.568715,-0.336028,-0.161580,-0.519435,-0.394267,1.084498,1.168190,0.519435,,,,,,within deadband and CO2 rising; MFC zero
2026-05-16 19:19:43,1461.9,451.091,451.135,452.000,0.865,13.328700,100.836000,51.510100,0.711577,18.000000,97.055589,0.000000,0.000000,0.000000,0.000000,0.000000,0.000000,0.038109,0.038109,1.629354,0.000000,1.620177,1.834083,1.417514,0.00971447,0.00731880,0.00452956,0.942844,0.710330,0.439619,-0.942844,-0.904735,-0.672222,-0.401510,0.902950,1.054039,0.672222,,,,,,within deadband and CO2 rising; MFC zero
2026-05-16 19:19:48,1466.9,450.996,451.145,452.000,0.855,13.323000,100.839000,51.506800,0.711551,18.000000,97.058477,0.000000,0.000000,0.000000,0.000000,0.000000,0.000000,0.000000,0.000000,1.502770,0.000000,1.620177,1.691190,1.262510,0.00159667,0.00751920,0.00397168,0.154970,0.729802,0.385485,-0.154970,-0.154970,-0.729802,-0.385485,0.811915,0.938781,0.729802,,,,,,within deadband and CO2 rising; MFC zero
2026-05-16 19:19:53,1472.4,450.258,450.995,452.000,1.005,13.319300,100.838000,51.503500,0.714087,18.000000,97.057514,0.000000,0.000000,0.000000,0.000000,0.000000,0.000000,0.000000,0.000000,1.379672,0.000000,1.620177,1.546054,1.110645,-0.01500871,0.00744700,-0.00011122,-1.456708,0.722788,-0.010795,1.456708,1.456708,-0.722788,0.010795,0.722454,0.825857,0.722788,,,,,,within deadband and CO2 rising; MFC zero
2026-05-16 19:19:59,1477.9,450.729,450.913,452.000,1.087,13.318900,100.836000,51.503500,0.713857,18.000000,97.055589,0.000000,0.000000,0.000000,0.000000,0.000000,0.000000,0.000000,0.000000,1.261731,0.000000,1.620177,1.401476,0.967743,-0.01909283,0.00673942,-0.00162623,-1.853066,0.654098,-0.157835,1.853066,1.853066,-0.654098,0.157835,0.661663,0.719597,0.654098,,,,,,within deadband and CO2 rising; MFC zero
2026-05-16 19:20:04,1483.4,450.737,450.826,452.000,1.174,13.311700,100.834000,51.506800,0.712515,18.000000,97.053664,0.000000,0.000000,0.000000,0.000000,0.000000,0.000000,0.000000,0.000000,1.149149,0.000000,1.620177,1.259231,0.832495,-0.00848770,0.00605801,-0.00483939,-0.823763,0.587952,-0.469681,0.823763,0.823763,-0.587952,0.469681,0.599479,0.619029,0.587952,,,,,,within deadband and CO2 rising; MFC zero
2026-05-16 19:20:09,1488.4,450.655,450.734,452.000,1.266,13.319600,100.837000,51.506800,0.709765,18.000000,97.056552,0.000000,0.000000,0.000000,0.000000,0.000000,0.000000,0.000000,0.000000,1.042091,0.000000,1.620177,1.119956,0.702131,-0.01090778,0.00570130,-0.00519188,-1.058672,0.553348,-0.503906,1.058672,1.058672,-0.553348,0.503906,0.616738,0.522092,0.553348,,,,,,within deadband and CO2 rising; MFC zero
2026-05-16 19:20:14,1493.4,450.223,450.687,452.000,1.313,13.318000,100.838000,51.500200,0.713357,18.000000,97.057514,0.000000,0.000000,0.000000,0.000000,0.000000,0.000000,0.000000,0.000000,0.940682,0.000000,1.620177,0.984801,0.579335,-0.00265551,0.00497819,-0.00919232,-0.257738,0.483171,-0.892184,0.257738,0.257738,-0.483171,0.892184,0.553410,0.430783,0.483171,,,,,,within deadband and CO2 rising; MFC zero
2026-05-16 19:20:20,1498.9,450.322,450.592,452.000,1.408,13.323400,100.838000,51.500200,0.710410,18.000000,97.057514,0.000000,0.000000,0.000000,0.000000,0.000000,0.000000,0.000000,0.000000,0.844507,0.000000,1.620177,0.854816,0.464861,-0.00628587,0.00386527,-0.01390513,-0.610091,0.375153,-1.349597,0.610091,0.610091,-0.375153,1.349597,0.488791,0.345663,0.375153,,,,,,within deadband and CO2 rising; MFC zero
2026-05-16 19:20:25,1504.4,450.295,450.461,452.000,1.539,13.323500,100.837000,51.503500,0.713263,18.000000,97.056552,0.000000,0.000000,0.000000,0.000000,0.000000,0.000000,0.000000,0.000000,0.756090,0.000000,1.620177,0.731809,0.362790,-0.01884071,0.00252884,-0.01710843,-1.828614,0.245441,-1.660485,1.828614,1.828614,-0.245441,1.660485,0.518836,0.269765,0.245441,,,,,,within deadband and CO2 rising; MFC zero
2026-05-16 19:20:31,1509.9,450.382,450.369,452.000,1.631,13.317600,100.841000,51.510100,0.712417,18.000000,97.060402,0.000000,0.000000,0.000000,0.000000,0.000000,0.000000,0.000000,0.000000,0.672469,0.000000,1.620177,0.615947,0.268358,-0.02176513,0.00102545,-0.01631155,-2.112532,0.099531,-1.583206,2.112532,2.112532,-0.099531,1.583206,0.529323,0.199547,0.099531,,,,,,within deadband and CO2 rising; MFC zero
2026-05-16 19:20:36,1515.4,449.312,450.390,452.000,1.610,13.318300,100.839000,51.510100,0.713819,18.000000,97.058477,0.000000,0.000000,0.000000,0.000000,0.000000,0.000000,0.000000,0.000000,0.594895,0.000000,1.620177,0.507183,0.180894,-0.03005101,0.00027304,-0.01363369,-2.916705,0.026501,-1.323265,2.916705,2.916705,-0.026501,1.323265,0.597268,0.134509,0.026501,,,,,,within deadband and CO2 rising; MFC zero
2026-05-16 19:20:41,1520.4,450.345,450.313,452.000,1.687,13.322200,100.839000,51.503500,0.713732,18.000000,97.058477,0.000000,0.000000,0.000000,0.000000,0.000000,0.000000,0.000000,0.000000,0.523541,0.000000,1.620177,0.406508,0.104482,-0.01016828,-0.00074783,-0.01457766,-0.986917,-0.072584,-1.414885,0.986917,0.986917,0.072584,1.414885,0.583121,0.077691,-0.072584,,,,,,within lower deadband; partial feedforward
2026-05-16 19:20:46,1525.4,449.956,450.246,452.000,1.754,13.322700,100.841000,51.503500,0.711937,18.000000,97.060402,0.000000,0.000000,0.000000,0.000000,0.000000,0.000000,0.000000,0.000000,0.458469,0.000000,1.620177,0.315848,0.043869,-0.03537941,-0.00243351,-0.01445960,-3.433940,-0.236197,-1.403454,3.433940,3.433940,0.236197,1.403454,0.632804,0.032620,-0.236197,,,,,,within lower deadband; partial feedforward
2026-05-16 19:20:52,1530.9,449.536,450.129,452.000,1.871,13.336800,100.839000,51.500200,0.710758,18.000000,97.058477,0.000000,0.000000,0.000000,0.000000,0.000000,0.000000,0.000000,0.000000,0.399063,0.000000,1.620177,0.236886,0.000000,-0.02705979,-0.00415481,-0.01443014,-2.626382,-0.403260,-1.400567,2.626382,2.626382,0.403260,1.400567,0.677800,-0.003004,-0.403260,,,,,,within lower deadband; partial feedforward
2026-05-16 19:20:57,1536.4,449.800,449.983,452.000,2.017,13.326300,100.836000,51.510100,0.710702,18.000000,97.055589,3.002060,3.002060,3.002060,0.000000,0.000000,0.000000,0.000000,0.000000,0.345240,0.000000,1.620177,0.177665,0.000000,-0.01579863,-0.00574182,-0.01596809,-1.533345,-0.557276,-1.549793,1.533345,1.533345,0.557276,1.549793,0.643945,-0.028874,-0.557276,,,,,,below deadband; feedforward + feedback
2026-05-16 19:21:03,1541.9,449.810,449.870,452.000,2.130,13.330100,100.837000,51.506800,0.712757,18.000000,97.056552,3.115284,3.115284,3.115284,2.781250,2.781250,2.072737,0.000000,0.000000,0.297412,1.028661,1.630562,0.133249,0.000000,-0.02011804,-0.00722310,-0.01721999,-1.952588,-0.701049,-1.671313,4.025325,1.952588,0.701049,1.671313,0.718179,-0.044049,-0.701049,,,,,,below deadband; feedforward + feedback
2026-05-16 19:21:08,1546.9,449.691,449.773,452.000,2.227,13.326900,100.839000,51.500200,0.712438,18.000000,97.058477,3.217666,3.217666,3.217666,5.850000,5.850000,4.349960,0.031277,0.031277,0.256589,2.160212,1.658574,0.099936,0.000000,-0.01833650,-0.00888035,-0.01587139,-1.779713,-0.861914,-1.540453,6.129673,1.810990,0.893190,1.571730,0.753407,-0.046270,-0.893190,,,,,,below deadband; feedforward + feedback
2026-05-16 19:21:13,1551.9,449.832,449.717,452.000,2.283,13.329300,100.840000,51.506800,0.711759,18.000000,97.059439,3.271432,3.271432,3.271432,0.537500,0.537500,0.427560,0.134898,0.134898,0.224715,0.211565,1.669100,0.074952,0.000000,-0.01519358,-0.00998565,-0.01548913,-1.474681,-0.969202,-1.503367,1.902241,1.609579,1.104100,1.638265,0.805683,-0.035712,-1.104100,,,,,,below deadband; feedforward + feedback
2026-05-16 19:21:18,1557.4,449.661,449.670,452.000,2.330,13.327100,100.838000,51.513500,0.710975,18.000000,97.057514,3.318494,3.318494,3.318494,3.025000,3.025000,2.240043,0.306619,0.306619,0.204197,1.144658,1.674040,0.056214,0.000000,-0.01073972,-0.01115064,-0.01617988,-1.042371,-1.082253,-1.570379,3.282414,1.348990,1.388873,1.876998,0.827578,-0.008312,-1.388873,,,,,,below deadband; feedforward + feedback
2026-05-16 19:21:24,1562.9,449.674,449.613,452.000,2.387,13.333900,100.838000,51.506800,0.710327,18.000000,97.057514,3.394480,3.394480,3.394480,3.281250,3.281250,2.458471,0.329221,0.329221,0.190443,1.258518,1.687310,0.052855,0.042777,-0.01564736,-0.01187960,-0.01704308,-1.518694,-1.153005,-1.654159,3.977165,1.847915,1.482226,1.983380,0.921428,0.031808,-1.482226,,,,,,below deadband; feedforward + feedback
2026-05-16 19:21:29,1568.4,449.779,449.494,452.000,2.506,13.316300,100.837000,51.496900,0.710966,18.000000,97.056552,3.576594,3.576594,3.576594,3.356250,3.356250,2.509592,0.407019,0.407019,0.183679,1.284837,1.701044,0.067879,0.112950,-0.00921026,-0.01253193,-0.01793053,-0.893916,-1.216306,-1.740276,3.403509,1.300935,1.623325,2.147294,1.024971,0.083988,-1.623325,,,,,,below deadband; feedforward + feedback
2026-05-16 19:21:35,1573.9,449.080,449.365,452.000,2.635,13.325800,100.839000,51.506800,0.714660,18.000000,97.058477,3.788121,3.788121,3.788121,3.562500,3.562500,2.644367,0.497643,0.497643,0.180041,1.312963,1.715439,0.099576,0.194668,-0.04238797,-0.01366980,-0.01629767,-4.114111,-1.326770,-1.581827,6.758478,4.611754,1.824413,2.079470,1.132317,0.144752,-1.824413,,,,,,below deadband; feedforward + feedback
2026-05-16 19:21:40,1578.9,449.203,449.332,452.000,2.668,13.324300,100.839000,51.503500,0.710182,18.000000,97.058477,3.880901,3.880901,3.880901,3.775000,3.775000,2.811673,0.582690,0.582690,0.179334,1.396713,1.729349,0.145526,0.283376,-0.01203404,-0.01392873,-0.01455869,-1.168005,-1.351901,-1.413044,3.979678,1.750695,1.934591,1.995734,1.175543,0.210713,-1.934591,,,,,,below deadband; feedforward + feedback
2026-05-16 19:21:45,1583.9,448.888,449.298,452.000,2.702,13.339300,100.840000,51.503500,0.710757,18.000000,97.059439,3.987627,3.987627,3.987627,3.875000,3.875000,2.881384,0.672183,0.672183,0.181714,1.434499,1.743683,0.204267,0.380489,-0.02314332,-0.01454035,-0.01315488,-2.246278,-1.411278,-1.276805,5.127662,2.918461,2.083461,1.948989,1.214768,0.282925,-2.083461,,,,,,below deadband; feedforward + feedback
2026-05-16 19:21:50,1589.4,448.931,449.315,452.000,2.685,13.327700,100.839000,51.503500,0.712453,18.000000,97.058477,4.033520,4.033520,4.033520,3.975000,3.975000,2.965037,0.775727,0.775727,0.187664,1.516764,1.759898,0.273890,0.482761,-0.01973150,-0.01472631,-0.01042409,-1.915109,-1.429313,-1.011746,4.880146,2.690837,2.205041,1.787473,1.378103,0.358973,-2.205041,,,,,,below deadband; feedforward + feedback
2026-05-16 19:21:56,1594.9,449.094,449.271,452.000,2.729,13.344500,100.840000,51.506800,0.713870,18.000000,97.059439,4.173385,4.173385,4.173385,4.031250,4.031250,2.983626,0.882401,0.882401,0.197326,1.525370,1.776317,0.353135,0.590869,-0.00764728,-0.01498873,-0.01074478,-0.742241,-1.454798,-1.042882,3.725867,1.624641,2.337198,1.925283,1.454645,0.439360,-2.337198,,,,,,below deadband; feedforward + feedback
2026-05-16 19:22:01,1600.4,448.855,449.155,452.000,2.845,13.330800,100.842000,51.503500,0.713456,18.000000,97.061364,4.425015,4.425015,4.425015,4.162500,4.162500,3.109106,0.991382,0.991382,0.211586,1.587304,1.793282,0.441420,0.706276,-0.01235318,-0.01484183,-0.01200728,-1.199017,-1.440568,-1.165443,4.308123,2.190399,2.431950,2.156825,1.563631,0.525174,-2.431950,,,,,,below deadband; feedforward + feedback
2026-05-16 19:22:07,1605.9,448.645,448.999,452.000,3.001,13.328500,100.841000,51.510200,0.710653,18.000000,97.060402,4.743553,4.743553,4.743553,4.425000,4.425000,3.276412,1.102548,1.102548,0.238833,1.620289,1.811119,0.541698,0.842531,-0.02070621,-0.01500530,-0.01335047,-2.009753,-1.456420,-1.295802,5.286165,3.112301,2.558968,2.398349,1.691285,0.626492,-2.558968,,,,,,below deadband; feedforward + feedback
2026-05-16 19:22:12,1610.9,449.359,448.967,452.000,3.033,13.321500,100.838000,51.510200,0.711711,18.000000,97.057514,4.899259,4.899259,4.899259,4.743750,4.743750,3.518076,1.208012,1.208012,0.274473,1.752248,1.828553,0.653339,0.988264,-0.00299165,-0.01458025,-0.01134529,-0.290363,-1.415123,-1.101146,3.808439,1.498375,2.623135,2.309158,1.748525,0.734856,-2.623135,,,,,,below deadband; feedforward + feedback
2026-05-16 19:22:17,1615.9,448.517,448.865,452.000,3.135,13.330600,100.838000,51.503500,0.710949,18.000000,97.057514,5.165977,5.165977,5.165977,4.893750,4.893750,3.634261,1.319333,1.319333,0.318654,1.801668,1.846657,0.776522,1.146070,-0.01263891,-0.01454147,-0.01305713,-1.226701,-1.411359,-1.267292,4.860962,2.546034,2.730692,2.586625,1.867517,0.852198,-2.730692,,,,,,below deadband; feedforward + feedback
2026-05-16 19:22:22,1621.4,448.760,448.792,452.000,3.208,13.325000,100.842000,51.506800,0.713513,18.000000,97.061364,5.402109,5.402109,5.402109,5.156250,5.156250,3.829452,1.449584,1.449584,0.368639,1.957566,1.867602,0.910349,1.311831,-0.01909314,-0.01437309,-0.01349385,-1.853206,-1.395072,-1.309732,5.682658,3.302790,2.844655,2.759316,1.986750,0.975455,-2.844655,,,,,,below deadband; feedforward + feedback
2026-05-16 19:22:28,1626.9,448.787,448.783,452.000,3.217,13.320600,100.839000,51.506800,0.712127,18.000000,97.058477,5.557118,5.557118,5.557118,5.393750,5.393750,4.010700,1.585923,1.585923,0.423326,2.053003,1.889536,1.053493,1.482925,-0.00919362,-0.01422577,-0.01289917,-0.892318,-1.380731,-1.251974,4.903018,2.478241,2.966654,2.837897,2.021976,1.102677,-2.966654,,,,,,below deadband; feedforward + feedback
2026-05-16 19:22:33,1632.4,448.604,448.683,452.000,3.317,13.319500,100.841000,51.500200,0.713360,18.000000,97.060402,5.847728,5.847728,5.847728,5.550000,5.550000,4.122238,1.729233,1.729233,0.482955,2.039397,1.912069,1.204488,1.657470,-0.00744547,-0.01422368,-0.01424238,-0.722660,-1.380556,-1.382371,4.844898,2.451893,3.109789,3.111604,2.042625,1.232467,-3.109789,,,,,,below deadband; feedforward + feedback
2026-05-16 19:22:38,1637.4,448.297,448.645,452.000,3.355,13.325100,100.841000,51.500200,0.710839,18.000000,97.060402,6.059298,6.059298,6.059298,5.850000,5.850000,4.340665,1.864162,1.864162,0.547236,2.147917,1.933658,1.361703,1.833351,-0.01564736,-0.01381168,-0.01437207,-1.518739,-1.340567,-1.394958,5.859404,3.382901,3.204729,3.259121,2.130871,1.363249,-3.204729,,,,,,below deadband; feedforward + feedback
2026-05-16 19:22:43,1642.4,448.811,448.628,452.000,3.372,13.329800,100.838000,51.503500,0.713106,18.000000,97.057514,6.244726,6.244726,6.244726,13.143750,13.143750,10.400866,2.003615,2.003615,0.616327,5.153201,1.959052,1.524276,2.011992,-0.01121024,-0.01334484,-0.01191713,-1.088038,-1.295217,-1.156647,11.488903,3.091653,3.298832,3.160262,2.200974,1.496083,-3.298832,,,,,,below deadband; feedforward + feedback
2026-05-16 19:22:49,1647.9,449.181,448.684,452.000,3.316,13.328700,100.840000,51.503500,0.711421,18.000000,97.059439,6.333561,6.333561,6.333561,0.000000,0.000000,0.000000,2.164709,2.164709,0.690972,0.000000,1.984204,1.691161,2.191816,-0.00368075,-0.01267106,-0.00605813,-0.357251,-1.229846,-0.587999,0.357251,2.521960,3.394555,2.752708,2.279050,1.629797,-3.394555,,,,,,below deadband; feedforward + feedback
2026-05-16 19:22:54,1653.4,449.134,448.750,452.000,3.250,13.334200,100.843000,51.506800,0.711000,18.000000,97.062327,6.412613,6.412613,6.412613,6.306250,6.306250,4.684572,2.393779,2.393779,0.773516,2.390605,2.008871,1.862228,2.375431,0.00127734,-0.01226545,-0.00410458,0.123981,-1.190513,-0.398400,4.560591,2.269798,3.584293,2.792179,2.336282,1.766330,-3.584293,,,,,,below deadband; feedforward + feedback
2026-05-16 19:23:00,1658.9,449.642,448.921,452.000,3.079,13.330900,100.840000,51.506800,0.713420,18.000000,97.059439,6.344751,6.344751,6.344751,6.406250,6.406250,4.763578,2.514379,2.514379,0.860219,2.441497,2.035004,2.034641,2.551878,0.00613458,-0.01076720,0.00204162,0.595419,-1.045058,0.198158,4.168159,1.918960,3.559437,2.316221,2.339397,1.897533,-3.559437,,,,,,below deadband; feedforward + feedback
2026-05-16 19:23:05,1664.4,448.888,448.980,452.000,3.020,13.344700,100.841000,51.506800,0.710559,18.000000,97.060402,6.435172,6.435172,6.435172,6.343750,6.343750,4.707809,2.687231,2.687231,0.952882,2.329722,2.060882,2.206577,2.722385,0.00042018,-0.00917010,0.00501921,0.040782,-0.890053,0.487166,4.667027,2.646449,3.577284,2.200065,2.357808,2.024319,-3.577284,,,,,,below deadband; feedforward + feedback
2026-05-16 19:23:10,1669.4,449.541,449.086,452.000,2.914,13.327600,100.841000,51.503500,0.711222,18.000000,97.060402,6.457144,6.457144,6.457144,6.418750,6.418750,4.782167,2.845382,2.845382,1.050998,2.377459,2.084751,2.377894,2.891846,0.00610106,-0.00806038,0.00900524,0.592171,-0.782343,0.874052,4.189996,2.253211,3.627725,1.971330,2.334929,2.150327,-3.627725,,,,,,below deadband; feedforward + feedback
2026-05-16 19:23:15,1674.4,449.090,449.232,452.000,2.768,13.335200,100.840000,51.510100,0.710293,18.000000,97.059439,6.423423,6.423423,6.423423,6.437500,6.437500,4.800757,3.002990,3.002990,1.154550,2.456816,2.108745,2.547733,3.057250,0.00719353,-0.00655641,0.01316206,0.698200,-0.636361,1.277503,4.102557,2.304790,3.639352,1.725488,2.380373,2.273319,-3.639352,,,,,,below deadband; feedforward + feedback
2026-05-16 19:23:21,1679.9,449.454,449.301,452.000,2.699,13.338200,100.841000,51.496900,0.712614,18.000000,97.060402,6.492962,6.492962,6.492962,6.425000,6.425000,4.777520,3.178383,3.178383,1.264149,2.448205,2.135020,2.714852,3.216208,0.01045401,-0.00500263,0.01577701,1.014670,-0.485557,1.531323,3.762850,2.163713,3.663940,1.647060,2.336572,2.391517,-3.663940,,,,,,below deadband; feedforward + feedback
2026-05-16 19:23:26,1685.4,449.358,449.387,452.000,2.613,13.330600,100.839000,51.506800,0.710747,18.000000,97.058477,6.537130,6.537130,6.537130,6.487500,6.487500,4.810052,3.353915,3.353915,1.379801,2.461422,2.161513,2.878580,3.369766,0.00855479,-0.00371590,0.01748739,0.830315,-0.360660,1.697300,3.979737,2.523600,3.714575,1.656615,2.333028,2.505700,-3.714575,,,,,,below deadband; feedforward + feedback
2026-05-16 19:23:32,1690.9,449.438,449.467,452.000,2.533,13.332600,100.841000,51.506800,0.712657,18.000000,97.060402,6.584218,6.584218,6.584218,6.518750,6.518750,4.856526,3.529664,3.529664,1.501514,2.402454,2.188139,3.038158,3.516889,0.01756336,-0.00206222,0.01874303,1.704707,-0.200160,1.819206,3.151819,1.824957,3.729824,1.710458,2.343083,2.615099,-3.729824,,,,,,below deadband; feedforward + feedback
2026-05-16 19:23:37,1695.9,449.432,449.522,452.000,2.478,13.326800,100.841000,51.506800,0.711560,18.000000,97.060402,6.662313,6.662313,6.662313,6.575000,6.575000,4.889057,3.670883,3.670883,1.628096,2.417555,2.212585,3.193148,3.658119,0.00865564,-0.00077931,0.01740416,0.840119,-0.075640,1.689254,4.048938,2.830763,3.746523,1.981628,2.373365,2.720115,-3.746523,,,,,,below deadband; feedforward + feedback
2026-05-16 19:23:42,1700.9,450.019,449.581,452.000,2.419,13.326500,100.845000,51.510200,0.712560,18.000000,97.064252,6.728062,6.728062,6.728062,6.656250,6.656250,4.949474,3.768354,3.768354,1.756961,2.453625,2.237303,3.341917,3.788222,0.02470635,0.00071746,0.01697966,2.398104,0.069640,1.648118,2.551370,1.370250,3.698714,2.120236,2.358167,2.816857,-3.698714,,,,,,below deadband; feedforward + feedback
2026-05-16 19:23:47,1706.4,450.964,449.717,452.000,2.283,13.335900,100.843000,51.506800,0.712313,18.000000,97.062327,6.676722,6.676722,6.676722,6.718750,6.718750,5.000595,3.741756,3.741756,1.881335,2.554861,2.264769,3.481117,3.898720,0.03349647,0.00262610,0.01858399,3.251245,0.254895,1.803805,1.749350,0.490510,3.486860,1.937950,2.319579,2.899021,-3.486860,,,,,,below deadband; feedforward + feedback
2026-05-16 19:23:53,1711.9,450.579,449.886,452.000,2.114,13.332200,100.842000,51.503500,0.712105,18.000000,97.061364,6.568876,6.568876,6.568876,6.675000,6.675000,4.972711,3.886584,3.886584,2.004782,2.541444,2.292112,3.609346,3.994032,0.03201754,0.00455799,0.01825535,3.107666,0.442405,1.771889,1.865044,0.778918,3.444179,2.114695,2.299921,2.969894,-3.444179,,,,,,below deadband; feedforward + feedback
2026-05-16 19:23:58,1717.4,450.584,450.091,452.000,1.909,13.331000,100.839000,51.506800,0.713776,18.000000,97.058477,0.000000,1.568876,1.568876,7.281250,7.281250,5.786004,4.007106,4.007106,2.131606,2.970232,2.327631,3.727649,4.082558,0.01919400,0.00634576,0.02020011,1.862940,0.615910,1.960592,3.923064,2.144166,3.391196,2.046515,2.310136,3.035720,-3.391196,,,,,,within deadband and CO2 rising; MFC zero
2026-05-16 19:24:04,1722.9,449.753,450.187,452.000,1.813,13.329400,100.841000,51.506800,0.713317,18.000000,97.060402,0.000000,0.000000,0.000000,0.000000,0.000000,0.000000,4.106591,4.106591,2.259177,0.000000,2.327631,3.836398,4.162644,0.00894149,0.00779205,0.01975978,0.867865,0.756299,1.917892,-0.867865,3.238726,3.350292,2.188699,2.376957,3.095271,-3.350292,,,,,,within deadband and CO2 rising; MFC zero
2026-05-16 19:24:09,1727.9,449.773,450.086,452.000,1.914,13.330000,100.844000,51.506800,0.711745,18.000000,97.063289,0.000000,0.000000,0.000000,0.000000,0.000000,0.000000,4.152306,4.152306,2.385200,0.000000,2.327631,3.935469,4.232682,0.00736149,0.00842337,0.01421253,0.714531,0.817600,1.379515,-0.714531,3.437775,3.334706,2.772792,2.336475,3.147350,-3.334706,,,,,,within deadband and CO2 rising; MFC zero
2026-05-16 19:24:14,1732.9,449.754,450.010,452.000,1.990,13.337000,100.842000,51.493500,0.713342,18.000000,97.061364,0.000000,0.000000,0.000000,0.000000,0.000000,0.000000,4.063758,4.063758,2.505237,0.000000,2.327631,4.023799,4.288788,0.00329418,0.00947149,0.01299289,0.319738,0.919316,1.261108,-0.319738,3.744020,3.144442,2.802650,2.405210,3.189069,-3.144442,,,,,,within deadband and CO2 rising; MFC zero
2026-05-16 19:24:19,1738.4,449.874,449.835,452.000,2.165,13.327400,100.841000,51.500200,0.710497,18.000000,97.060402,7.131917,5.000000,5.000000,0.000000,0.000000,0.000000,3.960834,3.960834,2.618639,0.000000,2.327631,4.100287,4.329751,0.00559675,0.01024159,0.00793944,0.543223,0.994053,0.770606,-0.543223,3.417611,2.966781,3.190228,2.422422,3.219528,-2.966781,,,,,,below deadband; feedforward + feedback
2026-05-16 19:24:25,1743.9,450.572,449.797,452.000,2.203,13.328200,100.843000,51.506800,0.712495,18.000000,97.062327,7.248714,7.248714,7.248714,4.850000,4.850000,3.601730,3.854734,3.854734,2.724811,1.841199,2.347655,4.164759,4.358178,0.01865584,0.01068066,0.00359913,1.810779,1.036689,0.349340,1.790951,2.043955,2.818044,3.505394,2.400116,3.240666,-2.818044,,,,,,below deadband; feedforward + feedback
2026-05-16 19:24:30,1749.4,450.770,449.986,452.000,2.014,13.333200,100.841000,51.503500,0.712981,18.000000,97.060402,7.036957,7.036957,7.036957,7.200000,7.200000,5.349149,3.819615,3.819615,2.826095,2.737830,2.376198,4.217147,4.374310,0.01379860,0.01168911,0.00590525,1.339297,1.134549,0.573166,4.009852,2.480318,2.685065,3.246448,2.429622,3.252662,-2.685065,,,,,,below deadband; feedforward + feedback
2026-05-16 19:24:36,1754.9,451.298,450.209,452.000,1.791,13.329700,100.839000,51.510200,0.712946,18.000000,97.058477,0.000000,2.036957,2.036957,6.962500,6.962500,5.219022,3.869435,3.869435,2.925338,2.594032,2.404905,4.258694,4.383336,0.02510974,0.01280519,0.00760689,2.437113,1.242852,0.738313,2.781910,1.432322,2.626583,3.131122,2.403481,3.259373,-2.626583,,,,,,within deadband and CO2 rising; MFC zero
2026-05-16 19:24:41,1759.9,450.560,450.444,452.000,1.556,13.341900,100.840000,51.496900,0.713252,18.000000,97.059439,0.000000,0.000000,0.000000,1.981250,1.981250,1.496461,3.941764,3.941764,3.023242,0.740659,2.412777,4.290393,4.385491,0.00937832,0.01376803,0.00903072,0.910254,1.336317,0.876517,0.586206,3.031510,2.605447,3.065247,2.400696,3.260976,-2.605447,,,,,,within deadband and CO2 rising; MFC zero
2026-05-16 19:24:46,1764.9,450.110,450.518,452.000,1.482,13.340700,100.837000,51.500200,0.712755,18.000000,97.056552,0.000000,0.000000,0.000000,0.000000,0.000000,0.000000,3.958541,3.958541,3.118088,0.000000,2.412777,4.314139,4.385375,0.00512624,0.01378473,0.00804608,0.497535,1.337899,0.780924,-0.497535,3.461006,2.620642,3.177617,2.468372,3.260890,-2.620642,,,,,,within deadband and CO2 rising; MFC zero
2026-05-16 19:24:51,1770.4,450.069,450.500,452.000,1.500,13.342500,100.840000,51.503500,0.715009,18.000000,97.059439,0.000000,0.000000,0.000000,0.000000,0.000000,0.000000,3.859133,3.859133,3.205667,0.000000,2.412777,4.329701,4.376388,-0.01013483,0.01362303,0.00858144,-0.983681,1.322244,0.832910,0.983681,4.842814,2.536889,3.026223,2.547572,3.254207,-2.536889,,,,,,within deadband and CO2 rising; MFC zero
2026-05-16 19:24:57,1775.9,450.133,450.434,452.000,1.566,13.331100,100.840000,51.506800,0.709910,18.000000,97.059439,0.000000,0.000000,0.000000,0.000000,0.000000,0.000000,3.724173,3.724173,3.284101,0.000000,2.412777,4.336394,4.356471,-0.00430261,0.01348664,0.01129925,-0.417609,1.309006,1.096699,0.417609,4.141782,2.415167,2.627474,2.576503,3.239397,-2.415167,,,,,,within deadband and CO2 rising; MFC zero
2026-05-16 19:25:02,1781.4,449.931,450.277,452.000,1.723,13.343700,100.839000,51.503500,0.711297,18.000000,97.058477,0.000000,0.000000,0.000000,0.000000,0.000000,0.000000,3.582056,3.582056,3.352933,0.000000,2.412777,4.334577,4.329127,0.00379840,0.01241567,0.01229396,0.368667,1.205046,1.193233,-0.368667,3.213389,2.377010,2.388822,2.601852,3.219065,-2.377010,,,,,,within deadband and CO2 rising; MFC zero
2026-05-16 19:25:07,1786.4,450.484,450.259,452.000,1.741,13.344700,100.837000,51.513500,0.712093,18.000000,97.056552,0.000000,0.000000,0.000000,0.000000,0.000000,0.000000,3.447870,3.447870,3.412197,0.000000,2.412777,4.324125,4.292770,0.02070630,0.01156116,0.00821873,2.009682,1.122086,0.797682,-2.009682,1.438188,2.325784,2.650188,2.566897,3.192030,-2.325784,,,,,,within deadband and CO2 rising; MFC zero
2026-05-16 19:25:12,1791.4,450.455,450.263,452.000,1.737,13.349900,100.841000,51.503500,0.711206,18.000000,97.060402,0.000000,0.000000,0.000000,0.000000,0.000000,0.000000,3.309718,3.309718,3.462043,0.000000,2.412777,4.305409,4.249261,0.00670602,0.01074801,0.00521457,0.650889,1.043206,0.506128,-0.650889,2.658830,2.266513,2.803590,2.541929,3.159678,-2.266513,,,,,,within deadband and CO2 rising; MFC zero
2026-05-16 19:25:18,1796.9,450.366,450.275,452.000,1.725,13.334800,100.839000,51.503500,0.711650,18.000000,97.058477,0.000000,0.000000,0.000000,0.000000,0.000000,0.000000,3.149802,3.149802,3.501567,0.000000,2.412777,4.278321,4.197055,0.01218511,0.01006335,0.00138098,1.182668,0.976733,0.134036,-1.182668,1.967134,2.173069,3.015765,2.503153,3.120858,-2.173069,,,,,,within deadband and CO2 rising; MFC zero
2026-05-16 19:25:23,1802.4,451.847,450.447,452.000,1.553,13.351900,100.840000,51.510200,0.711617,18.000000,97.059439,0.000000,0.000000,0.000000,0.000000,0.000000,0.000000,2.928896,2.928896,3.527918,0.000000,2.412777,4.241981,4.132960,0.03653855,0.00944245,-0.00009793,3.546411,0.916479,-0.009505,-3.546411,-0.617515,2.012417,2.938401,2.394895,3.073198,-2.012417,,,,,,within deadband and CO2 rising; MFC zero
2026-05-16 19:25:29,1807.9,450.461,450.488,452.000,1.512,13.336800,100.838000,51.510200,0.711132,18.000000,97.057514,0.000000,0.000000,0.000000,0.000000,0.000000,0.000000,2.801340,2.801340,3.541972,0.000000,2.412777,4.195621,4.056544,0.00415134,0.00891096,-0.00109534,0.402919,0.864876,-0.106311,-0.402919,2.398421,1.936464,2.907651,2.399330,3.016377,-1.936464,,,,,,within deadband and CO2 rising; MFC zero
2026-05-16 19:25:34,1813.4,450.180,450.535,452.000,1.465,13.345100,100.836000,51.503500,0.713182,18.000000,97.055589,0.000000,0.000000,0.000000,0.000000,0.000000,0.000000,2.629077,2.629077,3.545927,0.000000,2.412777,4.140764,3.976193,-0.00371442,0.00826668,0.00039010,-0.360505,0.802328,0.037861,0.360505,2.989582,1.826749,2.591215,2.436248,2.956629,-1.826749,,,,,,within deadband and CO2 rising; MFC zero
2026-05-16 19:25:39,1818.4,450.437,450.570,452.000,1.430,13.334100,100.836000,51.503500,0.713914,18.000000,97.055589,0.000000,0.000000,0.000000,0.000000,0.000000,0.000000,2.470663,2.470663,3.538459,0.000000,2.412777,4.078275,3.890809,-0.00084037,0.00756875,0.00495045,-0.081562,0.734590,0.480469,0.081562,2.552225,1.736073,1.990194,2.432999,2.893139,-1.736073,,,,,,within deadband and CO2 rising; MFC zero
2026-05-16 19:25:44,1823.4,450.968,450.493,452.000,1.507,13.333300,100.839000,51.503500,0.713071,18.000000,97.058477,0.000000,0.000000,0.000000,0.000000,0.000000,0.000000,2.313379,2.313379,3.520114,0.000000,2.412777,4.007928,3.796885,0.01117669,0.00732558,0.00615110,1.084792,0.711010,0.597017,-1.084792,1.228587,1.602369,1.716363,2.397667,2.823299,-1.602369,,,,,,within deadband and CO2 rising; MFC zero
2026-05-16 19:25:50,1828.9,450.634,450.561,452.000,1.439,13.344500,100.839000,51.500200,0.711619,18.000000,97.058477,0.000000,0.000000,0.000000,0.000000,0.000000,0.000000,2.138173,2.138173,3.490293,0.000000,2.412777,3.929953,3.696029,0.00653795,0.00694091,0.00822072,0.634563,0.673674,0.797890,-0.634563,1.503609,1.464499,1.340282,2.370040,2.748304,-1.464499,,,,,,within deadband and CO2 rising; MFC zero
2026-05-16 19:25:55,1834.4,450.688,450.594,452.000,1.406,13.354400,100.840000,51.506800,0.713829,18.000000,97.059439,0.000000,0.000000,0.000000,0.000000,0.000000,0.000000,1.962501,1.962501,3.448366,0.000000,2.412777,3.844706,3.588965,0.00401689,0.00625682,0.00838768,0.389877,0.607284,0.814103,-0.389877,1.572624,1.355217,1.148398,2.349658,2.668693,-1.355217,,,,,,within deadband and CO2 rising; MFC zero
2026-05-16 19:26:00,1839.4,450.516,450.633,452.000,1.367,13.341300,100.836000,51.500200,0.712394,18.000000,97.055589,0.000000,0.000000,0.000000,0.000000,0.000000,0.000000,1.803127,1.803127,3.394891,0.000000,2.412777,3.751871,3.473367,0.00344544,0.00598920,0.00706035,0.334400,0.581285,0.685247,-0.334400,1.468727,1.221841,1.117880,2.313283,2.582737,-1.221841,,,,,,within deadband and CO2 rising; MFC zero
2026-05-16 19:26:05,1844.4,450.412,450.637,452.000,1.363,13.336800,100.837000,51.503500,0.713148,18.000000,97.056552,0.000000,0.000000,0.000000,0.000000,0.000000,0.000000,1.642311,1.642311,3.329810,0.000000,2.412777,3.651886,3.351929,0.00386563,0.00547285,0.00474935,0.375184,0.531176,0.460955,-0.375184,1.267127,1.111135,1.181356,2.294047,2.492437,-1.111135,,,,,,within deadband and CO2 rising; MFC zero
2026-05-16 19:26:11,1849.9,451.610,450.722,452.000,1.278,13.335200,100.838000,51.506800,0.711016,18.000000,97.057514,0.000000,0.000000,0.000000,0.000000,0.000000,0.000000,1.464161,1.464161,3.253716,0.000000,2.412777,3.544473,3.222234,0.02265597,0.00529968,0.00622272,2.198933,0.514374,0.603962,-2.198933,-0.734771,0.949787,0.860199,2.171098,2.395998,-0.949787,,,,,,within deadband and CO2 rising; MFC zero
2026-05-16 19:26:16,1855.4,450.864,450.767,452.000,1.233,13.347000,100.835000,51.500200,0.713017,18.000000,97.054627,0.000000,0.000000,0.000000,0.000000,0.000000,0.000000,1.284524,1.284524,3.168066,0.000000,2.412777,3.430100,3.086981,0.01359691,0.00517631,0.00549910,1.319643,0.502385,0.533713,-1.319643,-0.035119,0.782139,0.750811,2.122637,2.295426,-0.782139,,,,,,within deadband and CO2 rising; MFC zero
2026-05-16 19:26:22,1860.9,450.676,450.771,452.000,1.229,13.348800,100.834000,51.506800,0.711457,18.000000,97.053664,0.000000,0.000000,0.000000,0.000000,0.000000,0.000000,1.102733,1.102733,3.077066,0.000000,2.412777,3.310641,2.952264,-0.00722715,0.00536716,0.00408238,-0.701421,0.520903,0.396210,0.701421,1.804155,0.581831,0.706524,2.167935,2.195253,-0.581831,,,,,,within deadband and CO2 rising; MFC zero
2026-05-16 19:26:27,1865.9,451.352,450.871,452.000,1.129,13.339000,100.840000,51.506800,0.712547,18.000000,97.059439,0.000000,0.000000,0.000000,0.000000,0.000000,0.000000,0.936326,0.936326,2.975333,0.000000,2.412777,3.185262,2.809124,0.01445436,0.00596332,0.00809825,1.402932,0.578796,0.786011,-1.402932,-0.466606,0.357530,0.150314,2.124986,2.088817,-0.357530,,,,,,within deadband and CO2 rising; MFC zero
2026-05-16 19:26:32,1870.9,450.566,450.774,452.000,1.226,13.346000,100.837000,51.510200,0.711787,18.000000,97.056552,0.000000,0.000000,0.000000,0.000000,0.000000,0.000000,0.771033,0.771033,2.863744,0.000000,2.412777,3.053757,2.659245,0.00078993,0.00630375,0.00656429,0.076668,0.611820,0.637107,-0.076668,0.694365,0.159213,0.133926,2.074993,1.977369,-0.159213,,,,,,within deadband and CO2 rising; MFC zero
2026-05-16 19:26:37,1876.4,450.972,450.840,452.000,1.160,13.351100,100.835000,51.506900,0.711072,18.000000,97.054627,0.000000,0.000000,0.000000,0.000000,0.000000,0.000000,0.567137,0.567137,2.741694,0.000000,2.412777,2.916365,2.504189,0.00936154,0.00577472,0.00536733,0.908581,0.560464,0.520924,-0.908581,-0.341444,0.006673,0.046213,1.951539,1.862072,-0.006673,,,,,,within deadband and CO2 rising; MFC zero
2026-05-16 19:26:43,1881.9,451.635,450.834,452.000,1.166,13.346000,100.838000,51.503500,0.712611,18.000000,97.057514,0.000000,0.000000,0.000000,0.000000,0.000000,0.000000,0.567137,0.567137,2.618067,0.000000,2.412777,2.775248,2.351898,0.01828608,0.00532074,0.00439911,1.774801,0.516418,0.426967,-1.774801,-1.207664,0.050719,0.140170,1.791351,1.748831,-0.050719,,,,,,within deadband and CO2 rising; MFC zero
2026-05-16 19:26:48,1887.4,451.258,450.853,452.000,1.147,13.349400,100.837000,51.510100,0.710372,18.000000,97.056552,0.000000,0.000000,0.000000,0.000000,0.000000,0.000000,0.567137,0.567137,2.497494,0.000000,2.412777,2.633984,2.210191,0.01186578,0.00492954,0.00647226,1.151652,0.478444,0.628175,-1.151652,-0.584515,0.088693,-0.061039,1.642091,1.643460,-0.088693,,,,,,within deadband and CO2 rising; MFC zero
2026-05-16 19:26:54,1892.9,451.045,451.029,452.000,0.971,13.345400,100.836000,51.506800,0.711350,18.000000,97.055589,0.000000,0.000000,0.000000,0.000000,0.000000,0.000000,0.567137,0.567137,2.380470,0.000000,2.412777,2.494778,2.077159,0.00791614,0.00483282,0.00852167,0.768306,0.469052,0.827076,-0.768306,-0.201169,0.098085,-0.259939,1.517306,1.544540,-0.098085,,,,,,within deadband and CO2 rising; MFC zero
2026-05-16 19:26:59,1898.4,452.394,451.160,452.000,0.840,13.340900,100.838000,51.496900,0.711721,18.000000,97.057514,0.000000,0.000000,0.000000,0.000000,0.000000,0.000000,0.515768,0.515768,2.265333,0.000000,2.412777,2.357834,1.947004,0.02635343,0.00519653,0.00910709,2.557799,0.504362,0.883911,-2.557799,-2.042031,0.011406,-0.368144,1.376410,1.447759,-0.011406,,,,,,within deadband and CO2 rising; MFC zero
2026-05-16 19:27:04,1903.4,450.404,451.054,452.000,0.946,13.357600,100.837000,51.500200,0.711697,18.000000,97.056552,0.000000,0.000000,0.000000,0.000000,0.000000,0.000000,0.385780,0.385780,2.146925,0.000000,2.412777,2.222724,1.817393,0.00045379,0.00510662,0.00563281,0.044043,0.495631,0.546701,-0.044043,0.341737,-0.109851,-0.160921,1.302665,1.351382,0.109851,,,,,,within deadband and CO2 rising; MFC zero
2026-05-16 19:27:09,1908.4,450.543,451.049,452.000,0.951,13.350200,100.837000,51.510200,0.711006,18.000000,97.056552,0.000000,0.000000,0.000000,0.000000,0.000000,0.000000,0.208854,0.208854,2.020698,0.000000,2.412777,2.086835,1.679168,-0.00463883,0.00580020,0.00443564,-0.450229,0.562947,0.430508,0.450229,0.659082,-0.354093,-0.221654,1.276002,1.248601,0.354093,,,,,,within deadband and CO2 rising; MFC zero
2026-05-16 19:27:15,1913.9,450.543,450.866,452.000,1.134,13.348800,100.837000,51.506800,0.711237,18.000000,97.056552,0.000000,0.000000,0.000000,0.000000,0.000000,0.000000,0.039983,0.039983,1.886154,0.000000,2.412777,1.949041,1.535660,0.00018488,0.00545168,0.00265872,0.017944,0.529122,0.258046,-0.017944,0.022039,-0.489139,-0.218063,1.172227,1.141891,0.489139,,,,,,within deadband and CO2 rising; MFC zero
2026-05-16 19:27:20,1919.4,450.487,450.743,452.000,1.257,13.353800,100.832000,51.503500,0.713392,18.000000,97.051739,0.000000,0.000000,0.000000,0.000000,0.000000,0.000000,0.000000,0.000000,1.749653,0.000000,2.412777,1.809896,1.392461,-0.01110947,0.00481488,-0.00280916,-1.078193,0.467292,-0.272633,1.078193,1.078193,-0.467292,0.272633,1.090061,1.035410,0.467292,,,,,,within deadband and CO2 rising; MFC zero
2026-05-16 19:27:25,1924.4,450.592,450.650,452.000,1.350,13.350000,100.833000,51.506800,0.712560,18.000000,97.052702,0.000000,0.000000,0.000000,0.000000,0.000000,0.000000,0.000000,0.000000,1.616579,0.000000,2.412777,1.671584,1.256648,-0.00524383,0.00403665,-0.00622244,-0.508927,0.391767,-0.603904,0.508927,0.508927,-0.391767,0.603904,0.940617,0.934422,0.391767,,,,,,within deadband and CO2 rising; MFC zero
2026-05-16 19:27:30,1929.4,449.692,450.508,452.000,1.492,13.359700,100.837000,51.503500,0.712500,18.000000,97.056552,0.000000,0.000000,0.000000,0.000000,0.000000,0.000000,0.000000,0.000000,1.488159,0.000000,2.412777,1.536548,1.131441,-0.02030294,0.00293422,-0.00975107,-1.970533,0.284786,-0.946405,1.970533,1.970533,-0.284786,0.946405,0.865746,0.841320,0.284786,,,,,,within deadband and CO2 rising; MFC zero
2026-05-16 19:27:36,1934.9,450.180,450.354,452.000,1.646,13.364600,100.835000,51.500200,0.711808,18.000000,97.054627,0.000000,0.000000,0.000000,0.000000,0.000000,0.000000,0.000000,0.000000,1.364640,0.000000,2.412777,1.406314,1.015610,-0.00929430,0.00124421,-0.01642805,-0.902055,0.120756,-1.594418,0.902055,0.902055,-0.120756,1.594418,0.786045,0.755190,0.120756,,,,,,within deadband and CO2 rising; MFC zero
2026-05-16 19:27:41,1940.4,449.826,450.229,452.000,1.771,13.358700,100.837000,51.500200,0.713433,18.000000,97.056552,0.000000,0.000000,0.000000,0.000000,0.000000,0.000000,0.000000,0.000000,1.245748,0.000000,2.412777,1.281863,0.908512,-0.01937850,-0.00016819,-0.02257601,-1.880810,-0.016324,-2.191150,1.880810,1.880810,0.016324,2.191150,0.801308,0.675554,-0.016324,,,,,,within lower deadband; partial feedforward
2026-05-16 19:27:47,1945.9,451.078,450.041,452.000,1.959,13.357700,100.837000,51.513500,0.710884,18.000000,97.056552,0.000000,0.000000,0.000000,0.000000,0.000000,0.000000,0.000000,0.000000,1.131620,0.000000,2.412777,1.164309,0.811644,-0.00025211,-0.00183049,-0.02553141,-0.024468,-0.177661,-2.477990,0.024468,0.024468,0.177661,2.477990,0.710468,0.603524,-0.177661,,,,,,within lower deadband; partial feedforward
2026-05-16 19:27:52,1951.4,449.855,449.829,452.000,2.171,13.364100,100.836000,51.506800,0.709600,18.000000,97.055589,4.094234,4.094234,4.094234,0.000000,0.000000,0.000000,0.000000,0.000000,1.023006,0.000000,2.412777,1.055184,0.727810,-0.02631985,-0.00376363,-0.02802274,-2.554489,-0.365281,-2.719763,2.554489,2.554489,0.365281,2.719763,0.730721,0.541187,-0.365281,,,,,,below deadband; feedforward + feedback
2026-05-16 19:27:58,1956.9,449.484,449.571,452.000,2.429,13.365400,100.836000,51.510200,0.714419,18.000000,97.055589,4.356691,4.356691,4.356691,10.875000,10.875000,8.211943,0.000000,0.000000,0.922010,4.066973,2.436798,0.956301,0.659653,-0.03169865,-0.00559146,-0.03235805,-3.076531,-0.542683,-3.140529,11.288474,3.076531,0.542683,3.140529,0.858102,0.490506,-0.542683,,,,,,below deadband; feedforward + feedback
2026-05-16 19:28:03,1961.9,449.315,449.459,452.000,2.541,13.376200,100.837000,51.500200,0.714062,18.000000,97.056552,4.426502,4.426502,4.426502,3.025000,3.025000,2.281870,0.056915,0.056915,0.827374,1.131342,2.458310,0.868577,0.605404,-0.03047171,-0.00731262,-0.03156612,-2.957479,-0.709738,-3.063699,5.239349,3.014394,0.766653,3.120614,0.879343,0.450168,-0.766653,,,,,,below deadband; feedforward + feedback
2026-05-16 19:28:08,1966.9,449.015,449.263,452.000,2.737,13.370000,100.838000,51.500200,0.713285,18.000000,97.057514,4.626803,4.626803,4.626803,4.312500,4.312500,3.215996,0.233872,0.233872,0.744781,1.652730,2.467396,0.794618,0.572743,-0.03505954,-0.00915505,-0.03157946,-3.402792,-0.888567,-3.065023,6.618788,3.636664,1.122439,3.298896,0.901656,0.425882,-1.122439,,,,,,below deadband; feedforward + feedback
2026-05-16 19:28:13,1972.4,448.703,449.158,452.000,2.842,13.360900,100.837000,51.500200,0.711276,18.000000,97.056552,4.713808,4.713808,4.713808,4.587500,4.587500,3.415834,0.314814,0.314814,0.670441,1.741640,2.485935,0.735253,0.557159,-0.03479064,-0.01118120,-0.03104860,-3.376660,-1.085209,-3.013470,6.792494,3.691474,1.400023,3.328284,0.940940,0.414294,-1.400023,,,,,,below deadband; feedforward + feedback
2026-05-16 19:28:19,1977.9,448.325,449.015,452.000,2.985,13.363400,100.837000,51.500200,0.710443,18.000000,97.056552,4.870423,4.870423,4.870423,4.681250,4.681250,3.480897,0.429946,0.429946,0.605495,1.781731,2.505052,0.691983,0.562173,-0.02843755,-0.01319394,-0.03171234,-2.760051,-1.280559,-3.077890,6.240948,3.189997,1.710505,3.507836,1.008575,0.418022,-1.710505,,,,,,below deadband; feedforward + feedback
2026-05-16 19:28:24,1983.4,448.404,448.857,452.000,3.143,13.377300,100.836000,51.510100,0.713842,18.000000,97.055589,5.066573,5.066573,5.066573,4.856250,4.856250,3.611024,0.555983,0.555983,0.550937,1.845047,2.524783,0.666128,0.588562,-0.03080735,-0.01522384,-0.03154427,-2.990026,-1.477559,-3.061548,6.601050,3.546009,2.033542,3.617531,1.079003,0.437645,-2.033542,,,,,,below deadband; feedforward + feedback
2026-05-16 19:28:30,1988.9,448.596,448.667,452.000,3.333,13.367600,100.837000,51.503500,0.711881,18.000000,97.056552,5.324349,5.324349,5.324349,5.062500,5.062500,3.759741,0.685552,0.685552,0.506905,1.869550,2.545275,0.658359,0.635052,-0.01842053,-0.01722885,-0.02993568,-1.787833,-1.672173,-2.905454,5.547574,2.473386,2.357725,3.591006,1.110064,0.472214,-2.357725,,,,,,below deadband; feedforward + feedback
2026-05-16 19:28:35,1993.9,449.485,448.568,452.000,3.432,13.376600,100.838000,51.506800,0.710438,18.000000,97.057514,5.474228,5.474228,5.474228,5.318750,5.318750,3.950284,0.807485,0.807485,0.472572,1.957429,2.564887,0.668798,0.700114,-0.01033630,-0.01872442,-0.02844311,-1.003216,-1.817345,-2.760617,4.953500,1.810700,2.624830,3.568102,1.121856,0.520593,-2.624830,,,,,,below deadband; feedforward + feedback
2026-05-16 19:28:40,1998.9,447.939,448.393,452.000,3.607,13.384200,100.836000,51.506800,0.712096,18.000000,97.055589,5.747165,5.747165,5.747165,5.456250,5.456250,4.066469,0.934296,0.934296,0.448158,2.080616,2.585117,0.697785,0.784748,-0.02944597,-0.02062610,-0.02860708,-2.857896,-2.001878,-2.776477,6.924365,3.792192,2.936175,3.710773,1.208927,0.583525,-2.936175,,,,,,below deadband; feedforward + feedback
2026-05-16 19:28:45,2004.4,448.468,448.244,452.000,3.756,13.381800,100.834000,51.506800,0.711162,18.000000,97.053664,6.004942,6.004942,6.004942,5.731250,5.731250,4.275602,1.080302,1.080302,0.434921,2.185946,2.608436,0.745947,0.890431,-0.02294202,-0.02213639,-0.02934088,-2.226607,-2.148418,-2.847640,6.502208,3.306909,3.228720,3.927942,1.348295,0.662109,-3.228720,,,,,,below deadband; feedforward + feedback
2026-05-16 19:28:51,2009.9,447.471,448.065,452.000,3.935,13.376200,100.837000,51.510100,0.714485,18.000000,97.056552,6.322638,6.322638,6.322638,6.000000,6.000000,4.461497,1.232272,1.232272,0.433119,2.279558,2.632834,0.814058,1.018392,-0.03215244,-0.02379233,-0.02869543,-3.120605,-2.309201,-2.785080,7.582102,4.352877,3.541473,4.017351,1.499605,0.757259,-3.541473,,,,,,below deadband; feedforward + feedback
2026-05-16 19:28:56,2015.4,447.843,447.920,452.000,4.080,13.390900,100.837000,51.513500,0.713388,18.000000,97.056552,6.614101,6.614101,6.614101,6.300000,6.300000,4.703162,1.391615,1.391615,0.443081,2.338944,2.658385,0.902731,1.168751,-0.01060514,-0.02506334,-0.02861480,-1.029298,-2.432562,-2.777254,5.732460,2.420913,3.824177,4.168869,1.520873,0.869064,-3.824177,,,,,,below deadband; feedforward + feedback
2026-05-16 19:29:01,2020.4,447.201,447.784,452.000,4.216,13.395500,100.836000,51.500200,0.712564,18.000000,97.055589,6.914661,6.914661,6.914661,6.612500,6.612500,4.903000,1.542965,1.542965,0.463999,2.428170,2.682791,1.012786,1.342952,-0.03146282,-0.02648999,-0.02949831,-3.053642,-2.571002,-2.862976,7.956642,4.596608,4.113967,4.405941,1.695467,0.998596,-4.113967,,,,,,below deadband; feedforward + feedback
2026-05-16 19:29:06,2025.4,447.344,447.573,452.000,4.427,13.394700,100.835000,51.503500,0.713170,18.000000,97.054627,7.342357,7.342357,7.342357,6.906250,6.906250,5.126074,1.701256,1.701256,0.496076,2.623393,2.708320,1.144697,1.540427,-0.02974841,-0.02798726,-0.03107319,-2.887220,-2.716293,-3.015797,8.013295,4.588476,4.417549,4.717053,1.829746,1.145435,-4.417549,,,,,,below deadband; feedforward + feedback
2026-05-16 19:29:12,2030.9,447.601,447.368,452.000,4.632,13.376500,100.832000,51.496900,0.711520,18.000000,97.051739,7.783693,7.783693,7.783693,7.331250,7.331250,5.469982,1.883821,1.883821,0.541479,2.800416,2.738071,1.298333,1.759241,-0.02497532,-0.02927653,-0.03095237,-2.423899,-2.841338,-3.003981,7.893880,4.307719,4.725159,4.887802,1.990062,1.308141,-4.725159,,,,,,below deadband; feedforward + feedback
2026-05-16 19:29:17,2036.4,447.070,447.207,452.000,4.793,13.375600,100.836000,51.496900,0.711550,18.000000,97.055589,8.180308,8.180308,8.180308,7.775000,7.775000,5.781357,2.076827,2.076827,0.593537,2.954925,2.769610,1.470423,1.986692,-0.02285760,-0.02965964,-0.02992768,-2.218458,-2.878634,-2.904649,7.999815,4.295285,4.955461,4.981476,2.179819,1.477271,-4.955461,,,,,,below deadband; feedforward + feedback
2026-05-16 19:29:23,2041.9,448.034,447.200,452.000,4.800,13.397800,100.834000,51.510100,0.712417,18.000000,97.053664,8.378343,8.378343,8.378343,5.562500,5.562500,4.168712,2.281622,2.281622,0.652657,2.129910,2.805645,1.657818,2.220005,-0.01055483,-0.02924369,-0.02709246,-1.024385,-2.838207,-2.629422,5.193096,3.306007,5.119829,4.911044,2.313975,1.650758,-5.119829,,,,,,below deadband; feedforward + feedback
2026-05-16 19:29:28,2047.4,447.006,447.158,452.000,4.842,13.394000,100.837000,51.506800,0.712697,18.000000,97.056552,8.638007,8.638007,8.638007,8.337500,8.337500,6.204270,2.532473,2.532473,0.720428,3.084622,2.838071,1.859417,2.464212,-0.02015168,-0.02917539,-0.02514486,-1.955853,-2.831662,-2.440473,8.160122,4.488326,5.364135,4.972946,2.475682,1.832346,-5.364135,,,,,,below deadband; feedforward + feedback
2026-05-16 19:29:33,2052.4,447.239,447.147,452.000,4.853,13.399000,100.836000,51.500200,0.713055,18.000000,97.055589,8.867528,8.867528,8.867528,8.625000,8.625000,6.408755,2.712714,2.712714,0.796184,3.184195,2.869995,2.073958,2.717581,-0.01858899,-0.02846125,-0.02149232,-1.804166,-2.762323,-2.085950,8.212921,4.516880,5.475038,4.798664,2.701851,2.020747,-5.475038,,,,,,below deadband; feedforward + feedback
2026-05-16 19:29:38,2057.4,447.094,447.194,452.000,4.806,13.393300,100.836000,51.506900,0.712716,18.000000,97.055589,9.029577,9.029577,9.029577,8.856250,8.856250,6.580708,2.919213,2.919213,0.883544,3.373172,2.902826,2.300827,2.981434,-0.01302571,-0.02741340,-0.01592643,-1.264218,-2.660623,-1.545749,7.844926,4.183431,5.579837,4.464963,2.834323,2.216943,-5.579837,,,,,,below deadband; feedforward + feedback
2026-05-16 19:29:44,2062.9,447.477,447.234,452.000,4.766,13.402300,100.837000,51.510100,0.710728,18.000000,97.056552,9.213270,9.213270,9.213270,9.018750,9.018750,6.715483,3.156292,3.156292,0.985180,3.432108,2.939644,2.540800,3.260719,-0.00717662,-0.02588278,-0.00979075,-0.696538,-2.512094,-0.950256,7.412020,3.852830,5.668386,4.106548,2.944452,2.424615,-5.668386,,,,,,below deadband; feedforward + feedback
2026-05-16 19:29:49,2068.4,447.768,447.393,452.000,4.607,13.405800,100.835000,51.503500,0.712934,18.000000,97.054627,9.243544,9.243544,9.243544,9.212500,9.212500,6.854905,3.399537,3.399537,1.101027,3.496541,2.977192,2.793149,3.550198,-0.00445387,-0.02425050,-0.00218978,-0.432268,-2.353623,-0.212528,7.287173,3.831805,5.753160,3.612065,3.075824,2.639867,-5.753160,,,,,,below deadband; feedforward + feedback
2026-05-16 19:29:55,2073.9,448.128,447.594,452.000,4.406,13.401200,100.838000,51.506800,0.712497,18.000000,97.057514,9.223287,9.223287,9.223287,9.237500,9.237500,6.868847,3.647584,3.647584,1.226805,3.403249,3.014862,3.054677,3.839260,0.00336141,-0.02182650,0.00734558,0.326250,-2.118426,0.712943,6.542596,3.321333,5.766010,2.934641,3.153173,2.854808,-5.766010,,,,,,below deadband; feedforward + feedback
2026-05-16 19:30:00,2078.9,448.727,447.747,452.000,4.253,13.418700,100.834000,51.510100,0.712470,18.000000,97.053664,9.275939,9.275939,9.275939,9.225000,9.225000,6.859552,3.876112,3.876112,1.360464,3.402413,3.049190,3.322159,4.124606,0.02181563,-0.01942530,0.01409991,2.117287,-1.885296,1.368448,4.742265,1.758824,5.761408,2.507664,3.196273,3.066986,-5.761408,,,,,,below deadband; feedforward + feedback
2026-05-16 19:30:05,2083.9,447.877,447.889,452.000,4.111,13.416100,100.835000,51.506800,0.712090,18.000000,97.054627,9.348093,9.348093,9.348093,9.275000,9.275000,6.892084,4.104934,4.104934,1.502014,3.407593,3.083665,3.592868,4.404994,0.01411779,-0.01706810,0.01848931,1.370196,-1.656538,1.794473,5.521887,2.734737,5.761471,2.310461,3.222625,3.275478,-5.761471,,,,,,below deadband; feedforward + feedback
2026-05-16 19:30:10,2089.4,449.521,448.085,452.000,3.915,13.413800,100.835000,51.500200,0.712129,18.000000,97.054627,9.344485,9.344485,9.344485,9.350000,9.350000,6.957147,4.356761,4.356761,1.652247,3.568932,3.121872,3.863730,4.676316,0.04050512,-0.01414922,0.02176950,3.931209,-1.373247,2.112831,3.025938,0.425551,5.730008,2.243930,3.206194,3.477229,-5.730008,,,,,,below deadband; feedforward + feedback
2026-05-16 19:30:16,2094.9,447.900,448.068,452.000,3.932,13.430000,100.835000,51.506800,0.711973,18.000000,97.054627,9.637864,9.637864,9.637864,9.343750,9.343750,6.943205,4.610400,4.610400,1.811226,3.556857,3.160077,4.133659,4.943446,0.00663878,-0.01201673,0.02148456,0.644325,-1.166279,2.085176,6.298880,3.966075,5.776679,2.525224,3.278100,3.675861,-5.776679,,,,,,below deadband; feedforward + feedback
2026-05-16 19:30:21,2100.4,449.505,448.227,452.000,3.773,13.423000,100.837000,51.513500,0.710937,18.000000,97.056552,9.682759,9.682759,9.682759,9.637500,9.637500,7.156985,4.865247,4.865247,1.978993,3.552750,3.199202,4.400629,5.201541,0.04371587,-0.00904588,0.02431290,4.242912,-0.877962,2.359726,2.914073,0.622335,5.743209,2.505521,3.298716,3.867777,-5.743209,,,,,,below deadband; feedforward + feedback
2026-05-16 19:30:26,2105.4,448.573,448.345,452.000,3.655,13.413100,100.832000,51.503500,0.712083,18.000000,97.051739,9.779468,9.779468,9.779468,8.425000,8.425000,6.255391,5.099275,5.099275,2.154831,3.093122,3.238974,4.662958,5.449944,0.02400086,-0.00641450,0.02647964,2.329325,-0.622539,2.569895,3.926066,2.769950,5.721813,2.529380,3.306145,4.052485,-5.721813,,,,,,below deadband; feedforward + feedback
2026-05-16 19:30:31,2110.4,447.950,448.270,452.000,3.730,13.410900,100.836000,51.503500,0.714363,18.000000,97.055589,10.142367,10.142367,10.142367,9.768750,9.768750,7.263875,5.349072,5.349072,2.339281,3.595020,3.274401,4.920402,5.692735,0.00904220,-0.00442161,0.02069537,0.877596,-0.429142,2.008601,6.386279,4.471476,5.778214,3.340470,3.354247,4.233021,-5.778214,,,,,,below deadband; feedforward + feedback
2026-05-16 19:30:37,2115.9,448.960,448.511,452.000,3.489,13.436000,100.837000,51.506800,0.711378,18.000000,97.056552,10.054305,10.054305,10.054305,10.143750,10.143750,7.528777,5.424809,5.424809,2.524381,3.852618,3.315635,5.169040,5.914953,0.02411813,-0.00137787,0.02159600,2.340823,-0.133731,2.096033,5.187954,3.083986,5.558540,3.328776,3.356647,4.398258,-5.558540,,,,,,below deadband; feedforward + feedback
2026-05-16 19:30:42,2121.4,448.851,448.687,452.000,3.313,13.417400,100.835000,51.503500,0.710690,18.000000,97.054627,10.043024,10.043024,10.043024,10.056250,10.056250,7.477655,5.581798,5.581798,2.708792,3.816303,3.356796,5.404859,6.112315,0.01682388,0.00209636,0.02343435,1.632835,0.203461,2.274412,5.844820,3.948963,5.378337,3.307385,3.367416,4.545013,-5.378337,,,,,,below deadband; feedforward + feedback
2026-05-16 19:30:48,2126.9,449.315,448.907,452.000,3.093,13.418200,100.836000,51.506800,0.712449,18.000000,97.055589,9.956653,9.956653,9.956653,10.031250,10.031250,7.477655,5.763248,5.763248,2.896669,3.835540,3.397894,5.626488,6.291375,0.03517718,0.00517229,0.02487489,3.414142,0.502000,2.414247,4.063513,2.349106,5.261248,3.349001,3.321127,4.678159,-5.261248,,,,,,below deadband; feedforward + feedback
2026-05-16 19:30:53,2132.4,450.557,449.317,452.000,2.683,13.423500,100.835000,51.506800,0.712031,18.000000,97.054627,9.587457,9.587457,9.587457,9.962500,9.962500,7.407944,5.911763,5.911763,3.085697,3.678986,3.438532,5.831537,6.446683,0.03885795,0.00878076,0.02981114,3.771344,0.852213,2.893309,3.636600,2.140418,5.059550,3.018454,3.284935,4.793643,-5.059550,,,,,,below deadband; feedforward + feedback
2026-05-16 19:30:58,2137.4,450.193,449.464,452.000,2.536,13.426000,100.836000,51.503500,0.713041,18.000000,97.055589,9.570036,9.570036,9.570036,9.581250,9.581250,7.119806,6.043114,6.043114,3.274909,3.530126,3.474428,6.018936,6.581135,0.03889151,0.01143939,0.03114446,3.774639,1.110257,3.022744,3.345167,2.268475,4.932857,3.020370,3.240882,4.893619,-4.932857,,,,,,below deadband; feedforward + feedback
2026-05-16 19:31:03,2142.4,449.635,449.603,452.000,2.397,13.429900,100.837000,51.506800,0.712447,18.000000,97.056552,9.543775,9.543775,9.543775,9.562500,9.562500,7.110511,6.166843,6.166843,3.463919,3.529164,3.510035,6.187695,6.693970,0.02142899,0.01417693,0.03395093,2.079824,1.375964,3.295160,5.030687,4.087019,4.790879,2.871682,3.296524,4.977521,-4.790879,,,,,,below deadband; feedforward + feedback
2026-05-16 19:31:09,2147.9,449.545,449.788,452.000,2.212,13.443200,100.837000,51.510200,0.716171,18.000000,97.056552,9.434668,9.434668,9.434668,9.556250,9.556250,7.101217,6.290092,6.290092,3.652974,3.628523,3.549075,6.337623,6.787406,0.02189997,0.01700453,0.03459102,2.125535,1.650401,3.357285,4.975681,4.164556,4.639691,2.932806,3.377692,5.046999,-4.639691,,,,,,below deadband; feedforward + feedback
2026-05-16 19:31:14,2153.4,449.684,449.860,452.000,2.140,13.443000,100.837000,51.506800,0.711951,18.000000,97.056552,9.464857,9.464857,9.464857,9.437500,9.437500,7.022211,6.405486,6.405486,3.841636,3.592319,3.587741,6.468297,6.860320,0.03611899,0.01954549,0.03624084,3.505584,1.897018,3.517411,3.516627,2.899902,4.508468,2.888075,3.346923,5.101216,-4.508468,,,,,,below deadband; feedforward + feedback
2026-05-16 19:31:20,2158.9,449.798,450.043,452.000,1.957,13.444300,100.837000,51.510100,0.711501,18.000000,97.056552,0.000000,4.464857,4.464857,8.031250,8.031250,5.990490,6.513956,6.513956,4.029003,3.071882,3.630831,6.579431,6.912832,0.02833670,0.02218152,0.03520385,2.750262,2.152861,3.416764,3.240228,3.763694,4.361095,3.097192,3.362674,5.140264,-4.361095,,,,,,within deadband and CO2 rising; MFC zero
2026-05-16 19:31:25,2164.4,449.458,450.091,452.000,1.909,13.446900,100.836000,51.500200,0.713507,18.000000,97.055589,0.000000,0.000000,0.000000,3.431250,3.431250,2.528182,6.613488,6.613488,4.214563,1.251066,3.649427,6.671954,6.949524,0.01265571,0.02349992,0.03173099,1.228308,2.280799,3.079669,1.299874,5.385181,4.332689,3.533819,3.398271,5.167547,-4.332689,,,,,,within deadband and CO2 rising; MFC zero
2026-05-16 19:31:30,2169.4,449.348,449.964,452.000,2.036,13.436600,100.837000,51.500200,0.710768,18.000000,97.056552,9.598896,5.000000,0.000000,0.000000,0.000000,0.000000,6.688714,6.688714,4.397221,0.000000,3.649427,6.747796,6.975324,0.02072310,0.02378188,0.02005061,2.011313,2.308187,1.946043,-2.011313,4.677401,4.380527,4.742671,3.476081,5.186731,-4.380527,,,,,,below deadband; feedforward + feedback
2026-05-16 19:31:35,2174.4,449.540,449.847,452.000,2.153,13.453600,100.835000,51.503500,0.712692,18.000000,97.054627,9.821119,5.000000,0.000000,0.000000,0.000000,0.000000,6.576867,6.576867,4.570804,0.000000,3.649427,6.806744,6.983586,0.00326057,0.02354073,0.01095263,0.316453,2.284737,1.063003,-0.316453,6.260413,4.292130,5.513863,3.533454,5.192875,-4.292130,,,,,,below deadband; feedforward + feedback
2026-05-16 19:31:41,2179.9,449.802,449.675,452.000,2.325,13.430400,100.838000,51.500200,0.711567,18.000000,97.057514,10.102846,5.000000,5.000000,0.000000,0.000000,0.000000,6.395897,6.395897,4.732688,0.000000,3.649427,6.847916,6.971433,0.00361351,0.02308330,0.00488893,0.350718,2.240408,0.474507,-0.350718,6.045179,4.155489,5.921390,3.583685,5.183838,-4.155489,,,,,,below deadband; feedforward + feedback
2026-05-16 19:31:46,2185.4,450.658,449.757,452.000,2.243,13.444100,100.833000,51.510100,0.713320,18.000000,97.052702,10.010348,10.000000,10.000000,4.900000,4.900000,3.615672,6.205075,6.205075,4.881697,1.855659,3.669214,6.870078,6.936563,0.01805078,0.02299631,0.00236115,1.751877,2.231854,0.229156,1.863795,4.453198,3.973221,5.975920,3.588701,5.157910,-3.973221,,,,,,below deadband; feedforward + feedback
2026-05-16 19:31:52,2190.9,449.772,449.808,452.000,2.192,13.445700,100.838000,51.500200,0.714256,18.000000,97.057514,9.944194,9.944194,9.944194,9.956250,9.956250,7.403297,6.074375,6.074375,5.019543,3.673386,3.709772,6.875009,6.889801,-0.00164709,0.02191773,-0.00198884,-0.159863,2.127280,-0.193032,7.563160,6.234238,3.947095,6.267407,3.655562,5.123138,-3.947095,,,,,,below deadband; feedforward + feedback
2026-05-16 19:31:57,2195.9,450.348,449.976,452.000,2.024,13.450100,100.838000,51.503500,0.713878,18.000000,97.057514,9.698655,9.698655,9.698655,9.925000,9.925000,7.375413,6.062586,6.062586,5.149921,3.649889,3.746688,6.865055,6.835192,0.00359677,0.02184634,0.00055739,0.349094,2.120351,0.054099,7.026319,5.713493,3.942235,6.008487,3.738578,5.082532,-3.942235,,,,,,below deadband; feedforward + feedback
2026-05-16 19:32:02,2200.9,451.008,450.219,452.000,1.781,13.456200,100.839000,51.503500,0.711761,18.000000,97.058477,0.000000,4.698655,4.698655,9.581250,9.581250,7.208107,6.094142,6.094142,5.272738,3.689998,3.782877,6.841831,6.772159,0.02425305,0.02152552,0.00632247,2.353964,2.089234,0.613649,4.854143,3.740178,4.004908,5.480493,3.712780,5.035662,-4.004908,,,,,,within deadband and CO2 rising; MFC zero
2026-05-16 19:32:07,2206.4,450.840,450.416,452.000,1.584,13.458400,100.837000,51.503500,0.710979,18.000000,97.056552,0.000000,0.000000,0.000000,4.031250,4.031250,3.490192,6.138168,6.138168,5.390857,1.791276,3.802075,6.808143,6.707080,0.00937834,0.02129174,0.01143432,0.910230,2.066503,1.109775,2.579962,5.227938,4.071665,5.028393,3.737300,4.987270,-4.071665,,,,,,within deadband and CO2 rising; MFC zero
2026-05-16 19:32:13,2211.9,450.240,450.549,452.000,1.451,13.474400,100.835000,51.503500,0.711974,18.000000,97.054627,0.000000,0.000000,0.000000,0.000000,0.000000,0.000000,6.092267,6.092267,5.500272,0.000000,3.802075,6.766187,6.640320,0.00324376,0.02011270,0.01363362,0.314822,1.952031,1.323206,-0.314822,5.777445,4.140236,4.769062,3.792266,4.937628,-4.140236,,,,,,within deadband and CO2 rising; MFC zero
2026-05-16 19:32:18,2217.4,449.651,450.382,452.000,1.618,13.464900,100.836000,51.516800,0.712521,18.000000,97.055589,0.000000,0.000000,0.000000,0.000000,0.000000,0.000000,5.907921,5.907921,5.595156,0.000000,3.802075,6.717053,6.569649,-0.01134476,0.01816975,0.01287534,-1.101072,1.763476,1.249624,1.101072,7.008993,4.144445,4.658297,3.901099,4.885079,-4.144445,,,,,,within deadband and CO2 rising; MFC zero
2026-05-16 19:32:23,2222.4,449.767,450.183,452.000,1.817,13.458000,100.830000,51.503500,0.713049,18.000000,97.049814,0.000000,0.000000,0.000000,0.000000,0.000000,0.000000,5.683529,5.683529,5.673915,0.000000,3.802075,6.660484,6.490776,0.00647072,0.01680756,0.01240508,0.627982,1.631171,1.203911,-0.627982,5.055547,4.052358,4.479618,3.943297,4.826430,-4.052358,,,,,,within deadband and CO2 rising; MFC zero
2026-05-16 19:32:28,2227.4,450.042,449.983,452.000,2.017,13.466100,100.836000,51.506800,0.712098,18.000000,97.055589,9.421009,5.000000,5.000000,0.000000,0.000000,0.000000,5.455389,5.455389,5.736253,0.000000,3.802075,6.597209,6.407387,0.00645391,0.01532706,0.00712662,0.626388,1.487576,0.691678,-0.626388,4.829001,3.967812,4.763711,3.995285,4.764423,-3.967812,,,,,,below deadband; feedforward + feedback
2026-05-16 19:32:34,2232.9,451.234,449.923,452.000,2.077,13.480800,100.832000,51.510200,0.712857,18.000000,97.051739,9.436128,9.436128,9.436128,4.950000,4.950000,3.606377,5.203562,5.203562,5.782027,1.847362,3.822148,6.527663,6.319025,0.02139537,0.01388528,0.00096531,2.076458,1.347590,0.093685,1.529919,3.127104,3.855972,5.109877,4.042467,4.698719,-3.855972,,,,,,below deadband; feedforward + feedback
2026-05-16 19:32:39,2238.4,450.263,449.972,452.000,2.028,13.476300,100.838000,51.500200,0.712371,18.000000,97.057514,9.292730,9.292730,9.292730,9.387500,9.387500,6.980384,5.025737,5.025737,5.813779,3.571384,3.860382,6.453110,6.229452,0.01179855,0.01232058,-0.00232462,1.145138,1.195805,-0.225622,5.835246,3.880599,3.829932,5.251359,4.081980,4.632114,-3.829932,,,,,,below deadband; feedforward + feedback
2026-05-16 19:32:45,2243.9,449.994,450.115,452.000,1.885,13.479000,100.838000,51.510200,0.712032,18.000000,97.057514,0.000000,4.292730,4.292730,9.312500,9.312500,6.887436,4.970418,4.970418,5.834939,3.518287,3.898341,6.375869,6.144146,-0.00154627,0.01112673,-0.00292733,-0.150078,1.079932,-0.284120,7.037514,5.120495,3.890486,5.254537,4.243874,4.568682,-3.890486,,,,,,within deadband and CO2 rising; MFC zero
2026-05-16 19:32:50,2249.4,450.682,450.309,452.000,1.691,13.475500,100.836000,51.500200,0.714728,18.000000,97.055589,0.000000,0.000000,0.000000,3.962500,3.962500,3.174169,4.970015,4.970015,5.847340,1.573580,3.915900,6.297131,6.060917,0.01830319,0.01018058,-0.00193215,1.776427,0.988082,-0.187526,1.397743,3.193588,3.981933,5.157541,4.217237,4.506794,-3.981933,,,,,,within deadband and CO2 rising; MFC zero
2026-05-16 19:32:55,2254.4,450.251,450.390,452.000,1.610,13.474200,100.837000,51.503500,0.710923,18.000000,97.056552,0.000000,0.000000,0.000000,0.000000,0.000000,0.000000,4.905943,4.905943,5.848743,0.000000,3.915900,6.217942,5.980372,-0.00630270,0.00926884,-0.00249685,-0.611718,0.899601,-0.242336,0.611718,5.517661,4.006342,5.148279,4.386041,4.446902,-4.006342,,,,,,within deadband and CO2 rising; MFC zero
2026-05-16 19:33:00,2259.4,449.865,450.320,452.000,1.680,13.490800,100.836000,51.496900,0.710972,18.000000,97.055589,0.000000,0.000000,0.000000,0.000000,0.000000,0.000000,4.695648,4.695648,5.834825,0.000000,3.915900,6.138645,5.900756,-0.02413487,0.00711631,-0.00273185,-2.342424,0.690678,-0.265141,2.342424,7.038072,4.004971,4.960789,4.533218,4.387701,-4.004971,,,,,,within deadband and CO2 rising; MFC zero
2026-05-16 19:33:06,2264.9,450.656,450.244,452.000,1.756,13.478000,100.836000,51.496900,0.711589,18.000000,97.055589,0.000000,0.000000,0.000000,0.000000,0.000000,0.000000,4.443032,4.443032,5.803582,0.000000,3.915900,6.057646,5.814651,-0.00603373,0.00537398,0.00207845,-0.585608,0.521575,0.201725,0.585608,5.028639,3.921457,4.241306,4.552430,4.323675,-3.921457,,,,,,within deadband and CO2 rising; MFC zero
2026-05-16 19:33:11,2270.4,449.696,450.026,452.000,1.974,13.475700,100.834000,51.506800,0.712639,18.000000,97.053664,0.000000,0.000000,0.000000,0.000000,0.000000,0.000000,4.176008,4.176008,5.760520,0.000000,3.915900,5.976395,5.732640,-0.01321033,0.00397657,0.00306093,-1.282111,0.385941,0.297075,1.282111,5.458119,3.790067,3.878933,4.634297,4.262693,-3.790067,,,,,,within deadband and CO2 rising; MFC zero
2026-05-16 19:33:17,2275.9,449.502,449.912,452.000,2.088,13.483300,100.837000,51.506900,0.711839,18.000000,97.056552,8.818343,5.000000,5.000000,0.000000,0.000000,0.000000,3.900325,3.900325,5.702538,0.000000,3.915900,5.895598,5.653206,-0.01023554,0.00242012,-0.00099333,-0.993426,0.234888,-0.096409,0.993426,4.893751,3.665437,3.996734,4.666876,4.203627,-3.665437,,,,,,below deadband; feedforward + feedback
2026-05-16 19:33:22,2281.4,450.164,449.857,452.000,2.143,13.476800,100.833000,51.503500,0.711715,18.000000,97.052702,8.815286,8.815286,8.815286,6.387500,6.387500,4.777520,3.626268,3.626268,5.628849,2.368009,3.947116,5.814701,5.572013,0.00606735,0.00119386,-0.00552071,0.588852,0.115867,-0.535800,4.188668,3.037416,3.510401,4.162068,4.690611,4.143253,-3.510401,,,,,,below deadband; feedforward + feedback
2026-05-16 19:33:27,2286.4,449.642,449.715,452.000,2.285,13.479300,100.834000,51.506800,0.711144,18.000000,97.053664,8.934525,8.934525,8.934525,8.693750,8.693750,6.459876,3.442401,3.442401,5.543699,3.196906,3.968316,5.735245,5.496874,-0.01423560,0.00003225,-0.01166813,-1.381617,0.003130,-1.132434,7.841493,4.824018,3.439272,4.574836,4.783149,4.087382,-3.439272,,,,,,below deadband; feedforward + feedback
2026-05-16 19:33:32,2291.4,450.597,449.726,452.000,2.274,13.495000,100.836000,51.510200,0.711309,18.000000,97.055589,8.841100,8.841100,8.841100,8.887500,8.887500,6.617888,3.382233,3.382233,5.451944,3.380662,4.001256,5.658130,5.426787,0.01097518,-0.00040457,-0.01408024,1.065202,-0.039266,-1.366566,5.552685,2.317031,3.421499,4.748799,4.784823,4.035266,-3.421499,,,,,,below deadband; feedforward + feedback
2026-05-16 19:33:38,2296.9,449.927,449.806,452.000,2.194,13.487900,100.832000,51.496900,0.711703,18.000000,97.051739,8.655772,8.655772,8.655772,8.825000,8.825000,6.562119,3.328509,3.328509,5.354071,3.360422,4.037369,5.583857,5.361037,-0.01707624,-0.00045902,-0.01291104,-1.657279,-0.044548,-1.253039,8.219397,4.985788,3.373058,4.581548,4.815815,3.986376,-3.373058,,,,,,below deadband; feedforward + feedback
2026-05-16 19:33:43,2302.4,450.038,449.908,452.000,2.092,13.495700,100.835000,51.503500,0.714212,18.000000,97.054627,8.442617,8.442617,8.442617,8.650000,8.650000,6.427345,3.309378,3.309378,5.251288,3.285085,4.072820,5.513152,5.301037,-0.00690771,-0.00037584,-0.00883307,-0.670425,-0.036477,-0.857290,7.097769,3.979802,3.345855,4.166668,4.809444,3.941761,-3.345855,,,,,,below deadband; feedforward + feedback
2026-05-16 19:33:49,2307.9,450.950,450.158,452.000,1.842,13.493000,100.835000,51.506800,0.713326,18.000000,97.054627,0.000000,3.442617,3.442617,8.462500,8.462500,6.269333,3.288371,3.288371,5.143801,3.105403,4.107323,5.445411,5.242189,0.00820185,0.00050381,-0.00010628,0.796028,0.048897,-0.010315,5.473305,2.492344,3.239474,3.298686,4.795391,3.898002,-3.239474,,,,,,within deadband and CO2 rising; MFC zero
2026-05-16 19:33:54,2312.9,449.887,450.235,452.000,1.765,13.509200,100.834000,51.506800,0.710169,18.000000,97.053664,0.000000,0.000000,0.000000,3.400000,3.400000,2.551419,3.266560,3.266560,5.031822,1.264014,4.120304,5.380879,5.187280,-0.00388243,0.00092238,0.00740994,-0.376804,0.089520,0.719162,2.928222,3.643363,3.177039,2.547398,4.791241,3.857173,-3.177039,,,,,,within deadband and CO2 rising; MFC zero
2026-05-16 19:33:59,2317.9,449.995,450.314,452.000,1.686,13.489500,100.831000,51.506800,0.712157,18.000000,97.050777,0.000000,0.000000,0.000000,0.000000,0.000000,0.000000,3.174743,3.174743,4.913244,0.000000,4.120304,5.318379,5.130881,-0.00233618,0.00060011,0.01049710,-0.226728,0.058241,1.018752,0.226728,3.401471,3.116501,2.155990,4.722837,3.815235,-3.116501,,,,,,within deadband and CO2 rising; MFC zero
2026-05-16 19:34:04,2323.4,449.610,450.259,452.000,1.741,13.502200,100.834000,51.506800,0.713231,18.000000,97.053664,1.577277,1.577277,0.000000,0.000000,0.000000,0.000000,3.137796,3.137796,4.790799,0.000000,4.120304,5.257591,5.075229,-0.00988256,-0.00043952,0.00855186,-0.959139,-0.042657,0.829989,0.959139,4.096935,3.180453,2.307806,4.702821,3.773853,-3.180453,,,,,,within lower deadband; partial feedforward
2026-05-16 19:34:10,2328.9,450.411,450.138,452.000,1.862,13.498200,100.832000,51.500200,0.712987,18.000000,97.051739,1.559977,1.559977,1.559977,0.000000,0.000000,0.000000,3.137796,3.137796,4.672210,0.000000,4.120304,5.199925,5.026924,0.00754637,-0.00116123,0.00942599,0.732389,-0.112699,0.914808,-0.732389,2.405407,3.250495,2.222987,4.569890,3.737935,-3.250495,,,,,,within lower deadband; partial feedforward
2026-05-16 19:34:15,2334.4,449.266,449.840,452.000,2.160,13.529800,100.832000,51.506800,0.711308,18.000000,97.051739,8.172303,6.559977,6.559977,0.000000,0.000000,0.000000,3.137796,3.137796,4.559862,0.000000,4.120304,5.147603,4.990637,-0.01042040,-0.00242352,0.00213887,-1.011318,-0.235207,0.207581,1.011318,4.149114,3.373003,2.930215,4.504509,3.710952,-3.373003,,,,,,below deadband; feedforward + feedback
2026-05-16 19:34:21,2339.9,449.891,449.710,452.000,2.290,13.520400,100.837000,51.503500,0.714624,18.000000,97.056552,8.307259,8.307259,8.307259,6.406250,6.406250,4.777520,3.088332,3.088332,4.452388,2.370651,4.146769,5.101959,4.965028,-0.00052103,-0.00342745,-0.00436957,-0.050569,-0.332656,-0.424096,4.828089,3.138901,3.420989,3.512428,4.459188,3.691910,-3.420989,,,,,,below deadband; feedforward + feedback
2026-05-16 19:34:26,2344.9,450.520,449.780,452.000,2.220,13.507500,100.833000,51.500200,0.712445,18.000000,97.052702,8.168347,8.168347,8.168347,8.243750,8.243750,6.134559,3.015043,3.015043,4.346894,3.048194,4.176571,5.060242,4.935089,0.01852167,-0.00295139,-0.00473019,1.797578,-0.286441,-0.459078,4.336980,1.217464,3.301483,3.474120,4.286196,3.669648,-3.301483,,,,,,below deadband; feedforward + feedback
2026-05-16 19:34:31,2349.9,450.493,449.910,452.000,2.090,13.502000,100.833000,51.503500,0.710626,18.000000,97.052702,7.945983,7.945983,7.945983,8.143750,8.143750,6.050906,2.938763,2.938763,4.239176,3.097711,4.206920,5.019563,4.897527,0.00447068,-0.00199370,-0.00617069,0.433891,-0.193494,-0.598882,5.617015,2.504872,3.132257,3.537645,4.175554,3.641717,-3.132257,,,,,,below deadband; feedforward + feedback
2026-05-16 19:34:36,2355.4,450.289,450.164,452.000,1.836,13.525000,100.833000,51.500200,0.711105,18.000000,97.052702,1.492976,2.945983,2.945983,8.031250,8.031250,5.888247,2.892646,2.892646,4.128779,3.005884,4.239457,4.976588,4.847664,0.00504211,-0.00038140,-0.00145075,0.489350,-0.037016,-0.140799,5.398896,2.403295,2.929662,3.033445,4.129454,3.604640,-2.929662,,,,,,within lower deadband; partial feedforward
2026-05-16 19:34:42,2360.9,450.339,450.311,452.000,1.689,13.517800,100.836000,51.503500,0.713026,18.000000,97.055589,0.000000,0.000000,0.000000,2.912500,2.912500,2.174980,2.897262,2.897262,4.017024,1.115460,4.251690,4.930236,4.791181,0.00838672,0.00044901,-0.00032060,0.813978,0.043579,-0.031116,1.361002,2.083284,2.853683,2.928378,4.021018,3.562640,-2.853683,,,,,,within deadband and CO2 rising; MFC zero
2026-05-16 19:34:47,2366.4,450.017,450.215,452.000,1.785,13.525700,100.831000,51.510200,0.713132,18.000000,97.050777,0.000000,0.000000,0.000000,0.000000,0.000000,0.000000,2.959460,2.959460,3.908996,0.000000,4.251690,4.881685,4.736031,-0.00650433,0.00008730,-0.00117805,-0.631250,0.008472,-0.114331,0.631250,3.590710,2.950988,3.073791,3.945613,3.521632,-2.950988,,,,,,within deadband and CO2 rising; MFC zero
2026-05-16 19:34:52,2371.4,450.385,450.142,452.000,1.858,13.517100,100.832000,51.510200,0.710872,18.000000,97.051739,1.449635,1.449635,0.000000,0.000000,0.000000,0.000000,2.995787,2.995787,3.808578,0.000000,4.251690,4.832118,4.683416,-0.00194962,-0.00014489,0.00308011,-0.189214,-0.014062,0.298930,0.189214,3.185001,3.009849,2.696857,3.813752,3.482508,-3.009849,,,,,,within lower deadband; partial feedforward
2026-05-16 19:34:57,2376.4,451.238,450.051,452.000,1.949,13.513900,100.835000,51.496900,0.712567,18.000000,97.054627,1.434947,1.434947,1.434947,0.000000,0.000000,0.000000,2.995787,2.995787,3.715897,0.000000,4.251690,4.783156,4.636272,0.01445406,-0.00041179,0.00594175,1.402833,-0.039966,0.576675,-1.402833,1.592954,3.035753,2.419112,3.694352,3.447452,-3.035753,,,,,,within lower deadband; partial feedforward
2026-05-16 19:35:03,2381.9,449.657,449.804,452.000,2.196,13.522500,100.835000,51.503500,0.712059,18.000000,97.054627,7.810847,6.434947,6.434947,0.000000,0.000000,0.000000,2.995787,2.995787,3.631083,0.000000,4.251690,4.737112,4.598979,-0.00682366,-0.00172948,0.00008872,-0.662267,-0.167854,0.008611,0.662267,3.658054,3.163641,2.987176,3.653974,3.419722,-3.163641,,,,,,below deadband; feedforward + feedback
2026-05-16 19:35:08,2387.4,449.976,449.825,452.000,2.175,13.511200,100.831000,51.506800,0.712848,18.000000,97.050777,7.738226,7.738226,7.738226,5.625000,5.625000,4.205891,2.944340,2.944340,3.553179,2.157202,4.287171,4.693786,4.563808,0.00398334,-0.00157862,0.00035681,0.386586,-0.153206,0.034628,3.819305,2.557754,3.097546,2.909712,3.634342,3.393570,-3.097546,,,,,,below deadband; feedforward + feedback
2026-05-16 19:35:14,2392.9,449.549,449.782,452.000,2.218,13.534600,100.834000,51.496900,0.713089,18.000000,97.053664,7.757988,7.757988,7.757988,7.656250,7.656250,5.702351,2.925937,2.925937,3.480772,2.922648,4.312717,4.652298,4.527833,-0.00126055,-0.00132115,-0.00481068,-0.122341,-0.128222,-0.466894,5.824692,3.048278,3.054159,3.392831,3.605641,3.366819,-3.054159,,,,,,below deadband; feedforward + feedback
2026-05-16 19:35:19,2398.4,450.208,449.875,452.000,2.125,13.526400,100.833000,51.500200,0.712138,18.000000,97.052702,7.584400,7.584400,7.584400,7.706250,7.706250,5.744178,2.827334,2.827334,3.406872,2.847664,4.344150,4.609435,4.480846,0.01174813,-0.00051455,-0.00820739,1.140188,-0.049939,-0.796550,4.603990,1.687146,2.877273,3.623884,3.487249,3.331881,-2.877273,,,,,,below deadband; feedforward + feedback
2026-05-16 19:35:24,2403.4,449.954,450.066,452.000,1.934,13.515900,100.836000,51.506800,0.711281,18.000000,97.055589,0.000000,2.584400,2.584400,7.575000,7.575000,5.637288,2.824004,2.824004,3.332872,2.795317,4.372400,4.563003,4.423707,-0.00067228,0.00076460,-0.00413030,-0.065249,0.074208,-0.400869,5.702536,2.889253,2.749795,3.224873,3.476755,3.289393,-2.749795,,,,,,within deadband and CO2 rising; MFC zero
2026-05-16 19:35:29,2408.4,450.556,450.245,452.000,1.755,13.523700,100.834000,51.500200,0.712092,18.000000,97.053664,0.000000,0.000000,0.000000,2.506250,2.506250,1.919373,2.929763,2.929763,3.264728,0.980879,4.382199,4.513929,4.366708,0.00574802,0.00157192,0.00205551,0.557866,0.152560,0.199495,1.361507,2.371897,2.777203,2.730268,3.368280,3.247009,-2.777203,,,,,,within deadband and CO2 rising; MFC zero
2026-05-16 19:35:35,2413.9,450.394,450.314,452.000,1.686,13.527600,100.835000,51.503500,0.711283,18.000000,97.054627,0.000000,0.000000,0.000000,0.000000,0.000000,0.000000,3.075645,3.075645,3.208866,0.000000,4.382199,4.464673,4.316904,0.00231937,0.00149034,0.00502445,0.225106,0.144644,0.487646,-0.225106,2.850539,2.931001,2.587999,3.223883,3.209976,-2.931001,,,,,,within deadband and CO2 rising; MFC zero
2026-05-16 19:35:40,2419.4,449.602,450.169,452.000,1.831,13.534800,100.832000,51.510100,0.711531,18.000000,97.051739,0.000000,0.000000,0.000000,0.000000,0.000000,0.000000,3.107526,3.107526,3.162814,0.000000,4.382199,4.417049,4.274178,-0.01502550,0.00110654,0.00375900,-1.458251,0.107392,0.364817,1.458251,4.565777,3.000134,2.742709,3.207922,3.178206,-3.000134,,,,,,within deadband and CO2 rising; MFC zero
2026-05-16 19:35:46,2424.9,449.574,449.978,452.000,2.022,13.528700,100.832000,51.503500,0.713646,18.000000,97.051739,7.203062,5.000000,5.000000,0.000000,0.000000,0.000000,3.107526,3.107526,3.125970,0.000000,4.382199,4.372892,4.240421,-0.00003361,0.00046780,0.00273220,-0.003262,0.045401,0.265165,0.003262,3.110788,3.062125,2.842361,3.126980,3.153104,-3.062125,,,,,,below deadband; feedforward + feedback
2026-05-16 19:35:51,2429.9,449.628,449.737,452.000,2.263,13.545500,100.835000,51.510200,0.712255,18.000000,97.054627,7.502794,7.502794,7.502794,4.812500,4.812500,3.583140,3.107526,3.107526,3.098632,1.781800,4.401163,4.334174,4.218019,0.00001681,-0.00077117,-0.00081846,0.001631,-0.074846,-0.079436,3.581509,3.105895,3.182372,3.186961,3.065329,3.136447,-3.182372,,,,,,below deadband; feedforward + feedback
2026-05-16 19:35:56,2434.9,450.134,449.708,452.000,2.292,13.544200,100.833000,51.510200,0.713909,18.000000,97.052702,7.510461,7.510461,7.510461,7.425000,7.425000,5.530398,3.130252,3.130252,3.081528,2.827231,4.427995,4.302221,4.206362,0.00132776,-0.00132681,-0.00170565,0.128863,-0.128771,-0.165538,5.401535,3.001389,3.259022,3.295790,3.064087,3.127779,-3.259022,,,,,,below deadband; feedforward + feedback
2026-05-16 19:36:01,2440.4,450.234,449.859,452.000,2.141,13.537800,100.836000,51.510200,0.711561,18.000000,97.055589,7.273906,7.273906,7.273906,7.487500,7.487500,5.572224,3.083297,3.083297,3.069145,2.852816,4.458576,4.275981,4.197260,0.00937850,-0.00164545,-0.00280583,0.910236,-0.159700,-0.272322,4.661988,2.173062,3.242998,3.355619,2.972675,3.121011,-3.242998,,,,,,below deadband; feedforward + feedback
2026-05-16 19:36:07,2445.9,449.804,450.060,452.000,1.940,13.548900,100.833000,51.513500,0.713177,18.000000,97.052702,1.276054,2.273906,2.273906,7.106250,7.106250,5.395623,3.107913,3.107913,3.059685,2.767503,4.488393,4.253512,4.186108,-0.00026891,-0.00075317,0.00007418,-0.026099,-0.073097,0.007199,5.421722,3.134012,3.181010,3.100714,3.000847,3.112718,-3.181010,,,,,,within lower deadband; partial feedforward
2026-05-16 19:36:12,2451.4,449.810,450.224,452.000,1.776,13.536200,100.833000,51.500200,0.712417,18.000000,97.052702,1.270098,1.270098,1.270098,2.231250,2.231250,1.682356,3.067806,3.067806,3.050696,0.837399,4.497920,4.233660,4.174104,-0.00818503,-0.00047812,0.00004882,-0.794380,-0.046403,0.004738,2.476736,3.862186,3.114209,3.063068,2.962102,3.103792,-3.114209,,,,,,within lower deadband; partial feedforward
2026-05-16 19:36:17,2456.4,450.173,450.158,452.000,1.842,13.550200,100.832000,51.510100,0.712593,18.000000,97.051739,1.264500,1.264500,1.264500,0.000000,0.000000,0.000000,2.969932,2.969932,3.038991,0.000000,4.497920,4.215000,4.159021,-0.00894136,-0.00052221,-0.00367172,-0.867774,-0.050681,-0.356347,0.867774,3.837706,3.020613,3.326279,2.957202,3.092577,-3.020613,,,,,,within lower deadband; partial feedforward
2026-05-16 19:36:22,2461.4,449.305,450.030,452.000,1.970,13.549000,100.833000,51.500200,0.713418,18.000000,97.052702,1.258775,1.258775,1.258775,0.000000,0.000000,0.000000,2.789753,2.789753,3.021797,0.000000,4.497920,4.195917,4.138667,-0.02663877,-0.00011144,-0.00366779,-2.585365,-0.010815,-0.355969,2.585365,5.375118,2.800568,3.145721,3.056608,3.077442,-2.800568,,,,,,within lower deadband; partial feedforward
2026-05-16 19:36:28,2466.9,449.652,449.816,452.000,2.184,13.556500,100.834000,51.513500,0.714933,18.000000,97.053664,7.232862,6.258775,6.258775,0.000000,0.000000,0.000000,2.583068,2.583068,2.998228,0.000000,4.497920,4.174912,4.111895,-0.02388282,-0.00017171,-0.00241732,-2.317915,-0.016665,-0.234610,2.317915,4.900983,2.599733,2.817677,3.099974,3.057535,-2.599733,,,,,,below deadband; feedforward + feedback
2026-05-16 19:36:33,2472.4,449.228,449.708,452.000,2.292,13.547400,100.836000,51.513500,0.712646,18.000000,97.055589,7.361401,7.361401,7.361401,6.106250,6.106250,4.545150,2.515092,2.515092,2.975482,2.328098,4.523137,4.152776,4.086370,-0.01900879,-0.00052534,-0.00121757,-1.844910,-0.050987,-0.118172,6.390060,4.360001,2.566079,2.633263,3.133027,3.038555,-2.566079,,,,,,below deadband; feedforward + feedback
2026-05-16 19:36:39,2477.9,449.999,449.727,452.000,2.273,13.559500,100.832000,51.500200,0.712461,18.000000,97.051739,7.312645,7.312645,7.312645,7.306250,7.306250,5.442097,2.607404,2.607404,2.957192,2.788792,4.552288,4.130270,4.062750,0.00578163,-0.00065629,-0.00089330,0.561117,-0.063694,-0.086697,4.880980,2.046287,2.671098,2.694101,3.062315,3.020991,-2.671098,,,,,,below deadband; feedforward + feedback
2026-05-16 19:36:44,2483.3,449.965,449.767,452.000,2.233,13.551100,100.832000,51.510100,0.711830,18.000000,97.051739,7.236433,7.236433,7.236433,7.287500,7.287500,5.414213,2.785988,2.785988,2.945061,2.679464,4.582015,4.109673,4.047884,-0.01549629,-0.00148328,-0.00435061,-1.503942,-0.143955,-0.422234,6.918155,4.289930,2.929943,3.208223,3.127298,3.009938,-2.929943,,,,,,below deadband; feedforward + feedback
2026-05-16 19:36:49,2488.4,450.014,449.908,452.000,2.092,13.555800,100.835000,51.500200,0.709984,18.000000,97.054627,7.020849,7.020849,7.020849,5.000000,5.000000,3.736504,2.966803,2.966803,2.939165,1.847607,4.614707,4.091489,4.036934,0.00786583,-0.00175232,-0.00402033,0.763415,-0.170071,-0.390192,2.973089,2.203387,3.136874,3.356995,3.060204,3.001795,-3.136874,,,,,,below deadband; feedforward + feedback
2026-05-16 19:36:54,2493.4,449.554,449.975,452.000,2.025,13.554100,100.836000,51.503500,0.711972,18.000000,97.055589,6.911295,6.911295,6.911295,6.925000,6.925000,5.153959,3.158647,3.158647,2.941589,2.631746,4.637612,4.076925,4.033232,-0.00317653,-0.00188050,-0.00599362,-0.308300,-0.182513,-0.581715,5.462259,3.466947,3.341160,3.740362,3.071516,2.999042,-3.341160,,,,,,below deadband; feedforward + feedback
2026-05-16 19:37:00,2498.9,450.494,449.981,452.000,2.019,13.569100,100.833000,51.510200,0.711940,18.000000,97.052702,6.892737,6.892737,6.892737,6.900000,6.900000,5.126074,3.150669,3.150669,2.946266,2.620316,4.665854,4.065682,4.031954,0.01810120,-0.00126995,-0.00257120,1.756771,-0.123252,-0.249541,3.369304,1.393898,3.273921,3.400211,3.077600,2.998092,-3.273921,,,,,,below deadband; feedforward + feedback
2026-05-16 19:37:05,2504.4,450.307,450.080,452.000,1.920,13.571600,100.834000,51.510200,0.712202,18.000000,97.053664,1.217193,1.892737,1.892737,6.856250,6.856250,5.121427,3.115101,3.115101,2.952347,2.615614,4.694004,4.057308,4.032188,0.00067228,-0.00022877,0.00414019,0.065248,-0.022203,0.401821,5.056180,3.049854,3.137304,2.713280,3.096393,2.998266,-3.137304,,,,,,within lower deadband; partial feedforward
2026-05-16 19:37:11,2509.9,450.124,450.150,452.000,1.850,13.565200,100.832000,51.496900,0.713156,18.000000,97.051739,0.000000,0.000000,0.000000,1.900000,1.900000,1.398865,3.082383,3.082383,2.958889,0.716683,4.702078,4.052025,4.036175,-0.00110927,0.00068776,0.01027863,-0.107656,0.066749,0.997559,1.506521,3.190040,3.015635,2.084825,3.123522,3.001231,-3.015635,,,,,,within deadband and CO2 rising; MFC zero
2026-05-16 19:37:16,2515.3,449.815,450.090,452.000,1.910,13.568800,100.832000,51.506800,0.712352,18.000000,97.051739,0.000000,0.000000,0.000000,0.000000,0.000000,0.000000,3.029806,3.029806,2.963460,0.000000,4.702078,4.049899,4.043519,0.00010084,0.00018303,0.00652690,0.009787,0.017763,0.633447,-0.009787,3.020019,3.012043,2.396359,3.155823,3.006691,-3.012043,,,,,,within deadband and CO2 rising; MFC zero
2026-05-16 19:37:21,2520.4,449.024,449.932,452.000,2.068,13.569200,100.833000,51.506800,0.712205,18.000000,97.052702,6.943557,5.000000,0.000000,0.000000,0.000000,0.000000,3.002371,3.002371,2.964940,0.000000,4.702078,4.049022,4.046394,-0.00818504,-0.00010942,0.00436173,-0.794381,-0.010619,0.423317,0.794381,3.796751,3.012990,2.579053,3.162928,3.008829,-3.012990,,,,,,below deadband; feedforward + feedback
2026-05-16 19:37:26,2525.4,449.272,449.738,452.000,2.262,13.584200,100.834000,51.506800,0.712596,18.000000,97.053664,7.216375,5.000000,5.000000,0.000000,0.000000,0.000000,3.002371,3.002371,2.965167,0.000000,4.702078,4.049400,4.050533,-0.00596651,-0.00099664,-0.00283161,-0.579072,-0.096727,-0.274819,0.579072,3.581443,3.099098,3.277189,3.176598,3.011907,-3.099098,,,,,,below deadband; feedforward + feedback
2026-05-16 19:37:32,2530.9,449.584,449.545,452.000,2.455,13.566500,100.832000,51.503500,0.712394,18.000000,97.051739,7.489128,7.489128,7.489128,4.868750,4.868750,3.615672,3.002371,3.002371,2.965394,1.847764,4.722894,4.051568,4.058070,-0.00884068,-0.00201865,-0.00787644,-0.858004,-0.195913,-0.764422,4.473676,3.860375,3.198284,3.766793,3.254785,3.017511,-3.198284,,,,,,below deadband; feedforward + feedback
2026-05-16 19:37:37,2536.4,449.599,449.592,452.000,2.408,13.590500,100.834000,51.506800,0.712103,18.000000,97.053664,7.426775,7.426775,7.426775,7.431250,7.431250,5.535045,3.081129,3.081129,2.968336,2.834966,4.752450,4.054910,4.064937,-0.00445394,-0.00237597,-0.00948348,-0.432272,-0.230596,-0.920406,5.967317,3.513400,3.311725,4.001535,3.249797,3.022618,-3.311725,,,,,,below deadband; feedforward + feedback
2026-05-16 19:37:43,2541.8,450.646,449.639,452.000,2.361,13.575900,100.833000,51.503500,0.711772,18.000000,97.052702,7.366778,7.366778,7.366778,7.400000,7.400000,5.493219,3.133520,3.133520,2.974860,2.723650,4.782640,4.060713,4.078121,0.00998340,-0.00255856,-0.01010677,0.968916,-0.248315,-0.980889,4.524303,2.164604,3.381835,4.114409,3.236240,3.032421,-3.381835,,,,,,below deadband; feedforward + feedback
2026-05-16 19:37:48,2546.9,450.017,449.833,452.000,2.167,13.583700,100.836000,51.503500,0.714980,18.000000,97.055589,7.103289,7.103289,7.103289,7.362500,7.362500,5.465334,3.170111,3.170111,2.983280,2.702295,4.810017,4.068929,4.093577,-0.01166410,-0.00223945,-0.00644662,-1.132066,-0.217351,-0.625681,6.597400,4.302176,3.387462,3.795791,3.279478,3.043914,-3.387462,,,,,,below deadband; feedforward + feedback
2026-05-16 19:37:53,2551.9,450.134,449.903,452.000,2.097,13.579000,100.836000,51.503500,0.713507,18.000000,97.055589,7.016542,7.016542,7.016542,7.093750,7.093750,5.279438,3.167400,3.167400,2.995006,2.617147,4.836582,4.080217,4.114080,0.00978171,-0.00156603,-0.00338067,0.949369,-0.151992,-0.328113,4.330069,2.218030,3.319391,3.495513,3.297784,3.059159,-3.319391,,,,,,below deadband; feedforward + feedback
2026-05-16 19:37:58,2557.4,450.342,450.069,452.000,1.931,13.587700,100.836000,51.503500,0.710744,18.000000,97.055589,1.228102,2.016542,2.016542,7.075000,7.075000,5.209728,3.155657,3.155657,3.006442,2.658302,4.865312,4.093675,4.134050,0.00146221,-0.00025513,-0.00035555,0.141916,-0.024762,-0.034508,5.067812,3.013741,3.180419,3.190165,3.302077,3.074009,-3.180419,,,,,,within lower deadband; partial feedforward
2026-05-16 19:38:04,2562.9,450.008,450.186,452.000,1.814,13.577500,100.834000,51.510100,0.712286,18.000000,97.053664,0.000000,0.000000,0.000000,1.987500,1.987500,1.491813,3.177438,3.177438,3.014983,0.763253,4.873927,4.107580,4.149297,0.00605054,0.00073621,0.00848737,0.587227,0.071452,0.823730,0.904586,2.590211,3.105986,2.353708,3.309605,3.085346,-3.105986,,,,,,within deadband and CO2 rising; MFC zero
2026-05-16 19:38:09,2568.3,449.037,450.194,452.000,1.806,13.578300,100.836000,51.510200,0.713197,18.000000,97.055589,0.000000,0.000000,0.000000,0.000000,0.000000,0.000000,3.252153,3.252153,3.021069,0.000000,4.873927,4.120899,4.160854,-0.01475660,0.00074121,0.01335897,-1.432210,0.071939,1.296563,1.432210,4.684363,3.180214,1.955590,3.372840,3.093940,-3.180214,,,,,,within deadband and CO2 rising; MFC zero
2026-05-16 19:38:14,2573.4,449.315,450.031,452.000,1.969,13.600200,100.833000,51.510200,0.714134,18.000000,97.052702,1.240329,1.240329,0.000000,0.000000,0.000000,0.000000,3.277078,3.277078,3.026916,0.000000,4.873927,4.134429,4.175020,-0.00342864,-0.00029397,0.00957536,-0.332759,-0.028531,0.929315,0.332759,3.609837,3.305609,2.347763,3.339877,3.104473,-3.305609,,,,,,within lower deadband; partial feedforward
2026-05-16 19:38:19,2578.4,449.454,449.807,452.000,2.193,13.603300,100.836000,51.506800,0.711210,18.000000,97.055589,7.218329,5.000000,5.000000,0.000000,0.000000,0.000000,3.277078,3.277078,3.032763,0.000000,4.873927,4.148409,4.190349,-0.00897519,-0.00119120,0.00457839,-0.871092,-0.115613,0.444358,0.871092,4.148171,3.392691,2.832720,3.375649,3.115872,-3.392691,,,,,,below deadband; feedforward + feedback
2026-05-16 19:38:25,2583.9,449.697,449.631,452.000,2.369,13.588400,100.837000,51.510100,0.711940,18.000000,97.056552,7.477793,7.477793,7.477793,4.850000,4.850000,3.611024,3.241386,3.241386,3.037378,1.844824,4.894267,4.161683,4.201507,0.00811795,-0.00187093,-0.00137701,0.787900,-0.181586,-0.133648,2.823125,2.453486,3.422972,3.375034,3.353152,3.124169,-3.422972,,,,,,below deadband; feedforward + feedback
2026-05-16 19:38:30,2589.4,450.127,449.612,452.000,2.388,13.596700,100.839000,51.506900,0.713902,18.000000,97.058477,7.515292,7.515292,7.515292,19.968750,19.968750,15.787194,3.177190,3.177190,3.038997,8.088664,4.929064,4.172302,4.204158,0.00673963,-0.00143207,-0.00434847,0.654138,-0.138994,-0.422056,15.133056,2.523052,3.316185,3.599246,3.336658,3.126140,-3.316185,,,,,,below deadband; feedforward + feedback
2026-05-16 19:38:36,2594.9,450.033,449.729,452.000,2.271,13.596200,100.835000,51.503500,0.713651,18.000000,97.054627,7.359720,7.359720,7.359720,7.018750,7.018750,5.219022,3.139175,3.139175,3.040924,2.672714,4.959746,4.179830,4.202412,-0.00126053,-0.00068191,-0.00697604,-0.122340,-0.066182,-0.677057,5.341362,3.261515,3.205357,3.816232,3.374190,3.124842,-3.205357,,,,,,below deadband; feedforward + feedback
2026-05-16 19:38:41,2600.4,449.074,449.710,452.000,2.290,13.611200,100.835000,51.500200,0.712835,18.000000,97.054627,7.392613,7.392613,7.392613,7.343750,7.343750,5.456039,3.199575,3.199575,3.044085,2.796488,4.989500,4.186403,4.206122,-0.01521039,-0.00063311,-0.01191560,-1.476238,-0.061446,-1.156464,6.932278,4.675814,3.261021,4.356040,3.427356,3.127601,-3.261021,,,,,,below deadband; feedforward + feedback
2026-05-16 19:38:47,2605.8,450.397,449.771,452.000,2.229,13.593000,100.836000,51.510200,0.712815,18.000000,97.055589,7.314091,7.314091,7.314091,7.381250,7.381250,5.479276,3.224439,3.224439,3.049486,2.703340,5.019544,4.193561,4.215036,0.00544549,-0.00084462,-0.00956308,0.528515,-0.081975,-0.928150,4.950762,2.695924,3.306414,4.152589,3.387140,3.134228,-3.306414,,,,,,below deadband; feedforward + feedback
2026-05-16 19:38:52,2610.9,449.723,449.700,452.000,2.300,13.596900,100.836000,51.513500,0.714238,18.000000,97.055589,7.423811,7.423811,7.423811,7.306250,7.306250,5.437450,3.367346,3.367346,3.063190,2.697210,5.046773,4.204161,4.235961,-0.00184877,-0.00107663,-0.00931814,-0.179434,-0.104493,-0.904378,5.616884,3.546780,3.471839,4.271724,3.377108,3.149788,-3.471839,,,,,,below deadband; feedforward + feedback
2026-05-16 19:38:57,2615.9,449.566,449.749,452.000,2.251,13.598400,100.838000,51.510200,0.713384,18.000000,97.057514,7.373106,7.373106,7.373106,7.425000,7.425000,5.525750,3.549570,3.549570,3.089390,2.834305,5.074312,4.222056,4.275742,-0.01127754,-0.00112143,-0.00442775,-1.094570,-0.108843,-0.429746,6.620320,4.644140,3.658413,3.979317,3.351902,3.179369,-3.658413,,,,,,below deadband; feedforward + feedback
2026-05-16 19:39:02,2621.4,450.438,449.802,452.000,2.198,13.614700,100.835000,51.516800,0.713015,18.000000,97.054627,7.327960,7.327960,7.327960,7.387500,7.387500,5.483924,3.749749,3.749749,3.129621,2.805012,5.104471,4.250480,4.335752,0.00082356,-0.00148404,0.00150879,0.079930,-0.144033,0.146435,5.403994,3.669819,3.893782,3.603314,3.309448,3.223991,-3.893782,,,,,,below deadband; feedforward + feedback
2026-05-16 19:39:08,2626.8,450.126,449.822,452.000,2.178,13.604100,100.836000,51.503500,0.713561,18.000000,97.055589,7.337430,7.337430,7.337430,7.325000,7.325000,5.432802,3.887575,3.887575,3.176948,2.690384,5.134338,4.288860,4.404000,-0.01420220,-0.00154745,0.00634168,-1.378403,-0.150189,0.615496,6.811205,5.265978,4.037764,3.272079,3.340689,3.274739,-4.037764,,,,,,below deadband; feedforward + feedback
2026-05-16 19:39:13,2631.8,449.965,449.898,452.000,2.102,13.618200,100.838000,51.503500,0.711978,18.000000,97.057514,7.276866,7.276866,7.276866,7.318750,7.318750,5.456039,3.916203,3.916203,3.222079,2.711168,5.161624,4.333576,4.467724,0.00695824,-0.00132948,0.00753282,0.675350,-0.129036,0.731117,4.780690,3.240853,4.045239,3.185086,3.381881,3.322123,-4.045239,,,,,,below deadband; feedforward + feedback
2026-05-16 19:39:18,2636.9,449.499,449.928,452.000,2.072,13.615100,100.839000,51.503500,0.710534,18.000000,97.058477,7.280749,7.280749,7.280749,7.256250,7.256250,5.400271,3.917551,3.917551,3.261098,2.668567,5.188717,4.379634,4.517807,0.00220172,-0.00095169,0.00685628,0.213696,-0.092369,0.665460,5.186575,3.703855,4.009920,3.252091,3.361671,3.359364,-4.009920,,,,,,below deadband; feedforward + feedback
2026-05-16 19:39:23,2642.4,449.883,450.004,452.000,1.996,13.616000,100.835000,51.506800,0.710537,18.000000,97.054627,1.326936,2.280749,2.280749,7.262500,7.262500,5.404918,3.886073,3.886073,3.292797,2.763611,5.218466,4.423120,4.553577,0.00704215,-0.00022830,0.00645973,0.683474,-0.022158,0.626946,4.721444,3.202599,3.908230,3.259126,3.396127,3.385962,-3.908230,,,,,,within lower deadband; partial feedforward
2026-05-16 19:39:29,2647.9,449.843,450.105,452.000,1.895,13.643700,100.837000,51.513500,0.712349,18.000000,97.056552,0.000000,0.000000,0.000000,2.256250,2.256250,1.682356,3.894903,3.894903,3.318185,0.858751,5.228102,4.461638,4.577191,-0.00929430,0.00045886,0.00849333,-0.902073,0.044535,0.824333,2.584429,4.796976,3.850368,3.070569,3.441990,3.403521,-3.850368,,,,,,within deadband and CO2 rising; MFC zero
2026-05-16 19:39:34,2653.4,449.738,450.027,452.000,1.973,13.612900,100.838000,51.500200,0.714369,18.000000,97.057514,0.000000,0.000000,0.000000,0.000000,0.000000,0.000000,3.837321,3.837321,3.341863,0.000000,5.228102,4.496022,4.599175,-0.00924394,0.00092059,0.00696419,-0.897194,0.089350,0.675927,0.897194,4.734515,3.747972,3.161394,3.557183,3.419868,-3.747972,,,,,,within deadband and CO2 rising; MFC zero
2026-05-16 19:39:40,2658.8,449.178,449.842,452.000,2.158,13.617300,100.836000,51.506800,0.710645,18.000000,97.055589,7.548600,5.000000,0.000000,0.000000,0.000000,0.000000,3.677560,3.677560,3.361258,0.000000,5.228102,4.527085,4.620273,-0.00932792,0.00087892,0.00072779,-0.905327,0.085304,0.070636,0.905327,4.582886,3.592255,3.606924,3.610047,3.435556,-3.592255,,,,,,below deadband; feedforward + feedback
2026-05-16 19:39:45,2663.9,448.428,449.722,452.000,2.278,13.607200,100.839000,51.500200,0.712665,18.000000,97.058477,7.744986,5.000000,5.000000,0.000000,0.000000,0.000000,3.541825,3.541825,3.377101,0.000000,5.228102,4.555856,4.642169,-0.01830289,0.00055664,-0.00402790,-1.776451,0.054027,-0.390942,1.776451,5.318276,3.487798,3.932766,3.683434,3.451837,-3.487798,,,,,,below deadband; feedforward + feedback
2026-05-16 19:39:50,2668.9,448.757,449.474,452.000,2.526,13.622500,100.835000,51.500200,0.712284,18.000000,97.054627,8.120419,8.120419,8.120419,4.837500,4.837500,3.592435,3.504460,3.504460,3.393468,1.781754,5.246678,4.583669,4.667111,-0.00899178,-0.00046810,-0.00914240,-0.872694,-0.045431,-0.887312,4.465129,4.377153,3.549891,4.391772,3.730232,3.470384,-3.549891,,,,,,below deadband; feedforward + feedback
2026-05-16 19:39:55,2674.4,449.496,449.469,452.000,2.531,13.607500,100.838000,51.500200,0.711893,18.000000,97.057514,8.155793,8.155793,8.155793,10.750000,10.750000,8.156175,3.569074,3.569074,3.413010,4.171548,5.282283,4.612253,4.698003,-0.02109319,-0.00113414,-0.00960267,-2.047253,-0.110077,-0.932011,10.203428,5.616327,3.679151,4.501085,3.792976,3.493355,-3.679151,,,,,,below deadband; feedforward + feedback
2026-05-16 19:40:01,2679.9,449.584,449.602,452.000,2.398,13.613800,100.838000,51.516800,0.712188,18.000000,97.057514,8.000549,8.000549,8.000549,7.425000,7.425000,5.507161,3.743614,3.743614,3.438570,2.826363,5.312015,4.642999,4.735238,0.00127736,-0.00163214,-0.00943736,0.123977,-0.158412,-0.915966,5.383184,3.619637,3.902026,4.659581,3.794293,3.521042,-3.902026,,,,,,below deadband; feedforward + feedback
2026-05-16 19:40:06,2685.4,450.005,449.654,452.000,2.346,13.626500,100.837000,51.510100,0.712432,18.000000,97.056552,7.961241,7.961241,7.961241,7.968750,7.968750,5.930073,3.923190,3.923190,3.470322,3.033290,5.344315,4.676666,4.777666,0.00018488,-0.00195777,-0.00947039,0.017944,-0.190015,-0.919163,5.912130,3.905246,4.113204,4.842353,3.795840,3.552591,-4.113204,,,,,,below deadband; feedforward + feedback
2026-05-16 19:40:12,2690.8,449.668,449.792,452.000,2.208,13.626100,100.835000,51.510100,0.710424,18.000000,97.054627,7.803651,7.803651,7.803651,7.950000,7.950000,5.906837,3.972979,3.972979,3.501076,2.928635,5.376757,4.712171,4.818687,-0.01147921,-0.00230102,-0.00774045,-1.114110,-0.223325,-0.751247,7.020947,5.087089,4.196304,4.724225,3.850105,3.583094,-4.196304,,,,,,below deadband; feedforward + feedback
2026-05-16 19:40:17,2695.9,449.676,449.713,452.000,2.287,13.639500,100.839000,51.510100,0.713565,18.000000,97.058477,7.949468,7.949468,7.949468,7.787500,7.787500,5.795299,3.986844,3.986844,3.530501,2.872027,5.405869,4.748123,4.855979,-0.00292443,-0.00205187,-0.00640345,-0.283841,-0.199151,-0.621509,6.079140,4.270684,4.185995,4.608353,3.922729,3.610823,-4.185995,,,,,,below deadband; feedforward + feedback
2026-05-16 19:40:22,2700.9,449.449,449.736,452.000,2.264,13.645700,100.839000,51.506800,0.711014,18.000000,97.058477,7.953090,7.953090,7.953090,7.950000,7.950000,5.906837,3.999670,3.999670,3.559106,2.943838,5.435362,4.784190,4.892391,-0.01028591,-0.00178215,-0.00261688,-0.998335,-0.172972,-0.253990,6.905172,4.998006,4.172643,4.253661,3.946723,3.637898,-4.172643,,,,,,below deadband; feedforward + feedback
2026-05-16 19:40:27,2706.4,450.442,449.801,452.000,2.199,13.628000,100.837000,51.506800,0.712150,18.000000,97.056552,7.899126,7.899126,7.899126,7.950000,7.950000,5.916131,4.014170,4.014170,3.588305,3.031738,5.467885,4.820246,4.928412,0.00000000,-0.00084466,0.00602509,0.000000,-0.081979,0.584774,5.916131,4.014170,4.096150,3.429396,4.008659,3.664683,-4.096150,,,,,,below deadband; feedforward + feedback
2026-05-16 19:40:33,2711.9,450.360,450.041,452.000,1.959,13.629600,100.835000,51.516800,0.711326,18.000000,97.054627,0.000000,2.899126,2.899126,7.868750,7.868750,5.860363,4.037810,4.037810,3.618724,2.991919,5.500199,4.855798,4.962456,0.01100863,0.00127013,0.01549453,1.068438,0.123272,1.503816,4.791925,2.969372,3.914538,2.533994,4.007129,3.689998,-3.914538,,,,,,within deadband and CO2 rising; MFC zero
2026-05-16 19:40:38,2717.4,450.327,450.195,452.000,1.805,13.625300,100.839000,51.506800,0.712706,18.000000,97.058477,0.000000,0.000000,0.000000,2.862500,2.862500,2.156390,4.109814,4.109814,3.650875,1.107212,5.512186,4.891178,4.997318,0.01850453,0.00259712,0.01724627,1.796021,0.252073,1.673896,0.360369,2.313792,3.857741,2.435917,3.997597,3.715920,-3.857741,,,,,,within deadband and CO2 rising; MFC zero
2026-05-16 19:40:44,2722.8,450.515,450.231,452.000,1.769,13.628100,100.837000,51.506800,0.711460,18.000000,97.056552,0.000000,0.000000,0.000000,0.000000,0.000000,0.000000,4.216750,4.216750,3.684137,0.000000,5.512186,4.927184,5.035201,0.02396726,0.00226294,0.01714624,2.326180,0.219633,1.664155,-2.326180,1.890570,3.997117,2.552595,3.901259,3.744089,-3.997117,,,,,,within deadband and CO2 rising; MFC zero
2026-05-16 19:40:49,2727.8,449.051,450.052,452.000,1.948,13.646100,100.840000,51.506800,0.712125,18.000000,97.059439,0.000000,0.000000,0.000000,0.000000,0.000000,0.000000,4.252566,4.252566,3.717774,0.000000,5.512186,4.963778,5.073562,-0.00215134,0.00123379,0.00736730,-0.208808,0.119751,0.715066,0.208808,4.461374,4.132815,3.537500,3.930623,3.772614,-4.132815,,,,,,within deadband and CO2 rising; MFC zero
2026-05-16 19:40:54,2732.9,449.277,449.719,452.000,2.281,13.634600,100.839000,51.503500,0.712537,18.000000,97.058477,8.194491,5.000000,5.000000,0.000000,0.000000,0.000000,4.252566,4.252566,3.751412,0.000000,5.512186,5.001126,5.113168,-0.01109267,0.00005974,-0.00048799,-1.076637,0.005798,-0.047364,1.076637,5.329203,4.246768,4.299930,3.971348,3.802065,-4.246768,,,,,,below deadband; feedforward + feedback
2026-05-16 19:40:59,2738.4,449.481,449.545,452.000,2.455,13.636500,100.840000,51.503500,0.711123,18.000000,97.059439,8.474936,8.474936,8.474936,4.868750,4.868750,3.611024,4.199105,4.199105,3.784437,1.844919,5.532668,5.038566,5.150886,0.00001681,-0.00038325,-0.00308304,0.001631,-0.037198,-0.299238,3.609393,4.197474,4.236303,4.498344,4.031485,3.830110,-4.236303,,,,,,below deadband; feedforward + feedback
2026-05-16 19:41:05,2743.9,449.710,449.443,452.000,2.557,13.655500,100.838000,51.506800,0.712513,18.000000,97.057514,8.656227,8.656227,8.656227,8.431250,8.431250,6.264686,4.125801,4.125801,3.817147,3.201300,5.566670,5.076602,5.190710,-0.00702535,-0.00050635,-0.00741726,-0.681863,-0.049145,-0.719901,6.946548,4.807663,4.174946,4.845702,4.110265,3.859723,-4.174946,,,,,,below deadband; feedforward + feedback
2026-05-16 19:41:10,2749.3,450.107,449.641,452.000,2.359,13.651300,100.838000,51.510100,0.711541,18.000000,97.057514,8.417847,8.417847,8.417847,8.618750,8.618750,6.413402,4.043062,4.043062,3.848316,3.185808,5.601738,5.115212,5.231041,-0.00473959,-0.00032957,-0.00597776,-0.460013,-0.031987,-0.580186,6.873415,4.503074,4.075048,4.623248,4.153078,3.889712,-4.075048,,,,,,below deadband; feedforward + feedback
2026-05-16 19:41:15,2754.3,450.160,449.887,452.000,2.113,13.652700,100.840000,51.503500,0.712167,18.000000,97.059439,8.111784,8.111784,8.111784,8.412500,8.412500,6.250744,4.097080,4.097080,3.879264,3.099681,5.633156,5.154039,5.270520,0.00998339,-0.00015727,-0.00410289,0.968982,-0.015264,-0.398224,5.281761,3.128097,4.112344,4.495304,4.099708,3.919068,-4.112344,,,,,,below deadband; feedforward + feedback
2026-05-16 19:41:20,2759.4,449.459,450.084,452.000,1.916,13.640800,100.836000,51.500200,0.712745,18.000000,97.055589,0.000000,3.111784,3.111784,12.881250,12.881250,9.359849,4.128093,4.128093,3.910425,4.634992,5.668753,5.192113,5.306336,-0.00828588,0.00050835,-0.00183499,-0.804191,0.049338,-0.178096,10.164040,4.932284,4.078755,4.306190,4.176824,3.945701,-4.078755,,,,,,within deadband and CO2 rising; MFC zero
2026-05-16 19:41:26,2764.9,450.140,450.177,452.000,1.823,13.652900,100.838000,51.500200,0.712048,18.000000,97.057514,0.000000,0.000000,0.000000,2.187500,2.187500,1.696298,4.153917,4.153917,3.937548,0.868767,5.692204,5.227415,5.333321,-0.00052103,0.00103204,-0.00120790,-0.050570,0.100167,-0.117235,1.746868,4.204487,4.053750,4.271153,4.199503,3.965767,-4.053750,,,,,,within deadband and CO2 rising; MFC zero
2026-05-16 19:41:31,2770.4,449.493,450.095,452.000,1.905,13.669400,100.836000,51.503500,0.711915,18.000000,97.055589,0.000000,0.000000,0.000000,0.000000,0.000000,0.000000,4.196162,4.196162,3.959844,0.000000,5.692204,5.259417,5.355423,-0.02237057,0.00063001,0.00274261,-2.171189,0.061146,0.266186,2.171189,6.367351,4.135016,3.929976,4.258925,3.982201,-4.135016,,,,,,within deadband and CO2 rising; MFC zero
2026-05-16 19:41:37,2775.8,449.348,449.907,452.000,2.093,13.646000,100.839000,51.500200,0.712665,18.000000,97.058477,8.215249,5.000000,0.000000,0.000000,0.000000,0.000000,4.043852,4.043852,3.969986,0.000000,5.692204,5.284769,5.360824,-0.02109317,0.00034629,0.00437157,-2.047271,0.033611,0.424298,2.047271,6.091123,4.010241,3.619554,4.342418,3.986217,-4.010241,,,,,,below deadband; feedforward + feedback
2026-05-16 19:41:42,2780.8,449.735,449.705,452.000,2.295,13.662400,100.842000,51.503500,0.711540,18.000000,97.061364,8.514201,5.000000,5.000000,0.000000,0.000000,0.000000,3.861441,3.861441,3.969085,0.000000,5.692204,5.301586,5.352038,0.00184877,0.00013536,0.00469497,0.179445,0.013138,0.455701,-0.179445,3.681997,3.848304,3.405741,4.287798,3.979684,-3.848304,,,,,,below deadband; feedforward + feedback
2026-05-16 19:41:47,2785.9,449.308,449.572,452.000,2.428,13.648400,100.838000,51.503500,0.712091,18.000000,97.057514,8.709041,8.709041,8.709041,4.825000,4.825000,3.615672,3.680023,3.680023,3.960940,1.844195,5.710190,5.309981,5.335164,-0.00547910,-0.00001397,0.00134927,-0.531788,-0.001356,0.130957,4.147459,4.211810,3.681379,3.549066,4.321279,3.967137,-3.681379,,,,,,below deadband; feedforward + feedback
2026-05-16 19:41:52,2791.4,450.202,449.555,452.000,2.445,13.664600,100.838000,51.503500,0.711599,18.000000,97.057514,8.733895,8.733895,8.733895,8.656250,8.656250,6.436639,3.540911,3.540911,3.947953,3.288369,5.745251,5.310755,5.313078,0.01334492,0.00007482,-0.00452047,1.295225,0.007262,-0.438745,5.141414,2.245685,3.533649,3.979656,4.270997,3.950714,-3.533649,,,,,,below deadband; feedforward + feedback
2026-05-16 19:41:58,2796.9,450.309,449.748,452.000,2.252,13.673600,100.839000,51.506800,0.710774,18.000000,97.058477,8.457854,8.457854,8.457854,8.712500,8.712500,6.473818,3.527836,3.527836,3.935600,3.320046,5.780810,5.305124,5.288232,0.00682367,0.00160081,-0.00364430,0.662295,0.155372,-0.353710,5.811523,2.865541,3.372464,3.881546,4.259375,3.932239,-3.372464,,,,,,below deadband; feedforward + feedback
2026-05-16 19:42:03,2802.4,450.107,449.938,452.000,2.062,13.669800,100.837000,51.500200,0.711981,18.000000,97.056552,8.183159,8.183159,8.183159,8.437500,8.437500,6.273981,3.613410,3.613410,3.925893,3.219999,5.815481,5.295694,5.267403,0.00509252,0.00218642,-0.00301218,0.494263,0.212206,-0.292352,5.779718,3.119147,3.401204,3.905762,4.201518,3.916751,-3.401204,,,,,,below deadband; feedforward + feedback
2026-05-16 19:42:09,2807.8,450.169,450.255,452.000,1.745,13.687800,100.839000,51.503500,0.713073,18.000000,97.058477,0.000000,3.183159,3.183159,8.243750,8.243750,6.064848,3.808213,3.808213,3.924890,3.001859,5.848956,5.286279,5.258033,0.00045379,0.00270243,0.00242178,0.044044,0.262294,0.235055,6.020804,3.764169,3.545920,3.573159,4.168058,3.909783,-3.545920,,,,,,within deadband and CO2 rising; MFC zero
2026-05-16 19:42:14,2812.8,449.819,450.307,452.000,1.693,13.684900,100.838000,51.503500,0.712429,18.000000,97.057514,0.000000,0.000000,0.000000,3.150000,3.150000,2.360876,4.015177,4.015177,3.936532,1.168744,5.860984,5.280749,5.264161,-0.01467255,0.00299586,0.00554501,-1.424082,0.290771,0.538185,3.784957,5.439259,3.724406,3.476993,4.197588,3.914340,-3.724406,,,,,,within deadband and CO2 rising; MFC zero
2026-05-16 19:42:19,2817.9,450.531,450.317,452.000,1.683,13.668600,100.840000,51.510100,0.711461,18.000000,97.059439,0.000000,0.000000,0.000000,0.000000,0.000000,0.000000,4.169486,4.169486,3.958175,0.000000,5.860984,5.281715,5.284611,0.00137820,0.00248013,0.01226637,0.133768,0.240720,1.190567,-0.133768,4.035718,3.928766,2.978919,4.153362,3.929546,-3.928766,,,,,,within deadband and CO2 rising; MFC zero
2026-05-16 19:42:24,2823.4,450.021,450.278,452.000,1.722,13.661400,100.841000,51.506800,0.713897,18.000000,97.060402,0.000000,0.000000,0.000000,0.000000,0.000000,0.000000,4.173483,4.173483,3.981245,0.000000,5.860984,5.287137,5.303405,0.00477328,0.00224918,0.01480023,0.463297,0.218306,1.436517,-0.463297,3.710186,3.955177,2.736966,4.130363,3.943521,-3.955177,,,,,,within deadband and CO2 rising; MFC zero
2026-05-16 19:42:30,2828.9,449.526,450.055,452.000,1.945,13.678000,100.839000,51.510200,0.713032,18.000000,97.058477,0.000000,0.000000,0.000000,0.000000,0.000000,0.000000,4.017268,4.017268,3.996700,0.000000,5.860984,5.292999,5.310583,-0.00630265,0.00188891,0.01116587,-0.611726,0.183335,1.083742,0.611726,4.628994,3.833934,2.933526,4.096317,3.948859,-3.833934,,,,,,within deadband and CO2 rising; MFC zero
2026-05-16 19:42:35,2834.3,449.574,449.910,452.000,2.090,13.673700,100.841000,51.510200,0.710739,18.000000,97.060402,8.220348,5.000000,5.000000,0.000000,0.000000,0.000000,3.775542,3.775542,3.997801,0.000000,5.860984,5.294873,5.300496,0.00016807,0.00093794,0.00538343,0.016313,0.091037,0.522518,-0.016313,3.759229,3.684505,3.253024,4.101131,3.941358,-3.684505,,,,,,below deadband; feedforward + feedback
2026-05-16 19:42:40,2839.3,449.601,449.748,452.000,2.252,13.672700,100.837000,51.503500,0.716354,18.000000,97.056552,8.442731,8.442731,8.442731,4.812500,4.812500,3.587787,3.600692,3.600692,3.986680,1.782692,5.879639,5.289896,5.274964,0.00033614,0.00039205,-0.00160839,0.032625,0.038051,-0.156105,3.555163,3.568067,3.562641,3.756797,4.089504,3.922373,-3.562641,,,,,,below deadband; feedforward + feedback
2026-05-16 19:42:45,2844.4,449.513,449.660,452.000,2.340,13.694300,100.842000,51.506800,0.711130,18.000000,97.061364,8.553162,8.553162,8.553162,8.387500,8.387500,6.246096,3.457382,3.457382,3.968901,3.189015,5.910348,5.277792,5.241480,0.00152944,-0.00017394,-0.00695918,0.148450,-0.016883,-0.675467,6.097646,3.308932,3.474265,4.132849,4.028188,3.897475,-3.474265,,,,,,below deadband; feedforward + feedback
2026-05-16 19:42:51,2849.9,450.153,449.758,452.000,2.242,13.688400,100.841000,51.506800,0.710246,18.000000,97.060402,8.399198,8.399198,8.399198,8.525000,8.525000,6.343691,3.410939,3.410939,3.949042,3.242471,5.945140,5.259873,5.206114,0.00189920,-0.00012794,-0.01234892,0.184337,-0.012418,-1.198591,6.159355,3.226602,3.423356,4.609530,3.992185,3.871177,-3.423356,,,,,,below deadband; feedforward + feedback
2026-05-16 19:42:56,2855.4,449.622,449.924,452.000,2.076,13.715400,100.841000,51.500200,0.713179,18.000000,97.060402,8.144595,8.144595,8.144595,8.400000,8.400000,6.236801,3.427421,3.427421,3.929309,3.199588,5.979522,5.237670,5.171064,-0.00831949,0.00010922,-0.00954390,-0.807493,0.010601,-0.926335,7.044294,4.234914,3.416821,4.353756,3.965872,3.845114,-3.416821,,,,,,below deadband; feedforward + feedback
2026-05-16 19:43:02,2860.9,450.968,450.037,452.000,1.963,13.676900,100.840000,51.506800,0.712504,18.000000,97.059439,0.000000,3.144595,3.144595,7.262500,7.262500,5.600109,3.441766,3.441766,3.909571,2.872248,6.019743,5.211841,5.134352,0.01235318,0.00141416,-0.00666737,1.198993,0.137258,-0.647131,4.401116,2.242774,3.304509,4.088897,3.904789,3.817816,-3.304509,,,,,,within deadband and CO2 rising; MFC zero
2026-05-16 19:43:07,2866.3,449.233,450.059,452.000,1.941,13.694800,100.840000,51.510200,0.711363,18.000000,97.059439,0.000000,0.000000,0.000000,1.562500,1.562500,1.129316,3.488659,3.488659,3.890635,0.560775,6.030792,5.185334,5.105815,-0.01393331,0.00195234,-0.00187728,-1.352360,0.189493,-0.182208,2.481676,4.841018,3.299166,3.670867,3.969329,3.796597,-3.299166,,,,,,within deadband and CO2 rising; MFC zero
2026-05-16 19:43:12,2871.3,450.320,449.963,452.000,2.037,13.675300,100.838000,51.506800,0.710963,18.000000,97.057514,8.011453,5.000000,0.000000,0.000000,0.000000,0.000000,3.487497,3.487497,3.869176,0.000000,6.030792,5.159023,5.080090,0.00337827,0.00190087,-0.00156187,0.327887,0.184494,-0.151591,-0.327887,3.159610,3.303003,3.639088,3.998495,3.777468,-3.303003,,,,,,below deadband; feedforward + feedback
2026-05-16 19:43:17,2876.4,449.465,449.890,452.000,2.110,13.695200,100.843000,51.503500,0.711098,18.000000,97.062327,8.085161,5.000000,0.000000,0.000000,0.000000,0.000000,3.454733,3.454733,3.842899,0.000000,6.030792,5.131301,5.048136,-0.01344564,0.00151108,-0.00022050,-1.305065,0.146669,-0.021402,1.305065,4.759798,3.308064,3.476134,4.097434,3.753707,-3.308064,,,,,,below deadband; feedforward + feedback
2026-05-16 19:43:23,2881.9,449.926,449.726,452.000,2.274,13.688000,100.841000,51.506800,0.710201,18.000000,97.060402,8.286722,5.000000,5.000000,0.000000,0.000000,0.000000,3.454733,3.454733,3.815388,0.000000,6.030792,5.102457,5.015922,0.00163028,0.00017068,0.00117462,0.158236,0.016566,0.114009,-0.158236,3.296497,3.438166,3.340724,4.057266,3.729754,-3.438166,,,,,,below deadband; feedforward + feedback
2026-05-16 19:43:28,2887.4,449.097,449.611,452.000,2.389,13.684800,100.841000,51.500200,0.713700,18.000000,97.060402,8.417635,8.417635,8.417635,4.843750,4.843750,3.601730,3.454733,3.454733,3.787876,1.841164,6.051338,5.073245,4.985612,-0.00820184,-0.00142619,-0.00332837,-0.796074,-0.138426,-0.323053,4.397804,4.250807,3.593159,3.777786,4.020080,3.707216,-3.593159,,,,,,below deadband; feedforward + feedback
2026-05-16 19:43:34,2892.8,449.309,449.564,452.000,2.436,13.694300,100.838000,51.496900,0.714834,18.000000,97.057514,8.455358,8.455358,8.455358,8.368750,8.368750,6.232154,3.477334,3.477334,3.762988,3.082820,6.085029,5.045028,4.960374,0.00097481,-0.00221251,-0.00641481,0.094613,-0.214741,-0.622605,6.137541,3.382722,3.692075,4.099940,3.991985,3.688449,-3.692075,,,,,,below deadband; feedforward + feedback
2026-05-16 19:43:39,2897.8,449.383,449.531,452.000,2.469,13.709900,100.844000,51.503500,0.709031,18.000000,97.063289,8.475844,8.475844,8.475844,8.431250,8.431250,6.264686,3.496063,3.496063,3.741273,3.106066,6.116364,5.018964,4.940773,-0.00171432,-0.00263960,-0.00955933,-0.166398,-0.256208,-0.927860,6.431083,3.662461,3.752272,4.423923,3.952495,3.673874,-3.752272,,,,,,below deadband; feedforward + feedback
2026-05-16 19:43:44,2902.9,449.828,449.603,452.000,2.397,13.734300,100.840000,51.506800,0.712648,18.000000,97.059439,8.351377,8.351377,8.351377,8.456250,8.456250,6.297218,3.494902,3.494902,3.722371,3.117077,6.147825,4.995087,4.923456,-0.00040337,-0.00212979,-0.00873634,-0.039151,-0.206716,-0.847945,6.336368,3.534052,3.701618,4.342846,3.919080,3.660997,-3.701618,,,,,,below deadband; feedforward + feedback
2026-05-16 19:43:49,2908.4,449.991,449.833,452.000,2.167,13.691800,100.838000,51.503500,0.711780,18.000000,97.057514,8.004805,8.004805,8.004805,8.337500,8.337500,6.199622,3.490285,3.490285,3.701447,3.169054,6.182013,4.971040,4.898899,0.00615134,-0.00095321,-0.00442052,0.597034,-0.092516,-0.429045,5.602589,2.893251,3.582801,3.919330,3.910982,3.642737,-3.582801,,,,,,below deadband; feedforward + feedback
2026-05-16 19:43:55,2913.9,449.988,449.911,452.000,2.089,13.730000,100.843000,51.510100,0.713524,18.000000,97.062327,7.870935,7.870935,7.870935,7.993750,7.993750,5.944016,3.491633,3.491633,3.679500,3.032567,6.214932,4.946825,4.874179,0.00393291,-0.00055708,0.00022543,0.381738,-0.054071,0.021881,5.562278,3.109895,3.545704,3.469752,3.848141,3.624356,-3.545704,,,,,,below deadband; feedforward + feedback
2026-05-16 19:44:00,2919.3,450.573,450.020,452.000,1.980,13.712100,100.841000,51.500200,0.711459,18.000000,97.060402,1.476685,2.870935,2.870935,7.800000,7.800000,5.855715,3.462246,3.462246,3.655649,2.905260,6.247099,4.922284,4.848662,0.00472286,-0.00042499,0.00324894,0.458402,-0.041250,0.315343,5.397313,3.003843,3.503496,3.146903,3.806740,3.605382,-3.503496,,,,,,within lower deadband; partial feedforward
2026-05-16 19:44:05,2924.3,449.905,450.045,452.000,1.955,13.706100,100.839000,51.510200,0.713100,18.000000,97.058477,1.469378,1.469378,1.469378,2.818750,2.818750,2.133153,3.580568,3.580568,3.634422,1.057806,6.258037,4.897927,4.824856,0.00705897,-0.00042337,0.01027457,0.685133,-0.041092,0.997234,1.448021,2.895436,3.621660,2.583334,3.687019,3.587680,-3.621660,,,,,,within lower deadband; partial feedforward
2026-05-16 19:44:10,2929.3,449.704,449.974,452.000,2.026,13.707200,100.837000,51.506800,0.712801,18.000000,97.056552,7.713546,6.469378,6.469378,0.000000,0.000000,0.000000,3.727705,3.727705,3.623520,0.000000,6.258037,4.877671,4.816904,-0.00462194,-0.00114428,0.00823997,-0.448590,-0.111059,0.799743,0.448590,4.176294,3.838764,2.927962,3.620990,3.581767,-3.838764,,,,,,below deadband; feedforward + feedback
2026-05-16 19:44:16,2934.9,449.800,449.943,452.000,2.057,13.712300,100.837000,51.503500,0.713432,18.000000,97.056552,7.744115,7.744115,7.744115,6.356250,6.356250,4.731046,3.770306,3.770306,3.620377,2.427497,6.283967,4.863720,4.821867,0.00124372,-0.00190643,0.00844686,0.120711,-0.185032,0.819823,4.610335,3.649595,3.955338,2.950483,3.619873,3.585458,-3.955338,,,,,,below deadband; feedforward + feedback
2026-05-16 19:44:21,2940.4,449.905,449.912,452.000,2.088,13.740900,100.841000,51.513500,0.714246,18.000000,97.060402,7.780954,7.780954,7.780954,7.718750,7.718750,5.744178,3.825656,3.825656,3.625399,2.936362,6.314665,4.857684,4.839576,-0.00211769,-0.00244788,0.00756209,-0.205544,-0.237592,0.733980,5.949722,4.031201,4.063249,3.091677,3.613645,3.598626,-4.063249,,,,,,below deadband; feedforward + feedback
2026-05-16 19:44:27,2945.9,450.553,449.894,452.000,2.106,13.708900,100.839000,51.510100,0.713155,18.000000,97.058477,7.807200,7.807200,7.807200,7.768750,7.768750,5.776709,3.848785,3.848785,3.636016,2.946649,6.346386,4.858730,4.861869,0.02598361,-0.00170615,0.00629149,2.521930,-0.165597,0.610642,3.254780,1.326855,4.014382,3.238143,3.581961,3.615203,-4.014382,,,,,,below deadband; feedforward + feedback
2026-05-16 19:44:32,2951.3,449.844,450.108,452.000,1.892,13.759000,100.842000,51.503500,0.710833,18.000000,97.061364,1.459560,2.807200,2.807200,5.693750,5.693750,4.182654,3.823333,3.823333,3.646205,2.074048,6.382088,4.865201,4.884615,0.00278998,-0.00040804,0.00767255,0.270799,-0.039605,0.744708,3.911855,3.552534,3.862938,3.078624,3.605650,3.632116,-3.862938,,,,,,within lower deadband; partial feedforward
2026-05-16 19:44:37,2956.3,449.380,450.098,452.000,1.902,13.720400,100.844000,51.503500,0.713082,18.000000,97.063289,0.000000,0.000000,0.000000,1.893750,1.893750,1.440692,3.802079,3.802079,3.652711,0.711798,6.396776,4.874394,4.901973,-0.00033614,0.00027365,0.00159433,-0.032627,0.026561,0.154751,1.473319,3.834706,3.775518,3.647327,3.630325,3.645023,-3.775518,,,,,,within deadband and CO2 rising; MFC zero
2026-05-16 19:44:42,2961.3,449.446,449.980,452.000,2.020,13.730900,100.844000,51.506800,0.711221,18.000000,97.063289,7.712322,5.000000,0.000000,0.000000,0.000000,0.000000,3.789949,3.789949,3.652081,0.000000,6.396776,4.883867,4.912286,-0.00226899,0.00022296,-0.00166395,-0.220236,0.021641,-0.161509,0.220236,4.010185,3.768308,3.951458,3.638808,3.652692,-3.768308,,,,,,below deadband; feedforward + feedback
2026-05-16 19:44:48,2966.9,449.379,449.783,452.000,2.217,13.724000,100.842000,51.510100,0.712371,18.000000,97.061364,7.993868,5.000000,0.000000,0.000000,0.000000,0.000000,3.632697,3.632697,3.638892,0.000000,6.396776,4.889788,4.907549,-0.00714312,0.00010749,-0.00581591,-0.693321,0.010433,-0.564501,0.693321,4.326017,3.622264,4.197197,3.600420,3.649169,-3.622264,,,,,,below deadband; feedforward + feedback
2026-05-16 19:44:53,2972.4,449.275,449.502,452.000,2.498,13.718200,100.843000,51.506800,0.713397,18.000000,97.062327,8.387714,5.000000,5.000000,0.000000,0.000000,0.000000,3.569848,3.569848,3.618215,0.000000,6.396776,4.890129,4.891155,-0.01315993,-0.00005560,-0.01036314,-1.277333,-0.005397,-1.005870,1.277333,4.847182,3.575245,4.575719,3.628402,3.636979,-3.575245,,,,,,below deadband; feedforward + feedback
2026-05-16 19:44:59,2977.8,449.650,449.389,452.000,2.611,13.729200,100.844000,51.506800,0.712197,18.000000,97.063289,8.542394,8.542394,8.542394,4.862500,4.862500,3.611024,3.569848,3.569848,3.597400,1.787534,6.417287,4.886924,4.877306,-0.00616819,-0.00089309,-0.01470679,-0.598705,-0.086686,-1.427489,4.209729,4.168553,3.656535,4.997338,3.644208,3.626681,-3.656535,,,,,,below deadband; feedforward + feedback
2026-05-16 19:45:04,2982.8,449.696,449.352,452.000,2.648,13.720100,100.844000,51.500200,0.713645,18.000000,97.063289,8.591432,8.591432,8.591432,8.506250,8.506250,6.329749,3.635733,3.635733,3.584244,3.132445,6.448491,4.884057,4.875457,-0.01008423,-0.00163126,-0.01412162,-0.978809,-0.158335,-1.370691,7.308558,4.614542,3.794068,5.006424,3.643709,3.625306,-3.794068,,,,,,below deadband; feedforward + feedback
2026-05-16 19:45:09,2987.8,450.207,449.522,452.000,2.478,13.714000,100.842000,51.496900,0.713117,18.000000,97.061364,8.353666,8.353666,8.353666,8.568750,8.568750,6.371576,3.787827,3.787827,3.584667,3.153742,6.480321,4.884711,4.886675,0.00273955,-0.00142768,-0.00937019,0.265904,-0.138572,-0.909483,6.105671,3.521922,3.926399,4.697310,3.635526,3.633648,-3.926399,,,,,,below deadband; feedforward + feedback
2026-05-16 19:45:14,2992.9,449.527,449.621,452.000,2.379,13.728900,100.842000,51.506800,0.712683,18.000000,97.061364,8.222994,8.222994,8.222994,8.331250,8.331250,6.199622,3.974822,3.974822,3.597568,3.174226,6.511503,4.891869,4.913340,-0.00157986,-0.00167761,-0.00884676,-0.153344,-0.162831,-0.858678,6.352966,4.128166,4.137653,4.833500,3.654840,3.653476,-4.137653,,,,,,below deadband; feedforward + feedback
2026-05-16 19:45:19,2998.3,450.088,449.909,452.000,2.091,13.770800,100.844000,51.510200,0.713507,18.000000,97.063289,7.832839,7.832839,7.832839,8.206250,8.206250,6.106674,4.068003,4.068003,3.618624,3.035378,6.545077,4.904984,4.944329,0.01055482,-0.00076748,-0.00303543,1.024485,-0.074494,-0.294629,5.082189,3.043517,4.142497,4.362631,3.645688,3.676518,-4.142497,,,,,,below deadband; feedforward + feedback
2026-05-16 19:45:24,3003.3,450.639,450.029,452.000,1.971,13.746800,100.844000,51.503500,0.712689,18.000000,97.063289,1.476743,2.832839,2.832839,7.718750,7.718750,5.827831,4.066175,4.066175,3.641219,2.893699,6.574440,4.922476,4.974952,0.00979851,-0.00018071,-0.00022457,0.951075,-0.017540,-0.021797,4.876755,3.115099,4.083714,4.087972,3.641843,3.699289,-4.083714,,,,,,within lower deadband; partial feedforward
2026-05-16 19:45:29,3008.3,449.686,449.984,452.000,2.016,13.749200,100.843000,51.493500,0.711565,18.000000,97.062327,7.765538,7.765538,7.765538,2.806250,2.806250,2.105269,4.056338,4.056338,3.662905,1.078200,6.585141,4.942928,5.004286,-0.02798422,0.00007161,0.00710153,-2.716214,0.006950,0.689291,4.821483,6.772551,4.049387,3.367047,3.729348,3.721102,-4.049387,,,,,,below deadband; feedforward + feedback
2026-05-16 19:45:35,3013.9,449.567,449.984,452.000,2.016,13.745400,100.841000,51.510100,0.711432,18.000000,97.060402,7.787029,7.787029,7.787029,7.750000,7.750000,5.762767,3.980430,3.980430,3.681480,2.950050,6.616675,4.965294,5.032393,0.00747926,0.00071959,0.01151844,0.725940,0.069843,1.117985,5.036827,3.254490,3.910587,2.862445,3.764234,3.742001,-3.910587,,,,,,below deadband; feedforward + feedback
2026-05-16 19:45:40,3019.3,450.186,449.939,452.000,2.061,13.734100,100.841000,51.510200,0.711431,18.000000,97.060402,7.872965,7.872965,7.872965,7.781250,7.781250,5.781357,3.869373,3.869373,3.694608,2.865724,6.648390,4.987635,5.054659,0.01136158,0.00092791,0.01435077,1.102760,0.090063,1.392892,4.678597,2.766613,3.779310,2.476481,3.692703,3.758558,-3.779310,,,,,,below deadband; feedforward + feedback
2026-05-16 19:45:45,3024.3,450.229,450.016,452.000,1.984,13.735600,100.846000,51.503500,0.714283,18.000000,97.065214,0.000000,2.872965,2.872965,7.950000,7.950000,5.841773,4.000321,4.000321,3.712292,2.890762,6.677622,5.010633,5.079626,0.00467236,0.00163733,0.01596150,0.453524,0.158928,1.549306,5.388249,3.546797,3.841393,2.451015,3.706055,3.777123,-3.841393,,,,,,within deadband and CO2 rising; MFC zero
2026-05-16 19:45:50,3029.3,449.510,450.056,452.000,1.944,13.760300,100.844000,51.506800,0.711391,18.000000,97.063289,0.000000,0.000000,0.000000,2.818750,2.818750,2.137801,4.193684,4.193684,3.737773,1.060505,6.688569,5.036690,5.114859,0.00357990,0.00129668,0.01338265,0.347477,0.125860,1.298964,1.790324,3.846206,4.067824,2.894720,3.674551,3.803321,-4.067824,,,,,,within deadband and CO2 rising; MFC zero
2026-05-16 19:45:56,3034.8,449.819,450.061,452.000,1.939,13.747200,100.842000,51.503500,0.714188,18.000000,97.061364,0.000000,0.000000,0.000000,0.000000,0.000000,0.000000,4.347884,4.347884,3.768571,0.000000,6.688569,5.065690,5.152690,0.01361372,0.00096784,0.00645076,1.321366,0.093940,0.626120,-1.321366,3.026518,4.253944,3.721764,3.665242,3.831452,-4.253944,,,,,,within deadband and CO2 rising; MFC zero
2026-05-16 19:46:01,3040.3,449.393,449.895,452.000,2.105,13.744600,100.845000,51.513500,0.712459,18.000000,97.064252,8.043008,5.000000,0.000000,0.000000,0.000000,0.000000,4.358542,4.358542,3.799737,0.000000,6.688569,5.096218,5.187804,-0.00257148,0.00008429,-0.00108687,-0.249599,0.008182,-0.105496,0.249599,4.608141,4.350360,4.464038,3.677564,3.857562,-4.350360,,,,,,below deadband; feedforward + feedback
2026-05-16 19:46:07,3045.9,449.332,449.731,452.000,2.269,13.751500,100.842000,51.500200,0.712740,18.000000,97.061364,8.302234,5.000000,5.000000,0.000000,0.000000,0.000000,4.228616,4.228616,3.825643,0.000000,6.688569,5.126054,5.215560,-0.01768102,-0.00063863,-0.00575773,-1.716144,-0.061986,-0.558854,1.716144,5.944760,4.290603,4.787470,3.765910,3.878201,-4.290603,,,,,,below deadband; feedforward + feedback
2026-05-16 19:46:12,3051.3,449.603,449.667,452.000,2.333,13.757800,100.844000,51.506800,0.711292,18.000000,97.063289,8.419088,8.419088,8.419088,4.868750,4.868750,3.606377,4.001188,4.001188,3.843061,1.791363,6.707758,5.152608,5.232272,-0.00040337,-0.00114845,-0.00923402,-0.039152,-0.111472,-0.896284,3.645529,4.040341,4.112660,4.897473,3.778940,3.890628,-4.112660,,,,,,below deadband; feedforward + feedback
2026-05-16 19:46:17,3056.3,449.584,449.625,452.000,2.375,13.756300,100.845000,51.500200,0.712066,18.000000,97.064252,8.501135,8.501135,8.501135,8.375000,8.375000,6.218212,3.849560,3.849560,3.855291,3.082367,6.738452,5.175505,5.244195,-0.03413572,-0.00112459,-0.00897955,-3.313358,-0.109158,-0.871593,9.531570,7.162918,3.958717,4.721153,3.904073,3.899494,-3.958717,,,,,,below deadband; feedforward + feedback
2026-05-16 19:46:22,3061.3,449.901,449.719,452.000,2.281,13.746300,100.845000,51.510100,0.711782,18.000000,97.064252,8.388706,8.388706,8.388706,6.175000,6.175000,4.638098,3.791173,3.791173,3.865666,2.372807,6.774074,5.196006,5.257510,0.00168073,-0.00081134,-0.00639367,0.163139,-0.078753,-0.620596,4.474959,3.628034,3.869925,4.411769,3.929411,3.909395,-3.869925,,,,,,below deadband; feedforward + feedback
2026-05-16 19:46:28,3066.8,449.488,449.577,452.000,2.423,13.762200,100.842000,51.516800,0.712781,18.000000,97.061364,8.609030,8.609030,8.609030,8.362500,8.362500,6.199622,3.830273,3.830273,3.877343,3.173263,6.805693,5.216480,5.277903,-0.00695812,-0.00159872,-0.01022850,-0.675364,-0.155174,-0.992792,6.874987,4.505637,3.985446,4.823065,3.977540,3.924558,-3.985446,,,,,,below deadband; feedforward + feedback
2026-05-16 19:46:33,3072.3,450.249,449.618,452.000,2.382,13.755600,100.845000,51.503500,0.710513,18.000000,97.064252,8.571544,8.571544,8.571544,8.581250,8.581250,6.399460,3.814844,3.814844,3.889502,3.267147,6.840682,5.237129,5.299074,0.00532784,-0.00149573,-0.01263743,0.517143,-0.145182,-1.226643,5.882318,3.297701,3.960026,5.041487,3.987673,3.940300,-3.960026,,,,,,below deadband; feedforward + feedback
2026-05-16 19:46:39,3077.9,449.639,449.600,452.000,2.400,13.765600,100.845000,51.506800,0.712937,18.000000,97.064252,8.616477,8.616477,8.616477,8.556250,8.556250,6.366928,3.840668,3.840668,3.898471,3.254506,6.875734,5.256512,5.314661,-0.00838671,-0.00120651,-0.00829065,-0.814050,-0.117109,-0.804726,7.180979,4.654718,3.957777,4.645394,4.048338,3.951891,-3.957777,,,,,,below deadband; feedforward + feedback
2026-05-16 19:46:44,3083.3,450.207,449.723,452.000,2.277,13.760100,100.845000,51.506800,0.713178,18.000000,97.064252,8.461776,8.461776,8.461776,8.625000,8.625000,6.404108,4.010499,4.010499,3.908222,3.171347,6.910807,5.273731,5.325387,-0.00050421,-0.00061370,0.00052175,-0.048941,-0.059568,0.050643,6.453049,4.059440,4.070067,3.959855,4.044308,3.959867,-4.070067,,,,,,below deadband; feedforward + feedback
2026-05-16 19:46:49,3088.3,450.497,449.962,452.000,2.038,13.760000,100.844000,51.506800,0.712817,18.000000,97.063289,8.142912,8.142912,8.142912,8.462500,8.462500,6.287923,4.187162,4.187162,3.922597,3.105958,6.942384,5.289502,5.336817,0.01250446,-0.00015092,0.00566093,1.213724,-0.014649,0.549469,5.074199,2.973438,4.201811,3.637693,4.020992,3.968366,-4.201811,,,,,,below deadband; feedforward + feedback
2026-05-16 19:46:54,3093.3,449.610,450.082,452.000,1.918,13.754000,100.844000,51.500200,0.712886,18.000000,97.063289,0.000000,3.142912,3.142912,8.225000,8.225000,6.055553,4.246416,4.246416,3.937106,3.006576,6.972880,5.302861,5.342938,-0.00769763,0.00052726,0.00928583,-0.747158,0.051178,0.901313,6.802711,4.993574,4.195238,3.345103,4.054178,3.972917,-4.195238,,,,,,within deadband and CO2 rising; MFC zero
2026-05-16 19:47:00,3098.8,449.853,450.144,452.000,1.856,13.774300,100.844000,51.510100,0.713295,18.000000,97.063289,0.000000,0.000000,0.000000,3.081250,3.081250,2.332991,4.267407,4.267407,3.951541,1.192791,6.985929,5.313580,5.345735,-0.00057144,0.00198532,0.01136712,-0.055466,0.192702,1.103331,2.388457,4.322873,4.074705,3.164076,4.157489,3.974997,-4.074705,,,,,,within deadband and CO2 rising; MFC zero
2026-05-16 19:47:05,3104.3,449.922,449.990,452.000,2.010,13.768500,100.844000,51.506800,0.712646,18.000000,97.063289,8.137756,5.000000,0.000000,0.000000,0.000000,0.000000,4.204822,4.204822,3.964696,0.000000,6.985929,5.323231,5.352187,0.00601703,0.00208887,0.01039609,0.584033,0.202753,1.009079,-0.584033,3.620789,4.002069,3.195743,4.159842,3.979795,-4.002069,,,,,,below deadband; feedforward + feedback
2026-05-16 19:47:11,3109.8,449.319,449.822,452.000,2.178,13.772800,100.844000,51.506800,0.712196,18.000000,97.063289,8.381222,5.000000,0.000000,0.000000,0.000000,0.000000,4.005743,4.005743,3.971719,0.000000,6.985929,5.331742,5.357273,-0.00253791,0.00124195,0.00268070,-0.246338,0.120547,0.260198,0.246338,4.252081,3.885196,3.745545,4.174235,3.983577,-3.885196,,,,,,below deadband; feedforward + feedback
2026-05-16 19:47:16,3114.8,449.060,449.578,452.000,2.422,13.771100,100.844000,51.506800,0.712141,18.000000,97.063289,8.729828,5.000000,5.000000,0.000000,0.000000,0.000000,3.926970,3.926970,3.976444,0.000000,6.985929,5.339623,5.363266,-0.01978192,0.00030320,-0.00238843,-1.920098,0.029430,-0.231829,1.920098,5.847068,3.897540,4.158798,4.237575,3.988033,-3.897540,,,,,,below deadband; feedforward + feedback
2026-05-16 19:47:21,3119.8,449.888,449.450,452.000,2.550,13.764100,100.845000,51.510100,0.712334,18.000000,97.064252,8.919938,8.919938,8.919938,4.837500,4.837500,3.592435,3.926970,3.926970,3.986591,1.786397,7.004159,5.349903,5.380744,-0.00270594,-0.00074370,-0.00361027,-0.262650,-0.072187,-0.350428,3.855085,4.189620,3.999157,4.277398,4.232872,4.001029,-3.999157,,,,,,below deadband; feedforward + feedback
2026-05-16 19:47:26,3125.3,448.972,449.362,452.000,2.638,13.787000,100.845000,51.503500,0.711755,18.000000,97.064252,9.058064,9.058064,9.058064,8.875000,8.875000,6.599298,3.988733,3.988733,4.001035,3.371641,7.040265,5.365039,5.410445,-0.00379840,-0.00233839,-0.01019876,-0.368688,-0.226974,-0.989935,6.967986,4.357422,4.215708,4.978668,4.215984,4.023114,-4.215708,,,,,,below deadband; feedforward + feedback
2026-05-16 19:47:32,3130.8,450.401,449.531,452.000,2.469,13.774400,100.845000,51.503500,0.713740,18.000000,97.064252,8.841025,8.841025,8.841025,9.025000,9.025000,6.720130,4.153019,4.153019,4.021145,3.431341,7.077109,5.384915,5.444543,0.00828588,-0.00246027,-0.01117237,0.804263,-0.238804,-1.084437,5.915867,3.348756,4.391823,5.237456,4.187715,4.048469,-4.391823,,,,,,below deadband; feedforward + feedback
2026-05-16 19:47:37,3136.3,449.400,449.703,452.000,2.297,13.809100,100.842000,51.503500,0.713076,18.000000,97.061364,8.623223,8.623223,8.623223,13.406250,13.406250,10.103432,4.266245,4.266245,4.042886,5.179551,7.119906,5.407948,5.477045,-0.01000021,-0.00235623,-0.00881952,-0.970634,-0.228699,-0.856035,11.074066,5.236879,4.494944,5.122280,4.209175,4.072637,-4.494944,,,,,,below deadband; feedforward + feedback
2026-05-16 19:47:43,3141.8,448.744,449.817,452.000,2.183,13.822400,100.844000,51.506800,0.712562,18.000000,97.063289,8.487474,8.487474,8.487474,8.362500,8.362500,6.227507,4.279412,4.279412,4.059838,3.095708,7.152865,5.431624,5.502654,-0.01574818,-0.00205240,-0.00444932,-1.528570,-0.199212,-0.431866,7.756077,5.807983,4.478625,4.711279,4.288004,4.091679,-4.478625,,,,,,below deadband; feedforward + feedback
2026-05-16 19:47:48,3146.8,450.257,449.890,452.000,2.110,13.784300,100.842000,51.513500,0.714159,18.000000,97.061364,8.407747,8.407747,8.407747,8.468750,8.468750,6.301865,4.328504,4.328504,4.072033,3.129919,7.184240,5.453537,5.519275,-0.00134456,-0.00172621,-0.00424628,-0.130505,-0.167548,-0.412150,6.432370,4.459010,4.496053,4.740654,4.299413,4.104038,-4.496053,,,,,,below deadband; feedforward + feedback
2026-05-16 19:47:53,3151.8,449.883,449.875,452.000,2.125,13.773100,100.845000,51.503500,0.709539,18.000000,97.064252,8.448206,8.448206,8.448206,8.400000,8.400000,6.246096,4.317490,4.317490,4.080636,3.194892,7.215540,5.473346,5.532773,-0.01954693,-0.00119594,0.00370879,-1.897308,-0.116083,0.359991,8.143404,6.214798,4.433573,3.957499,4.408767,4.114075,-4.433573,,,,,,below deadband; feedforward + feedback
2026-05-16 19:47:58,3157.3,450.051,449.941,452.000,2.059,13.781000,100.845000,51.503500,0.711119,18.000000,97.064252,8.373360,8.373360,8.373360,8.450000,8.450000,6.273981,4.324508,4.324508,4.089545,3.216756,7.250026,5.491355,5.545384,0.00394973,-0.00032091,0.01138822,0.383378,-0.031149,1.105389,5.890603,3.941130,4.355656,3.219119,4.437251,4.123452,-4.355656,,,,,,below deadband; feedforward + feedback
2026-05-16 19:48:04,3162.8,450.043,450.040,452.000,1.960,13.780700,100.841000,51.500200,0.712038,18.000000,97.060402,1.652595,3.373360,3.373360,8.412500,8.412500,6.222859,4.376078,4.376078,4.100570,3.176882,7.284303,5.508650,5.560535,0.00751275,-0.00000034,0.01453311,0.729191,-0.000033,1.410589,5.493668,3.646887,4.376112,2.965489,4.329470,4.134719,-4.376112,,,,,,within lower deadband; partial feedforward
2026-05-16 19:48:09,3168.3,449.714,450.145,452.000,1.855,13.809500,100.840000,51.506800,0.710843,18.000000,97.059439,0.000000,0.000000,0.000000,3.318750,3.318750,2.500297,4.480768,4.480768,4.117823,1.280248,7.298318,5.527142,5.582619,0.00361352,0.00096823,0.01485948,0.350726,0.093976,1.442252,2.149571,4.130042,4.386792,3.038516,4.359661,4.151140,-4.386792,,,,,,within deadband and CO2 rising; MFC zero
2026-05-16 19:48:15,3173.8,448.978,449.985,452.000,2.015,13.805900,100.840000,51.506800,0.713689,18.000000,97.059439,8.367845,5.000000,0.000000,0.000000,0.000000,0.000000,4.424334,4.424334,4.136960,0.000000,7.298318,5.546845,5.605953,-0.00147902,0.00146137,0.00995006,-0.143553,0.141839,0.965747,0.143553,4.567886,4.282494,3.458586,4.421774,4.168491,-4.282494,,,,,,below deadband; feedforward + feedback
2026-05-16 19:48:20,3178.8,449.312,449.828,452.000,2.172,13.790900,100.841000,51.503500,0.711784,18.000000,97.060402,8.606141,5.000000,0.000000,0.000000,0.000000,0.000000,4.272953,4.272953,4.146361,0.000000,7.298318,5.565166,5.620127,-0.00258829,0.00129730,0.00153595,-0.251221,0.125917,0.149080,0.251221,4.524173,4.147036,4.123873,4.455477,4.179030,-4.147036,,,,,,below deadband; feedforward + feedback
2026-05-16 19:48:25,3183.8,449.156,449.651,452.000,2.349,13.805800,100.845000,51.510200,0.711080,18.000000,97.064252,8.866840,5.000000,5.000000,0.000000,0.000000,0.000000,4.113500,4.113500,4.143596,0.000000,7.298318,5.578520,5.618583,0.00247064,0.00081371,-0.00532242,0.239810,0.078982,-0.516617,-0.239810,3.873690,4.034518,4.630118,4.456424,4.177882,-4.034518,,,,,,below deadband; feedforward + feedback
2026-05-16 19:48:30,3189.3,449.489,449.451,452.000,2.549,13.841700,100.843000,51.513500,0.711662,18.000000,97.062327,9.154408,9.154408,9.154408,4.850000,4.850000,3.578493,4.063742,4.063742,4.133798,1.828958,7.319681,5.586263,5.609492,-0.01818524,0.00006008,-0.01234121,-1.765102,0.005831,-1.197867,5.343595,5.828845,4.057911,5.261609,4.553056,4.171122,-4.057911,,,,,,below deadband; feedforward + feedback
2026-05-16 19:48:36,3194.8,449.306,449.282,452.000,2.718,13.821000,100.843000,51.510100,0.711087,18.000000,97.062327,9.396274,9.396274,9.396274,9.106250,9.106250,6.780546,4.146497,4.146497,4.126486,3.466425,7.356826,5.590724,5.604107,-0.01015144,-0.00090402,-0.01562886,-0.985323,-0.087746,-1.516974,7.765869,5.131820,4.234243,5.663471,4.571114,4.167118,-4.234243,,,,,,below deadband; feedforward + feedback
2026-05-16 19:48:41,3200.3,449.614,449.273,452.000,2.727,13.811600,100.845000,51.506800,0.712896,18.000000,97.064252,9.414086,9.414086,9.414086,9.356250,9.356250,6.971089,4.339689,4.339689,4.130316,3.463062,7.394880,5.596636,5.614373,0.01438708,-0.00177502,-0.01274961,1.396471,-0.172291,-1.237531,5.574619,2.943218,4.511980,5.577220,4.467613,4.174752,-4.511980,,,,,,below deadband; feedforward + feedback
2026-05-16 19:48:46,3205.3,449.169,449.339,452.000,2.661,13.803900,100.845000,51.510200,0.713669,18.000000,97.064252,9.333734,9.333734,9.333734,9.393750,9.393750,6.994326,4.532680,4.532680,4.148643,3.465541,7.429833,5.608299,5.643286,-0.01067265,-0.00209600,-0.01827203,-1.035933,-0.203446,-1.773561,8.030259,5.568612,4.736126,6.306241,4.520312,4.196251,-4.736126,,,,,,below deadband; feedforward + feedback
2026-05-16 19:48:51,3210.3,449.488,449.406,452.000,2.594,13.829200,100.847000,51.506800,0.711056,18.000000,97.066177,9.258554,9.258554,9.258554,9.318750,9.318750,6.943205,4.633002,4.633002,4.175659,3.440480,7.464585,5.627059,5.683341,-0.01389946,-0.00195194,-0.01522942,-1.349167,-0.189467,-1.478262,8.292373,5.982169,4.822469,6.111264,4.479596,4.226035,-4.822469,,,,,,below deadband; feedforward + feedback
2026-05-16 19:48:57,3215.8,449.311,449.590,452.000,2.410,13.825000,100.846000,51.510200,0.711555,18.000000,97.065214,9.027361,9.027361,9.027361,5.993750,5.993750,4.466145,4.636441,4.636441,4.204806,2.285927,7.505762,5.652766,5.729887,-0.01275655,-0.00244360,-0.00872669,-1.238217,-0.237189,-0.847058,5.704362,5.874658,4.873629,5.483499,4.557066,4.260646,-4.873629,,,,,,below deadband; feedforward + feedback
2026-05-16 19:49:02,3221.3,449.816,449.535,452.000,2.465,13.832000,100.846000,51.513500,0.713893,18.000000,97.065214,9.135325,9.135325,9.135325,8.956250,8.956250,6.664362,4.708119,4.708119,4.235076,3.408574,7.540385,5.684360,5.779142,-0.01211788,-0.00349722,-0.00631922,-1.176225,-0.339458,-0.613376,7.840587,5.884344,5.047577,5.321495,4.604608,4.297271,-5.047577,,,,,,below deadband; feedforward + feedback
2026-05-16 19:49:08,3226.8,448.931,449.475,452.000,2.525,13.860900,100.844000,51.500200,0.711831,18.000000,97.063289,9.255674,9.255674,9.255674,9.137500,9.137500,6.794489,4.701938,4.701938,4.265666,3.476564,7.577636,5.721024,5.831018,-0.01435323,-0.00388144,-0.00189879,-1.393172,-0.376745,-0.184303,8.187660,6.095110,5.078683,4.886241,4.701070,4.335845,-5.078683,,,,,,below deadband; feedforward + feedback
2026-05-16 19:49:13,3232.3,449.406,449.376,452.000,2.624,13.831300,100.844000,51.510100,0.711661,18.000000,97.063289,9.435653,9.435653,9.435653,9.256250,9.256250,6.868847,4.712627,4.712627,4.295733,3.406105,7.615293,5.761598,5.883320,-0.00695813,-0.00384264,-0.00006025,-0.675379,-0.372979,-0.005848,7.544226,5.388006,5.085606,4.718475,4.726356,4.374736,-5.085606,,,,,,below deadband; feedforward + feedback
2026-05-16 19:49:18,3237.3,448.645,449.369,452.000,2.631,13.879300,100.846000,51.500200,0.713243,18.000000,97.065214,9.486408,9.486408,9.486408,9.431250,9.431250,7.008269,4.727607,4.727607,4.320461,3.468920,7.650280,5.803428,5.928919,-0.02485765,-0.00335604,0.00224123,-2.412813,-0.325755,0.217545,9.421082,7.140420,5.053362,4.510062,4.832597,4.408643,-5.053362,,,,,,below deadband; feedforward + feedback
2026-05-16 19:49:23,3242.3,450.121,449.402,452.000,2.598,13.847000,100.847000,51.500200,0.715419,18.000000,97.066177,9.480639,9.480639,9.480639,9.475000,9.475000,7.050095,4.744942,4.744942,4.339695,3.498855,7.685555,5.843964,5.965570,0.01771463,-0.00254688,0.00495459,1.719491,-0.247216,0.480923,5.330604,3.025451,4.992158,4.264019,4.834390,4.435896,-4.992158,,,,,,below deadband; feedforward + feedback
2026-05-16 19:49:29,3247.8,450.012,449.594,452.000,2.406,13.851200,100.843000,51.503500,0.711947,18.000000,97.062327,9.251386,9.251386,9.251386,9.462500,9.462500,7.045448,4.772950,4.772950,4.357851,3.612319,7.724295,5.882986,6.000050,0.01262233,-0.00170833,0.00571446,1.225153,-0.165814,0.554659,5.820295,3.547797,4.938764,4.218291,4.784536,4.461535,-4.938764,,,,,,below deadband; feedforward + feedback
2026-05-16 19:49:34,3253.3,450.269,449.818,452.000,2.182,13.848600,100.844000,51.503500,0.713871,18.000000,97.063289,8.977150,8.977150,8.977150,9.256250,9.256250,6.873494,4.857502,4.857502,4.378199,3.515533,7.762276,5.922245,6.040023,0.02547994,-0.00081553,0.00788264,2.473167,-0.079158,0.765114,4.400327,2.384335,4.936660,4.092387,4.717690,4.491257,-4.936660,,,,,,below deadband; feedforward + feedback
2026-05-16 19:49:40,3258.8,450.531,449.831,452.000,2.169,13.861600,100.844000,51.516800,0.714827,18.000000,97.063289,9.001745,9.001745,9.001745,8.968750,8.968750,6.682951,5.058827,5.058827,4.407648,3.424527,7.799156,5.964935,6.093006,0.01262207,-0.00088376,0.00710503,1.225140,-0.085781,0.689638,5.457811,3.833687,5.144607,4.369189,4.725031,4.530655,-5.144607,,,,,,below deadband; feedforward + feedback
2026-05-16 19:49:45,3264.3,450.430,449.976,452.000,2.024,13.854600,100.844000,51.510200,0.711560,18.000000,97.063289,8.847906,8.847906,8.847906,8.987500,8.987500,6.692246,5.307989,5.307989,4.452553,3.313551,7.835823,6.014166,6.161859,0.00915984,-0.00063818,0.01054192,0.889084,-0.061944,1.023233,5.803162,4.418905,5.369933,4.284756,4.730783,4.581853,-5.369933,,,,,,below deadband; feedforward + feedback
2026-05-16 19:49:50,3269.3,449.388,449.894,452.000,2.106,13.878800,100.844000,51.506800,0.711914,18.000000,97.063289,9.019314,9.019314,9.019314,8.850000,8.850000,6.585356,5.530615,5.530615,4.507851,3.262501,7.868861,6.071404,6.243116,-0.00973128,-0.00122738,0.00923277,-0.944550,-0.119133,0.896163,7.529906,6.475165,5.649748,4.634452,4.752442,4.642274,-5.649748,,,,,,below deadband; feedforward + feedback
2026-05-16 19:49:55,3274.3,449.656,449.717,452.000,2.283,13.885600,100.843000,51.506800,0.711975,18.000000,97.062327,9.332919,9.332919,9.332919,9.025000,9.025000,6.696893,5.712498,5.712498,4.569421,3.433613,7.902319,6.136299,6.330985,-0.00647072,-0.00186952,0.00855851,-0.628063,-0.181460,0.830709,7.324956,6.340561,5.893958,4.881789,4.826612,4.707612,-5.893958,,,,,,below deadband; feedforward + feedback
2026-05-16 19:50:01,3279.8,449.239,449.718,452.000,2.282,13.879800,100.844000,51.510100,0.712999,18.000000,97.063289,9.399208,9.399208,9.399208,9.700000,9.700000,7.222049,5.788142,5.788142,4.631470,3.695215,7.941486,6.204898,6.410696,0.00174793,-0.00150882,0.00786284,0.169660,-0.146451,0.763193,7.052389,5.618482,5.934593,5.024949,4.870097,4.766884,-5.934593,,,,,,below deadband; feedforward + feedback
2026-05-16 19:50:06,3285.3,449.833,449.469,452.000,2.531,13.917900,100.845000,51.513500,0.713038,18.000000,97.064252,9.818632,9.818632,9.818632,9.356250,9.356250,6.957147,5.818815,5.818815,4.688911,3.564004,7.979430,6.274812,6.484551,0.00361352,-0.00170621,-0.00045331,0.350743,-0.165612,-0.044001,6.606404,5.468072,5.984426,5.862815,4.943177,4.821801,-5.984426,,,,,,below deadband; feedforward + feedback
2026-05-16 19:50:12,3290.8,449.279,449.440,452.000,2.560,13.904100,100.842000,51.503500,0.710668,18.000000,97.061364,9.927406,9.927406,9.927406,9.812500,9.812500,7.296407,5.811828,5.811828,4.742207,3.742194,8.019321,6.344001,6.551571,-0.00210038,-0.00132205,-0.00645228,-0.203866,-0.128320,-0.626267,7.500273,6.015695,5.940148,6.438096,4.970033,4.871636,-5.940148,,,,,,below deadband; feedforward + feedback
2026-05-16 19:50:17,3296.3,449.794,449.444,452.000,2.556,13.885500,100.844000,51.500200,0.713505,18.000000,97.063289,9.991965,9.991965,9.991965,9.906250,9.906250,7.380060,5.783402,5.783402,4.794068,3.654904,8.059718,6.413110,6.620437,0.01267280,-0.00185705,-0.00680690,1.230063,-0.180251,-0.660700,6.149997,4.553338,5.963653,6.444102,4.926769,4.922844,-5.963653,,,,,,below deadband; feedforward + feedback
2026-05-16 19:50:22,3301.3,449.418,449.506,452.000,2.494,13.909300,100.841000,51.496900,0.712643,18.000000,97.060402,9.973510,9.973510,9.973510,9.981250,9.981250,7.431181,5.836769,5.836769,4.846078,3.692158,8.096871,6.481490,6.686630,-0.00867258,-0.00089288,-0.00894975,-0.841764,-0.086663,-0.868667,8.272945,6.678533,5.923433,6.705436,5.003304,4.972064,-5.923433,,,,,,below deadband; feedforward + feedback
2026-05-16 19:50:27,3306.3,449.455,449.592,452.000,2.408,13.902300,100.841000,51.503500,0.713982,18.000000,97.060402,9.920801,9.920801,9.920801,9.968750,9.968750,7.412592,5.873716,5.873716,4.899741,3.794733,8.134002,6.549636,6.754072,-0.00006723,-0.00014593,-0.00777242,-0.006525,-0.014164,-0.754394,7.419117,5.880241,5.887880,6.628110,4.991768,5.022212,-5.887880,,,,,,below deadband; feedforward + feedback
2026-05-16 19:50:33,3311.8,450.319,449.697,452.000,2.303,13.907500,100.844000,51.506900,0.713096,18.000000,97.063289,9.841592,9.841592,9.841592,9.906250,9.906250,7.375413,5.916534,5.916534,4.954638,3.783458,8.174601,6.617847,6.822481,-0.00078993,0.00088312,-0.00399298,-0.076673,0.085719,-0.387572,7.452086,5.993207,5.830816,6.304106,5.062529,5.073080,-5.830816,,,,,,below deadband; feedforward + feedback
2026-05-16 19:50:38,3317.3,449.691,449.754,452.000,2.246,13.907600,100.843000,51.503500,0.712580,18.000000,97.062327,9.828771,9.828771,9.828771,9.850000,9.850000,7.310349,5.958330,5.958330,5.009198,3.630657,8.214794,6.685001,6.886464,0.00218492,0.00208611,-0.00053976,0.212073,0.202483,-0.052390,7.098276,5.746257,5.755847,6.010720,5.134921,5.120657,-5.755847,,,,,,below deadband; feedforward + feedback
2026-05-16 19:50:43,3322.3,449.223,449.707,452.000,2.293,13.942900,100.847000,51.500200,0.711721,18.000000,97.066177,9.962125,9.962125,9.962125,9.837500,9.837500,7.314997,6.031774,6.031774,5.062681,3.618830,8.251388,6.751820,6.952275,-0.01151284,0.00232668,0.00255397,-1.117507,0.225842,0.247904,8.432504,7.149281,5.805932,5.783870,5.239033,5.169593,-5.805932,,,,,,below deadband; feedforward + feedback
2026-05-16 19:50:48,3327.3,449.847,449.750,452.000,2.250,13.911100,100.844000,51.506900,0.711250,18.000000,97.063289,9.971594,9.971594,9.971594,9.968750,9.968750,7.412592,6.208793,6.208793,5.124214,3.669676,8.288374,6.821524,7.030637,-0.00233618,0.00243657,0.00491088,-0.226757,0.236502,0.476666,7.639349,6.435550,5.972291,5.732127,5.303435,5.227862,-5.972291,,,,,,below deadband; feedforward + feedback
2026-05-16 19:50:54,3332.8,450.410,449.818,452.000,2.182,13.962600,100.843000,51.503500,0.712708,18.000000,97.062327,9.951982,9.951982,9.951982,9.962500,9.962500,7.417239,6.477939,6.477939,5.200248,3.795668,8.329147,6.897287,7.124574,0.02277355,0.00314500,0.00920627,2.210454,0.305261,0.893582,5.206785,4.267485,6.172678,5.584357,5.294584,5.297711,-6.172678,,,,,,below deadband; feedforward + feedback
2026-05-16 19:50:59,3338.3,450.120,449.873,452.000,2.127,13.915700,100.846000,51.510200,0.711286,18.000000,97.065214,9.960546,9.960546,9.960546,8.250000,8.250000,5.981195,6.749548,6.749548,5.291147,3.064627,8.372003,6.982081,7.236466,0.00129416,0.00311350,0.01235826,0.125618,0.302212,1.199557,5.855576,6.623930,6.447336,5.549991,5.389420,5.380912,-6.447336,,,,,,below deadband; feedforward + feedback
2026-05-16 19:51:05,3343.8,450.863,449.973,452.000,2.027,13.927800,100.846000,51.510100,0.711383,18.000000,97.065214,9.914048,9.914048,9.914048,9.831250,9.831250,7.301054,6.991414,6.991414,5.392101,3.611132,8.412010,7.076878,7.361267,0.04300998,0.00249623,0.00905463,4.174773,0.242298,0.878890,3.126281,2.816641,6.749117,6.112525,5.285551,5.473712,-6.749117,,,,,,below deadband; feedforward + feedback
2026-05-16 19:51:10,3348.8,449.420,449.872,452.000,2.128,13.960700,100.847000,51.506800,0.712705,18.000000,97.066177,10.157974,10.157974,10.157974,9.893750,9.893750,7.370765,7.071489,7.071489,5.492963,3.654180,8.448841,7.178354,7.482783,-0.00058826,0.00223453,0.00666144,-0.057100,0.216898,0.646600,7.427865,7.128589,6.854591,6.424888,5.354405,5.564069,-6.854591,,,,,,below deadband; feedforward + feedback
2026-05-16 19:51:15,3353.8,450.426,449.874,452.000,2.126,13.926500,100.845000,51.510100,0.710739,18.000000,97.064252,10.258648,10.258648,10.258648,10.162500,10.162500,7.547366,7.089830,7.089830,5.587795,3.743359,8.486489,7.281583,7.591270,0.02233662,0.00245652,0.00499416,2.168087,0.238440,0.484755,5.379279,4.921743,6.851390,6.605076,5.422630,5.644738,-6.851390,,,,,,below deadband; feedforward + feedback
2026-05-16 19:51:20,3358.8,449.514,449.812,452.000,2.188,13.976500,100.846000,51.506800,0.712834,18.000000,97.065214,10.447230,10.447230,10.447230,10.237500,10.237500,7.621725,7.105027,7.105027,5.676497,3.900459,8.524604,7.383820,7.690529,-0.00991608,0.00235389,0.00321786,-0.962506,0.228481,0.312342,8.584231,8.067534,6.876547,6.792685,5.508799,5.718546,-6.876547,,,,,,below deadband; feedforward + feedback
2026-05-16 19:51:25,3364.3,450.273,449.916,452.000,2.084,13.943800,100.843000,51.503500,0.712625,18.000000,97.062327,10.400899,10.400899,10.400899,10.437500,10.437500,7.770441,7.126793,7.126793,5.762490,3.849843,8.567086,7.483614,7.782997,0.01011784,0.00319748,0.00519977,0.982061,0.310355,0.504702,6.788380,6.144732,6.816438,6.622091,5.514405,5.787304,-6.816438,,,,,,below deadband; feedforward + feedback
2026-05-16 19:51:30,3369.3,450.470,450.099,452.000,1.901,13.949300,100.843000,51.510200,0.713423,18.000000,97.062327,0.000000,5.400899,5.400899,10.387500,10.387500,7.733262,7.151439,7.151439,5.849214,3.845986,8.605817,7.580732,7.872084,0.01828601,0.00367542,0.00778377,1.774883,0.356745,0.755510,5.958379,5.376557,6.794695,6.395929,5.497229,5.853547,-6.794695,,,,,,within deadband and CO2 rising; MFC zero
2026-05-16 19:51:35,3374.3,450.292,450.214,452.000,1.786,13.947200,100.844000,51.513500,0.710149,18.000000,97.063289,0.000000,0.400899,0.000000,5.200000,5.200000,4.019995,7.164994,7.164994,5.933933,2.055055,8.626014,7.673506,7.951828,0.01152963,0.00409860,0.01157833,1.119104,0.397824,1.123831,2.900891,6.045890,6.767171,6.041163,5.502800,5.912843,-6.767171,,,,,,within deadband and CO2 rising; MFC zero
2026-05-16 19:51:41,3379.8,449.284,450.299,452.000,1.701,13.958600,100.844000,51.503500,0.711802,18.000000,97.063289,0.000000,0.000000,0.000000,0.000000,0.000000,0.000000,7.150448,7.150448,6.018365,0.000000,8.626014,7.762919,8.031160,0.00072270,0.00371986,0.00919408,0.070148,0.361062,0.892408,-0.070148,7.080300,6.789386,6.258040,5.536772,5.971833,-6.789386,,,,,,within deadband and CO2 rising; MFC zero
2026-05-16 19:51:46,3385.3,449.374,450.096,452.000,1.904,13.992600,100.843000,51.506800,0.710364,18.000000,97.062327,0.000000,0.000000,0.000000,0.000000,0.000000,0.000000,6.968719,6.968719,6.096161,0.000000,8.626014,7.848391,8.104806,-0.01880708,0.00303942,0.00049906,-1.825459,0.295013,0.048440,1.825459,8.794179,6.673707,6.920279,5.654226,6.026595,-6.673707,,,,,,within deadband and CO2 rising; MFC zero
2026-05-16 19:51:52,3390.8,448.913,449.697,452.000,2.303,13.984800,100.843000,51.503500,0.712610,18.000000,97.062327,11.154489,5.000000,5.000000,0.000000,0.000000,0.000000,6.716629,6.716629,6.164748,0.000000,8.626014,7.930499,8.176822,-0.01112644,0.00113663,-0.00640167,-1.079958,0.110324,-0.621361,1.079958,7.796587,6.606305,7.337990,5.676852,6.080145,-6.606305,,,,,,below deadband; feedforward + feedback
2026-05-16 19:51:57,3395.8,448.900,449.243,452.000,2.757,13.982800,100.845000,51.500200,0.713179,18.000000,97.064252,11.869242,10.000000,10.000000,4.887500,4.887500,3.578493,6.483268,6.483268,6.224690,1.771325,8.645010,8.009617,8.246973,-0.00697505,-0.00022268,-0.01446634,-0.677028,-0.021614,-1.404165,4.255520,7.160296,6.504883,7.887433,5.819433,6.132308,-6.504883,,,,,,below deadband; feedforward + feedback
2026-05-16 19:52:02,3400.8,449.592,449.099,452.000,2.901,13.978600,100.842000,51.506800,0.711936,18.000000,97.061364,12.145852,12.145852,12.145852,9.950000,9.950000,7.398650,6.304638,6.304638,6.277507,3.785393,8.681994,8.085152,8.311754,-0.00554632,-0.00031991,-0.01811633,-0.538333,-0.031051,-1.758396,7.936983,6.842971,6.335689,8.063034,5.933060,6.180478,-6.335689,,,,,,below deadband; feedforward + feedback
2026-05-16 19:52:07,3406.3,449.500,449.152,452.000,2.848,13.984000,100.845000,51.506800,0.712601,18.000000,97.064252,12.144064,12.144064,12.144064,12.100000,12.100000,9.006648,6.238490,6.238490,6.325128,4.595711,8.730757,8.157389,8.374103,-0.00230257,-0.00043956,-0.01820635,-0.223497,-0.042666,-1.767186,9.230145,6.461987,6.281156,8.005676,6.073669,6.226840,-6.281156,,,,,,below deadband; feedforward + feedback
2026-05-16 19:52:13,3411.8,449.941,449.328,452.000,2.672,13.986400,100.843000,51.513500,0.713171,18.000000,97.062327,11.965719,11.965719,11.965719,12.137500,12.137500,9.025237,6.284375,6.284375,6.367388,4.620234,8.780377,8.225024,8.427928,-0.00198323,-0.00021534,-0.01986515,-0.192497,-0.020902,-1.928157,9.217734,6.476872,6.305277,8.212533,6.164813,6.266863,-6.305277,,,,,,below deadband; feedforward + feedback
2026-05-16 19:52:18,3417.3,448.949,449.680,452.000,2.320,14.003700,100.844000,51.503500,0.711576,18.000000,97.063289,11.535165,11.535165,11.535165,11.718750,11.718750,8.713862,6.369314,6.369314,6.403985,4.463985,8.829539,8.286850,8.472326,-0.00640349,0.00043242,-0.01207034,-0.621544,0.041972,-1.171587,9.335406,6.990858,6.327342,7.540901,6.253501,6.299877,-6.327342,,,,,,below deadband; feedforward + feedback
2026-05-16 19:52:24,3422.8,449.620,449.689,452.000,2.311,13.980900,100.846000,51.506800,0.713035,18.000000,97.065214,11.578106,11.578106,11.578106,11.500000,11.500000,8.560498,6.461596,6.461596,6.436088,4.253061,8.876470,8.342706,8.510274,-0.00638667,-0.00006640,-0.01170015,-0.619924,-0.006446,-1.135677,9.180422,7.081520,6.468041,7.597273,6.274410,6.328094,-6.468041,,,,,,below deadband; feedforward + feedback
2026-05-16 19:52:29,3427.8,449.383,449.840,452.000,2.160,14.035500,100.846000,51.506800,0.712807,18.000000,97.065214,11.415039,11.415039,11.415039,11.556250,11.556250,8.602324,6.527992,6.527992,6.464208,4.259099,8.919486,8.391564,8.538139,-0.02485763,0.00034155,-0.00408204,-2.412811,0.033153,-0.396224,11.015136,8.940803,6.494839,6.924215,6.364073,6.348814,-6.494839,,,,,,below deadband; feedforward + feedback
2026-05-16 19:52:34,3432.8,450.692,449.926,452.000,2.074,14.007200,100.847000,51.510100,0.711339,18.000000,97.066177,11.339174,11.339174,11.339174,11.425000,11.425000,8.490787,6.588671,6.588671,6.491813,4.340781,8.962044,8.435154,8.565923,-0.00055463,0.00056597,0.00805471,-0.053836,0.054937,0.781840,8.544623,6.642507,6.533734,5.806832,6.399385,6.369474,-6.533734,,,,,,below deadband; feedforward + feedback
2026-05-16 19:52:39,3438.3,449.976,449.995,452.000,2.005,14.019000,100.849000,51.513500,0.711192,18.000000,97.068102,11.281592,11.281592,11.281592,11.325000,11.325000,8.435018,6.640644,6.640644,6.520152,4.330416,9.008460,8.475082,8.594865,0.01195001,0.00033095,0.02127824,1.159965,0.032125,2.065438,7.275053,5.480679,6.608520,4.575206,6.399819,6.390994,-6.608520,,,,,,below deadband; feedforward + feedback
2026-05-16 19:52:45,3443.8,451.244,450.238,452.000,1.762,14.002800,100.842000,51.510200,0.714300,18.000000,97.061364,0.000000,6.281592,6.281592,11.250000,11.250000,8.393192,6.697420,6.697420,6.550690,4.158775,9.054469,8.512851,8.626159,0.02769845,0.00084937,0.02720311,2.688449,0.082441,2.640371,5.704742,4.008971,6.614979,4.057049,6.330622,6.414264,-6.614979,,,,,,within deadband and CO2 rising; MFC zero
2026-05-16 19:52:50,3448.8,450.608,450.384,452.000,1.616,14.018100,100.846000,51.503500,0.713318,18.000000,97.065214,0.000000,1.281592,1.281592,6.212500,6.212500,4.670630,6.735575,6.735575,6.583523,2.319526,9.077943,8.548166,8.654112,0.02800057,0.00174268,0.02919739,2.717881,0.169154,2.834051,1.952749,4.017694,6.566421,3.901525,6.312152,6.435050,-6.566421,,,,,,within deadband and CO2 rising; MFC zero
2026-05-16 19:52:55,3453.8,449.951,450.385,452.000,1.615,14.020700,100.843000,51.506800,0.710999,18.000000,97.062327,0.000000,0.000000,0.000000,0.000000,0.000000,0.000000,6.720703,6.720703,6.614004,0.000000,9.077943,8.581870,8.682981,0.02073991,0.00180041,0.02269253,2.013064,0.174752,2.202589,-2.013064,4.707639,6.545951,4.518114,6.244190,6.456516,-6.545951,,,,,,within deadband and CO2 rising; MFC zero
2026-05-16 19:53:00,3459.3,450.362,450.249,452.000,1.751,14.024000,100.846000,51.503500,0.711101,18.000000,97.065214,0.000000,0.000000,0.000000,0.000000,0.000000,0.000000,6.542011,6.542011,6.637048,0.000000,9.077943,8.613142,8.706960,0.02068947,0.00141182,0.01246061,2.008228,0.137039,1.209492,-2.008228,4.533783,6.404972,5.332519,6.197760,6.474346,-6.404972,,,,,,within deadband and CO2 rising; MFC zero
2026-05-16 19:53:06,3464.8,449.749,449.908,452.000,2.092,14.022400,100.845000,51.506800,0.712600,18.000000,97.064252,11.569767,5.000000,0.000000,0.000000,0.000000,0.000000,6.270061,6.270061,6.649239,0.000000,9.077943,8.640967,8.724441,0.00413454,0.00064170,0.00193905,0.401316,0.062286,0.188213,-0.401316,5.868746,6.207775,6.081848,6.193468,6.487345,-6.207775,,,,,,below deadband; feedforward + feedback
2026-05-16 19:53:11,3470.3,448.680,449.523,452.000,2.477,14.033100,100.848000,51.510200,0.711898,18.000000,97.067139,12.133634,5.000000,5.000000,0.000000,0.000000,0.000000,5.999567,5.999567,6.650661,0.000000,9.077943,8.665624,8.739594,-0.01121030,-0.00085550,-0.00944364,-1.088152,-0.083041,-0.916667,1.088152,7.087719,6.082608,6.916234,6.239726,6.498613,-6.082608,,,,,,below deadband; feedforward + feedback
2026-05-16 19:53:17,3475.8,449.214,449.291,452.000,2.709,14.065700,100.843000,51.506800,0.711328,18.000000,97.062327,12.477723,10.000000,10.000000,4.906250,4.906250,3.601730,5.731041,5.731041,6.640291,1.841953,9.098853,8.685333,8.744462,-0.01695831,-0.00185297,-0.01327053,-1.646013,-0.179854,-1.288068,5.247743,7.377054,5.910895,7.019109,6.247580,6.502232,-5.910895,,,,,,below deadband; feedforward + feedback
2026-05-16 19:53:22,3481.3,449.095,449.154,452.000,2.846,14.041700,100.847000,51.510100,0.711931,18.000000,97.066177,12.682401,12.682401,12.682401,9.956250,9.956250,7.398650,5.542233,5.542233,6.617306,3.653550,9.139375,8.697826,8.735304,-0.01890824,-0.00239618,-0.02410031,-1.835351,-0.232588,-2.339325,9.234000,7.377584,5.774821,7.881558,6.280064,6.495423,-5.774821,,,,,,below deadband; feedforward + feedback
2026-05-16 19:53:27,3486.3,449.132,449.257,452.000,2.743,14.060000,100.846000,51.500200,0.712526,18.000000,97.065214,12.541727,12.541727,12.541727,12.650000,12.650000,9.415618,5.477417,5.477417,6.582805,4.678678,9.185897,8.701842,8.713889,-0.00216815,-0.00240525,-0.02211304,-0.210452,-0.233466,-2.146407,9.626070,5.687869,5.710883,7.623824,6.329043,6.479499,-5.710883,,,,,,below deadband; feedforward + feedback
2026-05-16 19:53:32,3491.3,449.471,449.392,452.000,2.608,14.052200,100.846000,51.496900,0.715353,18.000000,97.065214,12.348641,12.348641,12.348641,19.325000,19.325000,15.592004,5.500205,5.500205,6.539724,8.004720,9.235836,8.696741,8.681438,-0.01142899,-0.00254838,-0.02294898,-1.109358,-0.247360,-2.227547,16.701361,6.609563,5.747565,7.727752,6.328547,6.455369,-5.747565,,,,,,below deadband; feedforward + feedback
2026-05-16 19:53:38,3496.8,448.704,449.466,452.000,2.534,14.057000,100.846000,51.506800,0.709266,18.000000,97.065214,12.229007,12.229007,12.229007,12.218750,12.218750,9.099595,5.559026,5.559026,6.490332,4.652522,9.281864,8.682072,8.638067,-0.02860564,-0.00262539,-0.02095335,-2.776612,-0.254834,-2.033841,11.876208,8.335638,5.813860,7.592867,6.518857,6.423119,-5.813860,,,,,,below deadband; feedforward + feedback
2026-05-16 19:53:43,3502.3,449.859,449.493,452.000,2.507,14.063600,100.847000,51.500200,0.713141,18.000000,97.066177,12.170931,12.170931,12.170931,12.225000,12.225000,9.085653,5.623454,5.623454,6.440399,4.669430,9.331701,8.660606,8.596206,-0.01584906,-0.00338391,-0.01740579,-1.538408,-0.328463,-1.689513,10.624061,7.161862,5.951917,7.312967,6.520005,6.391992,-5.951917,,,,,,below deadband; feedforward + feedback
2026-05-16 19:53:49,3507.8,450.355,449.528,452.000,2.472,14.064800,100.849000,51.506800,0.712502,18.000000,97.068102,12.094818,12.094818,12.094818,12.143750,12.143750,9.034532,5.683948,5.683948,6.391921,4.473553,9.381336,8.634123,8.554673,-0.00322696,-0.00280033,-0.00397323,-0.313234,-0.271822,-0.385674,9.347766,5.997182,5.955770,6.069622,6.557089,6.361108,-5.955770,,,,,,below deadband; feedforward + feedback
2026-05-16 19:53:54,3512.8,450.034,449.716,452.000,2.284,14.068600,100.845000,51.513500,0.714486,18.000000,97.064252,11.799815,11.799815,11.799815,12.093750,12.093750,8.992705,5.734573,5.734573,6.344664,4.464919,9.426362,8.602775,8.508733,0.00134457,-0.00155913,0.00938989,0.130509,-0.151335,0.911423,8.862196,5.604064,5.885909,4.823150,6.472142,6.326948,-5.885909,,,,,,below deadband; feedforward + feedback
2026-05-16 19:53:59,3517.8,450.963,450.029,452.000,1.971,14.064700,100.847000,51.503500,0.712988,18.000000,97.066177,0.000000,6.799815,6.799815,11.706250,11.706250,8.769631,5.781063,5.781063,6.298259,4.483390,9.470438,8.567097,8.460062,0.02206768,0.00014608,0.01865455,2.142025,0.014180,1.810726,6.627605,3.639037,5.766883,3.970337,6.385738,6.290757,-5.766883,,,,,,within deadband and CO2 rising; MFC zero
2026-05-16 19:54:04,3523.3,449.835,450.333,452.000,1.667,14.122400,100.847000,51.506800,0.712833,18.000000,97.066177,0.000000,1.799815,1.799815,6.418750,6.418750,5.056364,5.823679,5.823679,6.252474,2.582174,9.498282,8.526285,8.403848,0.00993298,0.00248461,0.02595501,0.964156,0.241171,2.519354,4.092207,4.859523,5.582508,3.304325,6.367910,6.248957,-5.582508,,,,,,within deadband and CO2 rising; MFC zero
2026-05-16 19:54:10,3528.8,449.989,450.273,452.000,1.727,14.103900,100.845000,51.506800,0.712909,18.000000,97.064252,0.000000,0.000000,0.000000,0.000000,0.000000,0.000000,5.824206,5.824206,6.206240,0.000000,9.498282,8.480708,8.343978,0.01692500,0.00358584,0.02290651,1.642812,0.348057,2.223403,-1.642812,4.181394,5.476149,3.600803,6.303617,6.204439,-5.476149,,,,,,within deadband and CO2 rising; MFC zero
2026-05-16 19:54:15,3534.3,449.388,450.095,452.000,1.905,14.069600,100.847000,51.506800,0.713521,18.000000,97.066177,0.000000,0.000000,0.000000,0.000000,0.000000,0.000000,5.814803,5.814803,6.160184,0.000000,9.498282,8.431901,8.285480,0.01818556,0.00295537,0.01682131,1.765202,0.286867,1.632781,-1.765202,4.049600,5.527936,4.182022,6.199110,6.160941,-5.527936,,,,,,within deadband and CO2 rising; MFC zero
2026-05-16 19:54:20,3539.3,448.619,449.731,452.000,2.269,14.095900,100.846000,51.506800,0.713051,18.000000,97.065214,11.560244,5.000000,0.000000,0.000000,0.000000,0.000000,5.814803,5.814803,6.120393,0.000000,9.498282,8.383889,8.239854,-0.00729438,0.00128756,0.00563287,-0.708031,0.124977,0.546756,0.708031,6.522834,5.689825,5.268046,6.120787,6.127014,-5.689825,,,,,,below deadband; feedforward + feedback
2026-05-16 19:54:25,3544.3,448.879,449.346,452.000,2.654,14.085300,100.846000,51.510200,0.712288,18.000000,97.065214,12.056275,5.000000,5.000000,0.000000,0.000000,0.000000,5.814803,5.814803,6.089296,0.000000,9.498282,8.340010,8.208372,-0.02243743,-0.00116041,-0.00577952,-2.177894,-0.112636,-0.560991,2.177894,7.992696,5.927438,6.375793,6.127550,6.103605,-5.927438,,,,,,below deadband; feedforward + feedback
2026-05-16 19:54:31,3549.8,448.562,449.082,452.000,2.918,14.102400,100.846000,51.500200,0.713076,18.000000,97.065214,12.387956,10.000000,10.000000,4.850000,4.850000,3.620319,5.778832,5.778832,6.065005,1.854787,9.518342,8.302406,8.189593,-0.01312631,-0.00330815,-0.01351067,-1.274108,-0.321106,-1.311416,4.894428,7.052940,6.099938,7.090248,6.123848,6.089641,-6.099938,,,,,,below deadband; feedforward + feedback
2026-05-16 19:54:36,3555.3,448.992,448.799,452.000,3.201,14.091500,100.846000,51.503500,0.712992,18.000000,97.065214,12.753967,12.753967,12.753967,9.956250,9.956250,7.403297,5.689509,5.689509,6.043794,3.784304,9.558935,8.272672,8.183470,-0.00758004,-0.00529688,-0.02352948,-0.735759,-0.514143,-2.283894,8.139056,6.425268,6.203652,7.973403,6.109444,6.085088,-6.203652,,,,,,below deadband; feedforward + feedback
2026-05-16 19:54:42,3560.8,449.106,448.847,452.000,3.153,14.102600,100.848000,51.500200,0.712069,18.000000,97.067139,12.663270,12.663270,12.663270,12.731250,12.731250,9.452797,5.608164,5.608164,6.022058,4.834809,9.610465,8.249455,8.179802,-0.00226895,-0.00611840,-0.03015373,-0.220241,-0.593896,-2.926936,9.673038,5.828405,6.202060,8.535101,6.087597,6.082361,-6.202060,,,,,,below deadband; feedforward + feedback
2026-05-16 19:54:47,3566.3,450.033,449.026,452.000,2.974,14.098700,100.848000,51.510100,0.712689,18.000000,97.067139,12.393616,12.393616,12.393616,12.662500,12.662500,9.410971,5.587499,5.587499,5.998028,4.673191,9.662106,8.230016,8.171700,0.00132776,-0.00559464,-0.02986943,0.128882,-0.543056,-2.899340,9.282089,5.458617,6.130554,8.486838,6.052484,6.076336,-6.130554,,,,,,below deadband; feedforward + feedback
2026-05-16 19:54:52,3571.3,449.319,449.278,452.000,2.722,14.094600,100.847000,51.506800,0.711873,18.000000,97.066177,12.023946,12.023946,12.023946,12.125000,12.125000,9.025237,5.574207,5.574207,5.970610,4.478491,9.710128,8.213286,8.163095,-0.02584926,-0.00584747,-0.02186390,-2.509089,-0.567592,-2.122246,11.534326,8.083296,6.141799,7.696453,6.090155,6.069938,-6.141799,,,,,,below deadband; feedforward + feedback
2026-05-16 19:54:57,3576.3,449.260,449.337,452.000,2.663,14.111200,100.846000,51.503500,0.711007,18.000000,97.065214,11.926016,11.926016,11.926016,11.987500,11.987500,8.918347,5.639038,5.639038,5.942246,4.564245,9.754741,8.197886,8.151685,-0.02275714,-0.00600582,-0.01771621,-2.208927,-0.582956,-1.719628,11.127274,7.847965,6.221994,7.358666,6.116584,6.061454,-6.221994,,,,,,below deadband; feedforward + feedback
2026-05-16 19:55:03,3581.8,450.723,449.559,452.000,2.441,14.112700,100.846000,51.503500,0.711231,18.000000,97.065214,11.599949,11.599949,11.599949,11.937500,11.937500,8.862578,5.645049,5.645049,5.911800,4.537698,9.803533,8.182199,8.135138,0.01433667,-0.00507873,0.00159236,1.391592,-0.492968,0.154563,7.470987,4.253457,6.138017,5.490486,5.954951,6.049149,-6.138017,,,,,,below deadband; feedforward + feedback
2026-05-16 19:55:08,3587.3,449.874,449.717,452.000,2.283,14.142300,100.849000,51.503500,0.712373,18.000000,97.068102,11.359876,11.359876,11.359876,11.587500,11.587500,8.620914,5.656435,5.656435,5.879654,4.407377,9.851148,8.164306,8.110628,0.00191605,-0.00359293,0.01284397,0.185987,-0.348759,1.246740,8.434927,5.470448,6.005194,4.409695,5.914535,6.030924,-6.005194,,,,,,below deadband; feedforward + feedback
2026-05-16 19:55:14,3592.8,450.506,449.904,452.000,2.096,14.128900,100.848000,51.510200,0.713674,18.000000,97.067139,11.076250,11.076250,11.076250,11.356250,11.356250,8.439666,5.667047,5.667047,5.846082,4.187694,9.897627,8.141815,8.074343,0.00457152,-0.00163844,0.02309685,0.443745,-0.159039,2.241945,7.995921,5.223302,5.826085,3.425101,5.905660,6.003943,-5.826085,,,,,,below deadband; feedforward + feedback
2026-05-16 19:55:19,3597.8,450.339,450.237,452.000,1.763,14.116100,100.847000,51.506800,0.712563,18.000000,97.066177,0.000000,6.076250,6.076250,11.012500,11.012500,8.244475,5.671740,5.671740,5.810713,4.099896,9.939012,8.112716,8.025417,0.01655497,0.00115177,0.03255838,1.606928,0.111798,3.160318,6.637547,4.064813,5.559942,2.511423,5.907586,5.967563,-5.559942,,,,,,within deadband and CO2 rising; MFC zero
2026-05-16 19:55:24,3602.8,449.666,450.240,452.000,1.760,14.149700,100.847000,51.503500,0.712197,18.000000,97.066177,0.000000,1.076250,1.076250,6.037500,6.037500,4.507971,5.696015,5.696015,5.774867,2.302724,9.961681,8.077591,7.972219,0.01862223,0.00285129,0.03281863,1.807589,0.276764,3.185579,2.700383,3.888427,5.419251,2.510436,5.903128,5.928005,-5.419251,,,,,,within deadband and CO2 rising; MFC zero
2026-05-16 19:55:29,3608.3,449.541,450.202,452.000,1.798,14.155500,100.846000,51.506900,0.711809,18.000000,97.065214,0.000000,0.000000,0.000000,0.000000,0.000000,0.000000,5.812138,5.812138,5.743537,0.000000,9.961681,8.038903,7.922837,0.01048760,0.00341063,0.02788302,1.017981,0.331053,2.706472,-1.017981,4.794157,5.481085,3.105666,5.906112,5.891286,-5.481085,,,,,,within deadband and CO2 rising; MFC zero
2026-05-16 19:55:35,3613.8,449.794,449.983,452.000,2.017,14.140000,100.850000,51.506800,0.709900,18.000000,97.069064,10.824939,5.000000,0.000000,0.000000,0.000000,0.000000,5.887379,5.887379,5.720963,0.000000,9.961681,8.000579,7.885606,0.02455510,0.00293856,0.01446858,2.383541,0.285243,1.404451,-2.383541,3.503839,5.602136,4.482928,5.870596,5.863602,-5.602136,,,,,,below deadband; feedforward + feedback
2026-05-16 19:55:40,3619.3,448.854,449.606,452.000,2.394,14.137900,100.847000,51.510200,0.711861,18.000000,97.066177,11.317419,5.000000,0.000000,0.000000,0.000000,0.000000,5.887379,5.887379,5.707767,0.000000,9.961681,7.966029,7.862379,-0.00220172,0.00185927,0.00375162,-0.213713,0.180472,0.364156,0.213713,6.101092,5.706908,5.523224,5.878608,5.846330,-5.706908,,,,,,below deadband; feedforward + feedback
2026-05-16 19:55:46,3624.8,448.720,449.279,452.000,2.721,14.155800,100.847000,51.506800,0.712495,18.000000,97.066177,11.747726,5.000000,5.000000,0.000000,0.000000,0.000000,5.887379,5.887379,5.703899,0.000000,9.961681,7.937731,7.852837,-0.01679025,0.00010859,-0.00971170,-1.629766,0.010541,-0.942677,1.629766,7.517145,5.876839,6.830057,5.893416,5.839235,-5.876839,,,,,,below deadband; feedforward + feedback
2026-05-16 19:55:51,3629.8,448.976,449.070,452.000,2.930,14.154300,100.848000,51.510100,0.710869,18.000000,97.067139,12.018762,10.000000,10.000000,4.812500,4.812500,3.592435,5.840332,5.840332,5.707667,1.778861,9.979468,7.917182,7.855536,-0.01796704,-0.00132662,-0.01432462,-1.744010,-0.128771,-1.390450,5.336444,7.584342,5.969104,7.230782,5.900564,5.841242,-5.969104,,,,,,below deadband; feedforward + feedback
2026-05-16 19:55:56,3634.8,448.788,448.980,452.000,3.020,14.190900,100.851000,51.506800,0.711142,18.000000,97.070027,12.132073,12.132073,12.132073,9.943750,9.943750,7.394002,5.747741,5.747741,5.714754,3.786872,10.016381,7.904213,7.865305,-0.00823559,-0.00244906,-0.02640969,-0.799429,-0.237730,-2.563589,8.193431,6.547170,5.985471,8.311330,5.871929,5.848506,-5.985471,,,,,,below deadband; feedforward + feedback
2026-05-16 19:56:01,3640.3,450.010,449.103,452.000,2.897,14.161700,100.845000,51.503500,0.712096,18.000000,97.064252,11.953024,11.953024,11.953024,12.875000,12.875000,9.211133,5.658635,5.658635,5.721003,4.706065,10.065185,7.896559,7.873600,0.00015126,-0.00238118,-0.02669880,0.014682,-0.231127,-2.591499,9.196451,5.643952,5.889762,8.250134,5.870415,5.854674,-5.889762,,,,,,below deadband; feedforward + feedback
2026-05-16 19:56:07,3645.8,448.824,449.202,452.000,2.798,14.164100,100.848000,51.503500,0.712407,18.000000,97.067139,11.808987,11.808987,11.808987,11.800000,11.800000,8.778925,5.613168,5.613168,5.724898,4.477746,10.113381,7.892312,7.879570,-0.02055501,-0.00271079,-0.02345908,-1.995216,-0.263129,-2.277106,10.774141,7.608384,5.876297,7.890274,5.904857,5.859113,-5.876297,,,,,,below deadband; feedforward + feedback
2026-05-16 19:56:12,3651.3,449.549,449.244,452.000,2.756,14.167800,100.851000,51.503500,0.711086,18.000000,97.070027,11.749277,11.749277,11.749277,11.793750,11.793750,8.764983,5.599179,5.599179,5.726283,4.475681,10.161421,7.891192,7.887830,-0.01233637,-0.00404668,-0.02291999,-1.197491,-0.392811,-2.224844,9.962475,6.796671,5.991990,7.824023,5.851789,5.865256,-5.991990,,,,,,below deadband; feedforward + feedback
2026-05-16 19:56:18,3656.8,449.322,449.236,452.000,2.764,14.175300,100.848000,51.503500,0.709740,18.000000,97.067139,11.760855,11.760855,11.760855,11.743750,11.743750,8.732451,5.592115,5.592115,5.725202,4.333026,10.209351,7.891045,7.890605,-0.01983238,-0.00432311,-0.01502097,-1.925072,-0.419632,-1.458043,10.657524,7.517188,6.011747,7.050158,5.864042,5.867319,-6.011747,,,,,,below deadband; feedforward + feedback
2026-05-16 19:56:23,3661.8,449.444,449.246,452.000,2.754,14.184700,100.852000,51.506800,0.712717,18.000000,97.070990,11.745346,11.745346,11.745346,11.750000,11.750000,8.737099,5.581534,5.581534,5.721670,4.336918,10.253105,7.890271,7.887949,-0.00435303,-0.00326530,-0.00415426,-0.422553,-0.316966,-0.403258,9.159652,6.004088,5.898500,5.984792,5.864280,5.865344,-5.898500,,,,,,below deadband; feedforward + feedback
2026-05-16 19:56:28,3666.8,450.179,449.357,452.000,2.643,14.175200,100.849000,51.503500,0.710472,18.000000,97.068102,11.587765,11.587765,11.587765,11.737500,11.737500,8.723157,5.571465,5.571465,5.716046,4.472517,10.296804,7.888090,7.881547,-0.00094120,-0.00181725,0.00386569,-0.091360,-0.176397,0.375235,8.814517,5.662825,5.747862,5.196230,5.866306,5.860584,-5.747862,,,,,,below deadband; feedforward + feedback
2026-05-16 19:56:33,3672.3,449.625,449.559,452.000,2.441,14.193600,100.850000,51.506800,0.711654,18.000000,97.069064,11.301613,11.301613,11.301613,11.606250,11.606250,8.611619,5.563487,5.563487,5.708543,4.391341,10.344265,7.883548,7.869921,0.01366412,0.00048742,0.01170935,1.326364,0.047313,1.136616,7.285256,4.237124,5.516174,4.426871,5.886930,5.851939,-5.516174,,,,,,below deadband; feedforward + feedback
2026-05-16 19:56:39,3677.8,449.719,449.794,452.000,2.206,14.194500,100.850000,51.510200,0.713738,18.000000,97.069064,10.965991,10.965991,10.965991,11.287500,11.287500,8.397839,5.609125,5.609125,5.701145,4.302648,10.390633,7.878256,7.862381,0.01136177,0.00194918,0.01928523,1.102876,0.189205,1.871999,7.294963,4.506249,5.419920,3.737125,5.874748,5.846332,-5.419920,,,,,,below deadband; feedforward + feedback
2026-05-16 19:56:44,3683.3,450.418,449.986,452.000,2.014,14.198700,100.849000,51.513500,0.715368,18.000000,97.068102,10.693036,10.693036,10.693036,10.962500,10.962500,8.160822,5.803881,5.803881,5.700444,4.173705,10.435689,7.873996,7.861214,0.01963064,0.00363551,0.02322725,1.905509,0.352892,2.254625,6.255313,3.898372,5.450989,3.549256,5.864988,5.845464,-5.450989,,,,,,below deadband; feedforward + feedback
2026-05-16 19:56:50,3688.8,450.821,450.234,452.000,1.766,14.182700,100.848000,51.500200,0.714741,18.000000,97.067139,0.000000,5.693036,5.693036,10.656250,10.656250,7.947042,6.108255,6.108255,5.710563,3.947478,10.479459,7.872201,7.866816,0.03003421,0.00473407,0.02634936,2.915335,0.459523,2.557657,5.031707,3.192920,5.648732,3.550597,5.835448,5.849630,-5.648732,,,,,,within deadband and CO2 rising; MFC zero
2026-05-16 19:56:55,3693.8,450.369,450.362,452.000,1.638,14.206600,100.849000,51.510100,0.710654,18.000000,97.068102,0.000000,0.693036,0.693036,5.500000,5.500000,4.233775,6.377757,6.377757,5.729975,2.101369,10.500742,7.873467,7.877266,0.02825265,0.00476573,0.02552548,2.742431,0.462600,2.477710,1.491344,3.635326,5.915157,3.900047,5.735878,5.857400,-5.915157,,,,,,within deadband and CO2 rising; MFC zero
2026-05-16 19:57:00,3698.8,449.930,450.353,452.000,1.647,14.193500,100.848000,51.503500,0.711506,18.000000,97.067139,0.000000,0.000000,0.000000,0.000000,0.000000,0.000000,6.593830,6.593830,5.756838,0.000000,10.500742,7.877158,7.888232,0.01702555,0.00442914,0.02513131,1.652622,0.429924,2.439424,-1.652622,4.941208,6.163906,4.154406,5.630655,5.865554,-6.163906,,,,,,within deadband and CO2 rising; MFC zero
2026-05-16 19:57:05,3704.3,448.739,450.087,452.000,1.913,14.193800,100.847000,51.510100,0.714014,18.000000,97.066177,0.000000,0.000000,0.000000,0.000000,0.000000,0.000000,6.627028,6.627028,5.786087,0.000000,10.500742,7.883174,7.901222,-0.01374818,0.00254420,0.01835157,-1.334483,0.246955,1.781317,1.334483,7.961510,6.380072,4.845711,5.661985,5.875214,-6.380072,,,,,,within deadband and CO2 rising; MFC zero
2026-05-16 19:57:11,3709.8,449.920,449.686,452.000,2.314,14.232600,100.847000,51.506800,0.710960,18.000000,97.066177,11.128486,5.000000,0.000000,0.000000,0.000000,0.000000,6.447344,6.447344,5.812219,0.000000,10.500742,7.889411,7.908122,0.01200024,0.00097775,0.00349393,1.164817,0.094907,0.339142,-1.164817,5.282526,6.352437,6.108202,5.622580,5.880344,-6.352437,,,,,,below deadband; feedforward + feedback
2026-05-16 19:57:16,3715.3,448.901,449.254,452.000,2.746,14.209900,100.851000,51.510100,0.711987,18.000000,97.070027,11.739284,5.000000,5.000000,0.000000,0.000000,0.000000,6.151832,6.151832,5.830966,0.000000,10.500742,7.894639,7.910324,-0.00220172,-0.00100668,-0.01177525,-0.213721,-0.097718,-1.143024,0.213721,6.365553,6.249550,7.294856,5.641102,5.881982,-6.249550,,,,,,below deadband; feedforward + feedback
2026-05-16 19:57:22,3720.8,449.007,448.936,452.000,3.064,14.214600,100.850000,51.506800,0.711525,18.000000,97.069064,12.186866,10.000000,10.000000,7.975000,7.975000,5.948663,5.805647,5.805647,5.838488,2.954671,10.537573,7.896671,7.902764,-0.00467244,-0.00166773,-0.02184345,-0.453550,-0.161885,-2.120324,6.402213,6.259197,5.967532,7.925971,5.668708,5.876360,-5.967532,,,,,,below deadband; feedforward + feedback
2026-05-16 19:57:27,3725.8,448.464,448.803,452.000,3.197,14.219400,100.850000,51.503500,0.713483,18.000000,97.069064,12.371234,12.371234,12.371234,9.887500,9.887500,7.352176,5.563580,5.563580,5.838122,3.643382,10.557964,7.895889,7.893544,-0.01721073,-0.00390856,-0.03176521,-1.670630,-0.379400,-3.083419,9.022805,7.234210,5.942980,8.646999,5.639430,5.869505,-5.942980,,,,,,below deadband; feedforward + feedback
2026-05-16 19:57:32,3730.8,449.413,448.774,452.000,3.226,14.218300,100.848000,51.506800,0.713195,18.000000,97.067139,12.408092,12.408092,12.408092,12.325000,12.325000,9.173954,5.451469,5.451469,5.831654,4.680630,10.603099,7.891552,7.878540,-0.00805058,-0.00460473,-0.03596301,-0.781447,-0.446968,-3.490826,9.955401,6.232916,5.898437,8.942295,5.583738,5.858347,-5.898437,,,,,,below deadband; feedforward + feedback
2026-05-16 19:57:37,3736.3,449.013,448.828,452.000,3.172,14.228800,100.853000,51.506800,0.712965,18.000000,97.071952,12.325312,12.325312,12.325312,12.393750,12.393750,9.206486,5.382549,5.382549,5.822602,4.711891,10.653742,7.884582,7.863671,-0.02124411,-0.00447962,-0.03617826,-2.062207,-0.434845,-3.511894,11.268693,7.444756,5.817394,8.894443,5.693783,5.847291,-5.817394,,,,,,below deadband; feedforward + feedback
2026-05-16 19:57:43,3741.8,449.387,448.885,452.000,3.115,14.242600,100.852000,51.513500,0.712140,18.000000,97.070990,12.237901,12.237901,12.237901,12.312500,12.312500,9.155364,5.396011,5.396011,5.813622,4.684771,10.704136,7.876901,7.853859,-0.01341205,-0.00409583,-0.02992848,-1.301921,-0.397586,-2.905187,10.457285,6.697931,5.793597,8.301197,5.736110,5.839995,-5.793597,,,,,,below deadband; feedforward + feedback
2026-05-16 19:57:48,3747.3,449.159,449.137,452.000,2.863,14.217400,100.849000,51.500200,0.710895,18.000000,97.068102,11.877983,11.877983,11.877983,12.206250,12.206250,9.094948,5.418256,5.418256,5.805043,4.656220,10.754198,7.869188,7.846049,-0.01998360,-0.00246649,-0.01852856,-1.939770,-0.239418,-1.798532,11.034718,7.358026,5.657674,7.216788,5.809721,5.834188,-5.657674,,,,,,below deadband; feedforward + feedback
2026-05-16 19:57:54,3752.8,449.853,449.264,452.000,2.736,14.231000,100.847000,51.500200,0.711467,18.000000,97.066177,11.698346,11.698346,11.698346,11.875000,11.875000,8.816105,5.444979,5.444979,5.800838,4.373057,10.802802,7.868506,7.866462,-0.00554632,-0.00128808,-0.00519017,-0.538361,-0.125029,-0.503790,9.354465,5.983339,5.570008,5.948768,5.946858,5.849366,-5.570008,,,,,,below deadband; feedforward + feedback
2026-05-16 19:57:59,3757.8,449.569,449.552,452.000,2.448,14.217000,100.852000,51.510100,0.711124,18.000000,97.070990,11.290630,11.290630,11.290630,11.693750,11.693750,8.695272,5.519476,5.519476,5.791136,4.310602,10.846447,7.863710,7.849321,-0.00643710,0.00040930,0.01112741,-0.624856,0.039732,1.080149,9.320128,6.144332,5.479745,4.439328,5.953667,5.836621,-5.479745,,,,,,below deadband; feedforward + feedback
2026-05-16 19:58:04,3762.8,449.716,449.737,452.000,2.263,14.239700,100.852000,51.510200,0.714251,18.000000,97.070990,11.030257,11.030257,11.030257,11.293750,11.293750,8.397839,5.722320,5.722320,5.788039,4.302996,10.888726,7.861602,7.855277,0.00690771,0.00116215,0.02256701,0.670538,0.112811,2.190602,7.727301,5.051782,5.609508,3.531718,5.962551,5.841049,-5.609508,,,,,,below deadband; feedforward + feedback
2026-05-16 19:58:09,3768.3,450.167,449.908,452.000,2.092,14.242500,100.850000,51.506800,0.712807,18.000000,97.069064,10.792333,10.792333,10.792333,12.018750,12.018750,8.974116,6.037831,6.037831,5.793227,4.591314,10.939149,7.863078,7.867507,0.01894186,0.00177145,0.02607262,1.838669,0.171953,2.530845,7.135447,4.199162,5.865878,3.506986,5.986527,5.850144,-5.865878,,,,,,below deadband; feedforward + feedback
2026-05-16 19:58:15,3773.8,448.595,449.930,452.000,2.070,14.268600,100.851000,51.503500,0.711212,18.000000,97.070027,10.767952,10.767952,10.767952,10.650000,10.650000,7.923805,6.342917,6.342917,5.808935,4.052581,10.979401,7.870267,7.891832,-0.00356316,0.00114842,0.02469714,-0.345876,0.111477,2.397352,8.269681,6.688793,6.231440,3.945565,6.006793,5.868231,-6.231440,,,,,,below deadband; feedforward + feedback
2026-05-16 19:58:20,3779.3,450.245,449.729,452.000,2.271,14.257500,100.852000,51.503500,0.711518,18.000000,97.070990,11.063704,11.063704,11.063704,10.762500,10.762500,7.988869,6.651132,6.651132,5.835271,3.967001,11.023120,7.884409,7.926835,0.02919408,0.00020078,0.02066497,2.833898,0.019490,2.005969,5.154970,3.817234,6.631642,4.645163,5.879210,5.894259,-6.631642,,,,,,below deadband; feedforward + feedback
2026-05-16 19:58:25,3784.3,450.451,449.835,452.000,2.165,14.251700,100.852000,51.510200,0.713207,18.000000,97.070990,10.935426,10.935426,10.935426,11.043750,11.043750,8.225886,6.877506,6.877506,5.871036,4.079122,11.064092,7.904916,7.966437,0.03295865,0.00056074,0.02260441,3.199328,0.054432,2.194233,5.026557,3.678178,6.823075,4.683274,5.744514,5.923706,-6.823075,,,,,,below deadband; feedforward + feedback
2026-05-16 19:58:30,3789.3,449.454,449.837,452.000,2.163,14.282200,100.851000,51.496900,0.713030,18.000000,97.070027,10.959190,10.959190,10.959190,10.931250,10.931250,8.123643,6.992049,6.992049,5.913943,4.161950,11.104852,7.930885,8.008793,0.01127752,0.00096021,0.01760511,1.094709,0.093208,1.708929,7.028934,5.897340,6.898841,5.283120,5.722107,5.955202,-6.898841,,,,,,below deadband; feedforward + feedback
2026-05-16 19:58:36,3794.8,450.639,450.056,452.000,1.944,14.261900,100.850000,51.500200,0.713342,18.000000,97.069064,0.000000,5.959190,5.959190,10.975000,10.975000,8.146880,7.004706,7.004706,5.960360,4.175065,11.149658,7.961226,8.052250,0.01850451,0.00183217,0.01447370,1.796215,0.177847,1.404949,6.350665,5.208490,6.826859,5.599757,5.707091,5.987515,-6.826859,,,,,,within deadband and CO2 rising; MFC zero
2026-05-16 19:58:41,3800.3,450.069,450.312,452.000,1.688,14.259900,100.848000,51.506800,0.713815,18.000000,97.067139,0.000000,0.959190,0.959190,5.643750,5.643750,4.438260,6.974033,6.974033,6.007286,2.267798,11.174110,7.994179,8.093038,0.01268934,0.00224784,0.01577486,1.231718,0.218192,1.531221,3.206543,5.742315,6.755841,5.442812,5.642743,6.017844,-6.755841,,,,,,within deadband and CO2 rising; MFC zero
2026-05-16 19:58:47,3805.8,449.969,450.339,452.000,1.661,14.263100,100.852000,51.506800,0.710405,18.000000,97.070990,0.000000,0.000000,0.000000,0.000000,0.000000,0.000000,6.881705,6.881705,6.051511,0.000000,11.174110,8.026294,8.122639,0.00932792,0.00258970,0.01534069,0.905470,0.251385,1.489136,-0.905470,5.976234,6.630320,5.392569,5.614453,6.039856,-6.630320,,,,,,within deadband and CO2 rising; MFC zero
2026-05-16 19:58:52,3811.3,448.882,450.193,452.000,1.807,14.292600,100.851000,51.506800,0.711199,18.000000,97.070027,0.000000,0.000000,0.000000,0.000000,0.000000,0.000000,6.634975,6.634975,6.087472,0.000000,11.174110,8.055156,8.141743,-0.01347928,0.00217656,0.00479267,-1.308434,0.211279,0.465225,1.308434,7.943409,6.423696,6.169750,5.629150,6.054061,-6.423696,,,,,,within deadband and CO2 rising; MFC zero
2026-05-16 19:58:57,3816.3,448.716,449.939,452.000,2.061,14.288800,100.851000,51.506800,0.711901,18.000000,97.070027,10.965177,5.000000,0.000000,0.000000,0.000000,0.000000,6.343815,6.343815,6.113757,0.000000,11.174110,8.080372,8.156017,-0.03647194,0.00141654,-0.00223764,-3.540332,0.137504,-0.217207,3.540332,9.884148,6.206312,6.561023,5.762945,6.064675,-6.206312,,,,,,below deadband; feedforward + feedback
2026-05-16 19:59:03,3821.8,448.901,449.471,452.000,2.529,14.304600,100.852000,51.506800,0.712955,18.000000,97.070990,11.642765,5.000000,5.000000,0.000000,0.000000,0.000000,6.023409,6.023409,6.129341,0.000000,11.174110,8.101815,8.166146,-0.01650482,0.00058851,-0.00871657,-1.602139,0.057128,-0.846126,1.602139,7.625547,5.966281,6.869534,5.830625,6.072207,-5.966281,,,,,,below deadband; feedforward + feedback
2026-05-16 19:59:08,3826.8,449.728,449.178,452.000,2.822,14.280700,100.853000,51.500200,0.711839,18.000000,97.071952,12.071069,10.000000,10.000000,4.787500,4.787500,3.601730,5.733396,5.733396,6.135200,1.834973,11.192259,8.119954,8.174368,-0.00665559,0.00041132,-0.01521344,-0.646071,0.039928,-1.476799,4.247801,6.379467,5.693468,7.210194,5.904499,6.078320,-5.693468,,,,,,below deadband; feedforward + feedback
2026-05-16 19:59:13,3832.3,447.873,449.075,452.000,2.925,14.325000,100.852000,51.506800,0.711308,18.000000,97.070990,12.228958,12.228958,12.228958,9.943750,9.943750,7.403297,5.481104,5.481104,6.130786,3.792999,11.232894,8.133503,8.174153,-0.02178193,0.00067808,-0.01926633,-2.114394,0.065822,-1.870201,9.517691,7.595498,5.415283,7.351306,6.011025,6.078160,-5.415283,,,,,,below deadband; feedforward + feedback
2026-05-16 19:59:19,3837.8,449.721,448.981,452.000,3.019,14.303400,100.848000,51.500200,0.711660,18.000000,97.067139,12.367734,12.367734,12.367734,12.212500,12.212500,9.081006,5.381247,5.381247,6.116212,4.658660,11.282095,8.141799,8.166686,0.01394985,0.00094028,-0.03112837,1.354072,0.091270,-3.021542,7.726934,4.027176,5.289977,8.402789,6.015466,6.072608,-5.289977,,,,,,below deadband; feedforward + feedback
2026-05-16 19:59:24,3843.3,449.448,449.164,452.000,2.836,14.310000,100.851000,51.510200,0.712368,18.000000,97.070027,12.112873,12.112873,12.112873,12.350000,12.350000,9.187896,5.383881,5.383881,6.091234,4.551534,11.332394,8.142298,8.143794,-0.01505912,0.00235716,-0.02723726,-1.461789,0.228809,-2.643922,10.649685,6.845670,5.155072,8.027802,6.141423,6.055585,-5.155072,,,,,,below deadband; feedforward + feedback
2026-05-16 19:59:29,3848.3,449.801,449.297,452.000,2.703,14.298400,100.851000,51.510100,0.711069,18.000000,97.070027,11.917540,11.917540,11.917540,9.206250,9.206250,7.017563,5.459138,5.459138,6.059557,3.485736,11.381069,8.133305,8.106328,0.00963046,0.00362516,-0.02075537,0.934829,0.351895,-2.014725,6.082734,4.524308,5.107243,7.473862,6.172078,6.027726,-5.107243,,,,,,below deadband; feedforward + feedback
2026-05-16 19:59:34,3853.3,448.805,449.475,452.000,2.525,14.339900,100.850000,51.506800,0.711201,18.000000,97.069064,11.650744,11.650744,11.650744,11.712500,11.712500,8.709214,5.664986,5.664986,6.027528,4.456268,11.423049,8.116374,8.065580,-0.01860541,0.00391232,-0.01621770,-1.806010,0.379765,-1.574237,10.515225,7.470996,5.285221,7.239223,6.259312,5.997427,-5.285221,,,,,,below deadband; feedforward + feedback
2026-05-16 19:59:40,3858.8,449.467,449.529,452.000,2.471,14.318900,100.848000,51.503500,0.711578,18.000000,97.067139,11.555658,11.555658,11.555658,11.650000,11.650000,8.658093,6.003533,6.003533,6.006028,4.422553,11.470606,8.096118,8.035350,-0.02352990,0.00283641,-0.00793344,-2.283980,0.275322,-0.770076,10.942073,8.287513,5.728211,6.773610,6.270553,5.974949,-5.728211,,,,,,below deadband; feedforward + feedback
2026-05-16 19:59:45,3864.3,450.217,449.716,452.000,2.284,14.300400,100.849000,51.500200,0.712518,18.000000,97.068102,11.275450,11.275450,11.275450,11.550000,11.550000,8.597677,6.320238,6.320238,6.001645,4.266594,11.517769,8.077430,8.021366,0.01332823,0.00277491,0.01026357,1.293746,0.269355,0.996265,7.303932,5.026492,6.050882,5.323972,6.261725,5.964551,-6.050882,,,,,,below deadband; feedforward + feedback
2026-05-16 19:59:50,3869.3,449.794,449.736,452.000,2.264,14.326900,100.851000,51.503500,0.714436,18.000000,97.070027,11.234581,11.234581,11.234581,11.281250,11.281250,8.383897,6.608035,6.608035,6.017377,4.149478,11.559895,8.064911,8.027356,-0.00272279,0.00236243,0.01684544,-0.264301,0.229321,1.635187,8.648198,6.872336,6.378714,4.972848,6.279200,5.969004,-6.378714,,,,,,below deadband; feedforward + feedback
2026-05-16 19:59:55,3874.3,450.511,449.964,452.000,2.036,14.320100,100.850000,51.513500,0.714171,18.000000,97.069064,10.913699,10.913699,10.913699,11.243750,11.243750,8.342070,6.870086,6.870086,6.054081,4.137395,11.601733,8.063509,8.059302,0.02475677,0.00220128,0.02409608,2.403116,0.213676,2.338984,5.938954,4.466970,6.656410,4.531102,6.217399,5.992759,-6.656410,,,,,,below deadband; feedforward + feedback
2026-05-16 20:00:00,3879.3,450.506,450.142,452.000,1.858,14.341900,100.848000,51.516800,0.712677,18.000000,97.067139,0.000000,5.913699,5.913699,10.900000,10.900000,8.095759,6.907436,6.907436,6.100421,4.135417,11.642505,8.071988,8.097423,0.02897538,0.00146713,0.02510389,2.812557,0.142410,2.436762,5.283201,4.094878,6.765025,4.470673,6.109146,6.021105,-6.765025,,,,,,within deadband and CO2 rising; MFC zero
2026-05-16 20:00:06,3884.8,449.924,450.148,452.000,1.852,14.317100,100.850000,51.503500,0.711866,18.000000,97.069064,0.000000,0.913699,0.913699,5.687500,5.687500,4.391786,7.036230,7.036230,6.155068,2.179980,11.666719,8.090524,8.146135,0.01413473,0.00090016,0.02223129,1.372045,0.087378,2.157970,3.019741,5.664185,6.948852,4.878260,6.089535,6.057326,-6.948852,,,,,,within deadband and CO2 rising; MFC zero
2026-05-16 20:00:11,3889.8,450.330,450.192,452.000,1.808,14.310800,100.849000,51.506800,0.712135,18.000000,97.068102,0.000000,0.000000,0.000000,0.000000,0.000000,0.000000,6.941238,6.941238,6.208816,0.000000,11.666719,8.116749,8.195421,0.02473993,0.00062884,0.02276341,2.401458,0.061040,2.209601,-2.401458,4.539780,6.880197,4.731636,5.989363,6.093975,-6.880197,,,,,,within deadband and CO2 rising; MFC zero
2026-05-16 20:00:16,3894.8,448.807,449.893,452.000,2.107,14.322600,100.849000,51.500200,0.712629,18.000000,97.068102,11.098176,5.000000,0.000000,0.000000,0.000000,0.000000,6.722082,6.722082,6.254543,0.000000,11.666719,8.147676,8.240457,-0.00704216,-0.00043959,0.00789624,-0.683569,-0.042670,0.766473,0.683569,7.405651,6.764752,5.955609,6.013767,6.127463,-6.764752,,,,,,below deadband; feedforward + feedback
2026-05-16 20:00:21,3900.3,449.163,449.618,452.000,2.382,14.382800,100.849000,51.513500,0.711389,18.000000,97.068102,11.516183,5.000000,0.000000,0.000000,0.000000,0.000000,6.386385,6.386385,6.287926,0.000000,11.666719,8.181768,8.284046,0.00013446,-0.00217610,-0.00209444,0.013051,-0.211230,-0.203303,-0.013051,6.373334,6.597616,6.589688,5.979812,6.159875,-6.597616,,,,,,below deadband; feedforward + feedback
2026-05-16 20:00:27,3905.8,448.072,449.188,452.000,2.812,14.355000,100.850000,51.503500,0.712553,18.000000,97.069064,12.153930,5.000000,5.000000,0.000000,0.000000,0.000000,6.053136,6.053136,6.308897,0.000000,11.666719,8.217060,8.322935,-0.04124524,-0.00366200,-0.01513592,-4.003636,-0.355467,-1.469229,4.003636,10.056773,6.408603,7.522366,6.120276,6.188792,-6.408603,,,,,,below deadband; feedforward + feedback
2026-05-16 20:00:32,3911.3,449.310,448.804,452.000,3.196,14.331200,100.851000,51.506800,0.711225,18.000000,97.070027,12.726130,10.000000,10.000000,4.825000,4.825000,3.597082,5.728919,5.728919,6.316120,1.781561,11.687526,8.251485,8.354761,-0.01440388,-0.00450311,-0.02131588,-1.398185,-0.437117,-2.069133,4.995267,7.127104,6.166036,7.798052,6.154164,6.212457,-6.166036,,,,,,below deadband; feedforward + feedback
2026-05-16 20:00:37,3916.3,449.354,448.815,452.000,3.185,14.338600,100.848000,51.503500,0.711324,18.000000,97.067139,12.740455,12.740455,12.740455,9.950000,9.950000,7.398650,5.507145,5.507145,6.308700,3.665351,11.724465,8.281630,8.372063,-0.00808432,-0.00489840,-0.02808154,-0.784721,-0.475473,-2.725794,8.183371,6.291867,5.982619,8.232940,6.196926,6.225323,-5.982619,,,,,,below deadband; feedforward + feedback
2026-05-16 20:00:42,3921.3,449.123,448.744,452.000,3.256,14.350500,100.853000,51.506800,0.710994,18.000000,97.071952,12.863738,12.863738,12.863738,12.718750,12.718750,9.457445,5.394523,5.394523,6.286517,4.694776,11.771206,8.304848,8.374503,-0.02026924,-0.00539766,-0.03373128,-1.967575,-0.523961,-3.274361,11.425020,7.362098,5.918485,8.668884,6.305993,6.227137,-5.918485,,,,,,below deadband; feedforward + feedback
2026-05-16 20:00:48,3926.8,449.577,449.061,452.000,2.939,14.355900,100.853000,51.506800,0.711374,18.000000,97.071952,12.433441,12.433441,12.433441,12.375000,12.375000,9.192543,5.359807,5.359807,6.252616,4.701812,11.826076,8.318666,8.360118,0.00317653,-0.00578377,-0.02567511,0.308352,-0.561442,-2.492333,8.884191,5.051455,5.921249,7.852140,6.249533,6.216441,-5.921249,,,,,,below deadband; feedforward + feedback
2026-05-16 20:00:53,3932.3,449.409,449.107,452.000,2.893,14.344500,100.850000,51.503500,0.710369,18.000000,97.069064,12.372175,12.372175,12.372175,12.393750,12.393750,9.220428,5.483413,5.483413,6.212350,4.722731,11.876607,8.322430,8.333725,-0.01855498,-0.00596577,-0.02361639,-1.801114,-0.579091,-2.292420,11.021542,7.284527,6.062504,7.775833,6.369095,6.196815,-6.062504,,,,,,below deadband; feedforward + feedback
2026-05-16 20:00:59,3937.8,449.824,449.202,452.000,2.798,14.353200,100.848000,51.506800,0.709768,18.000000,97.067139,12.232977,12.232977,12.232977,12.356250,12.356250,9.192543,5.507207,5.507207,6.165099,4.699806,11.927208,8.315707,8.295536,0.00000000,-0.00507248,-0.01332567,0.000000,-0.492371,-1.293485,9.192543,5.507207,5.999579,6.800692,6.432164,6.168419,-5.999579,,,,,,below deadband; feedforward + feedback
2026-05-16 20:01:04,3943.3,449.520,449.383,452.000,2.617,14.358500,100.850000,51.510100,0.712652,18.000000,97.069064,11.962704,11.962704,11.962704,12.225000,12.225000,9.094948,5.544371,5.544371,6.115179,4.507428,11.977169,8.299499,8.250874,-0.01163049,-0.00403187,-0.00037640,-1.128960,-0.391370,-0.036537,10.223908,6.673331,5.935741,5.580908,6.458923,6.135208,-5.935741,,,,,,below deadband; feedforward + feedback
2026-05-16 20:01:09,3948.3,449.839,449.479,452.000,2.521,14.386900,100.847000,51.506800,0.714733,18.000000,97.066177,11.804696,11.804696,11.804696,11.956250,11.956250,8.890463,5.578498,5.578498,6.065999,4.414499,12.021855,8.275191,8.202267,-0.00584886,-0.00206261,0.01241464,-0.567726,-0.200209,1.205042,9.458189,6.146225,5.778707,4.373456,6.491258,6.099065,-5.778707,,,,,,below deadband; feedforward + feedback
2026-05-16 20:01:14,3953.3,450.227,449.806,452.000,2.194,14.349200,100.846000,51.506800,0.711201,18.000000,97.065214,11.314771,11.314771,11.314771,11.818750,11.818750,8.783573,5.620170,5.620170,6.019314,4.352636,12.065861,8.243451,8.148233,0.01028590,0.00030408,0.02280583,0.998403,0.029516,2.213653,7.785170,4.621767,5.590654,3.406517,6.452619,6.058886,-5.590654,,,,,,below deadband; feedforward + feedback
2026-05-16 20:01:20,3958.8,449.965,449.970,452.000,2.030,14.375700,100.850000,51.510100,0.711822,18.000000,97.069064,11.049315,11.049315,11.049315,11.312500,11.312500,8.407134,5.797313,5.797313,5.981921,4.297514,12.112420,8.207910,8.101288,0.02455550,0.00184733,0.02868112,2.383580,0.179318,2.784049,6.023554,3.413733,5.617995,3.013264,6.364257,6.023979,-5.617995,,,,,,below deadband; feedforward + feedback
2026-05-16 20:01:25,3964.3,449.016,449.966,452.000,2.034,14.392500,100.850000,51.510100,0.712837,18.000000,97.069064,11.022896,11.022896,11.022896,11.043750,11.043750,8.216591,6.113707,6.113707,5.963947,4.193216,12.157773,8.175226,8.077171,0.01376521,0.00216398,0.02643021,1.336176,0.210055,2.565555,6.880415,4.777531,5.903652,3.548152,6.255089,6.006046,-5.903652,,,,,,below deadband; feedforward + feedback
2026-05-16 20:01:31,3969.8,450.383,450.054,452.000,1.946,14.352600,100.845000,51.500200,0.712631,18.000000,97.064252,0.000000,6.022896,6.022896,11.037500,11.037500,8.198001,6.419274,6.419274,5.966549,4.186324,12.202884,8.150223,8.075217,0.03393344,0.00262815,0.02367102,3.293724,0.255099,2.297609,4.904277,3.125550,6.164174,4.121664,6.022033,6.004593,-6.164174,,,,,,within deadband and CO2 rising; MFC zero
2026-05-16 20:01:36,3975.3,450.159,450.093,452.000,1.907,14.379900,100.849000,51.506800,0.711938,18.000000,97.068102,0.000000,1.022896,1.022896,15.825000,15.825000,12.259823,6.720270,6.720270,5.990578,6.078137,12.231446,8.137133,8.097862,0.01682386,0.00273702,0.02440583,1.633060,0.265677,2.369028,10.626763,5.087209,6.454593,4.351242,5.934505,6.021432,-6.454593,,,,,,within deadband and CO2 rising; MFC zero
2026-05-16 20:01:41,3980.3,448.997,449.995,452.000,2.005,14.396500,100.850000,51.506800,0.713060,18.000000,97.069064,10.946161,6.022896,6.022896,0.000000,0.000000,0.000000,6.911092,6.911092,6.031188,0.000000,12.237600,8.138706,8.143423,0.00490766,0.00242247,0.01514414,0.476382,0.235147,1.470027,-0.476382,6.434710,6.675945,5.441065,5.936410,6.055310,-6.675945,,,,,,below deadband; feedforward + feedback
2026-05-16 20:01:46,3985.3,448.927,449.803,452.000,2.197,14.384000,100.850000,51.500200,0.712823,18.000000,97.069064,11.232847,11.022896,11.022896,5.862500,5.862500,4.387139,6.943468,6.943468,6.081615,2.244103,12.259749,8.157397,8.213471,-0.00421860,0.00018223,0.00593241,-0.409495,0.017689,0.575853,4.796634,7.352964,6.925780,6.367615,5.928046,6.107396,-6.925780,,,,,,below deadband; feedforward + feedback
2026-05-16 20:01:52,3990.8,449.811,449.476,452.000,2.524,14.378900,100.848000,51.513500,0.713926,18.000000,97.067139,11.723185,11.723185,11.723185,10.993750,10.993750,8.179412,6.744529,6.744529,6.128625,4.184782,12.304695,8.188990,8.283771,0.01297505,-0.00063261,-0.00500782,1.259451,-0.061406,-0.486095,6.919961,5.485078,6.805935,7.230624,5.978319,6.159671,-6.805935,,,,,,below deadband; feedforward + feedback
2026-05-16 20:01:57,3996.3,449.499,449.401,452.000,2.599,14.352100,100.851000,51.510100,0.711043,18.000000,97.070027,11.868790,11.868790,11.868790,11.712500,11.712500,8.709214,6.648901,6.648901,6.172246,4.452285,12.352154,8.230155,8.353649,0.00568078,-0.00013405,-0.00760622,0.551434,-0.013012,-0.738336,8.157781,6.097467,6.661913,7.387238,5.952519,6.211631,-6.661913,,,,,,below deadband; feedforward + feedback
2026-05-16 20:02:03,4001.8,450.401,449.679,452.000,2.321,14.406400,100.848000,51.510200,0.712802,18.000000,97.067139,11.525770,11.525770,11.525770,11.850000,11.850000,8.816105,6.620320,6.620320,6.212287,4.369965,12.400424,8.276895,8.417115,0.00611787,0.00148870,-0.00548719,0.593844,0.144504,-0.532625,8.222260,6.026476,6.475816,7.152945,6.004318,6.258823,-6.475816,,,,,,below deadband; feedforward + feedback
2026-05-16 20:02:08,4006.8,450.188,450.023,452.000,1.977,14.394700,100.849000,51.506800,0.712812,18.000000,97.068102,0.000000,6.525770,6.525770,11.568750,11.568750,8.560498,6.597191,6.597191,6.244432,4.244771,12.443515,8.325147,8.469902,0.01166430,0.00178922,-0.00060977,1.132231,0.173677,-0.059189,7.428267,5.464960,6.423515,6.656380,5.935144,6.298074,-6.423515,,,,,,within deadband and CO2 rising; MFC zero
2026-05-16 20:02:13,4011.8,450.236,450.317,452.000,1.683,14.391400,100.852000,51.503500,0.713588,18.000000,97.070990,0.000000,1.525770,1.525770,6.281250,6.281250,4.837936,6.601420,6.601420,6.265048,2.406578,12.467867,8.368276,8.497664,-0.00480690,0.00282846,0.00450403,-0.466611,0.274561,0.437210,5.304547,7.068031,6.326859,6.164210,5.893093,6.318717,-6.326859,,,,,,within deadband and CO2 rising; MFC zero
2026-05-16 20:02:18,4017.3,449.479,450.306,452.000,1.694,14.401800,100.849000,51.500200,0.713950,18.000000,97.068102,0.000000,0.000000,0.000000,0.000000,0.000000,0.000000,6.537488,6.537488,6.272540,0.000000,12.467867,8.401751,8.502177,-0.00983212,0.00401030,0.00676752,-0.954385,0.389273,0.656910,0.954385,7.491873,6.148215,5.880578,5.978106,6.322074,-6.148215,,,,,,within deadband and CO2 rising; MFC zero
2026-05-16 20:02:24,4022.8,449.706,450.002,452.000,1.998,14.421600,100.849000,51.510100,0.711953,18.000000,97.068102,0.000000,0.000000,0.000000,0.000000,0.000000,0.000000,6.303337,6.303337,6.262033,0.000000,12.467867,8.421426,8.480451,-0.00801697,0.00405001,0.00005497,-0.778192,0.393127,0.005335,0.778192,7.081528,5.910209,6.298001,5.985319,6.305918,-5.910209,,,,,,within deadband and CO2 rising; MFC zero
2026-05-16 20:02:29,4028.3,448.188,449.632,452.000,2.368,14.428000,100.849000,51.506800,0.711447,18.000000,97.068102,11.738449,5.000000,0.000000,0.000000,0.000000,0.000000,5.995416,5.995416,6.231872,0.000000,12.467867,8.423809,8.430955,-0.04136216,0.00418602,-0.00454617,-4.014946,0.406329,-0.441288,4.014946,10.010362,5.589087,6.436704,6.176471,6.269114,-5.589087,,,,,,below deadband; feedforward + feedback
2026-05-16 20:02:35,4033.8,448.460,449.208,452.000,2.792,14.420100,100.850000,51.506800,0.712130,18.000000,97.069064,12.318210,5.000000,5.000000,0.000000,0.000000,0.000000,5.690485,5.690485,6.189908,0.000000,12.467867,8.408745,8.363552,-0.02756358,0.00390372,-0.00662012,-2.675571,0.378930,-0.642609,2.675571,8.366056,5.311554,6.333093,6.323753,6.218994,-5.311554,,,,,,below deadband; feedforward + feedback
2026-05-16 20:02:40,4039.3,448.317,448.931,452.000,3.069,14.415200,100.853000,51.503500,0.712276,18.000000,97.071952,12.673270,10.000000,10.000000,4.793750,4.793750,3.601730,5.441756,5.441756,6.134926,1.788622,12.488328,8.376180,8.278486,-0.02277357,0.00337139,-0.01372965,-2.210674,0.327267,-1.332764,5.812404,7.652431,5.114489,6.774521,6.392313,6.155740,-5.114489,,,,,,below deadband; feedforward + feedback
2026-05-16 20:02:45,4044.3,448.981,448.741,452.000,3.259,14.429900,100.847000,51.513500,0.711973,18.000000,97.066177,12.894444,12.894444,12.894444,9.956250,9.956250,7.403297,5.404965,5.404965,6.081951,3.658483,12.525284,8.332404,8.201077,-0.00107565,0.00199862,-0.02605613,-0.104409,0.193998,-2.529169,7.507706,5.509374,5.210967,7.934133,6.425747,6.098181,-5.210967,,,,,,below deadband; feedforward + feedback
2026-05-16 20:02:50,4049.3,449.291,448.786,452.000,3.214,14.425100,100.849000,51.510100,0.711532,18.000000,97.068102,12.784898,12.784898,12.784898,12.300000,12.300000,9.132127,5.573386,5.573386,6.042341,4.656823,12.571711,8.284738,8.141738,-0.00300851,0.00090896,-0.03379699,-0.292031,0.088231,-3.280610,9.424158,5.865417,5.485155,8.853996,6.372636,6.054057,-5.485155,,,,,,below deadband; feedforward + feedback
2026-05-16 20:02:56,4054.8,448.842,448.729,452.000,3.271,14.441400,100.850000,51.506900,0.711905,18.000000,97.069064,12.821326,12.821326,12.821326,12.706250,12.706250,9.448150,5.892801,5.892801,6.025321,4.824832,12.623224,8.242381,8.115312,-0.01537873,-0.00139043,-0.03649104,-1.492799,-0.134967,-3.542151,10.940949,7.385601,6.027769,9.434952,6.407542,6.034407,-6.027769,,,,,,below deadband; feedforward + feedback
2026-05-16 20:03:01,4060.3,449.429,448.811,452.000,3.189,14.426200,100.847000,51.506900,0.714197,18.000000,97.066177,12.677104,12.677104,12.677104,12.812500,12.812500,9.531803,6.217050,6.217050,6.030973,4.883231,12.675554,8.212469,8.122731,-0.00863897,-0.00362170,-0.03089672,-0.838552,-0.351544,-2.999026,10.370355,7.055602,6.568594,9.216076,6.304053,6.039924,-6.568594,,,,,,below deadband; feedforward + feedback
2026-05-16 20:03:07,4065.8,449.640,448.985,452.000,3.015,14.428100,100.850000,51.500200,0.712472,18.000000,97.069064,12.420978,12.420978,12.420978,12.675000,12.675000,9.424913,6.506939,6.506939,6.057801,4.828720,12.727470,8.199488,8.160548,-0.00450429,-0.00488899,-0.02244763,-0.437227,-0.474570,-2.178971,9.862140,6.944166,6.981509,8.685910,6.297745,6.068044,-6.981509,,,,,,below deadband; feedforward + feedback
2026-05-16 20:03:12,4071.3,449.952,449.052,452.000,2.948,14.435300,100.852000,51.513500,0.712746,18.000000,97.070990,12.333458,12.333458,12.333458,12.412500,12.412500,9.234370,6.675779,6.675779,6.123227,4.572219,12.778243,8.206678,8.228248,-0.00477320,-0.00583936,-0.00679492,-0.463340,-0.566833,-0.659590,9.697710,7.139118,7.242611,7.335369,6.289991,6.118385,-7.242611,,,,,,below deadband; feedforward + feedback
2026-05-16 20:03:17,4076.3,449.988,449.328,452.000,2.672,14.426800,100.852000,51.503500,0.711277,18.000000,97.070990,11.965656,11.965656,11.965656,12.325000,12.325000,9.155364,6.716986,6.716986,6.143701,4.539620,12.824174,8.225346,8.281349,0.01005062,-0.00562943,0.00738741,0.975623,-0.546455,0.717103,8.179741,5.741362,7.263440,5.999883,6.271073,6.157869,-7.263440,,,,,,below deadband; feedforward + feedback
2026-05-16 20:03:22,4081.3,449.698,449.489,452.000,2.511,14.453600,100.850000,51.503500,0.711765,18.000000,97.069064,11.770639,11.770639,11.770639,11.962500,11.962500,8.890463,6.679032,6.679032,6.189192,4.539056,12.868904,8.255029,8.344079,0.01151283,-0.00612883,0.01449749,1.117540,-0.594919,1.407258,7.772923,5.561492,7.273951,5.271774,6.288660,6.204514,-7.273951,,,,,,below deadband; feedforward + feedback
2026-05-16 20:03:28,4086.8,450.154,449.577,452.000,2.423,14.455900,100.850000,51.506900,0.712331,18.000000,97.069064,11.684209,11.684209,11.684209,11.756250,11.756250,8.751041,6.679853,6.679853,6.230448,4.484682,12.917173,8.291694,8.401688,0.01889074,-0.00643788,0.02065400,1.833706,-0.624919,2.004864,6.917335,4.846147,7.304771,4.674988,6.204578,6.247351,-7.304771,,,,,,below deadband; feedforward + feedback
2026-05-16 20:03:33,4092.3,449.938,449.623,452.000,2.377,14.457000,100.850000,51.506800,0.711837,18.000000,97.069064,11.662162,11.662162,11.662162,11.675000,11.675000,8.676683,6.666825,6.666825,6.270435,4.446637,12.964993,8.333907,8.460546,0.01766423,-0.00620148,0.02164644,1.714650,-0.601972,2.101200,6.962033,4.952175,7.268796,4.565625,6.185439,6.291117,-7.268796,,,,,,below deadband; feedforward + feedback
2026-05-16 20:03:39,4097.8,449.822,449.733,452.000,2.267,14.460700,100.851000,51.500200,0.711296,18.000000,97.070027,11.553348,11.553348,11.553348,23.506250,23.506250,15.777899,6.650466,6.650466,6.308576,7.838888,13.016104,8.379408,8.515910,0.02521099,-0.00493604,0.02492675,2.447232,-0.479142,2.419640,13.330668,4.203234,7.129608,4.230826,6.100263,6.332285,-7.129608,,,,,,below deadband; feedforward + feedback
2026-05-16 20:03:44,4102.8,448.864,449.873,452.000,2.127,14.455400,100.851000,51.500200,0.711479,18.000000,97.070027,11.404584,11.404584,11.404584,11.343750,11.343750,8.425724,6.637670,6.637670,6.345100,4.183737,13.055688,8.427379,8.571292,0.00258833,-0.00345407,0.02339998,0.251249,-0.335287,2.271437,8.174474,6.386421,6.972957,4.366233,6.108546,6.373466,-6.972957,,,,,,below deadband; feedforward + feedback
2026-05-16 20:03:49,4107.8,449.473,449.793,452.000,2.207,14.458500,100.852000,51.516800,0.713687,18.000000,97.070990,11.569159,11.569159,11.569159,11.393750,11.393750,8.481492,6.639343,6.639343,6.380243,4.335433,13.097892,8.478799,8.633061,0.00213450,-0.00291840,0.01877911,0.207198,-0.283292,1.822906,8.274294,6.432145,6.922635,4.816437,6.170973,6.419396,-6.922635,,,,,,below deadband; feedforward + feedback
2026-05-16 20:03:54,4113.3,450.692,449.924,452.000,2.076,14.455100,100.851000,51.503500,0.710900,18.000000,97.070027,11.437633,11.437633,11.437633,11.562500,11.562500,8.602324,6.623325,6.623325,6.408727,4.402426,13.145117,8.530918,8.687272,0.03499239,-0.00168612,0.01718889,3.396713,-0.163672,1.668526,5.205612,3.226612,6.786997,4.954799,6.164520,6.459707,-6.786997,,,,,,below deadband; feedforward + feedback
2026-05-16 20:04:00,4118.8,450.426,449.998,452.000,2.002,14.473000,100.852000,51.510100,0.712039,18.000000,97.070990,11.381234,11.381234,11.381234,11.431250,11.431250,8.500082,6.629041,6.629041,6.426497,4.347927,13.191979,8.578014,8.719303,0.02025248,0.00035716,0.01646531,1.965928,0.034670,1.598304,6.534153,4.663113,6.594372,5.030737,6.160575,6.483525,-6.594372,,,,,,below deadband; feedforward + feedback
2026-05-16 20:04:05,4124.3,450.341,450.120,452.000,1.880,14.475200,100.852000,51.503500,0.712406,18.000000,97.070990,0.000000,6.381234,6.381234,11.400000,11.400000,8.462903,6.641729,6.641729,6.434168,4.331471,13.238542,8.615852,8.729368,0.02285757,0.00268382,0.01459704,2.218807,0.260521,1.416949,6.244096,4.422922,6.381208,5.224780,6.205312,6.491009,-6.381208,,,,,,within deadband and CO2 rising; MFC zero
2026-05-16 20:04:11,4129.8,450.323,450.330,452.000,1.670,14.471500,100.851000,51.513500,0.711805,18.000000,97.070027,0.000000,1.381234,1.381234,5.706250,5.706250,4.749636,6.701231,6.701231,6.433511,2.431582,13.264754,8.642438,8.722193,0.01623562,0.00413473,0.01510072,1.575992,0.401358,1.465828,3.173644,5.125239,6.299873,5.235403,6.206623,6.485673,-6.299873,,,,,,within deadband and CO2 rising; MFC zero
2026-05-16 20:04:16,4135.3,448.500,450.187,452.000,1.813,14.502900,100.852000,51.503500,0.712830,18.000000,97.070990,0.000000,0.000000,0.000000,0.000000,0.000000,0.000000,6.766883,6.766883,6.410148,0.000000,13.264754,8.654303,8.689899,-0.01673983,0.00332947,0.00985434,-1.624952,0.323195,0.956571,1.624952,8.391835,6.443688,5.810312,6.235580,6.461660,-6.443688,,,,,,within deadband and CO2 rising; MFC zero
2026-05-16 20:04:21,4140.3,448.720,449.766,452.000,2.234,14.486200,100.855000,51.500200,0.710279,18.000000,97.073877,11.792798,5.000000,0.000000,0.000000,0.000000,0.000000,6.784512,6.784512,6.423057,0.000000,13.264754,8.665233,8.698024,-0.01369775,0.00152104,-0.00142095,-1.329694,0.147653,-0.137937,1.329694,8.114206,6.636859,6.922449,6.300360,6.467702,-6.636859,,,,,,below deadband; feedforward + feedback
2026-05-16 20:04:26,4145.3,448.957,449.397,452.000,2.603,14.470700,100.851000,51.500200,0.712974,18.000000,97.070027,12.313844,5.000000,0.000000,0.000000,0.000000,0.000000,6.590360,6.590360,6.417741,0.000000,13.264754,8.669644,8.682878,-0.00453798,0.00114392,-0.01192684,-0.440502,0.111040,-1.157739,0.440502,7.030862,6.479319,7.748099,6.353663,6.456439,-6.479319,,,,,,below deadband; feedforward + feedback
2026-05-16 20:04:32,4150.8,448.935,448.964,452.000,3.036,14.492100,100.850000,51.500200,0.713091,18.000000,97.069064,12.917406,5.000000,5.000000,0.000000,0.000000,0.000000,6.286017,6.286017,6.405228,0.000000,13.264754,8.667461,8.660910,-0.01280721,0.00100765,-0.02339978,-1.243184,0.097812,-2.271395,1.243184,7.529201,6.188206,8.557412,6.403033,6.440104,-6.188206,,,,,,below deadband; feedforward + feedback
2026-05-16 20:04:37,4156.3,447.786,448.553,452.000,3.447,14.551500,100.852000,51.510100,0.712363,18.000000,97.070990,13.485085,10.000000,10.000000,4.900000,4.900000,3.606377,5.966215,5.966215,6.382672,1.839134,13.285220,8.659670,8.636296,-0.03979893,0.00021820,-0.03434234,-3.863322,0.021181,-3.333645,7.469699,9.829537,5.945034,9.299860,6.534173,6.421802,-5.945034,,,,,,below deadband; feedforward + feedback
2026-05-16 20:04:43,4161.8,449.247,448.520,452.000,3.480,14.488300,100.851000,51.506800,0.710141,18.000000,97.070027,13.517680,13.517680,13.517680,9.956250,9.956250,7.398650,5.721700,5.721700,6.343592,3.669078,13.325744,8.645680,8.603711,0.00169751,0.00073706,-0.03441956,0.164778,0.071547,-3.341108,7.233872,5.556922,5.650153,9.062807,6.518391,6.397572,-5.650153,,,,,,below deadband; feedforward + feedback
2026-05-16 20:04:48,4166.8,448.913,448.502,452.000,3.498,14.492600,100.852000,51.506800,0.710404,18.000000,97.070990,13.522906,13.522906,13.522906,10.768750,10.768750,7.979574,5.666876,5.666876,6.320257,3.963888,13.375529,8.625671,8.565645,-0.01680703,0.00092885,-0.04053100,-1.631475,0.090165,-3.934385,9.611049,7.298351,5.576712,9.601261,6.545286,6.369267,-5.576712,,,,,,below deadband; feedforward + feedback
2026-05-16 20:04:53,4171.8,448.302,448.585,452.000,3.415,14.501300,100.852000,51.503500,0.712605,18.000000,97.070990,13.388030,13.388030,13.388030,13.343750,13.343750,9.912889,5.850200,5.850200,6.296558,4.904081,13.423495,8.606785,8.550126,-0.03013505,0.00037733,-0.03815059,-2.925239,0.036628,-3.703316,12.838128,8.775439,5.813572,9.553516,6.589547,6.357727,-5.813572,,,,,,below deadband; feedforward + feedback
2026-05-16 20:04:58,4177.3,449.132,448.753,452.000,3.247,14.513600,100.855000,51.500200,0.711312,18.000000,97.073877,13.141803,13.141803,13.141803,13.362500,13.362500,9.940774,6.204254,6.204254,6.293141,5.090260,13.478190,8.596633,8.566179,-0.02089151,-0.00053687,-0.03196398,-2.028020,-0.052116,-3.102867,11.968794,8.232274,6.256370,9.307121,6.629228,6.369664,-6.256370,,,,,,below deadband; feedforward + feedback
2026-05-16 20:05:04,4182.8,449.033,448.925,452.000,3.075,14.493400,100.852000,51.510100,0.710164,18.000000,97.070990,12.906298,12.906298,12.906298,13.143750,13.143750,9.778115,6.567541,6.567541,6.312870,5.000425,13.532072,8.601823,8.617393,-0.01573140,-0.00129729,-0.01824344,-1.527062,-0.125929,-1.770909,11.305177,8.094603,6.693470,8.338450,6.563167,6.407746,-6.693470,,,,,,below deadband; feedforward + feedback
2026-05-16 20:05:09,4188.3,448.450,448.906,452.000,3.094,14.546200,100.852000,51.513500,0.714180,18.000000,97.070990,12.959417,12.959417,12.959417,12.900000,12.900000,9.601514,6.929635,6.929635,6.355599,4.910805,13.584995,8.627677,8.705239,-0.03334528,-0.00284539,-0.00614990,-3.236860,-0.276205,-0.596977,12.838374,10.166494,7.205839,7.526611,6.625252,6.473066,-7.205839,,,,,,below deadband; feedforward + feedback
2026-05-16 20:05:15,4193.8,449.491,449.126,452.000,2.874,14.513400,100.855000,51.506800,0.711200,18.000000,97.073877,12.699761,12.699761,12.699761,12.956250,12.956250,9.634046,7.230445,7.230445,6.417278,4.768934,13.637815,8.675951,8.820773,-0.01695860,-0.00386727,0.00914644,-1.646237,-0.375411,0.887880,11.280282,8.876682,7.605856,6.342565,6.667467,6.558976,-7.605856,,,,,,below deadband; feedforward + feedback
2026-05-16 20:05:20,4198.8,450.250,449.406,452.000,2.594,14.501100,100.850000,51.503500,0.714158,18.000000,97.069064,12.373235,12.373235,12.373235,12.706250,12.706250,9.452797,7.396109,7.396109,6.485938,4.693359,13.685228,8.741250,8.937147,0.01868979,-0.00334135,0.01967977,1.814200,-0.324342,1.910297,7.638597,5.581909,7.720451,5.485812,6.669968,6.645509,-7.720451,,,,,,below deadband; feedforward + feedback
2026-05-16 20:05:25,4203.8,449.680,449.535,452.000,2.465,14.540500,100.853000,51.510100,0.711883,18.000000,97.071952,12.268420,12.268420,12.268420,12.368750,12.368750,9.192543,7.450127,7.450127,6.550653,4.713631,13.731461,8.817140,9.044811,0.01947938,-0.00367454,0.02633314,1.890902,-0.356694,2.556209,7.301642,5.559225,7.806822,4.893918,6.659410,6.725567,-7.806822,,,,,,below deadband; feedforward + feedback
2026-05-16 20:05:30,4209.3,450.632,449.907,452.000,2.093,14.522000,100.851000,51.510100,0.712876,18.000000,97.070027,11.823958,11.823958,11.823958,12.256250,12.256250,9.132127,7.453551,7.453551,6.604472,4.679099,13.781704,8.894318,9.125852,0.03944616,-0.00331491,0.03352748,3.829040,-0.321779,3.254513,5.303087,3.624511,7.775329,4.199038,6.529717,6.785828,-7.775329,,,,,,below deadband; feedforward + feedback
2026-05-16 20:05:36,4214.8,450.110,450.067,452.000,1.933,14.541800,100.853000,51.506800,0.711584,18.000000,97.071952,2.689652,6.823958,6.823958,11.237500,11.237500,8.332776,7.443172,7.443172,6.646752,4.278437,13.830714,8.965508,9.179076,0.04783287,-0.00281365,0.03535048,4.643230,-0.273126,3.431540,3.689545,2.799941,7.716298,4.011631,6.382970,6.825404,-7.716298,,,,,,within lower deadband; partial feedforward
2026-05-16 20:05:41,4220.3,449.026,449.913,452.000,2.087,14.556700,100.853000,51.506800,0.711176,18.000000,97.071952,11.949423,11.823958,11.823958,6.806250,6.806250,5.065658,7.446812,7.446812,6.679162,2.592727,13.858308,9.027588,9.213828,0.00053783,-0.00292661,0.02519548,0.052208,-0.284092,2.445775,5.013451,7.394604,7.730904,5.001038,6.398503,6.851245,-7.730904,,,,,,below deadband; feedforward + feedback
2026-05-16 20:05:47,4225.8,449.777,449.832,452.000,2.168,14.527600,100.852000,51.503500,0.711771,18.000000,97.070990,12.114057,12.114057,12.114057,11.825000,11.825000,8.792868,7.330039,7.330039,6.701722,4.349292,13.906480,9.078192,9.230005,0.02147941,-0.00269303,0.02030242,2.085027,-0.261415,1.970776,6.707840,5.245011,7.591454,5.359263,6.333189,6.863274,-7.591454,,,,,,below deadband; feedforward + feedback
2026-05-16 20:05:52,4230.8,450.009,449.819,452.000,2.181,14.545400,100.852000,51.503500,0.711221,18.000000,97.070990,12.170806,12.170806,12.170806,12.100000,12.100000,9.002000,7.252567,7.252567,6.720191,4.461348,13.951361,9.117581,9.235749,0.02919388,-0.00138801,0.02235893,2.833878,-0.134736,2.170404,6.168122,4.418688,7.387302,5.082163,6.287579,6.867545,-7.387302,,,,,,below deadband; feedforward + feedback
2026-05-16 20:05:57,4235.8,449.008,449.788,452.000,2.212,14.602900,100.853000,51.506800,0.710710,18.000000,97.071952,12.243613,12.243613,12.243613,12.181250,12.181250,9.053122,7.243272,7.243272,6.739647,4.490187,13.996618,9.147478,9.237167,0.00611778,-0.00063090,0.01621902,0.593865,-0.061243,1.574412,8.459257,6.649407,7.304515,5.668860,6.325093,6.868599,-7.304515,,,,,,below deadband; feedforward + feedback
2026-05-16 20:06:02,4241.3,450.856,450.068,452.000,1.932,14.550900,100.851000,51.506800,0.710619,18.000000,97.070027,0.000000,7.243613,7.243613,12.193750,12.193750,9.099595,7.248616,7.248616,6.759260,4.660831,14.046660,9.168536,9.231712,0.01163066,0.00063312,0.01468530,1.128989,0.061457,1.425502,7.970607,6.119627,7.187159,5.823114,6.369007,6.864543,-7.187159,,,,,,within deadband and CO2 rising; MFC zero
2026-05-16 20:06:08,4246.8,449.757,450.260,452.000,1.740,14.559600,100.851000,51.503500,0.712426,18.000000,97.070027,0.000000,2.243613,2.243613,7.125000,7.125000,5.390976,7.260731,7.260731,6.779739,2.748796,14.076315,9.181438,9.220144,0.01262231,0.00248693,0.01189039,1.225248,0.241406,1.154201,4.165728,6.035483,7.019324,6.106530,6.406362,6.855941,-7.019324,,,,,,within deadband and CO2 rising; MFC zero
2026-05-16 20:06:13,4252.3,449.526,450.173,452.000,1.827,14.553300,100.855000,51.496900,0.712581,18.000000,97.073877,0.000000,0.000000,0.000000,2.206250,2.206250,1.668414,7.202204,7.202204,6.798765,0.828398,14.085769,9.187368,9.205156,-0.01073972,0.00407725,0.00439537,-1.042546,0.395795,0.426675,2.710960,8.244750,6.806410,6.775529,6.545725,6.844796,-6.806410,,,,,,within deadband and CO2 rising; MFC zero
2026-05-16 20:06:18,4257.3,448.408,449.957,452.000,2.043,14.575800,100.853000,51.513500,0.710752,18.000000,97.071952,12.049526,5.000000,0.000000,0.000000,0.000000,0.000000,7.018942,7.018942,6.811912,0.000000,14.085769,9.188661,9.192542,-0.02354669,0.00327585,-0.00275825,-2.285723,0.317993,-0.267749,2.285723,9.304665,6.700949,7.286691,6.646354,6.835417,-6.700949,,,,,,below deadband; feedforward + feedback
2026-05-16 20:06:23,4262.3,448.898,449.577,452.000,2.423,14.569200,100.853000,51.506800,0.712684,18.000000,97.071952,12.577127,5.000000,0.000000,0.000000,0.000000,0.000000,6.782065,6.782065,6.816833,0.000000,14.085769,9.184542,9.172186,-0.02411812,0.00307365,-0.01104336,-2.341193,0.298365,-1.072000,2.341193,9.123258,6.483699,7.854065,6.739151,6.820281,-6.483699,,,,,,below deadband; feedforward + feedback
2026-05-16 20:06:29,4267.8,448.707,449.241,452.000,2.759,14.554100,100.854000,51.503500,0.712103,18.000000,97.072915,13.035791,5.000000,5.000000,0.000000,0.000000,0.000000,6.470457,6.470457,6.811562,0.000000,14.085769,9.173506,9.140395,-0.03196702,0.00380129,-0.01634021,-3.103132,0.369002,-1.586192,3.103132,9.573589,6.101455,8.056649,6.958012,6.796641,-6.101455,,,,,,below deadband; feedforward + feedback
2026-05-16 20:06:34,4273.3,448.959,448.912,452.000,3.088,14.570400,100.854000,51.513500,0.711710,18.000000,97.072915,13.478368,10.000000,10.000000,4.868750,4.868750,3.611024,6.155999,6.155999,6.795250,1.852033,14.106283,9.155798,9.102675,-0.01440366,0.00386335,-0.01938808,-1.398205,0.375027,-1.882058,5.009230,7.554204,5.780972,8.038056,7.057705,6.768593,-5.780972,,,,,,below deadband; feedforward + feedback
2026-05-16 20:06:40,4278.8,449.033,448.844,452.000,3.156,14.615500,100.853000,51.503500,0.712743,18.000000,97.071952,13.550489,13.550489,13.550489,9.956250,9.956250,7.407944,5.921445,5.921445,6.770413,3.797125,14.146905,9.132159,9.061243,-0.00944557,0.00446758,-0.02646781,-0.916900,0.433677,-2.569282,8.324844,6.838344,5.487768,8.490727,7.140995,6.737785,-5.487768,,,,,,below deadband; feedforward + feedback
2026-05-16 20:06:45,4284.3,449.930,448.791,452.000,3.209,14.555400,100.851000,51.506800,0.712113,18.000000,97.070027,13.597159,13.597159,13.597159,13.256250,13.256250,9.866415,5.866420,5.866420,6.741626,5.041279,14.200735,9.104069,9.019800,-0.00307569,0.00474113,-0.03394503,-0.298557,0.460221,-3.295045,10.164973,6.164977,5.406198,9.161465,7.176848,6.706969,-5.406198,,,,,,below deadband; feedforward + feedback
2026-05-16 20:06:51,4289.8,449.302,448.825,452.000,3.175,14.569700,100.853000,51.506800,0.711981,18.000000,97.071952,13.519571,13.519571,13.519571,13.481250,13.481250,10.029074,6.077613,6.077613,6.717858,4.973300,14.255783,9.074641,8.986357,-0.00751287,0.00365794,-0.03018445,-0.729289,0.355084,-2.930064,10.758363,6.806902,5.722529,9.007676,7.122195,6.682101,-5.722529,,,,,,below deadband; feedforward + feedback
2026-05-16 20:06:56,4294.8,449.118,449.032,452.000,2.968,14.586900,100.851000,51.510200,0.712425,18.000000,97.070027,13.201676,13.201676,13.201676,13.518750,13.518750,10.038369,6.404541,6.404541,6.704756,4.984098,14.306058,9.046406,8.961703,0.00363039,0.00308355,-0.02237417,0.352402,0.299320,-2.171862,9.685966,6.052139,6.105221,8.576403,7.051090,6.663769,-6.105221,,,,,,below deadband; feedforward + feedback
2026-05-16 20:07:01,4299.8,449.424,449.242,452.000,2.758,14.572700,100.852000,51.503500,0.713575,18.000000,97.070990,12.886560,12.886560,12.886560,13.187500,13.187500,9.810647,6.739401,6.739401,6.709895,5.015080,14.355360,9.025360,8.962222,-0.02179877,0.00256395,-0.01521266,-2.116028,0.248885,-1.476708,11.926675,8.855430,6.490517,8.216110,7.114006,6.664155,-6.490517,,,,,,below deadband; feedforward + feedback
2026-05-16 20:07:06,4305.3,449.083,449.341,452.000,2.659,14.611600,100.853000,51.503500,0.713078,18.000000,97.071952,12.742056,12.742056,12.742056,12.881250,12.881250,9.587572,7.105074,7.105074,6.738139,4.908376,14.408242,9.018966,8.999781,-0.01692470,0.00110173,-0.00118045,-1.642914,0.106947,-0.114589,11.230485,8.747987,6.998127,7.219663,7.156033,6.692083,-6.998127,,,,,,below deadband; feedforward + feedback
2026-05-16 20:07:12,4310.8,450.060,449.550,452.000,2.450,14.589400,100.856000,51.506800,0.712349,18.000000,97.074840,12.461803,12.461803,12.461803,12.743750,12.743750,9.466740,7.406953,7.406953,6.787819,4.842656,14.460424,9.031208,9.067934,0.00198323,-0.00007958,0.01193547,0.192522,-0.007725,1.158634,9.274218,7.214431,7.414678,6.248319,7.065857,6.742760,-7.414678,,,,,,below deadband; feedforward + feedback
2026-05-16 20:07:17,4316.3,449.900,449.625,452.000,2.375,14.583300,100.858000,51.513500,0.712033,18.000000,97.076765,12.388814,12.388814,12.388814,12.450000,12.450000,9.262254,7.577233,7.577233,6.851803,4.603217,14.511415,9.063534,9.160514,0.01376497,-0.00071403,0.01893003,1.336258,-0.069315,1.837666,7.925996,6.240975,7.646549,5.739567,7.089445,6.811602,-7.646549,,,,,,below deadband; feedforward + feedback
2026-05-16 20:07:22,4321.3,449.793,449.708,452.000,2.292,14.590100,100.855000,51.500200,0.713056,18.000000,97.073877,12.320708,12.320708,12.320708,12.375000,12.375000,9.192543,7.619153,7.619153,6.919123,4.559316,14.557527,9.112258,9.258427,0.01351287,-0.00071015,0.02202901,1.311747,-0.068937,2.138441,7.880796,6.307406,7.688090,5.480712,7.055274,6.884408,-7.688090,,,,,,below deadband; feedforward + feedback
2026-05-16 20:07:27,4326.3,449.958,449.844,452.000,2.156,14.654800,100.853000,51.506800,0.711950,18.000000,97.071952,12.188887,12.188887,12.188887,12.318750,12.318750,9.160012,7.604204,7.604204,6.979606,4.534541,14.603410,9.171117,9.347697,0.01075652,-0.00138423,0.02564770,1.044157,-0.134370,2.489672,8.115855,6.560047,7.738574,5.114531,6.978882,6.950787,-7.738574,,,,,,below deadband; feedforward + feedback
2026-05-16 20:07:33,4331.8,450.203,449.878,452.000,2.122,14.593100,100.853000,51.503500,0.710668,18.000000,97.071952,12.204077,12.204077,12.204077,18.525000,18.525000,14.462687,7.580037,7.580037,7.027047,7.403404,14.656381,9.232612,9.417096,0.03487465,-0.00178059,0.02312720,3.385351,-0.172846,2.245003,11.077336,4.194687,7.752883,5.335035,6.839654,7.002391,-7.752883,,,,,,below deadband; feedforward + feedback
2026-05-16 20:07:38,4337.3,449.363,450.014,452.000,1.986,14.591900,100.855000,51.510100,0.711607,18.000000,97.073877,2.787111,7.204077,7.204077,12.056250,12.056250,8.955526,7.551270,7.551270,7.060968,4.576386,14.701237,9.290372,9.463650,0.01558041,-0.00150503,0.02336893,1.512451,-0.146099,2.268512,7.443075,6.038819,7.697369,5.282758,6.768765,7.037008,-7.697369,,,,,,within lower deadband; partial feedforward
2026-05-16 20:07:44,4342.8,449.911,449.955,452.000,2.045,14.596900,100.853000,51.510100,0.713094,18.000000,97.071952,12.203006,12.203006,12.203006,7.256250,7.256250,5.344502,7.516724,7.516724,7.081213,2.740060,14.730457,9.339446,9.486669,0.01771495,-0.00191090,0.01528767,1.719625,-0.185494,1.484004,3.624877,5.797100,7.702219,6.032721,6.618097,7.054125,-7.702219,,,,,,below deadband; feedforward + feedback
2026-05-16 20:07:49,4348.3,450.358,450.046,452.000,1.954,14.611700,100.854000,51.503500,0.711075,18.000000,97.072915,2.812466,7.203006,7.203006,12.237500,12.237500,9.076359,7.417487,7.417487,7.087663,4.511114,14.780214,9.374886,9.481205,0.01818519,-0.00072665,0.01335451,1.765289,-0.070538,1.296361,7.311069,5.652198,7.488025,6.121126,6.506907,7.050062,-7.488025,,,,,,within lower deadband; partial feedforward
2026-05-16 20:07:54,4353.3,449.869,450.048,452.000,1.952,14.626900,100.854000,51.510100,0.713834,18.000000,97.072915,0.000000,2.203006,2.203006,7.225000,7.225000,5.353797,7.337660,7.337660,7.085647,2.656877,14.807058,9.396853,9.462753,0.00200004,0.00015565,0.01198381,0.194150,0.015109,1.163304,5.159647,7.143511,7.322551,6.174357,6.560756,7.036341,-7.322551,,,,,,within deadband and CO2 rising; MFC zero
2026-05-16 20:07:59,4358.3,449.407,449.929,452.000,2.071,14.646800,100.854000,51.500200,0.712695,18.000000,97.072915,12.305257,7.203006,7.203006,2.206250,2.206250,1.635882,7.277337,7.277337,7.079689,0.836108,14.815544,9.406417,9.435111,-0.00954642,0.00068589,0.00724868,-0.926698,0.066582,0.703650,2.562581,8.204036,7.210755,6.573687,6.651956,7.015787,-7.210755,,,,,,below deadband; feedforward + feedback
2026-05-16 20:08:05,4363.8,449.517,449.760,452.000,2.240,14.626800,100.855000,51.516800,0.711833,18.000000,97.073877,12.540257,12.203006,12.203006,7.200000,7.200000,5.349149,7.076647,7.076647,7.066692,2.746335,14.844824,9.404257,9.397775,0.00031933,0.00109637,-0.00169886,0.030999,0.106429,-0.164914,5.318150,7.045648,6.970218,7.241562,6.769926,6.988025,-6.970218,,,,,,below deadband; feedforward + feedback
2026-05-16 20:08:10,4369.3,450.200,449.675,452.000,2.325,14.596400,100.854000,51.513500,0.712821,18.000000,97.072915,12.646063,12.646063,12.646063,12.193750,12.193750,9.067064,6.878033,6.878033,7.047205,4.639157,14.894678,9.391308,9.352461,0.01028592,0.00143073,-0.00401226,0.998484,0.138885,-0.389482,8.068580,5.879549,6.739149,7.267515,6.876120,6.954330,-6.739149,,,,,,below deadband; feedforward + feedback
2026-05-16 20:08:16,4374.8,450.617,449.698,452.000,2.302,14.596600,100.855000,51.506800,0.712708,18.000000,97.073877,12.592430,12.592430,12.592430,12.643750,12.643750,9.392381,6.873246,6.873246,7.027427,4.811368,14.946128,9.369595,9.304457,0.01534485,0.00182833,-0.00310622,1.489585,0.177484,-0.301533,7.902797,5.383662,6.695763,7.174779,6.806777,6.918635,-6.695763,,,,,,below deadband; feedforward + feedback
2026-05-16 20:08:21,4380.3,450.197,449.904,452.000,2.096,14.606800,100.855000,51.500200,0.711676,18.000000,97.073877,12.276210,12.276210,12.276210,12.600000,12.600000,9.355202,6.977425,6.977425,7.015268,4.625098,14.997504,9.342265,9.260274,0.00710950,0.00348961,0.00029248,0.690147,0.338750,0.028392,8.665055,6.287279,6.638676,6.949033,6.842717,6.885781,-6.638676,,,,,,below deadband; feedforward + feedback
2026-05-16 20:08:26,4385.3,450.859,450.269,452.000,1.731,14.599500,100.855000,51.496900,0.712539,18.000000,97.073877,0.000000,7.276210,7.276210,12.300000,12.300000,9.132127,6.996031,6.996031,7.006421,4.518871,15.043372,9.311048,9.217399,0.02416899,0.00549343,0.00682869,2.346178,0.533269,0.662887,6.785950,4.649853,6.462762,6.333143,6.850688,6.853900,-6.462762,,,,,,within deadband and CO2 rising; MFC zero
2026-05-16 20:08:31,4390.3,449.563,450.375,452.000,1.625,14.652200,100.853000,51.500200,0.711528,18.000000,97.071952,0.000000,2.276210,2.276210,7.312500,7.312500,5.400271,7.005945,7.005945,6.998238,2.762981,15.070529,9.276264,9.171912,-0.01435347,0.00702893,0.00583313,-1.393319,0.682312,0.566233,6.793590,8.399264,6.323633,6.439712,6.911028,6.820077,-6.323633,,,,,,within deadband and CO2 rising; MFC zero
2026-05-16 20:08:37,4395.8,450.235,450.375,452.000,1.625,14.622400,100.856000,51.510100,0.714307,18.000000,97.074840,0.000000,0.000000,0.000000,2.225000,2.225000,1.687004,6.947124,6.947124,6.987841,0.864040,15.080202,9.237315,9.120466,-0.00100842,0.00895533,0.01167465,-0.097892,0.869338,1.133315,1.784896,7.045017,6.077787,5.813810,6.942938,6.781822,-6.077787,,,,,,within deadband and CO2 rising; MFC zero
2026-05-16 20:08:42,4401.3,449.208,450.072,452.000,1.928,14.626500,100.855000,51.506900,0.714195,18.000000,97.073877,0.000000,0.000000,0.000000,0.000000,0.000000,0.000000,6.788881,6.788881,6.971571,0.000000,15.080202,9.195350,9.069456,-0.01705917,0.00895733,0.00218080,-1.655999,0.869523,0.211699,1.655999,8.444880,5.919358,6.577182,7.026021,6.743893,-5.919358,,,,,,within deadband and CO2 rising; MFC zero
2026-05-16 20:08:48,4406.8,449.184,449.707,452.000,2.293,14.621200,100.857000,51.496900,0.711840,18.000000,97.075802,12.362930,5.000000,0.000000,0.000000,0.000000,0.000000,6.667320,6.667320,6.953127,0.000000,15.080202,9.153430,9.027670,-0.02951317,0.00784939,-0.00464297,-2.865015,0.761985,-0.450720,2.865015,9.532335,5.905335,7.118041,7.070420,6.712821,-5.905335,,,,,,below deadband; feedforward + feedback
2026-05-16 20:08:53,4411.8,448.770,449.339,452.000,2.661,14.625200,100.849000,51.503500,0.713431,18.000000,97.068102,12.840517,5.000000,5.000000,0.000000,0.000000,0.000000,6.628360,6.628360,6.939658,0.000000,15.080202,9.114487,8.997657,-0.01704238,0.00591970,-0.00800995,-1.654271,0.574614,-0.777511,1.654271,8.282631,6.053746,7.405871,7.035178,6.690504,-6.053746,,,,,,below deadband; feedforward + feedback
2026-05-16 20:08:58,4416.8,448.397,448.880,452.000,3.120,14.646600,100.853000,51.503500,0.711076,18.000000,97.071952,13.451213,10.000000,10.000000,5.325000,5.325000,4.252365,6.628360,6.628360,6.934358,2.105472,15.114422,9.083283,8.989670,-0.01968104,0.00326452,-0.02042043,-1.910477,0.316893,-1.982251,6.162841,8.538837,6.311466,8.610611,7.015025,6.684565,-6.311466,,,,,,below deadband; feedforward + feedback
2026-05-16 20:09:03,4422.3,447.746,448.724,452.000,3.276,14.651500,100.853000,51.503500,0.713375,18.000000,97.071952,13.653016,13.653016,13.653016,9.918750,9.918750,7.384707,6.762933,6.762933,6.944443,3.769329,15.141067,9.066931,9.017876,-0.01816843,0.00054851,-0.03238141,-1.763645,0.053245,-3.143326,9.148353,8.526578,6.709687,9.906259,6.978922,6.705538,-6.709687,,,,,,below deadband; feedforward + feedback
2026-05-16 20:09:09,4427.8,449.033,448.492,452.000,3.508,14.638600,100.855000,51.496900,0.711933,18.000000,97.073877,13.981132,13.981132,13.981132,13.612500,13.612500,10.140612,6.855323,6.855323,6.968558,5.185882,15.196506,9.069932,9.078937,-0.01882421,-0.00249668,-0.04360669,-1.827339,-0.242363,-4.233071,11.967951,8.682662,7.097686,11.088394,7.017834,6.750942,-7.097686,,,,,,below deadband; feedforward + feedback
2026-05-16 20:09:14,4433.3,448.881,448.471,452.000,3.529,14.646600,100.857000,51.513500,0.710808,18.000000,97.075802,14.035984,14.035984,14.035984,13.956250,13.956250,10.372981,6.999655,6.999655,7.005738,5.301743,15.253406,9.095559,9.172439,-0.00894149,-0.00519570,-0.04334384,-0.868003,-0.504376,-4.207638,11.240984,7.867658,7.504032,11.207294,7.053327,6.820468,-7.504032,,,,,,below deadband; feedforward + feedback
2026-05-16 20:09:20,4438.8,449.559,448.666,452.000,3.334,14.644600,100.858000,51.503500,0.710806,18.000000,97.076765,13.809350,13.809350,13.809350,14.018750,14.018750,10.438045,7.055734,7.055734,7.046749,5.171962,15.310574,9.141225,9.278225,-0.01954692,-0.00650642,-0.03735367,-1.897552,-0.631622,-3.626173,12.335597,8.953286,7.687356,10.681907,7.149476,6.899129,-7.687356,,,,,,below deadband; feedforward + feedback
2026-05-16 20:09:25,4443.8,449.733,449.011,452.000,2.989,14.640900,100.857000,51.500200,0.711487,18.000000,97.075802,13.383043,13.383043,13.383043,13.800000,13.800000,10.247502,7.090326,7.090326,7.081670,5.074826,15.362070,9.198968,9.372195,-0.01231957,-0.00678404,-0.02328620,-1.195932,-0.658566,-2.260526,11.443434,8.286258,7.748892,9.350852,7.200488,6.969004,-7.748892,,,,,,below deadband; feedforward + feedback
2026-05-16 20:09:30,4448.8,449.995,449.333,452.000,2.667,14.637500,100.855000,51.510200,0.712282,18.000000,97.073877,12.995272,12.995272,12.995272,13.387500,13.387500,9.950068,7.101340,7.101340,7.105697,5.093904,15.412103,9.261087,9.447445,-0.00961364,-0.00645447,-0.00402367,-0.933233,-0.626560,-0.390593,10.883301,8.034574,7.727901,7.491934,7.268848,7.024958,-7.727901,,,,,,below deadband; feedforward + feedback
2026-05-16 20:09:35,4454.3,450.055,449.700,452.000,2.300,14.645400,100.856000,51.510200,0.711631,18.000000,97.074840,12.540877,12.540877,12.540877,12.987500,12.987500,9.657283,7.106995,7.106995,7.118373,4.950141,15.465445,9.321507,9.502768,-0.00440345,-0.00593880,0.01343848,-0.427464,-0.576508,1.304538,10.084747,7.534459,7.683503,5.802457,7.223297,7.066096,-7.683503,,,,,,below deadband; feedforward + feedback
2026-05-16 20:09:41,4459.8,450.061,449.867,452.000,2.133,14.669000,100.856000,51.503500,0.712154,18.000000,97.074840,12.361177,12.361177,12.361177,10.431250,10.431250,7.886626,7.109303,7.109303,7.118519,4.036340,15.521181,9.374557,9.533705,0.00907581,-0.00572695,0.02313626,0.881032,-0.555943,2.245949,7.005594,6.228271,7.665246,4.863354,7.136411,7.089100,-7.665246,,,,,,below deadband; feedforward + feedback
2026-05-16 20:09:46,4465.3,448.774,449.864,452.000,2.136,14.658200,100.858000,51.503500,0.711877,18.000000,97.076765,12.407092,12.407092,12.407092,12.262500,12.262500,9.132127,7.108203,7.108203,7.108217,4.681555,15.568722,9.417287,9.545479,0.00354629,-0.00577256,0.02834357,0.344262,-0.560381,2.751502,8.787865,6.763941,7.668584,4.356701,7.120877,7.097855,-7.668584,,,,,,below deadband; feedforward + feedback
2026-05-16 20:09:52,4470.8,450.064,449.757,452.000,2.243,14.640000,100.853000,51.513500,0.714274,18.000000,97.071952,12.589263,12.589263,12.589263,12.400000,12.400000,9.220428,7.111658,7.111658,7.092163,4.571992,15.619139,9.448818,9.543412,0.02050469,-0.00505100,0.03158602,1.990431,-0.490310,3.066116,7.229997,5.121227,7.601968,4.045541,7.082265,7.096318,-7.601968,,,,,,below deadband; feedforward + feedback
2026-05-16 20:09:57,4475.8,450.611,449.824,452.000,2.176,14.644600,100.854000,51.500200,0.711048,18.000000,97.072915,12.516161,12.516161,12.516161,12.581250,12.581250,9.355202,7.107196,7.107196,7.074509,4.640957,15.665853,9.470006,9.533570,0.04489164,-0.00379777,0.03045185,4.357762,-0.368661,2.956050,4.997440,2.749434,7.475857,4.151146,6.959576,7.088999,-7.475857,,,,,,below deadband; feedforward + feedback
2026-05-16 20:10:02,4480.8,450.423,449.954,452.000,2.046,14.661500,100.856000,51.500200,0.710562,18.000000,97.074840,12.346406,12.346406,12.346406,12.512500,12.512500,9.308728,7.109040,7.109040,7.057434,4.758302,15.712486,9.481936,9.517723,0.03576601,-0.00296498,0.03239475,3.471979,-0.287825,3.144715,5.836749,3.637060,7.396865,3.964324,6.858783,7.077216,-7.396865,,,,,,below deadband; feedforward + feedback
2026-05-16 20:10:07,4486.3,450.892,450.297,452.000,1.703,14.657600,100.858000,51.510200,0.713132,18.000000,97.076765,2.845088,7.346406,7.346406,12.368750,12.368750,9.173954,7.116259,7.116259,7.041442,4.682190,15.763038,9.483627,9.488701,0.04131248,-0.00011122,0.02818660,4.010482,-0.010796,2.736264,5.163472,3.105777,7.127055,4.379995,6.821235,7.055636,-7.127055,,,,,,within lower deadband; partial feedforward
2026-05-16 20:10:13,4491.8,450.145,450.454,452.000,1.546,14.673800,100.853000,51.506900,0.712406,18.000000,97.071952,0.000000,2.346406,2.346406,7.406250,7.406250,5.456039,7.130340,7.130340,7.026927,2.793335,15.793114,9.477036,9.457261,0.01998359,0.00114287,0.02283073,1.939846,0.110941,2.216224,3.516193,5.190494,7.019400,4.914116,6.791982,7.032258,-7.019400,,,,,,within deadband and CO2 rising; MFC zero
2026-05-16 20:10:18,4497.3,449.849,450.343,452.000,1.657,14.669600,100.855000,51.503500,0.713481,18.000000,97.073877,0.000000,0.000000,0.000000,2.312500,2.312500,1.747420,7.117405,7.117405,7.013157,0.866816,15.802929,9.463444,9.422667,0.01759698,0.00166026,0.01238538,1.708207,0.161168,1.202297,0.039213,5.409198,6.956237,5.915108,6.778606,7.006534,-6.956237,,,,,,within deadband and CO2 rising; MFC zero
2026-05-16 20:10:23,4502.3,449.168,450.072,452.000,1.928,14.673200,100.857000,51.506800,0.714667,18.000000,97.075802,0.000000,0.000000,0.000000,0.000000,0.000000,0.000000,7.024085,7.024085,6.999592,0.000000,15.802929,9.445510,9.391710,0.00026891,0.00209757,0.00316971,0.026105,0.203623,0.307703,-0.026105,6.997980,6.820462,6.716383,6.825012,6.983515,-6.820462,,,,,,within deadband and CO2 rising; MFC zero
2026-05-16 20:10:28,4507.3,449.458,449.689,452.000,2.311,14.653300,100.857000,51.503500,0.711316,18.000000,97.075802,12.660147,5.000000,0.000000,0.000000,0.000000,0.000000,6.780934,6.780934,6.980394,0.000000,15.802929,9.424047,9.359658,-0.00732790,0.00154045,-0.00545176,-0.711362,0.149541,-0.529234,0.711362,7.492296,6.631393,7.310167,6.837039,6.959682,-6.631393,,,,,,below deadband; feedforward + feedback
2026-05-16 20:10:34,4512.8,448.946,449.356,452.000,2.644,14.670100,100.857000,51.503500,0.713331,18.000000,97.075802,13.102052,5.000000,5.000000,0.000000,0.000000,0.000000,6.620010,6.620010,6.957728,0.000000,15.802929,9.400697,9.330648,-0.01968107,0.00035882,-0.01041978,-1.910556,0.034833,-1.011509,1.910556,8.530566,6.585177,7.631519,6.848299,6.938110,-6.585177,,,,,,below deadband; feedforward + feedback
2026-05-16 20:10:39,4518.3,448.814,449.054,452.000,2.946,14.677300,100.855000,51.516800,0.711960,18.000000,97.073877,13.504193,10.000000,10.000000,4.868750,4.868750,3.629614,6.511602,6.511602,6.938244,1.852453,15.822146,9.379163,9.314559,-0.01346245,-0.00115047,-0.02106981,-1.306852,-0.111680,-2.045328,4.936466,7.818454,6.623282,8.556930,6.874948,6.926147,-6.623282,,,,,,below deadband; feedforward + feedback
2026-05-16 20:10:45,4523.8,448.694,448.882,452.000,3.118,14.672700,100.857000,51.496900,0.712065,18.000000,97.075802,13.725892,13.725892,13.725892,9.950000,9.950000,7.403297,6.334040,6.334040,6.919485,3.782202,15.862785,9.360167,9.303178,-0.00250429,-0.00164490,-0.02884947,-0.243106,-0.159680,-2.800585,7.646403,6.577146,6.493720,9.134625,6.899003,6.917684,-6.493720,,,,,,below deadband; feedforward + feedback
2026-05-16 20:10:50,4529.3,449.373,448.854,452.000,3.146,14.669000,100.858000,51.513500,0.709421,18.000000,97.076765,13.745571,13.745571,13.745571,13.193750,13.193750,9.787410,6.205710,6.205710,6.896467,4.868655,15.921163,9.341591,9.285863,-0.00452119,-0.00120192,-0.03507654,-0.438903,-0.116678,-3.405117,10.226313,6.644613,6.322389,9.610827,6.942484,6.904809,-6.322389,,,,,,below deadband; feedforward + feedback
2026-05-16 20:10:55,4534.3,447.980,448.803,452.000,3.197,14.685900,100.856000,51.503500,0.709837,18.000000,97.074840,13.798528,13.798528,13.798528,13.475000,13.475000,10.019779,6.184828,6.184828,6.869136,4.964770,15.969131,9.322798,9.266421,-0.03874098,-0.00035656,-0.03585648,-3.760774,-0.034613,-3.480762,13.780554,9.945602,6.219441,9.665590,7.068633,6.890352,-6.219441,,,,,,below deadband; feedforward + feedback
2026-05-16 20:11:00,4539.3,449.339,448.878,452.000,3.122,14.685100,100.858000,51.506800,0.712737,18.000000,97.076765,13.676930,13.676930,13.676930,13.768750,13.768750,10.252149,6.215842,6.215842,6.842233,5.077492,16.020163,9.305570,9.253886,-0.01388262,0.00024094,-0.03477249,-1.347680,0.023389,-3.375601,11.599829,7.563522,6.192452,9.591443,7.169104,6.881031,-6.192452,,,,,,below deadband; feedforward + feedback
2026-05-16 20:11:06,4544.8,448.981,449.029,452.000,2.971,14.715100,100.857000,51.513500,0.713965,18.000000,97.075802,13.449610,13.449610,13.449610,13.668750,13.668750,10.163848,6.285382,6.285382,6.817386,5.211389,16.076170,9.290910,9.246928,-0.03448796,0.00115170,-0.02431771,-3.347946,0.111802,-2.360661,13.511795,9.633328,6.173580,8.646044,7.211658,6.875857,-6.173580,,,,,,below deadband; feedforward + feedback
2026-05-16 20:11:11,4550.3,450.736,449.258,452.000,2.742,14.679100,100.858000,51.506800,0.714875,18.000000,97.076765,13.120573,13.120573,13.120573,13.450000,13.450000,9.987248,6.508953,6.508953,6.802276,5.112250,16.131285,9.282333,9.256603,0.00640349,0.00229222,-0.00251487,0.621630,0.222521,-0.244135,9.365617,5.887323,6.286431,6.753088,7.171738,6.883052,-6.286431,,,,,,below deadband; feedforward + feedback
2026-05-16 20:11:17,4555.8,450.084,449.651,452.000,2.349,14.677600,100.858000,51.503500,0.712835,18.000000,97.076765,12.571178,12.571178,12.571178,13.118750,13.118750,9.750231,6.839615,6.839615,6.804026,4.985447,16.185135,9.283033,9.285133,0.00544549,0.00314232,0.01181523,0.528630,0.305047,1.146984,9.221600,6.310985,6.534568,5.692630,7.098155,6.904266,-6.534568,,,,,,below deadband; feedforward + feedback
2026-05-16 20:11:22,4561.3,450.468,450.040,452.000,1.960,14.688900,100.857000,51.510100,0.714708,18.000000,97.075802,0.000000,7.571178,7.571178,12.725000,12.725000,9.350555,7.202576,7.202576,6.822483,4.626513,16.236720,9.294330,9.328222,0.01206746,0.00379168,0.02396823,1.171458,0.368080,2.326735,8.179096,6.031118,6.834496,4.875841,6.977423,6.936306,-6.834496,,,,,,within deadband and CO2 rising; MFC zero
2026-05-16 20:11:27,4566.3,449.620,450.153,452.000,1.847,14.714800,100.857000,51.513500,0.710146,18.000000,97.075802,0.000000,2.571178,2.571178,7.568750,7.568750,5.618698,7.522952,7.522952,6.853331,2.787877,16.264931,9.316782,9.384138,0.00134456,0.00271359,0.02705592,0.130525,0.263423,2.626475,5.488173,7.392427,7.259528,4.896477,6.946727,6.977885,-7.259528,,,,,,within deadband and CO2 rising; MFC zero
2026-05-16 20:11:32,4571.3,448.473,449.963,452.000,2.037,14.736600,100.858000,51.500200,0.713400,18.000000,97.076765,12.199814,7.571178,7.571178,2.637500,2.637500,1.905431,7.741271,7.741271,6.891707,0.972723,16.274676,9.348259,9.442690,-0.00800029,0.00172227,0.02748090,-0.776642,0.167192,2.667756,2.682073,8.517913,7.574079,5.073515,6.946005,7.021423,-7.574079,,,,,,below deadband; feedforward + feedback
2026-05-16 20:11:38,4576.8,448.692,449.708,452.000,2.292,14.701100,100.859000,51.506900,0.709926,18.000000,97.077727,12.592478,12.571178,12.571178,7.568750,7.568750,5.623346,7.668942,7.668942,6.922949,2.875130,16.305424,9.384098,9.491615,0.01579890,-0.00098640,0.01988790,1.533721,-0.095757,1.930672,4.089625,6.135221,7.764700,5.738270,6.863545,7.057803,-7.764700,,,,,,below deadband; feedforward + feedback
2026-05-16 20:11:43,4582.3,450.241,449.447,452.000,2.553,14.682000,100.858000,51.503500,0.711157,18.000000,97.076765,12.992500,12.992500,12.992500,12.568750,12.568750,9.336613,7.536011,7.536011,6.946421,4.780326,16.356764,9.418720,9.522585,0.02709342,-0.00236417,0.01237787,2.630141,-0.229506,1.201604,6.706471,4.905870,7.765518,6.334407,6.733310,7.080831,-7.765518,,,,,,below deadband; feedforward + feedback
2026-05-16 20:11:49,4587.8,450.253,449.579,452.000,2.421,14.702100,100.856000,51.510200,0.710490,18.000000,97.074840,12.835680,12.835680,12.835680,12.687500,12.687500,9.438855,7.443001,7.443001,6.961709,4.663611,16.408402,9.446665,9.530500,0.01139518,-0.00238681,0.01203872,1.106185,-0.231699,1.168657,8.332670,6.336816,7.674700,6.274345,6.680523,7.086717,-7.674700,,,,,,below deadband; feedforward + feedback
2026-05-16 20:11:54,4592.8,449.579,449.720,452.000,2.280,14.685900,100.857000,51.510100,0.711769,18.000000,97.075802,12.659023,12.659023,12.659023,12.806250,12.806250,9.503919,7.424210,7.424210,6.974415,4.711973,16.455751,9.467303,9.529216,0.02652154,-0.00242544,0.01161248,2.574600,-0.235452,1.127291,6.929319,4.849610,7.659662,6.296920,6.539017,7.085762,-7.659662,,,,,,below deadband; feedforward + feedback
2026-05-16 20:11:59,4597.8,449.966,449.962,452.000,2.038,14.697700,100.859000,51.500200,0.711986,18.000000,97.077727,12.332841,12.332841,12.332841,12.643750,12.643750,9.410971,7.376342,7.376342,6.984277,4.666424,16.502937,9.480131,9.518615,0.03099224,-0.00148290,0.00439379,3.008656,-0.143956,0.426539,6.402315,4.367686,7.520298,6.949803,6.403893,7.077879,-7.520298,,,,,,below deadband; feedforward + feedback
2026-05-16 20:12:04,4603.3,449.709,450.085,452.000,1.915,14.734000,100.858000,51.510200,0.711679,18.000000,97.076765,2.845649,7.332841,7.332841,12.362500,12.362500,9.160012,7.348272,7.348272,6.992792,4.675170,16.553551,9.485496,9.501591,-0.00433622,-0.00012899,0.00088750,-0.420947,-0.012522,0.086155,9.580958,7.769219,7.360794,7.262117,6.394743,7.065220,-7.360794,,,,,,within lower deadband; partial feedforward
2026-05-16 20:12:10,4608.8,449.490,449.988,452.000,2.012,14.721000,100.860000,51.506800,0.712518,18.000000,97.078690,12.301761,12.301761,12.301761,7.256250,7.256250,5.456039,7.327219,7.327219,7.000386,2.795151,16.583562,9.484961,9.483357,-0.00363029,0.00038017,0.00001513,-0.352424,0.036907,0.001469,5.808463,7.679643,7.290312,7.325751,6.399750,7.051662,-7.290312,,,,,,below deadband; feedforward + feedback
2026-05-16 20:12:15,4614.3,450.060,450.107,452.000,1.893,14.716700,100.857000,51.506800,0.713347,18.000000,97.075802,0.000000,7.301761,7.301761,12.262500,12.262500,9.146069,7.237788,7.237788,7.004817,4.668992,16.633780,9.478399,9.458714,-0.00673962,0.00107066,0.00322894,-0.654254,0.103935,0.313452,9.800324,7.892042,7.133853,6.924336,6.457121,7.033338,-7.133853,,,,,,within deadband and CO2 rising; MFC zero
2026-05-16 20:12:21,4619.8,450.155,450.076,452.000,1.924,14.722500,100.857000,51.506800,0.712896,18.000000,97.075802,0.000000,2.301761,2.301761,7.243750,7.243750,5.428155,7.158953,7.158953,7.006567,2.690933,16.663604,9.465601,9.427206,-0.00289086,0.00174921,0.01068268,-0.280633,0.169806,1.037030,5.708788,7.439585,6.989147,6.121923,6.480419,7.009909,-6.989147,,,,,,within deadband and CO2 rising; MFC zero
2026-05-16 20:12:26,4624.8,449.373,449.991,452.000,2.009,14.717400,100.859000,51.503500,0.715306,18.000000,97.077727,12.259735,7.301761,7.301761,2.262500,2.262500,1.714888,7.100039,7.100039,7.006166,0.852270,16.672428,9.447625,9.393698,-0.01248785,0.00227288,0.01170482,-1.212292,0.220646,1.136278,2.927180,8.312331,6.879393,5.963761,6.590457,6.984993,-6.879393,,,,,,below deadband; feedforward + feedback
2026-05-16 20:12:31,4629.8,449.268,449.827,452.000,2.173,14.732400,100.856000,51.506800,0.712703,18.000000,97.074840,12.467007,12.301761,12.301761,7.387500,7.387500,5.423508,6.925468,6.925468,6.999900,2.772591,16.699360,9.424632,9.355654,-0.01221894,0.00278105,0.00576615,-1.186152,0.269970,0.559748,6.609660,8.111620,6.655498,6.365720,6.775360,6.956704,-6.655498,,,,,,below deadband; feedforward + feedback
2026-05-16 20:12:36,4635.3,450.190,449.708,452.000,2.292,14.721100,100.857000,51.516800,0.712811,18.000000,97.075802,12.603181,12.603181,12.603181,12.281250,12.281250,9.150717,6.706250,6.706250,6.986010,4.666259,16.749532,9.394976,9.306005,0.01942896,0.00391457,-0.00287890,1.886082,0.380010,-0.279472,7.264635,4.820168,6.326240,6.985722,6.816157,6.919786,-6.326240,,,,,,below deadband; feedforward + feedback
2026-05-16 20:12:42,4640.8,449.896,449.695,452.000,2.305,14.716100,100.858000,51.506800,0.711430,18.000000,97.076765,12.586392,12.586392,12.586392,12.000000,12.000000,8.820752,6.638538,6.638538,6.969537,4.516953,16.803306,9.360022,9.255162,0.00347906,0.00626163,-0.00599591,0.337736,0.607858,-0.582064,8.483016,6.300801,6.030679,7.220602,6.926330,6.881980,-6.030679,,,,,,below deadband; feedforward + feedback
2026-05-16 20:12:47,4646.3,449.169,449.644,452.000,2.356,14.731100,100.858000,51.513500,0.713978,18.000000,97.076765,12.621656,12.621656,12.621656,12.487500,12.487500,9.271549,6.690124,6.690124,6.954357,4.751298,16.854102,9.322871,9.211415,-0.02660557,0.00632581,-0.00974747,-2.582783,0.614090,-0.946253,11.854332,9.272906,6.076034,7.636377,7.067103,6.849450,-6.076034,,,,,,below deadband; feedforward + feedback
2026-05-16 20:12:53,4651.8,449.642,449.824,452.000,2.176,14.720300,100.859000,51.506800,0.711226,18.000000,97.077727,12.333383,12.333383,12.333383,12.618750,12.618750,9.383086,6.893277,6.893277,6.946629,4.658913,16.905498,9.286668,9.178059,-0.00442026,0.00676089,-0.00776606,-0.429108,0.656332,-0.753912,9.812195,7.322385,6.236945,7.647189,7.133075,6.824647,-6.236945,,,,,,below deadband; feedforward + feedback
2026-05-16 20:12:58,4656.8,451.971,450.008,452.000,1.992,14.712200,100.861000,51.513500,0.713038,18.000000,97.079652,0.000000,7.333383,7.333383,12.306250,12.306250,9.173954,7.163120,7.163120,6.951423,4.538641,16.951566,9.255352,9.161405,0.02766446,0.00722878,-0.00114397,2.685657,0.701768,-0.111056,6.488297,4.477463,6.461352,7.274176,7.046161,6.812264,-6.461352,,,,,,within deadband and CO2 rising; MFC zero
2026-05-16 20:13:03,4661.8,449.543,450.075,452.000,1.925,14.747700,100.863000,51.503500,0.713591,18.000000,97.081577,0.000000,2.333383,2.333383,7.337500,7.337500,5.446745,7.474030,7.474030,6.975323,2.786118,16.978932,9.232965,9.165802,-0.00509253,0.00770302,0.00603167,-0.494391,0.747821,0.585564,5.941135,7.968421,6.726209,6.888466,7.062579,6.815534,-6.726209,,,,,,within deadband and CO2 rising; MFC zero
2026-05-16 20:13:08,4667.3,449.046,450.233,452.000,1.767,14.743200,100.858000,51.506900,0.712077,18.000000,97.076765,0.000000,0.000000,0.000000,2.287500,2.287500,1.733478,7.748924,7.748924,7.014251,0.885612,16.988786,9.222270,9.190185,-0.01909314,0.00657169,0.00558479,-1.853500,0.637959,0.542153,3.586978,9.602424,7.110965,7.206771,7.099539,6.833664,-7.110965,,,,,,within deadband and CO2 rising; MFC zero
2026-05-16 20:13:14,4672.8,448.918,449.924,452.000,2.076,14.735200,100.861000,51.506800,0.711782,18.000000,97.079652,12.129788,5.000000,0.000000,0.000000,0.000000,0.000000,7.830935,7.830935,7.059745,0.000000,16.988786,9.224053,9.229403,-0.02539587,0.00372848,-0.00271077,-2.465422,0.361960,-0.263160,2.465422,10.296357,7.468975,8.094095,7.184984,6.862826,-7.468975,,,,,,below deadband; feedforward + feedback
2026-05-16 20:13:19,4678.3,448.625,449.477,452.000,2.523,14.713600,100.860000,51.500200,0.715513,18.000000,97.078690,12.770316,5.000000,0.000000,0.000000,0.000000,0.000000,7.679461,7.679461,7.106139,0.000000,16.988786,9.237451,9.277644,-0.03060565,0.00149859,-0.00522695,-2.971156,0.145482,-0.507426,2.971156,10.650617,7.533979,8.186886,7.325449,6.898697,-7.533979,,,,,,below deadband; feedforward + feedback
2026-05-16 20:13:24,4683.3,448.442,449.058,452.000,2.942,14.728700,100.860000,51.503500,0.712195,18.000000,97.078690,13.380116,5.000000,5.000000,0.000000,0.000000,0.000000,7.406024,7.406024,7.147529,0.000000,16.988786,9.260931,9.331371,-0.02653834,-0.00077192,-0.01391205,-2.576308,-0.074937,-1.350564,2.576308,9.982331,7.480960,8.756587,7.440543,6.938648,-7.480960,,,,,,below deadband; feedforward + feedback
2026-05-16 20:13:29,4688.3,448.201,448.701,452.000,3.299,14.728100,100.860000,51.506900,0.710445,18.000000,97.078690,13.911552,10.000000,10.000000,4.906250,4.906250,3.601730,7.057763,7.057763,7.177630,1.782289,17.006063,9.293127,9.389715,-0.01394986,-0.00432440,-0.02402742,-1.354234,-0.419807,-2.332551,4.955964,8.411998,7.477571,9.390314,7.387660,6.982032,-7.477571,,,,,,below deadband; feedforward + feedback
2026-05-16 20:13:35,4693.8,448.114,448.523,452.000,3.477,14.747900,100.861000,51.500200,0.712783,18.000000,97.079652,14.199210,14.199210,14.199210,9.881250,9.881250,7.394002,6.751717,6.751717,7.196109,3.782271,17.046675,9.331585,9.446958,-0.03055524,-0.00695419,-0.03645648,-2.966292,-0.675110,-3.539182,10.360294,9.718009,7.426827,10.290899,7.461952,7.024596,-7.426827,,,,,,below deadband; feedforward + feedback
2026-05-16 20:13:40,4699.3,448.487,448.461,452.000,3.539,14.723700,100.862000,51.500200,0.713722,18.000000,97.080615,14.329610,14.329610,14.329610,14.175000,14.175000,10.544935,6.583311,6.583311,7.206382,5.386128,17.104597,9.374345,9.502627,-0.03489141,-0.00814495,-0.03600544,-3.387280,-0.790717,-3.495431,13.932215,9.970591,7.374028,10.078742,7.473582,7.065991,-7.374028,,,,,,below deadband; feedforward + feedback
2026-05-16 20:13:46,4704.8,451.403,448.794,452.000,3.206,14.730000,100.862000,51.516800,0.710638,18.000000,97.080615,13.906021,13.906021,13.906021,14.318750,14.318750,10.637883,6.545729,6.545729,7.207650,5.438927,17.163080,9.417761,9.548008,0.04299243,-0.00740908,-0.02874809,4.173732,-0.719278,-2.790882,6.464151,2.371998,7.265007,9.336611,7.352364,7.099735,-7.265007,,,,,,below deadband; feedforward + feedback
2026-05-16 20:13:51,4710.3,449.809,449.047,452.000,2.953,14.741700,100.858000,51.506800,0.711541,18.000000,97.076765,13.593003,13.593003,13.593003,13.731250,13.731250,10.205675,6.569260,6.569260,7.198328,5.222428,17.219109,9.458383,9.580248,-0.01423561,-0.00680433,-0.02497331,-1.381947,-0.660542,-2.424329,11.587622,7.951207,7.229803,8.993589,7.408923,7.123709,-7.229803,,,,,,below deadband; feedforward + feedback
2026-05-16 20:13:57,4715.8,449.152,449.217,452.000,2.783,14.738000,100.861000,51.513500,0.712627,18.000000,97.079652,13.390589,13.390589,13.390589,13.581250,13.581250,10.070901,6.607183,6.607183,7.177797,5.002868,17.274241,9.494004,9.600868,-0.01784941,-0.00692164,-0.01606633,-1.732815,-0.671950,-1.559714,11.803715,8.339998,7.279133,8.166897,7.488540,7.139041,-7.279133,,,,,,below deadband; feedforward + feedback
2026-05-16 20:14:02,4720.8,449.806,449.336,452.000,2.664,14.746400,100.863000,51.510100,0.713271,18.000000,97.081577,13.251281,13.251281,13.251281,13.375000,13.375000,9.950068,6.658754,6.658754,7.147997,4.922498,17.324156,9.521786,9.605130,0.00058826,-0.00713517,0.00002344,0.057109,-0.692693,0.002275,9.892960,6.601645,7.351447,6.656479,7.461272,7.142211,-7.351447,,,,,,below deadband; feedforward + feedback
2026-05-16 20:14:07,4725.8,449.367,449.367,452.000,2.633,14.755500,100.863000,51.506900,0.712327,18.000000,97.081577,13.228642,13.228642,13.228642,13.243750,13.243750,9.843178,6.841210,6.841210,7.116960,5.044892,17.373536,9.542477,9.604553,-0.00631946,-0.00742071,0.01441203,-0.613503,-0.720414,1.399142,10.456681,7.454713,7.561625,5.442068,7.424609,7.141781,-7.561625,,,,,,below deadband; feedforward + feedback
2026-05-16 20:14:12,4731.3,449.551,449.416,452.000,2.584,14.732500,100.864000,51.500200,0.711391,18.000000,97.082540,13.176808,13.176808,13.176808,13.237500,13.237500,9.843178,7.086794,7.086794,7.096886,5.030283,17.427659,9.558858,9.607999,0.01796675,-0.00774818,0.02116405,1.744257,-0.752213,2.054660,8.098921,5.342537,7.839007,5.032134,7.397276,7.144343,-7.839007,,,,,,below deadband; feedforward + feedback
2026-05-16 20:14:18,4736.8,450.395,449.795,452.000,2.205,14.733100,100.861000,51.506800,0.712149,18.000000,97.079652,12.658749,12.658749,12.658749,13.168750,13.168750,9.796704,7.192321,7.192321,7.085035,5.018357,17.481592,9.571189,9.608184,0.02509315,-0.00594563,0.03118951,2.436034,-0.577199,3.027867,7.360670,4.756287,7.769520,4.164454,7.392118,7.144481,-7.769520,,,,,,below deadband; feedforward + feedback
2026-05-16 20:14:23,4742.3,450.073,450.048,452.000,1.952,14.738200,100.859000,51.513500,0.713565,18.000000,97.077727,2.873841,7.658749,7.658749,12.662500,12.662500,9.410971,7.194815,7.194815,7.076477,4.663648,17.533514,9.579470,9.604311,0.02984930,-0.00408300,0.03668465,2.897702,-0.396368,3.561262,6.513268,4.297112,7.591183,3.633553,7.321783,7.141602,-7.591183,,,,,,within lower deadband; partial feedforward
2026-05-16 20:14:28,4747.3,449.889,450.232,452.000,1.768,14.758900,100.864000,51.500200,0.712336,18.000000,97.082540,2.875016,2.875016,2.875016,7.650000,7.650000,5.688409,7.217200,7.217200,7.069339,2.816915,17.562065,9.583385,9.595132,0.02993339,-0.00251867,0.03529671,2.906010,-0.244519,3.426694,2.782399,4.311190,7.461719,3.790506,7.303217,7.134776,-7.461719,,,,,,within lower deadband; partial feedforward
2026-05-16 20:14:33,4752.3,450.911,450.294,452.000,1.706,14.754900,100.861000,51.513500,0.711037,18.000000,97.079652,2.875024,2.875024,2.875024,2.875000,2.875000,2.147096,7.166342,7.166342,7.062097,1.097464,17.573009,9.583414,9.583501,0.05035397,-0.00106257,0.02983284,4.888345,-0.103154,2.896161,-2.741250,2.277996,7.269496,4.270181,7.231158,7.126128,-7.269496,,,,,,within lower deadband; partial feedforward
2026-05-16 20:14:39,4757.8,448.986,450.059,452.000,1.941,14.743800,100.862000,51.513500,0.712780,18.000000,97.080615,2.873950,2.873950,2.873950,2.868750,2.868750,2.137801,6.974327,6.974327,7.049203,1.095441,17.584775,9.579834,9.569091,0.00949598,-0.00078000,0.01767951,0.921876,-0.075723,1.716337,1.215925,6.052451,7.050050,5.257990,7.171960,7.115412,-7.050050,,,,,,within lower deadband; partial feedforward
2026-05-16 20:14:44,4763.3,448.838,449.730,452.000,2.270,14.736900,100.862000,51.500200,0.711271,18.000000,97.080615,12.749865,7.873950,7.873950,2.875000,2.875000,2.137801,6.765799,6.765799,7.029843,1.091989,17.596535,9.571795,9.547678,-0.01388286,-0.00064660,0.00709575,-1.347756,-0.062772,0.688860,3.485557,8.113555,6.828571,6.076938,7.186922,7.099490,-6.828571,,,,,,below deadband; feedforward + feedback
2026-05-16 20:14:50,4768.8,449.385,449.392,452.000,2.608,14.737200,100.865000,51.500200,0.711894,18.000000,97.083502,13.211070,12.873950,12.873950,7.912500,7.912500,5.855715,6.595580,6.595580,7.007698,2.900273,17.628474,9.559975,9.524514,-0.00349592,-0.00039935,-0.00057694,-0.339396,-0.038771,-0.056012,6.195111,6.934976,6.634351,6.651592,7.153920,7.082266,-6.634351,,,,,,below deadband; feedforward + feedback
2026-05-16 20:14:55,4773.8,448.837,449.282,452.000,2.718,14.769100,100.863000,51.506800,0.712424,18.000000,97.081577,13.350328,13.350328,13.350328,12.331250,12.331250,9.155364,6.459721,6.459721,6.983587,4.535506,17.679431,9.544953,9.499886,-0.00677325,0.00001705,-0.00706267,-0.657558,0.001655,-0.685655,9.812922,7.117279,6.458067,7.145377,7.142806,7.063953,-6.458067,,,,,,below deadband; feedforward + feedback
2026-05-16 20:15:00,4778.8,449.289,449.104,452.000,2.896,14.761800,100.863000,51.516800,0.711465,18.000000,97.081577,13.586343,13.586343,13.586343,13.337500,13.337500,9.917537,6.579035,6.579035,6.965621,4.922627,17.728517,9.531453,9.490953,-0.00208408,-0.00110961,-0.02020456,-0.202325,-0.107723,-1.961490,10.119862,6.781361,6.686758,8.540526,7.090014,7.057310,-6.686758,,,,,,below deadband; feedforward + feedback
2026-05-16 20:15:05,4784.3,449.552,449.207,452.000,2.793,14.750800,100.865000,51.500200,0.715006,18.000000,97.083502,13.434040,13.434040,13.434040,13.581250,13.581250,10.094138,6.818686,6.818686,6.961939,5.167234,17.783945,9.524470,9.503522,-0.00747914,-0.00111085,-0.01911628,-0.726102,-0.107845,-1.855875,10.820239,7.544788,6.926531,8.674561,7.070468,7.066656,-6.926531,,,,,,below deadband; feedforward + feedback
2026-05-16 20:15:11,4789.8,450.240,449.310,452.000,2.690,14.744400,100.863000,51.500200,0.713369,18.000000,97.081577,13.292492,13.292492,13.292492,13.425000,13.425000,9.996542,6.937303,6.937303,6.969906,5.121996,17.838990,9.526457,9.532419,-0.00047060,-0.00012438,-0.02224324,-0.045686,-0.012075,-2.159409,10.042229,6.982989,6.949378,9.096712,7.145048,7.088144,-6.949378,,,,,,below deadband; feedforward + feedback
2026-05-16 20:15:16,4795.3,449.657,449.412,452.000,2.588,14.761000,100.861000,51.503500,0.711825,18.000000,97.079652,13.161663,13.161663,13.161663,13.293750,13.293750,9.875710,6.968735,6.968735,6.981292,5.050761,17.893440,9.538673,9.575320,-0.00978171,0.00013332,-0.01877134,-0.949605,0.012942,-1.822315,10.825315,7.918340,6.955793,8.791050,7.200825,7.120044,-6.955793,,,,,,below deadband; feedforward + feedback
2026-05-16 20:15:22,4800.8,449.525,449.748,452.000,2.252,14.767100,100.862000,51.510200,0.712935,18.000000,97.080615,12.708385,12.708385,12.708385,13.181250,13.181250,9.782762,6.977441,6.977441,6.991200,5.012922,17.947381,9.556075,9.608280,-0.01986592,0.00196409,-0.00297507,-1.928596,0.190675,-0.288822,11.711358,8.906037,6.786766,7.266263,7.188174,7.144552,-6.786766,,,,,,below deadband; feedforward + feedback
2026-05-16 20:15:27,4806.3,450.002,449.948,452.000,2.052,14.761000,100.863000,51.510200,0.710506,18.000000,97.081577,12.445868,12.445868,12.445868,12.712500,12.712500,9.452797,6.997425,6.997425,6.994791,4.684653,17.999471,9.573278,9.624888,-0.00080674,0.00414427,0.00983252,-0.078319,0.402332,0.954557,9.531117,7.075744,6.595093,6.042868,7.179669,7.156902,-6.595093,,,,,,below deadband; feedforward + feedback
2026-05-16 20:15:32,4811.3,450.080,450.112,452.000,1.888,14.775600,100.865000,51.510100,0.712459,18.000000,97.083502,0.000000,7.445868,7.445868,12.406250,12.406250,9.248312,7.008238,7.008238,6.989450,4.564344,18.045946,9.584737,9.619114,-0.00974825,0.00691578,0.01850908,-0.946394,0.671408,1.796926,10.194706,7.954632,6.336830,5.211311,7.299572,7.152608,-6.336830,,,,,,within deadband and CO2 rising; MFC zero
2026-05-16 20:15:37,4816.3,450.495,450.441,452.000,1.559,14.760000,100.861000,51.506800,0.710755,18.000000,97.079652,0.000000,2.445868,2.445868,9.637500,9.637500,7.291760,7.052496,7.052496,6.974915,3.732976,18.083038,9.586423,9.591480,0.00309255,0.00949920,0.02917968,0.300224,0.922179,2.832753,6.991536,6.752273,6.130318,4.219743,7.257636,7.132060,-6.130318,,,,,,within deadband and CO2 rising; MFC zero
2026-05-16 20:15:43,4821.8,449.578,450.317,452.000,1.683,14.770100,100.866000,51.510100,0.711230,18.000000,97.084465,0.000000,0.000000,0.000000,2.356250,2.356250,1.789246,7.177883,7.177883,6.955224,0.914379,18.102253,9.577920,9.552413,0.00958003,0.00936655,0.02824490,0.930072,0.909347,2.742141,0.859174,6.247811,6.268536,4.435742,7.141959,7.103011,-6.268536,,,,,,within deadband and CO2 rising; MFC zero
2026-05-16 20:15:48,4827.3,448.936,449.970,452.000,2.030,14.769500,100.863000,51.503500,0.711438,18.000000,97.081577,12.404046,5.000000,0.000000,0.000000,0.000000,0.000000,7.380200,7.380200,6.939681,0.000000,18.102253,9.561451,9.512044,-0.00238661,0.00805250,0.01461063,-0.231695,0.781749,1.418423,0.231695,7.611895,6.598450,5.961776,7.049392,7.072993,-6.598450,,,,,,below deadband; feedforward + feedback
2026-05-16 20:15:54,4832.8,448.732,449.500,452.000,2.500,14.794200,100.862000,51.506800,0.710697,18.000000,97.080615,13.041952,5.000000,0.000000,0.000000,0.000000,0.000000,7.420492,7.420492,6.930751,0.000000,18.102253,9.541952,9.483453,-0.01537845,0.00518176,0.00209486,-1.492950,0.503048,0.203371,1.492950,8.913442,6.917444,7.217122,6.989489,7.051733,-6.917444,,,,,,below deadband; feedforward + feedback
2026-05-16 20:15:59,4838.3,449.120,448.976,452.000,3.024,14.762000,100.866000,51.510200,0.710765,18.000000,97.084465,13.751696,5.000000,5.000000,0.000000,0.000000,0.000000,7.420492,7.420492,6.926732,0.000000,18.102253,9.518726,9.449047,-0.00284039,0.00236931,-0.01483840,-0.275758,0.230023,-1.440578,0.275758,7.696250,7.190470,8.861070,6.857039,7.026150,-7.190470,,,,,,below deadband; feedforward + feedback
2026-05-16 20:16:04,4843.3,448.877,448.692,452.000,3.308,14.769300,100.862000,51.496900,0.711978,18.000000,97.080615,14.136807,10.000000,10.000000,4.787500,4.787500,3.597082,7.375893,7.375893,6.942220,1.778826,18.120766,9.506167,9.468491,-0.01047079,-0.00071622,-0.02516836,-1.016510,-0.069531,-2.443360,4.613592,8.392403,7.445424,9.819253,6.909983,7.040608,-7.445424,,,,,,below deadband; feedforward + feedback
2026-05-16 20:16:09,4848.3,447.637,448.573,452.000,3.427,14.781600,100.864000,51.500200,0.713658,18.000000,97.082540,14.295523,14.295523,14.295523,9.918750,9.918750,7.398650,7.260467,7.260467,6.959763,3.657046,18.157748,9.498423,9.475191,-0.03640407,-0.00320181,-0.03561841,-3.534200,-0.310840,-3.457926,10.932850,10.794667,7.571307,10.718393,6.947109,7.045590,-7.571307,,,,,,below deadband; feedforward + feedback
2026-05-16 20:16:15,4853.8,449.087,448.557,452.000,3.443,14.779200,100.862000,51.506800,0.712372,18.000000,97.080615,14.316047,14.316047,14.316047,14.256250,14.256250,10.605351,7.139914,7.139914,6.978956,5.408337,18.216070,9.495777,9.487839,-0.01384901,-0.00522106,-0.04237800,-1.344471,-0.506864,-4.114082,11.949822,8.484385,7.646778,11.253996,6.895861,7.054995,-7.646778,,,,,,below deadband; feedforward + feedback
2026-05-16 20:16:20,4859.3,449.014,448.741,452.000,3.259,14.765700,100.866000,51.506800,0.710946,18.000000,97.084465,14.060053,14.060053,14.060053,14.306250,14.306250,10.637883,7.087770,7.087770,6.997647,5.442115,18.274575,9.497698,9.503463,-0.03687536,-0.00529582,-0.03589007,-3.580025,-0.514142,-3.484369,14.217907,10.667795,7.601912,10.572139,7.181923,7.066612,-7.601912,,,,,,below deadband; feedforward + feedback
2026-05-16 20:16:26,4864.8,449.825,449.008,452.000,2.992,14.777900,100.863000,51.500200,0.711820,18.000000,97.081577,13.693205,13.693205,13.693205,14.056250,14.056250,10.451987,7.088761,7.088761,7.015561,5.178788,18.332066,9.504195,9.523684,-0.01438708,-0.00594427,-0.02561581,-1.396720,-0.577080,-2.486823,11.848707,8.485482,7.665841,9.575585,7.200346,7.081648,-7.665841,,,,,,below deadband; feedforward + feedback
2026-05-16 20:16:31,4869.8,449.495,449.282,452.000,2.718,14.786100,100.863000,51.506800,0.711578,18.000000,97.081577,13.320113,13.320113,13.320113,13.681250,13.681250,10.177791,7.106669,7.106669,7.032785,5.046581,18.383210,9.514458,9.545249,-0.01213470,-0.00656656,-0.01511107,-1.178056,-0.637492,-1.467006,11.355847,8.284726,7.744161,8.573676,7.198440,7.097684,-7.744161,,,,,,below deadband; feedforward + feedback
2026-05-16 20:16:36,4874.8,449.357,449.371,452.000,2.629,14.796500,100.865000,51.503500,0.709580,18.000000,97.083502,13.207482,13.207482,13.207482,13.312500,13.312500,9.903594,7.118551,7.118551,7.048640,4.899168,18.432994,9.526637,9.563175,-0.02689129,-0.00638063,-0.00072503,-2.610701,-0.619454,-0.070388,12.514295,9.729252,7.738006,7.188940,7.306289,7.111013,-7.738006,,,,,,below deadband; feedforward + feedback
2026-05-16 20:16:41,4880.3,449.521,449.543,452.000,2.457,14.808600,100.866000,51.503500,0.711271,18.000000,97.084465,12.977653,12.977653,12.977653,13.206250,13.206250,9.819941,7.124175,7.124175,7.058397,5.022309,18.487066,9.537153,9.568699,0.00788250,-0.00573277,0.01837007,0.765269,-0.556563,1.783449,9.054673,6.358906,7.680738,5.340726,7.268502,7.115121,-7.680738,,,,,,below deadband; feedforward + feedback
2026-05-16 20:16:47,4885.8,449.984,449.703,452.000,2.297,14.798200,100.865000,51.503500,0.712810,18.000000,97.083502,12.757535,12.757535,12.757535,12.943750,12.943750,9.624751,7.124887,7.124887,7.059711,4.923197,18.540228,9.541350,9.553940,0.01647092,-0.00407764,0.02777551,1.599055,-0.395871,2.696543,8.025696,5.525832,7.520759,4.428344,7.274823,7.104146,-7.520759,,,,,,below deadband; feedforward + feedback
2026-05-16 20:16:52,4891.3,449.697,449.667,452.000,2.333,14.775800,100.865000,51.513500,0.712501,18.000000,97.083502,12.807014,12.807014,12.807014,12.706250,12.706250,9.443503,7.126297,7.126297,7.057434,4.831605,18.592227,9.540359,9.537386,0.02542907,-0.00294849,0.02521529,2.468743,-0.286249,2.447988,6.974760,4.657554,7.412546,4.678309,7.271418,7.091837,-7.412546,,,,,,below deadband; feedforward + feedback
2026-05-16 20:16:58,4896.8,449.708,449.785,452.000,2.215,14.812800,100.865000,51.503500,0.712247,18.000000,97.083502,12.636012,12.636012,12.636012,12.818750,12.818750,9.513213,7.116413,7.116413,7.054731,4.711437,18.644399,9.535152,9.519533,0.01279018,-0.00092475,0.02580754,1.241716,-0.089778,2.505487,8.271498,5.874698,7.206191,4.610927,7.325818,7.078561,-7.206191,,,,,,below deadband; feedforward + feedback
2026-05-16 20:17:03,4901.8,450.008,449.798,452.000,2.202,14.782600,100.863000,51.510100,0.711284,18.000000,97.081577,12.609385,12.609385,12.609385,12.643750,12.643750,9.392381,7.154662,7.154662,7.052574,4.652701,18.691523,9.527180,9.503263,0.03043753,0.00045082,0.02502722,2.954924,0.043766,2.429682,6.437457,4.199738,7.110895,4.724979,7.321974,7.066464,-7.110895,,,,,,below deadband; feedforward + feedback
2026-05-16 20:17:08,4906.8,450.108,449.946,452.000,2.054,14.782800,100.865000,51.513500,0.710682,18.000000,97.083502,12.394754,12.394754,12.394754,12.600000,12.600000,9.387734,7.315306,7.315306,7.057711,4.802194,18.738488,9.519399,9.496057,0.01853849,0.00207266,0.02541612,1.799782,0.201221,2.467486,7.587952,5.515525,7.114085,4.847821,7.433613,7.061105,-7.114085,,,,,,below deadband; feedforward + feedback
2026-05-16 20:17:13,4912.3,450.735,450.310,452.000,1.690,14.784900,100.867000,51.506800,0.711353,18.000000,97.085427,0.000000,7.394754,7.394754,12.450000,12.450000,9.211133,7.581230,7.581230,7.078639,4.711785,18.789308,9.515803,9.505016,0.03248859,0.00348124,0.02197769,3.154168,0.337977,2.133714,6.056965,4.427062,7.243253,5.447517,7.377565,7.067767,-7.243253,,,,,,within deadband and CO2 rising; MFC zero
2026-05-16 20:17:19,4917.8,451.137,450.503,452.000,1.497,14.776200,100.863000,51.513500,0.713045,18.000000,97.081577,0.000000,2.394754,2.394754,7.400000,7.400000,5.493219,7.844428,7.844428,7.115833,2.812600,18.819557,9.520105,9.533011,0.02858883,0.00424571,0.02544424,2.775448,0.412180,2.470167,2.717770,5.068979,7.432248,5.374261,7.272580,7.088584,-7.432248,,,,,,within deadband and CO2 rising; MFC zero
2026-05-16 20:17:24,4923.3,449.956,450.529,452.000,1.471,14.774800,100.866000,51.506800,0.711582,18.000000,97.084465,0.000000,0.000000,0.000000,2.400000,2.400000,1.779952,7.981154,7.981154,7.163611,0.880137,18.829598,9.533375,9.573185,0.00532784,0.00494914,0.02239150,0.517251,0.480485,2.173867,1.262701,7.463903,7.500669,5.807287,7.290819,7.118457,-7.500669,,,,,,within deadband and CO2 rising; MFC zero
2026-05-16 20:17:29,4928.3,449.498,450.279,452.000,1.721,14.777000,100.865000,51.506800,0.711994,18.000000,97.083502,0.000000,0.000000,0.000000,0.000000,0.000000,0.000000,7.841717,7.841717,7.211266,0.000000,18.829598,9.555381,9.621397,0.00840353,0.00354356,0.01493601,0.815844,0.344021,1.450040,-0.815844,7.025873,7.497696,6.391676,7.287667,7.154306,-7.497696,,,,,,within deadband and CO2 rising; MFC zero
2026-05-16 20:17:34,4933.3,449.033,449.965,452.000,2.035,14.790100,100.864000,51.503500,0.712352,18.000000,97.082540,12.428072,5.000000,0.000000,0.000000,0.000000,0.000000,7.570681,7.570681,7.245461,0.000000,18.829598,9.578827,9.649167,-0.01077332,0.00293658,0.00214552,-1.045901,0.285091,0.208293,1.045901,8.616582,7.285590,7.362388,7.350950,7.174955,-7.285590,,,,,,below deadband; feedforward + feedback
2026-05-16 20:17:40,4938.8,447.928,449.324,452.000,2.676,14.806700,100.864000,51.503500,0.710177,18.000000,97.082540,13.345662,5.000000,5.000000,0.000000,0.000000,0.000000,7.206062,7.206062,7.258819,0.000000,18.829598,9.598702,9.658325,-0.04001757,0.00084517,-0.01196788,-3.885007,0.082051,-1.161873,3.885007,11.091069,7.124011,8.367934,7.473236,7.181765,-7.124011,,,,,,below deadband; feedforward + feedback
2026-05-16 20:17:45,4944.3,448.342,448.948,452.000,3.052,14.794200,100.863000,51.506800,0.714631,18.000000,97.081577,13.885470,10.000000,10.000000,4.868750,4.868750,3.620319,6.836718,6.836718,7.255350,1.856021,18.849868,9.612810,9.655134,-0.02657197,-0.00045171,-0.02077007,-2.579649,-0.043853,-2.016391,6.199968,9.416367,6.880571,8.853109,7.557146,7.179392,-6.880571,,,,,,below deadband; feedforward + feedback
2026-05-16 20:17:51,4949.8,449.332,448.749,452.000,3.251,14.770900,100.865000,51.506800,0.711824,18.000000,97.083502,14.171157,14.171157,14.171157,10.087500,10.087500,7.403297,6.546349,6.546349,7.240785,3.780774,18.890491,9.619337,9.638920,-0.00705896,-0.00061599,-0.03376864,-0.685309,-0.059803,-3.278378,8.088606,7.231658,6.606151,9.824726,7.533467,7.167336,-6.606151,,,,,,below deadband; feedforward + feedback
2026-05-16 20:17:56,4955.3,449.017,448.811,452.000,3.189,14.804200,100.867000,51.506800,0.713256,18.000000,97.085427,14.084006,14.084006,14.084006,14.143750,14.143750,10.521698,6.391420,6.391420,7.220578,5.225383,18.948143,9.619756,9.621014,-0.01137857,-0.00009508,-0.03514866,-1.104693,-0.009231,-3.412423,11.626391,7.496113,6.400651,9.803843,7.484849,7.154021,-6.400651,,,,,,below deadband; feedforward + feedback
2026-05-16 20:18:01,4960.3,449.022,448.948,452.000,3.052,14.815400,100.864000,51.510200,0.713127,18.000000,97.082540,13.889402,13.889402,13.889402,13.806250,13.806250,10.275386,6.365426,6.365426,7.198785,5.077566,19.001058,9.616882,9.608259,-0.02005113,0.00046749,-0.03779813,-1.946615,0.045385,-3.669539,12.222001,8.312040,6.320041,10.034964,7.527480,7.144537,-6.320041,,,,,,below deadband; feedforward + feedback
2026-05-16 20:18:06,4965.3,449.514,448.938,452.000,3.062,14.774900,100.864000,51.506800,0.712760,18.000000,97.082540,13.900993,13.900993,13.900993,13.875000,13.875000,10.312565,6.433092,6.433092,7.178952,5.261149,19.052491,9.614438,9.607104,-0.01855502,0.00124810,-0.03661187,-1.801369,0.121168,-3.554373,12.113934,8.234461,6.311923,9.987465,7.537129,7.143678,-6.311923,,,,,,below deadband; feedforward + feedback
2026-05-16 20:18:12,4970.8,448.988,449.150,452.000,2.850,14.807200,100.865000,51.506800,0.713235,18.000000,97.083502,13.603896,13.603896,13.603896,13.893750,13.893750,10.335802,6.482788,6.482788,7.159307,5.293267,19.109317,9.613686,9.611430,-0.03102585,0.00266961,-0.02454447,-3.012098,0.259175,-2.382863,13.347900,9.494886,6.223613,8.865651,7.631702,7.146895,-6.223613,,,,,,below deadband; feedforward + feedback
2026-05-16 20:18:17,4976.3,449.482,449.260,452.000,2.740,14.808600,100.866000,51.510100,0.711696,18.000000,97.084465,13.449703,13.449703,13.449703,13.606250,13.606250,10.122022,6.604906,6.604906,7.139549,5.178393,19.165133,9.613913,9.614595,-0.03181576,0.00276184,-0.00921467,-3.088816,0.268131,-0.894601,13.210838,9.693722,6.336774,7.499507,7.750526,7.149248,-6.336774,,,,,,below deadband; feedforward + feedback
2026-05-16 20:18:23,4981.8,450.212,449.490,452.000,2.510,14.817300,100.864000,51.516800,0.711930,18.000000,97.082540,13.129331,13.129331,13.129331,13.437500,13.437500,10.001190,6.916669,6.916669,7.123565,5.121495,19.220231,9.615261,9.619305,0.00102523,0.00223163,0.00754997,0.099532,0.216652,0.732971,9.901658,6.817137,6.700017,6.183698,7.723121,7.152750,-6.700017,,,,,,below deadband; feedforward + feedback
2026-05-16 20:18:28,4987.3,449.978,449.668,452.000,2.332,14.798700,100.868000,51.503500,0.711689,18.000000,97.086390,12.883716,12.883716,12.883716,13.125000,13.125000,9.764173,7.285873,7.285873,7.118923,4.838730,19.273958,9.618951,9.630021,0.00455471,0.00141471,0.01765169,0.442200,0.137349,1.713738,9.321973,6.843673,7.148524,5.572134,7.651750,7.160719,-7.148524,,,,,,below deadband; feedforward + feedback
2026-05-16 20:18:33,4992.3,449.497,449.756,452.000,2.244,14.861300,100.862000,51.503500,0.712557,18.000000,97.080615,12.768052,12.768052,12.768052,12.875000,12.875000,9.578277,7.616334,7.616334,7.125676,4.748501,19.322066,9.625962,9.646996,0.00366394,0.00061621,0.02421746,0.355698,0.059822,2.351046,9.222579,7.260636,7.556511,5.265288,7.636728,7.173341,-7.556511,,,,,,below deadband; feedforward + feedback
2026-05-16 20:18:38,4997.3,450.787,449.890,452.000,2.110,14.792500,100.866000,51.506800,0.712384,18.000000,97.084465,12.589641,12.589641,12.589641,12.775000,12.775000,9.494624,7.907710,7.907710,7.144015,4.702149,19.369635,9.636131,9.666639,0.03897557,0.00039860,0.02798802,3.783922,0.038698,2.717202,5.710702,4.123787,7.869012,5.190508,7.489535,7.187947,-7.869012,,,,,,below deadband; feedforward + feedback
2026-05-16 20:18:44,5002.8,450.913,450.158,452.000,1.842,14.789700,100.864000,51.510200,0.714024,18.000000,97.082540,0.000000,7.589641,7.589641,0.481250,0.481250,0.422913,8.094690,8.094690,7.172781,0.216612,19.422214,9.649369,9.689080,0.04472417,0.00040649,0.03394273,4.341936,0.039463,3.295247,-3.919024,3.752753,8.055227,4.799443,7.246710,7.204634,-8.055227,,,,,,within deadband and CO2 rising; MFC zero
2026-05-16 20:18:49,5008.3,449.649,450.342,452.000,1.658,14.809700,100.866000,51.503500,0.711892,18.000000,97.084465,0.000000,2.589641,2.589641,7.587500,7.587500,5.632640,8.126958,8.126958,7.206817,2.800157,19.452395,9.663914,9.707549,0.01312653,0.00084380,0.02926952,1.274382,0.081920,2.841616,4.358258,6.852576,8.045038,5.285342,7.190441,7.218367,-8.045038,,,,,,within deadband and CO2 rising; MFC zero
2026-05-16 20:18:54,5013.3,450.435,450.403,452.000,1.597,14.792900,100.863000,51.506800,0.711975,18.000000,97.081577,0.000000,0.000000,0.000000,2.462500,2.462500,1.914726,8.025645,8.025645,7.239158,0.947622,19.462278,9.678674,9.722954,0.01687427,0.00094294,0.02766109,1.638181,0.091542,2.685382,0.276545,6.387464,7.934103,5.340263,7.042843,7.229822,-7.934103,,,,,,within deadband and CO2 rising; MFC zero
2026-05-16 20:18:59,5018.3,449.537,450.160,452.000,1.840,14.803500,100.865000,51.510100,0.710682,18.000000,97.083502,0.000000,0.000000,0.000000,0.000000,0.000000,0.000000,7.811555,7.811555,7.264081,0.000000,19.462278,9.690927,9.727687,0.01889115,0.00044970,0.02041887,1.834019,0.043659,1.982336,-1.834019,5.977536,7.767896,5.829220,6.956362,7.233341,-7.767896,,,,,,within deadband and CO2 rising; MFC zero
2026-05-16 20:19:05,5023.8,449.058,449.623,452.000,2.377,14.809800,100.867000,51.503600,0.710773,18.000000,97.085427,13.026730,5.000000,0.000000,0.000000,0.000000,0.000000,7.467276,7.467276,7.276516,0.000000,19.462278,9.698405,9.720838,0.00544549,-0.00133067,0.00002518,0.528677,-0.129189,0.002444,-0.528677,6.938599,7.596465,7.464832,6.909944,7.228248,-7.596465,,,,,,below deadband; feedforward + feedback
2026-05-16 20:19:10,5029.3,448.361,449.255,452.000,2.745,14.827300,100.864000,51.506800,0.710699,18.000000,97.082540,13.542444,5.000000,5.000000,0.000000,0.000000,0.000000,7.095206,7.095206,7.275711,0.000000,19.462278,9.699129,9.701304,-0.02094156,-0.00228236,-0.01070527,-2.033060,-0.221577,-1.039295,2.033060,9.128266,7.316783,8.134500,6.889220,7.213723,-7.316783,,,,,,below deadband; feedforward + feedback
2026-05-16 20:19:16,5034.8,448.076,448.799,452.000,3.201,14.796700,100.866000,51.510100,0.710762,18.000000,97.084465,14.174850,10.000000,10.000000,4.818750,4.818750,3.615672,6.732647,6.732647,7.262210,1.843963,19.483302,9.693030,9.674730,-0.02875687,-0.00386324,-0.02669899,-2.791845,-0.375061,-2.592057,6.407517,9.524493,7.107708,9.324705,6.998379,7.193964,-7.107708,,,,,,below deadband; feedforward + feedback
2026-05-16 20:19:21,5040.3,448.939,448.567,452.000,3.433,14.870900,100.864000,51.506800,0.713900,18.000000,97.082540,14.488291,14.488291,14.488291,10.031250,10.031250,7.403297,6.433773,6.433773,7.238379,3.794119,19.523926,9.682371,9.650393,-0.00998339,-0.00579074,-0.03517572,-0.969213,-0.562180,-3.414948,8.372510,7.402986,6.995954,9.848722,7.063108,7.175867,-6.995954,,,,,,below deadband; feedforward + feedback
2026-05-16 20:19:27,5045.8,449.827,448.531,452.000,3.469,14.795600,100.869000,51.503500,0.711319,18.000000,97.087352,14.525756,14.525756,14.525756,14.468750,14.468750,10.758715,6.308356,6.308356,7.210174,5.336333,19.582912,9.668631,9.627414,0.00589927,-0.00626933,-0.04002763,0.572745,-0.608672,-3.886177,10.185970,5.735611,6.917028,10.194533,7.100282,7.158780,-6.917028,,,,,,below deadband; feedforward + feedback
2026-05-16 20:19:32,5050.8,448.423,448.680,452.000,3.320,14.833600,100.866000,51.506800,0.712737,18.000000,97.084465,14.303028,14.303028,14.303028,14.500000,14.500000,10.791247,6.295916,6.295916,7.181881,5.359089,19.636879,9.654783,9.613239,-0.00630276,-0.00622754,-0.03771439,-0.611900,-0.604598,-3.661482,11.403146,6.907816,6.900514,9.957398,7.135907,7.148240,-6.900514,,,,,,below deadband; feedforward + feedback
2026-05-16 20:19:37,5055.8,449.548,448.846,452.000,3.154,14.817900,100.864000,51.503500,0.711973,18.000000,97.082540,14.056843,14.056843,14.056843,9.237500,9.237500,7.370765,6.337789,6.337789,7.153713,3.762570,19.693113,9.641593,9.602021,-0.01337865,-0.00547169,-0.03629761,-1.298834,-0.531206,-3.523865,8.669599,7.636623,6.868995,9.861654,7.254421,7.139898,-6.868995,,,,,,below deadband; feedforward + feedback
2026-05-16 20:19:42,5061.3,449.277,449.012,452.000,2.988,14.803900,100.868000,51.513500,0.713292,18.000000,97.086390,13.811066,13.811066,13.811066,14.062500,14.062500,10.438045,6.386819,6.386819,7.121696,5.324645,19.746482,9.628111,9.587665,-0.02307610,-0.00430245,-0.02277680,-2.240375,-0.417709,-2.211317,12.678420,8.627194,6.804529,8.598136,7.361719,7.129224,-6.804529,,,,,,below deadband; feedforward + feedback
2026-05-16 20:19:48,5066.8,449.845,449.348,452.000,2.652,14.810500,100.866000,51.503500,0.711779,18.000000,97.084465,13.322953,13.322953,13.322953,13.800000,13.800000,10.252149,6.425052,6.425052,7.081828,5.251213,19.803109,9.610048,9.555858,0.00221853,-0.00136277,-0.00035250,0.215385,-0.132304,-0.034223,10.036764,6.209667,6.557355,6.459274,7.423189,7.105572,-6.557355,,,,,,below deadband; feedforward + feedback
2026-05-16 20:19:53,5072.3,449.689,449.690,452.000,2.310,14.825900,100.864000,51.500200,0.711027,18.000000,97.082540,12.818054,12.818054,12.818054,13.318750,13.318750,9.894300,6.516698,6.516698,7.036044,4.908389,19.857733,9.584509,9.507894,-0.01544568,0.00122312,0.01511239,-1.499506,0.118744,1.467149,11.393805,8.016204,6.397955,5.049549,7.524817,7.069907,-6.397955,,,,,,below deadband; feedforward + feedback
2026-05-16 20:19:58,5077.3,450.566,449.822,452.000,2.178,14.831100,100.867000,51.506900,0.713253,18.000000,97.085427,12.602942,12.602942,12.602942,12.818750,12.818750,9.531803,6.707056,6.707056,6.992110,4.723480,19.905722,9.553637,9.461022,0.01421875,0.00223631,0.02539510,1.380433,0.217113,2.465494,8.151370,5.326622,6.489942,4.241562,7.451118,7.035054,-6.489942,,,,,,below deadband; feedforward + feedback
2026-05-16 20:20:03,5082.3,449.909,449.994,452.000,2.006,14.821200,100.863000,51.500200,0.712553,18.000000,97.081577,12.329858,12.329858,12.329858,19.137500,19.137500,12.171522,6.986581,6.986581,6.962622,6.043756,19.954165,9.521038,9.423241,0.02895856,0.00312726,0.03320058,2.811343,0.303599,3.223165,9.360180,4.175238,6.682981,3.763416,7.352820,7.006961,-6.682981,,,,,,below deadband; feedforward + feedback
2026-05-16 20:20:09,5087.8,449.498,450.073,452.000,1.927,14.835800,100.864000,51.506800,0.714094,18.000000,97.082540,0.000000,7.329858,7.329858,12.343750,12.343750,9.155364,7.334392,7.334392,6.954474,4.680506,20.002884,9.493284,9.410019,0.01716000,0.00343957,0.03852405,1.665936,0.333922,3.740012,7.489428,5.668456,7.000470,3.594380,7.251160,6.997129,-7.000470,,,,,,within deadband and CO2 rising; MFC zero
2026-05-16 20:20:14,5093.3,449.771,450.065,452.000,1.935,14.813400,100.867000,51.496900,0.713874,18.000000,97.085427,0.000000,2.329858,2.329858,7.143750,7.143750,5.456039,7.670476,7.670476,6.970489,2.796704,20.032935,9.475272,9.421237,0.02919438,0.00313703,0.03373590,2.834348,0.304560,3.275264,2.621691,4.836127,7.365915,4.395211,7.035473,7.005471,-7.365915,,,,,,within deadband and CO2 rising; MFC zero
2026-05-16 20:20:20,5098.8,449.569,450.032,452.000,1.968,14.825200,100.869000,51.500200,0.712867,18.000000,97.087352,0.000000,0.000000,0.000000,2.312500,2.312500,1.733478,7.879810,7.879810,7.006457,0.860859,20.042740,9.471173,9.458876,0.01976545,0.00193214,0.02374986,1.918975,0.187586,2.305811,-0.185497,5.960835,7.692224,5.573998,6.916316,7.033459,-7.692224,,,,,,within deadband and CO2 rising; MFC zero
2026-05-16 20:20:25,5103.8,449.041,449.760,452.000,2.240,14.830100,100.867000,51.506800,0.713326,18.000000,97.085427,12.616569,5.000000,0.000000,0.000000,0.000000,0.000000,7.846178,7.846178,7.051279,0.000000,20.042740,9.481269,9.511557,0.00586575,0.00107158,0.01041015,0.569479,0.104035,1.010674,-0.569479,7.276699,7.742143,6.835504,6.917870,7.072631,-7.742143,,,,,,below deadband; feedforward + feedback
2026-05-16 20:20:30,5108.8,448.313,449.425,452.000,2.575,14.834900,100.865000,51.513500,0.711445,18.000000,97.083502,13.108210,5.000000,0.000000,0.000000,0.000000,0.000000,7.613654,7.613654,7.093425,0.000000,20.042740,9.503490,9.570152,-0.01697514,-0.00052062,-0.00002287,-1.648006,-0.050544,-0.002221,1.648006,9.261660,7.664197,7.615874,6.978751,7.116201,-7.664197,,,,,,below deadband; feedforward + feedback
2026-05-16 20:20:35,5114.3,448.160,449.027,452.000,2.973,14.828300,100.866000,51.513500,0.710861,18.000000,97.084465,13.695860,5.000000,5.000000,0.000000,0.000000,0.000000,7.214442,7.214442,7.122701,0.000000,20.042740,9.534255,9.626549,-0.01978192,-0.00331401,-0.01717413,-1.920517,-0.321739,-1.667341,1.920517,9.134959,7.536181,8.881784,7.007127,7.158137,-7.536181,,,,,,below deadband; feedforward + feedback
2026-05-16 20:20:41,5119.8,448.084,448.636,452.000,3.364,14.833700,100.869000,51.510200,0.713755,18.000000,97.087352,14.278753,10.000000,10.000000,4.893750,4.893750,3.615672,6.841954,6.841954,7.136800,1.849998,20.063088,9.568943,9.673009,-0.01025231,-0.00485978,-0.03179560,-0.995369,-0.471823,-3.086951,4.611041,7.837323,7.313777,9.928905,6.993433,7.192684,-7.313777,,,,,,below deadband; feedforward + feedback
2026-05-16 20:20:46,5125.3,448.387,448.369,452.000,3.631,14.818800,100.870000,51.506800,0.711285,18.000000,97.088315,14.688766,14.688766,14.688766,9.987500,9.987500,7.412592,6.539951,6.539951,7.138771,3.795173,20.103746,9.605996,9.717153,-0.02795012,-0.00654631,-0.03928155,-2.713630,-0.635570,-3.813779,10.126222,9.253581,7.175521,10.353730,6.985112,7.225508,-7.175521,,,,,,below deadband; feedforward + feedback
2026-05-16 20:20:52,5130.8,448.533,448.318,452.000,3.682,14.826000,100.867000,51.503500,0.715615,18.000000,97.085427,14.797955,14.797955,14.797955,14.675000,14.675000,10.916726,6.369732,6.369732,7.130662,5.410444,20.163532,9.642665,9.752673,-0.02537868,-0.00755010,-0.03979002,-2.463900,-0.733005,-3.863031,13.380626,8.833633,7.102737,10.232763,6.955454,7.251921,-7.102737,,,,,,below deadband; feedforward + feedback
2026-05-16 20:20:57,5135.8,448.991,448.481,452.000,3.519,14.840300,100.867000,51.503500,0.712578,18.000000,97.085427,14.601101,14.601101,14.601101,14.468750,14.468750,10.721536,6.337991,6.337991,7.110707,5.307624,20.217802,9.674361,9.769450,-0.00652114,-0.00745521,-0.03657350,-0.633108,-0.723792,-3.550754,11.354643,6.971098,7.061783,9.888745,6.960763,7.264395,-7.061783,,,,,,below deadband; feedforward + feedback
2026-05-16 20:21:02,5140.8,449.074,448.575,452.000,3.425,14.824100,100.867000,51.503500,0.710703,18.000000,97.085427,14.492662,14.492662,14.492662,14.568750,14.568750,10.842368,6.369701,6.369701,7.079115,5.378852,20.272072,9.697627,9.767424,-0.02233656,-0.00757210,-0.03346882,-2.168554,-0.735140,-3.249334,13.010922,8.538256,7.104842,9.619036,7.019196,7.262889,-7.104842,,,,,,below deadband; feedforward + feedback
2026-05-16 20:21:07,5146.3,449.806,448.869,452.000,3.131,14.822200,100.867000,51.503500,0.711381,18.000000,97.085427,14.091859,14.091859,14.091859,14.468750,14.468750,10.768010,6.408213,6.408213,7.037456,5.512490,20.331390,9.709019,9.743194,0.00161350,-0.00644589,-0.01571582,0.156648,-0.625802,-1.525777,10.611362,6.251565,7.034015,7.933990,6.984401,7.244872,-7.034015,,,,,,below deadband; feedforward + feedback
2026-05-16 20:21:13,5151.8,449.071,449.262,452.000,2.738,14.871600,100.872000,51.506900,0.712760,18.000000,97.090240,13.538536,13.538536,13.538536,14.093750,14.093750,10.470576,6.453680,6.453680,6.987317,5.359481,20.389257,9.704916,9.692608,-0.02215208,-0.00334235,0.00100410,-2.150750,-0.324509,0.097488,12.621327,8.604430,6.778189,6.356192,7.138906,7.207257,-6.778189,,,,,,below deadband; feedforward + feedback
2026-05-16 20:21:18,5157.3,449.853,449.466,452.000,2.534,14.833500,100.867000,51.503500,0.712719,18.000000,97.085427,13.231517,13.231517,13.231517,13.531250,13.531250,10.061606,6.497319,6.497319,6.932235,5.164732,20.444957,9.684582,9.623582,0.00742872,-0.00071521,0.01654337,0.721220,-0.069437,1.606120,9.340385,5.776098,6.566755,4.891199,7.208676,7.155931,-6.566755,,,,,,below deadband; feedforward + feedback
2026-05-16 20:21:24,5162.8,449.650,449.780,452.000,2.220,14.856200,100.869000,51.513500,0.710528,18.000000,97.087352,12.759282,12.759282,12.759282,13.150000,13.150000,9.787410,6.579283,6.579283,6.878867,5.017882,20.499377,9.650757,9.549281,0.01505913,0.00140557,0.02873248,1.462051,0.136463,2.789560,8.325359,5.117232,6.442820,3.789723,7.148837,7.100682,-6.442820,,,,,,below deadband; feedforward + feedback
2026-05-16 20:21:29,5168.3,450.004,449.720,452.000,2.280,14.822900,100.868000,51.506800,0.710644,18.000000,97.086390,12.793661,12.793661,12.793661,12.756250,12.756250,9.485329,6.813156,6.813156,6.802254,4.688690,20.551462,9.601206,9.452553,0.02842072,0.00232514,0.03123068,2.759265,0.225739,3.032074,6.726064,4.053890,6.587416,3.781082,7.107327,7.028757,-6.587416,,,,,,below deadband; feedforward + feedback
2026-05-16 20:21:34,5173.3,449.892,449.832,452.000,2.168,14.833000,100.867000,51.510100,0.712297,18.000000,97.085427,12.596617,12.596617,12.596617,12.781250,12.781250,9.513213,7.071442,7.071442,6.811536,4.727799,20.599057,9.561172,9.441069,0.02284078,0.00299049,0.03505910,2.217507,0.290333,3.403728,7.295706,4.853935,6.781109,3.667715,7.029624,7.020217,-6.781109,,,,,,below deadband; feedforward + feedback
2026-05-16 20:21:39,5178.3,450.094,449.852,452.000,2.148,14.836000,100.869000,51.500200,0.711853,18.000000,97.087352,12.531452,12.531452,12.531452,12.593750,12.593750,9.369144,7.387759,7.387759,6.808794,4.799362,20.646023,9.524777,9.415593,0.03959742,0.00350871,0.03371720,3.844409,0.340652,3.273513,5.524735,3.543350,7.047108,4.114246,6.912546,7.001274,-7.047108,,,,,,below deadband; feedforward + feedback
2026-05-16 20:21:45,5183.8,450.157,449.906,452.000,2.094,14.838700,100.868000,51.510200,0.712350,18.000000,97.086390,12.430293,12.430293,12.430293,12.531250,12.531250,9.308728,7.734656,7.734656,6.830844,4.788101,20.697306,9.498693,9.420440,0.03467302,0.00322761,0.02987979,3.366279,0.313357,2.900921,5.942449,4.368377,7.421299,4.833735,6.748412,7.004878,-7.421299,,,,,,below deadband; feedforward + feedback
2026-05-16 20:21:50,5189.3,450.465,450.041,452.000,1.959,14.870900,100.868000,51.503500,0.709894,18.000000,97.086390,0.000000,7.430293,7.430293,12.431250,12.431250,9.262254,8.019851,8.019851,6.875230,4.740455,20.748205,9.486726,9.450823,0.03825343,0.00264675,0.02250057,3.713887,0.256963,2.184500,5.548367,4.305964,7.762888,5.835352,6.568463,7.027470,-7.762888,,,,,,within deadband and CO2 rising; MFC zero
2026-05-16 20:21:56,5194.8,449.371,450.156,452.000,1.844,14.852100,100.867000,51.503500,0.712355,18.000000,97.085427,0.000000,2.430293,2.430293,7.343750,7.343750,5.497866,8.181085,8.181085,6.935482,2.723871,20.780480,9.488241,9.492786,0.00420185,0.00288675,0.02199843,0.407938,0.280261,2.135727,5.089928,7.773147,7.900824,6.045357,6.581227,7.058673,-7.900824,,,,,,within deadband and CO2 rising; MFC zero
2026-05-16 20:22:01,5199.8,449.644,449.995,452.000,2.005,14.846400,100.865000,51.506800,0.710627,18.000000,97.083502,12.308306,7.430293,7.430293,2.450000,2.450000,1.803188,8.199039,8.199039,7.000678,0.892965,20.789752,9.501166,9.539941,0.02121086,0.00273129,0.00950575,2.059225,0.265163,0.922851,-0.256036,6.139814,7.933876,7.276188,6.595165,7.093737,-7.933876,,,,,,below deadband; feedforward + feedback
2026-05-16 20:22:06,5204.8,449.067,449.692,452.000,2.308,14.843700,100.867000,51.506900,0.711298,18.000000,97.085427,12.753721,12.430293,12.430293,7.406250,7.406250,5.521103,7.937313,7.937313,7.057278,2.734857,20.817248,9.521926,9.584206,-0.00958006,0.00084735,-0.00450654,-0.930084,0.082265,-0.437519,6.451187,8.867398,7.855048,8.374833,6.662737,7.126652,-7.855048,,,,,,below deadband; feedforward + feedback
2026-05-16 20:22:11,5210.3,449.655,449.499,452.000,2.501,14.840300,100.869000,51.510200,0.712812,18.000000,97.087352,13.047979,13.047979,13.047979,12.431250,12.431250,9.239017,7.669856,7.669856,7.103212,4.733765,20.868077,9.546299,9.619419,0.00263871,0.00042778,-0.00677818,0.256185,0.041532,-0.658076,8.982832,7.413671,7.628324,8.327932,6.655049,7.152835,-7.628324,,,,,,below deadband; feedforward + feedback
2026-05-16 20:22:17,5215.8,449.857,449.489,452.000,2.511,14.840700,100.870000,51.510200,0.712344,18.000000,97.088315,13.086744,13.086744,13.086744,13.031250,13.031250,9.699109,7.564484,7.564484,7.143821,4.955893,20.921061,9.571064,9.645360,0.00013446,0.00206584,-0.00520817,0.013054,0.200569,-0.505653,9.686055,7.551430,7.363915,8.070137,6.617954,7.172124,-7.363915,,,,,,below deadband; feedforward + feedback
2026-05-16 20:22:22,5221.3,450.569,449.736,452.000,2.264,14.862700,100.868000,51.503500,0.711448,18.000000,97.086390,12.765193,12.765193,12.765193,13.087500,13.087500,9.736288,7.528885,7.528885,7.181884,4.980203,20.974570,9.596153,9.671417,0.01075652,0.00421922,0.00097336,1.044312,0.409629,0.094500,8.691977,6.484573,7.119256,7.434385,6.627433,7.191500,-7.119256,,,,,,below deadband; feedforward + feedback
2026-05-16 20:22:28,5226.8,450.791,450.251,452.000,1.749,14.848200,100.867000,51.510200,0.713310,18.000000,97.085427,0.000000,7.765193,7.765193,6.700000,6.700000,5.641935,7.511457,7.511457,7.216186,2.795862,21.030337,9.621111,9.695988,0.03095859,0.00601192,0.00389220,3.005628,0.583670,0.377876,2.636307,4.505829,6.927788,7.133581,6.506386,7.209770,-6.927788,,,,,,within deadband and CO2 rising; MFC zero
2026-05-16 20:22:33,5231.8,450.107,450.511,452.000,1.489,14.823200,100.869000,51.510200,0.713572,18.000000,97.087352,0.000000,2.765193,2.765193,7.743750,7.743750,5.762767,7.504796,7.504796,7.243694,2.852439,21.055963,9.642159,9.705304,0.00194962,0.00838377,0.00924690,0.189283,0.813958,0.897757,5.573484,7.315513,6.690838,6.607039,6.574968,7.216698,-6.690838,,,,,,within deadband and CO2 rising; MFC zero
2026-05-16 20:22:38,5236.8,449.957,450.452,452.000,1.548,14.827900,100.869000,51.506900,0.712882,18.000000,97.087352,0.000000,0.000000,0.000000,2.743750,2.743750,2.049500,7.457904,7.457904,7.259947,1.014436,21.066459,9.655447,9.695310,0.00193285,0.01020154,0.00968190,0.187655,0.990440,0.939990,1.861845,7.270249,6.467464,6.517914,6.681693,7.209266,-6.467464,,,,,,within deadband and CO2 rising; MFC zero
2026-05-16 20:22:43,5242.3,449.059,450.234,452.000,1.766,14.844600,100.870000,51.503500,0.712414,18.000000,97.088315,0.000000,0.000000,0.000000,0.000000,0.000000,0.000000,7.268089,7.268089,7.257661,0.000000,21.066459,9.656332,9.658989,-0.01396690,0.01082360,0.00752825,-1.356023,1.050845,0.730905,1.356023,8.624112,6.217244,6.537184,6.783612,7.182258,-6.217244,,,,,,within deadband and CO2 rising; MFC zero
2026-05-16 20:22:49,5247.8,448.985,449.775,452.000,2.225,14.839100,100.869000,51.503500,0.713009,18.000000,97.087352,12.755575,5.000000,0.000000,0.000000,0.000000,0.000000,7.018477,7.018477,7.235178,0.000000,21.066459,9.641065,9.595263,-0.01989984,0.01057538,-0.00069487,-1.932022,1.026736,-0.067463,1.932022,8.950500,5.991741,7.085941,6.925487,7.134873,-5.991741,,,,,,below deadband; feedforward + feedback
2026-05-16 20:22:54,5253.3,449.232,449.336,452.000,2.664,14.849100,100.870000,51.506800,0.712568,18.000000,97.088315,13.339333,5.000000,5.000000,0.000000,0.000000,0.000000,6.866461,6.866461,7.200235,0.000000,21.066459,9.609768,9.515879,-0.02416853,0.00912642,-0.00375874,-2.346482,0.886069,-0.364929,2.346482,9.212943,5.980392,7.231391,7.037629,7.075845,-5.980392,,,,,,below deadband; feedforward + feedback
2026-05-16 20:23:00,5258.8,448.542,449.011,452.000,2.989,14.857200,100.869000,51.510100,0.712107,18.000000,97.087352,13.743954,10.000000,10.000000,4.850000,4.850000,3.611024,6.826029,6.826029,7.149036,1.786048,21.086770,9.559984,9.410632,-0.01934489,0.00707402,-0.01319399,-1.878144,0.686798,-1.280970,5.489169,8.704173,6.139231,8.106998,7.009180,6.997585,-6.139231,,,,,,below deadband; feedforward + feedback
2026-05-16 20:23:05,5263.8,448.384,448.808,452.000,3.192,14.834700,100.871000,51.503500,0.711834,18.000000,97.089277,13.985485,13.985485,13.985485,9.956250,9.956250,7.403297,6.890225,6.890225,7.140111,3.668606,21.123776,9.516055,9.384265,-0.01094130,0.00475042,-0.02783102,-1.062283,0.461215,-2.702093,8.465580,7.952508,6.429010,9.592318,7.041709,6.977979,-6.429010,,,,,,below deadband; feedforward + feedback
2026-05-16 20:23:10,5268.8,448.614,448.686,452.000,3.314,14.871400,100.870000,51.500200,0.711357,18.000000,97.088315,14.115889,14.115889,14.115889,13.968750,13.968750,10.368334,7.059018,7.059018,7.134752,5.132084,21.175675,9.475659,9.354472,-0.02073993,0.00170246,-0.04074798,-2.013605,0.165289,-3.956153,12.381939,9.072623,6.893729,11.015171,7.039559,6.955825,-6.893729,,,,,,below deadband; feedforward + feedback
2026-05-16 20:23:15,5273.8,448.850,448.715,452.000,3.285,14.869400,100.873000,51.513500,0.710261,18.000000,97.091202,14.044380,14.044380,14.044380,14.100000,14.100000,10.489166,7.302154,7.302154,7.150621,5.359155,21.228073,9.446080,9.357343,-0.02944594,-0.00075730,-0.04245852,-2.858942,-0.073527,-4.122349,13.348108,10.161096,7.375681,11.424503,7.119689,6.957960,-7.375681,,,,,,below deadband; feedforward + feedback
2026-05-16 20:23:20,5279.3,449.401,448.806,452.000,3.194,14.819000,100.869000,51.510100,0.712601,18.000000,97.087352,13.903312,13.903312,13.903312,14.031250,14.031250,10.442692,7.518537,7.518537,7.184365,5.171631,21.284061,9.431432,9.387487,-0.02173153,-0.00316219,-0.03712392,-2.109857,-0.307009,-3.604263,12.552549,9.628394,7.825546,11.122800,7.132614,6.980375,-7.825546,,,,,,below deadband; feedforward + feedback
2026-05-16 20:23:25,5284.3,449.282,448.906,452.000,3.094,14.857300,100.869000,51.503500,0.713487,18.000000,97.087352,13.763144,13.763144,13.763144,13.881250,13.881250,10.331155,7.621926,7.621926,7.227544,5.123263,21.335831,9.431824,9.433001,-0.02042093,-0.00476143,-0.02965837,-1.982614,-0.462275,-2.879453,12.313768,9.604540,8.084200,10.501379,7.159197,7.014218,-8.084200,,,,,,below deadband; feedforward + feedback
2026-05-16 20:23:30,5289.3,449.957,449.187,452.000,2.813,14.863800,100.866000,51.510100,0.710933,18.000000,97.084465,13.383036,13.383036,13.383036,13.756250,13.756250,10.228912,7.572741,7.572741,7.270122,5.221869,21.387116,9.444591,9.482890,-0.00546238,-0.00581799,-0.01053689,-0.530312,-0.564836,-1.022968,10.759224,8.103053,8.137577,8.595709,7.198230,7.051315,-8.137577,,,,,,below deadband; feedforward + feedback
2026-05-16 20:23:36,5294.8,449.590,449.371,452.000,2.629,14.866500,100.866000,51.513500,0.711669,18.000000,97.084465,13.147020,13.147020,13.147020,13.375000,13.375000,9.945421,7.552804,7.552804,7.310919,5.092775,21.442058,9.466630,9.532749,-0.01289116,-0.00646033,0.00226073,-1.251531,-0.627198,0.219482,11.196952,8.804335,8.180001,7.333322,7.207405,7.088389,-8.180001,,,,,,below deadband; feedforward + feedback
2026-05-16 20:23:41,5300.3,450.400,449.635,452.000,2.365,14.843100,100.871000,51.500200,0.711763,18.000000,97.089277,12.805648,12.805648,12.805648,13.156250,13.156250,9.778115,7.526422,7.526422,7.349478,4.852123,21.495832,9.494858,9.579541,0.01964746,-0.00532103,0.01808352,1.907557,-0.516615,1.755716,7.870557,5.618865,8.043037,5.770706,7.185588,7.123183,-8.043037,,,,,,below deadband; feedforward + feedback
2026-05-16 20:23:46,5305.3,450.268,449.994,452.000,2.006,14.842800,100.868000,51.503500,0.714221,18.000000,97.086390,12.337771,12.337771,12.337771,2.631250,2.631250,2.253986,7.497980,7.497980,7.385488,1.118163,21.544706,9.529301,9.632631,0.01287430,-0.00437788,0.02968709,1.249919,-0.425032,2.882212,1.004066,6.248061,7.923012,4.615768,7.104334,7.162660,-7.923012,,,,,,below deadband; feedforward + feedback
2026-05-16 20:23:51,5310.3,449.378,449.976,452.000,2.024,14.853800,100.867000,51.510100,0.712270,18.000000,97.085427,12.403258,12.403258,12.403258,12.331250,12.331250,9.169306,7.472466,7.472466,7.419114,4.548700,21.589554,9.570078,9.692408,0.01672301,-0.00394825,0.02951903,1.623561,-0.383317,2.865868,7.545745,5.848905,7.855783,4.606598,7.106844,7.207109,-7.855783,,,,,,below deadband; feedforward + feedback
2026-05-16 20:23:57,5315.8,449.841,450.160,452.000,1.840,14.880200,100.871000,51.506900,0.713017,18.000000,97.089277,2.884612,7.403258,7.403258,12.368750,12.368750,9.220428,7.445666,7.445666,7.448989,4.707384,21.640241,9.615372,9.751254,0.01354648,-0.00274075,0.03395697,1.315218,-0.266097,3.296858,7.905210,6.130448,7.711763,4.148808,7.141783,7.250866,-7.711763,,,,,,within lower deadband; partial feedforward
2026-05-16 20:24:02,5321.3,449.329,450.163,452.000,1.837,14.876000,100.870000,51.503500,0.711710,18.000000,97.088315,2.898372,2.898372,2.898372,7.450000,7.450000,5.502513,7.421251,7.421251,7.469958,2.819359,21.670619,9.661240,9.798842,0.00813462,-0.00198110,0.03278124,0.789777,-0.192341,3.182676,4.712736,6.631475,7.613593,4.238576,7.230665,7.286251,-7.613593,,,,,,within lower deadband; partial feedforward
2026-05-16 20:24:08,5326.8,449.594,449.964,452.000,2.036,14.852100,100.868000,51.510100,0.711533,18.000000,97.086390,12.554794,7.898372,7.898372,2.943750,2.943750,2.156390,7.337629,7.337629,7.479137,1.105985,21.682769,9.703764,9.831339,0.02578202,-0.00148566,0.02383972,2.503083,-0.144237,2.314512,-0.346693,4.834546,7.481867,5.023117,7.229996,7.310415,-7.481867,,,,,,below deadband; feedforward + feedback
2026-05-16 20:24:13,5332.3,449.038,449.803,452.000,2.197,14.876200,100.865000,51.503500,0.712346,18.000000,97.083502,12.814513,12.814513,12.814513,7.900000,7.900000,5.869657,7.126127,7.126127,7.470115,2.919844,21.714825,9.738118,9.841181,0.00119332,-0.00137223,0.01035285,0.115852,-0.133221,1.005091,5.753806,7.010275,7.259347,6.121036,7.349545,7.317734,-7.259347,,,,,,below deadband; feedforward + feedback
2026-05-16 20:24:18,5337.3,449.911,449.594,452.000,2.406,14.851000,100.871000,51.503500,0.712198,18.000000,97.089277,13.128429,13.128429,13.128429,12.800000,12.800000,9.536450,6.946939,6.946939,7.442952,4.732533,21.762444,9.759924,9.825341,0.01788302,-0.00136761,0.00063062,1.736250,-0.132780,0.061226,7.800201,5.210689,7.079719,6.885712,7.378591,7.305955,-7.079719,,,,,,below deadband; feedforward + feedback
2026-05-16 20:24:23,5342.3,449.685,449.474,452.000,2.526,14.860900,100.870000,51.506800,0.710483,18.000000,97.088315,13.302747,13.302747,13.302747,4.643750,4.643750,3.736504,6.880481,6.880481,7.403663,1.911951,21.813245,9.766347,9.785617,0.00499178,-0.00026584,-0.00672173,0.484644,-0.025810,-0.652602,3.251860,6.395837,6.906291,7.533082,7.450655,7.276417,-6.906291,,,,,,below deadband; feedforward + feedback
2026-05-16 20:24:29,5347.8,449.944,449.529,452.000,2.471,14.866200,100.871000,51.510200,0.712271,18.000000,97.089277,13.218512,13.218512,13.218512,13.281250,13.281250,9.894300,6.868971,6.868971,7.358418,5.076441,21.865923,9.758902,9.736566,0.00915985,0.00026642,-0.00930444,0.889323,0.025867,-0.903361,9.004976,5.979648,6.843104,7.772332,7.388810,7.239944,-6.843104,,,,,,below deadband; feedforward + feedback
2026-05-16 20:24:34,5353.3,450.403,449.834,452.000,2.166,14.862400,100.868000,51.506900,0.712381,18.000000,97.086390,12.775272,12.775272,12.775272,13.218750,13.218750,9.829236,7.065896,7.065896,7.319344,5.029244,21.920012,9.742662,9.693942,0.01512642,0.00052712,-0.00668259,1.468569,0.051176,-0.648789,8.360667,5.597327,7.014720,7.714685,7.370104,7.208249,-7.014720,,,,,,below deadband; feedforward + feedback
2026-05-16 20:24:40,5358.8,451.163,450.078,452.000,1.922,14.871800,100.871000,51.506800,0.712087,18.000000,97.089277,0.000000,7.775272,7.775272,12.756250,12.756250,9.513213,7.337474,7.337474,7.298660,4.712557,21.972380,9.723457,9.665843,0.02018525,0.00090994,-0.00160213,1.959771,0.088345,-0.155550,7.553442,5.377703,7.249129,7.493025,7.249770,7.187355,-7.249129,,,,,,within deadband and CO2 rising; MFC zero
2026-05-16 20:24:45,5363.8,450.234,450.225,452.000,1.775,14.881100,100.868000,51.510200,0.711731,18.000000,97.086390,0.000000,2.775272,2.775272,7.793750,7.793750,5.781357,7.452544,7.452544,7.291167,2.864881,22.001411,9.704621,9.648112,-0.00342862,0.00212759,0.00569746,-0.332873,0.206560,0.553146,6.114230,7.785417,7.245984,6.899398,7.262588,7.174171,-7.245984,,,,,,within deadband and CO2 rising; MFC zero
2026-05-16 20:24:50,5368.8,449.855,450.252,452.000,1.748,14.871600,100.871000,51.513500,0.711761,18.000000,97.089277,0.000000,0.000000,0.000000,2.712500,2.712500,2.072737,7.411538,7.411538,7.285893,1.026084,22.011979,9.687231,9.635063,0.01526081,0.00338883,0.00681624,1.481661,0.329019,0.661784,0.591077,5.929878,7.082519,6.749754,7.206673,7.164468,-7.082519,,,,,,within deadband and CO2 rising; MFC zero
2026-05-16 20:24:55,5374.3,449.304,450.080,452.000,1.920,14.861400,100.866000,51.513500,0.709931,18.000000,97.084465,0.000000,0.000000,0.000000,0.000000,0.000000,0.000000,7.208819,7.208819,7.274856,0.000000,22.011979,9.670025,9.618405,-0.02568121,0.00462245,0.00557841,-2.493246,0.448768,0.541577,2.493246,9.702066,6.760051,6.667242,7.317621,7.152081,-6.760051,,,,,,within deadband and CO2 rising; MFC zero
2026-05-16 20:25:01,5379.8,448.857,449.726,452.000,2.274,14.885300,100.871000,51.506800,0.711087,18.000000,97.089277,12.833465,5.000000,0.000000,0.000000,0.000000,0.000000,6.886879,6.886879,7.253319,0.000000,22.011979,9.649970,9.589805,-0.02776572,0.00593096,0.00392658,-2.695754,0.575833,0.381229,2.695754,9.582632,6.311046,6.505650,7.492683,7.130814,-6.311046,,,,,,below deadband; feedforward + feedback
2026-05-16 20:25:06,5385.3,449.055,449.389,452.000,2.611,14.876600,100.869000,51.510100,0.712137,18.000000,97.087352,13.282129,5.000000,5.000000,0.000000,0.000000,0.000000,6.543669,6.543669,7.220176,0.000000,22.011979,9.626974,9.557985,-0.01020205,0.00555145,-0.00372751,-0.990490,0.538976,-0.361894,0.990490,7.534159,6.004693,6.905563,7.500223,7.107154,-6.004693,,,,,,below deadband; feedforward + feedback
2026-05-16 20:25:11,5390.3,448.942,449.134,452.000,2.866,14.862500,100.870000,51.506800,0.712795,18.000000,97.088315,13.615527,10.000000,10.000000,4.868750,4.868750,3.601730,6.366076,6.366076,7.182527,1.786549,22.030327,9.602707,9.529905,-0.00013446,0.00519252,-0.01284504,-0.013054,0.504133,-1.247103,3.614784,6.379131,5.861944,7.613179,7.469494,7.086274,-5.861944,,,,,,below deadband; feedforward + feedback
2026-05-16 20:25:16,5395.3,449.427,448.919,452.000,3.081,14.876400,100.868000,51.510100,0.711281,18.000000,97.086390,13.894556,13.894556,13.894556,1.393750,1.393750,0.641340,6.355744,6.355744,7.151067,0.317784,22.067140,9.581786,9.519023,0.00294123,0.00384351,-0.02357212,0.285554,0.373152,-2.288532,0.355786,6.070190,5.982592,8.644275,7.381428,7.078183,-5.982592,,,,,,below deadband; feedforward + feedback
2026-05-16 20:25:22,5400.8,449.735,448.921,452.000,3.079,14.856000,100.869000,51.513500,0.716478,18.000000,97.087352,13.881375,13.881375,13.881375,13.856250,13.856250,10.312565,6.561685,6.561685,7.135316,5.278579,22.123574,9.570250,9.535644,0.00067228,0.00217878,-0.02964043,0.065270,0.211532,-2.877711,10.247295,6.496415,6.350153,9.439396,7.296804,7.090542,-6.350153,,,,,,below deadband; feedforward + feedback
2026-05-16 20:25:27,5406.3,448.857,448.952,452.000,3.048,14.865300,100.870000,51.506800,0.713527,18.000000,97.088315,13.838610,13.838610,13.838610,13.868750,13.868750,10.307918,6.875431,6.875431,7.135625,5.268372,22.180248,9.571130,9.573770,0.00268913,0.00075081,-0.02942901,0.261083,0.072895,-2.857213,10.046835,6.614348,6.802536,9.732643,7.207198,7.118892,-6.802536,,,,,,below deadband; feedforward + feedback
2026-05-16 20:25:33,5411.8,449.193,448.994,452.000,3.006,14.894300,100.868000,51.510100,0.710703,18.000000,97.086390,13.794633,13.794633,13.794633,13.825000,13.825000,10.280033,7.229918,7.229918,7.149552,5.258518,22.236804,9.585918,9.630281,-0.01830288,-0.00131739,-0.02916854,-1.776961,-0.127900,-2.831868,12.056994,9.006879,7.357819,10.061786,7.217636,7.160912,-7.357819,,,,,,below deadband; feedforward + feedback
2026-05-16 20:25:38,5417.3,449.673,449.258,452.000,2.742,14.868200,100.866000,51.513500,0.711711,18.000000,97.084465,13.450383,13.450383,13.450383,13.775000,13.775000,10.256796,7.471707,7.471707,7.169603,5.250527,22.293212,9.611723,9.689138,-0.01095819,-0.00233295,-0.01652067,-1.063870,-0.226493,-1.603900,11.320666,8.535577,7.698200,9.075607,7.237742,7.204677,-7.698200,,,,,,below deadband; feedforward + feedback
2026-05-16 20:25:44,5422.8,449.950,449.345,452.000,2.655,14.877800,100.869000,51.516800,0.713767,18.000000,97.087352,13.360078,13.360078,13.360078,13.431250,13.431250,9.968658,7.557172,7.557172,7.186781,4.942618,22.348854,9.642903,9.736442,-0.00173112,-0.00367323,-0.00420307,-0.168070,-0.356624,-0.408065,10.136728,7.725243,7.913796,7.965238,7.191280,7.239852,-7.913796,,,,,,below deadband; feedforward + feedback
2026-05-16 20:25:49,5427.8,449.927,449.308,452.000,2.692,14.867700,100.870000,51.510100,0.714157,18.000000,97.088315,13.443608,13.443608,13.443608,13.356250,13.356250,9.926831,7.572385,7.572385,7.196099,4.935786,22.398588,9.674948,9.771083,-0.00615149,-0.00566779,-0.00128194,-0.597238,-0.550276,-0.124462,10.524069,8.169622,8.122661,7.696846,7.122609,7.265610,-8.122661,,,,,,below deadband; feedforward + feedback
2026-05-16 20:25:54,5432.8,449.855,449.502,452.000,2.498,14.878300,100.869000,51.513500,0.711206,18.000000,97.087352,13.199816,13.199816,13.199816,13.443750,13.443750,9.996542,7.537700,7.537700,7.196760,5.112296,22.448555,9.702231,9.784080,0.00284044,-0.00585170,0.01042220,0.275771,-0.568126,1.011863,9.720772,7.261929,8.105826,6.525836,7.041006,7.275275,-8.105826,,,,,,below deadband; feedforward + feedback
2026-05-16 20:25:59,5438.3,450.220,449.535,452.000,2.465,14.862700,100.869000,51.506800,0.711050,18.000000,97.087352,13.172717,13.172717,13.172717,13.193750,13.193750,9.801352,7.528172,7.528172,7.193527,5.011079,22.502655,9.722382,9.782834,0.01368117,-0.00545035,0.01797514,1.328269,-0.529160,1.745159,8.473083,6.199904,8.057333,5.783014,6.923605,7.274348,-8.057333,,,,,,below deadband; feedforward + feedback
2026-05-16 20:26:05,5443.8,449.671,449.790,452.000,2.210,14.877800,100.871000,51.506800,0.713085,18.000000,97.089277,12.828927,12.828927,12.828927,13.175000,13.175000,9.792057,7.513642,7.513642,7.191489,5.005655,22.556554,9.735347,9.774244,0.01122711,-0.00451857,0.02307107,1.090032,-0.438705,2.239953,8.702025,6.423609,7.952346,5.273689,6.865693,7.267961,-7.952346,,,,,,below deadband; feedforward + feedback
2026-05-16 20:26:10,5449.3,449.847,450.132,452.000,1.868,14.902900,100.870000,51.510100,0.712302,18.000000,97.088315,2.922190,7.828927,7.828927,1.993750,1.993750,1.826425,7.500335,7.500335,7.189680,0.905248,22.609393,9.740632,9.756488,0.01247084,-0.00305661,0.02682368,1.210772,-0.296761,2.604266,0.615653,6.289562,7.797096,4.896069,6.778977,7.254757,-7.797096,,,,,,within lower deadband; partial feedforward
2026-05-16 20:26:15,5454.3,448.498,450.073,452.000,1.927,14.912100,100.865000,51.506800,0.714642,18.000000,97.083502,2.922120,2.922120,2.922120,7.862500,7.862500,5.823183,7.493286,7.493286,7.188537,2.891897,22.637828,9.740399,9.739701,-0.00689089,-0.00193401,0.02099037,-0.668991,-0.187760,2.037818,6.492175,8.162277,7.681046,5.455468,6.866681,7.242275,-7.681046,,,,,,within lower deadband; partial feedforward
2026-05-16 20:26:20,5459.3,448.331,449.857,452.000,2.143,14.919500,100.868000,51.503500,0.713505,18.000000,97.086390,12.737543,7.922120,7.922120,2.875000,2.875000,2.188922,7.433257,7.433257,7.186305,1.083811,22.648927,9.737098,9.727192,-0.00579843,-0.00226625,0.01227777,-0.562949,-0.220022,1.192004,2.751871,7.996206,7.653280,6.241253,6.926962,7.232974,-7.653280,,,,,,below deadband; feedforward + feedback
2026-05-16 20:26:26,5464.8,449.334,449.550,452.000,2.450,14.869900,100.869000,51.510100,0.712489,18.000000,97.087352,13.159856,12.922120,12.922120,7.950000,7.950000,5.888247,7.241134,7.241134,7.178329,3.019350,22.681166,9.729996,9.708692,0.00310931,-0.00222174,0.00385358,0.301874,-0.215702,0.374133,5.586373,6.939260,7.456836,6.867001,6.964560,7.219217,-7.456836,,,,,,below deadband; feedforward + feedback
2026-05-16 20:26:31,5470.3,449.679,449.174,452.000,2.826,14.890600,100.870000,51.506800,0.711257,18.000000,97.088315,13.675970,13.675970,13.675970,12.912500,12.912500,9.606161,7.057516,7.057516,7.164944,4.909513,22.733975,9.719115,9.686470,0.00815142,-0.00180324,-0.00593694,0.791408,-0.175073,-0.576407,8.814754,6.266108,7.232589,7.633923,6.969238,7.202694,-7.232589,,,,,,below deadband; feedforward + feedback
2026-05-16 20:26:37,5475.8,450.127,449.313,452.000,2.687,14.880900,100.869000,51.510200,0.711897,18.000000,97.087352,13.467155,13.467155,13.467155,13.668750,13.668750,10.163848,7.058491,7.058491,7.152435,5.194140,22.789466,9.705565,9.664915,0.00489093,-0.00092985,-0.00182704,0.474848,-0.090277,-0.177383,9.689001,6.583644,7.148768,7.235874,6.967589,7.186665,-7.148768,,,,,,below deadband; feedforward + feedback
2026-05-16 20:26:42,5481.3,450.585,449.749,452.000,2.251,14.857400,100.868000,51.510200,0.712268,18.000000,97.086390,12.844826,12.844826,12.844826,13.487500,13.487500,10.019779,7.260157,7.260157,7.149764,4.964094,22.844512,9.692901,9.654908,0.01996712,-0.00006109,0.00325223,1.938535,-0.005931,0.315747,8.081244,5.321622,7.266088,6.944411,6.984385,7.179224,-7.266088,,,,,,below deadband; feedforward + feedback
2026-05-16 20:26:47,5486.3,450.551,450.133,452.000,1.867,14.869900,100.873000,51.503500,0.712445,18.000000,97.091202,0.000000,7.844826,7.844826,12.800000,12.800000,9.513213,7.489088,7.489088,7.162280,4.701954,22.892246,9.684774,9.660393,0.02677408,0.00114807,0.00494244,2.599527,0.111468,0.479868,6.913686,4.889561,7.377620,7.009220,6.911257,7.183303,-7.377620,,,,,,within deadband and CO2 rising; MFC zero
2026-05-16 20:26:52,5491.3,449.628,450.253,452.000,1.747,14.920000,100.869000,51.503500,0.713813,18.000000,97.087352,0.000000,2.844826,2.844826,7.856250,7.856250,5.827831,7.633746,7.633746,7.185963,2.979365,22.921481,9.684029,9.681794,-0.00687408,0.00095315,0.00136779,-0.667386,0.092539,0.132795,6.495217,8.301132,7.541207,7.500951,7.017824,7.199216,-7.541207,,,,,,within deadband and CO2 rising; MFC zero
2026-05-16 20:26:58,5496.8,449.187,450.129,452.000,1.871,14.886600,100.869000,51.503500,0.712024,18.000000,97.087352,0.000000,0.000000,0.000000,2.825000,2.825000,2.114564,7.533548,7.533548,7.208482,1.079063,22.933353,9.689145,9.704492,-0.01724404,0.00141927,0.00055666,-1.674178,0.137793,0.054045,3.788742,9.207726,7.395755,7.479503,7.114785,7.216094,-7.395755,,,,,,within deadband and CO2 rising; MFC zero
2026-05-16 20:27:03,5502.3,449.204,449.757,452.000,2.243,14.878500,100.867000,51.503500,0.712833,18.000000,97.085427,12.837116,5.000000,0.000000,0.000000,0.000000,0.000000,7.310876,7.310876,7.223720,0.000000,22.933353,9.696706,9.719392,-0.02516017,0.00150883,-0.00083121,-2.442686,0.146486,-0.080699,2.442686,9.753562,7.164390,7.391575,7.244920,7.227173,-7.164390,,,,,,below deadband; feedforward + feedback
2026-05-16 20:27:09,5507.8,448.970,449.302,452.000,2.698,14.880600,100.869000,51.506800,0.711500,18.000000,97.087352,13.477255,5.000000,0.000000,0.000000,0.000000,0.000000,6.984397,6.984397,7.220910,0.000000,22.933353,9.700020,9.709960,-0.03043758,0.00178243,-0.00170951,-2.955104,0.173051,-0.165972,2.955104,9.939500,6.811345,7.150368,7.394650,7.220160,-6.811345,,,,,,below deadband; feedforward + feedback
2026-05-16 20:27:14,5512.8,448.528,449.070,452.000,2.930,14.873500,100.869000,51.510100,0.712587,18.000000,97.087352,13.795334,5.000000,5.000000,0.000000,0.000000,0.000000,6.658645,6.658645,7.197502,0.000000,22.933353,9.693509,9.673975,-0.00650433,0.00191057,-0.00382161,-0.631488,0.185492,-0.371030,0.631488,7.290133,6.473154,7.029675,7.460596,7.193402,-6.473154,,,,,,below deadband; feedforward + feedback
2026-05-16 20:27:19,5517.8,448.432,448.789,452.000,3.211,14.870400,100.869000,51.510100,0.714385,18.000000,97.087352,14.173260,10.000000,10.000000,4.837500,4.837500,3.578493,6.365999,6.365999,7.160035,1.773090,22.952586,9.677300,9.628672,-0.00731108,0.00099837,-0.01630286,-0.709813,0.096929,-1.582802,4.288306,7.075812,6.269070,7.948800,7.436127,7.159716,-6.269070,,,,,,below deadband; feedforward + feedback
2026-05-16 20:27:24,5523.3,449.466,448.612,452.000,3.388,14.875000,100.869000,51.500200,0.712557,18.000000,97.087352,14.398187,14.398187,14.398187,9.981250,9.981250,7.407944,6.258722,6.258722,7.120283,3.794313,22.993248,9.655022,9.588189,0.00163031,0.00050662,-0.02877165,0.158283,0.049186,-2.793364,7.249662,6.100439,6.209535,9.052085,7.442009,7.129613,-6.209535,,,,,,below deadband; feedforward + feedback
2026-05-16 20:27:30,5528.8,448.880,448.636,452.000,3.364,14.886600,100.870000,51.503500,0.713215,18.000000,97.088315,14.343921,14.343921,14.343921,14.375000,14.375000,10.689004,6.416175,6.416175,7.092950,5.464392,23.052014,9.634531,9.573059,-0.01090796,-0.00018160,-0.03496656,-1.059035,-0.017632,-3.394844,11.748039,7.475210,6.433807,9.811019,7.365220,7.118363,-6.433807,,,,,,below deadband; feedforward + feedback
2026-05-16 20:27:35,5534.3,449.965,448.797,452.000,3.203,14.878900,100.868000,51.503500,0.712295,18.000000,97.086390,14.109365,14.109365,14.109365,13.268750,13.268750,10.451987,6.753204,6.753204,7.088341,5.341964,23.115025,9.625725,9.599306,-0.01505911,-0.00127542,-0.03389029,-1.462034,-0.123826,-3.290286,11.914021,8.215239,6.877030,10.043491,7.318069,7.137880,-6.877030,,,,,,below deadband; feedforward + feedback
2026-05-16 20:27:41,5539.8,448.473,449.006,452.000,2.994,14.882600,100.866000,51.510200,0.711188,18.000000,97.084465,13.826251,13.826251,13.826251,14.068750,14.068750,10.484519,7.144623,7.144623,7.109063,5.202457,23.167947,9.635176,9.663530,-0.02823586,-0.00252336,-0.02575367,-2.741264,-0.244979,-2.500281,13.225782,9.885887,7.389602,9.644904,7.399163,7.185635,-7.389602,,,,,,below deadband; feedforward + feedback
2026-05-16 20:27:46,5544.8,449.333,449.138,452.000,2.862,14.894300,100.872000,51.513500,0.712391,18.000000,97.090240,13.671931,13.671931,13.671931,13.825000,13.825000,10.275386,7.454604,7.454604,7.146599,5.087283,23.219534,9.664641,9.753035,-0.02571480,-0.00347529,-0.01021514,-2.496656,-0.337417,-0.991790,12.772042,9.951260,7.792021,8.446394,7.522340,7.252190,-7.792021,,,,,,below deadband; feedforward + feedback
2026-05-16 20:27:51,5549.8,449.626,449.327,452.000,2.673,14.879800,100.867000,51.503500,0.710690,18.000000,97.085427,13.453030,13.453030,13.453030,13.662500,13.662500,10.154554,7.648153,7.648153,7.191164,5.199166,23.270502,9.710235,9.847018,0.00363032,-0.00371931,0.00268965,0.352451,-0.361091,0.261126,9.802102,7.295701,8.009244,7.387026,7.564599,7.322074,-8.009244,,,,,,below deadband; feedforward + feedback
2026-05-16 20:27:56,5555.3,449.966,449.443,452.000,2.557,14.887000,100.870000,51.510100,0.713245,18.000000,97.088315,13.344017,13.344017,13.344017,13.450000,13.450000,9.991895,7.716020,7.716020,7.230969,5.112016,23.325629,9.764357,9.926723,0.00978170,-0.00363458,0.01458870,0.949689,-0.352875,1.416392,9.042206,6.766331,8.068895,6.299628,7.573906,7.381341,-8.068895,,,,,,below deadband; feedforward + feedback
2026-05-16 20:28:02,5560.8,450.385,449.764,452.000,2.236,14.882100,100.870000,51.510100,0.713034,18.000000,97.088315,12.950326,12.950326,12.950326,22.093750,22.093750,15.903379,7.708553,7.708553,7.259697,8.149470,23.383335,9.819436,9.984671,0.01215151,-0.00353878,0.02290266,1.179769,-0.343575,2.223580,14.723609,6.528784,8.052128,5.484973,7.570956,7.424431,-8.052128,,,,,,below deadband; feedforward + feedback
2026-05-16 20:28:07,5566.3,448.553,449.938,452.000,2.062,14.905400,100.869000,51.503500,0.711656,18.000000,97.087352,12.754627,12.754627,12.754627,12.931250,12.931250,9.615456,7.696424,7.696424,7.275784,4.771380,23.433628,9.867127,10.010203,-0.00006723,-0.00218312,0.03250899,-0.006527,-0.211953,3.156211,9.621983,7.702951,7.908377,4.540212,7.525993,7.443415,-7.908377,,,,,,below deadband; feedforward + feedback
2026-05-16 20:28:12,5571.3,449.988,449.910,452.000,2.090,14.899100,100.871000,51.503500,0.709715,18.000000,97.089277,12.831476,12.831476,12.831476,12.737500,12.737500,9.489977,7.682404,7.682404,7.283049,4.710706,23.481197,9.905336,10.019964,0.03435422,-0.00233063,0.03007338,3.335427,-0.226279,2.919803,6.154550,4.346977,7.908683,4.762601,7.381558,7.450673,-7.908683,,,,,,below deadband; feedforward + feedback
2026-05-16 20:28:17,5576.3,450.178,449.938,452.000,2.062,14.890200,100.870000,51.503500,0.713764,18.000000,97.088315,12.821434,12.821434,12.821434,12.831250,12.831250,9.541098,7.660794,7.660794,7.286622,4.894172,23.528930,9.934004,10.020006,0.02991708,-0.00261521,0.02480470,2.904599,-0.253907,2.408247,6.636499,4.756195,7.914700,5.252547,7.279177,7.450705,-7.914700,,,,,,below deadband; feedforward + feedback
2026-05-16 20:28:23,5581.8,450.410,449.962,452.000,2.038,14.878400,100.874000,51.516800,0.710073,18.000000,97.092165,12.803503,12.803503,12.803503,12.831250,12.831250,9.527156,7.638068,7.638068,7.288887,4.866958,23.581346,9.951003,10.001999,0.02403459,-0.00099193,0.02280360,2.333570,-0.096309,2.214051,7.193585,5.304498,7.734377,5.424017,7.180380,7.437316,-7.734377,,,,,,below deadband; feedforward + feedback
2026-05-16 20:28:28,5587.3,450.518,450.195,452.000,1.805,14.884700,100.869000,51.506900,0.710105,18.000000,97.087352,0.000000,7.803503,7.803503,12.775000,12.775000,9.517861,7.623165,7.623165,7.291834,4.869079,23.633738,9.957074,9.975289,0.02756358,0.00096109,0.02641453,2.676075,0.093310,2.564517,6.841785,4.947090,7.529855,5.058648,7.100558,7.417454,-7.529855,,,,,,within deadband and CO2 rising; MFC zero
2026-05-16 20:28:34,5592.8,450.162,450.435,452.000,1.565,14.902500,100.871000,51.506800,0.714717,18.000000,97.089277,0.000000,2.803503,2.803503,0.162500,0.162500,0.046474,7.607751,7.607751,7.294578,0.023793,23.667355,9.952554,9.938992,0.02620202,0.00343125,0.02486424,2.543935,0.333137,2.414051,-2.497461,5.063816,7.274614,5.193700,7.061382,7.390464,-7.274614,,,,,,within deadband and CO2 rising; MFC zero
2026-05-16 20:28:39,5598.3,449.623,450.344,452.000,1.656,14.889600,100.871000,51.503500,0.712918,18.000000,97.089277,0.000000,0.000000,0.000000,2.793750,2.793750,2.068090,7.580394,7.580394,7.296880,1.027907,23.677887,9.939675,9.901038,0.02468957,0.00459866,0.01706217,2.397093,0.446481,1.656553,-0.329003,5.183301,7.133913,5.923840,7.018613,7.362242,-7.133913,,,,,,within deadband and CO2 rising; MFC zero
2026-05-16 20:28:44,5603.3,448.615,450.012,452.000,1.988,14.898200,100.873000,51.510100,0.711630,18.000000,97.091202,0.000000,0.000000,0.000000,0.000000,0.000000,0.000000,7.335724,7.335724,7.291204,0.000000,23.677887,9.919193,9.857750,-0.01784910,0.00486236,0.00323737,-1.732990,0.472093,0.314321,1.732990,9.068714,6.863631,7.021403,7.114446,7.330054,-6.863631,,,,,,within deadband and CO2 rising; MFC zero
2026-05-16 20:28:49,5608.3,448.549,449.513,452.000,2.487,14.892600,100.871000,51.503500,0.713777,18.000000,97.089277,13.375488,5.000000,0.000000,0.000000,0.000000,0.000000,7.086422,7.086422,7.277174,0.000000,23.677887,9.893653,9.817032,-0.02695848,0.00291907,-0.01122870,-2.617380,0.283410,-1.090186,2.617380,9.703802,6.803012,8.176609,7.167602,7.299777,-6.803012,,,,,,below deadband; feedforward + feedback
2026-05-16 20:28:55,5613.8,448.586,449.023,452.000,2.977,14.889900,100.874000,51.500200,0.712440,18.000000,97.092165,14.033063,5.000000,5.000000,0.000000,0.000000,0.000000,6.908319,6.908319,7.259073,0.000000,23.677887,9.864983,9.778972,-0.01297504,0.00078029,-0.02196809,-1.259775,0.075760,-2.132929,1.259775,8.168093,6.832559,9.041248,7.173529,7.271476,-6.832559,,,,,,below deadband; feedforward + feedback
2026-05-16 20:29:00,5619.3,448.582,448.647,452.000,3.353,14.894900,100.871000,51.506800,0.712733,18.000000,97.089277,14.531750,10.000000,10.000000,4.868750,4.868750,3.620319,6.780159,6.780159,7.243177,1.850279,23.698076,9.837655,9.755672,-0.02852213,-0.00179467,-0.03463370,-2.769193,-0.174243,-3.362561,6.389512,9.549352,6.954402,10.142720,7.263532,7.254151,-6.954402,,,,,,below deadband; feedforward + feedback
2026-05-16 20:29:06,5624.8,448.962,448.545,452.000,3.455,14.885300,100.873000,51.510100,0.711248,18.000000,97.091202,14.649953,14.649953,14.649953,10.118750,10.118750,7.417239,6.588795,6.588795,7.227014,3.680185,23.738638,9.812358,9.736465,-0.01443739,-0.00236485,-0.03319337,-1.401743,-0.229606,-3.222784,8.818982,7.990538,6.818401,9.811579,7.322996,7.239868,-6.818401,,,,,,below deadband; feedforward + feedback
2026-05-16 20:29:11,5629.8,449.059,448.656,452.000,3.344,14.880900,100.874000,51.510200,0.712457,18.000000,97.092165,14.469211,14.469211,14.469211,14.631250,14.631250,10.870252,6.447840,6.447840,7.205958,5.391565,23.793042,9.787051,9.711132,-0.01099182,-0.00159282,-0.03838792,-1.067219,-0.154650,-3.727166,11.937472,7.515059,6.602489,10.175006,7.355113,7.221031,-6.602489,,,,,,below deadband; feedforward + feedback
2026-05-16 20:29:16,5634.8,448.263,448.710,452.000,3.290,14.949300,100.872000,51.506800,0.710163,18.000000,97.090240,14.365021,14.365021,14.365021,14.450000,14.450000,10.744773,6.402868,6.402868,7.176396,5.321215,23.846913,9.758531,9.672970,-0.02519377,-0.00041507,-0.03876947,-2.446069,-0.040300,-3.764138,13.190842,8.848937,6.443168,10.167006,7.476745,7.192655,-6.443168,,,,,,below deadband; feedforward + feedback
2026-05-16 20:29:21,5640.3,449.628,449.011,452.000,2.989,14.889800,100.869000,51.510100,0.712786,18.000000,97.087352,13.910811,13.910811,13.910811,8.831250,8.831250,6.840962,6.434083,6.434083,7.140016,3.513999,23.907374,9.725756,9.627431,-0.01685747,0.00039619,-0.03020185,-1.636648,0.038465,-2.932217,8.477610,8.070731,6.395618,9.366300,7.586440,7.158793,-6.395618,,,,,,below deadband; feedforward + feedback
2026-05-16 20:29:27,5645.8,448.740,449.214,452.000,2.786,14.900100,100.870000,51.503500,0.711244,18.000000,97.088315,13.588044,13.588044,13.588044,13.918750,13.918750,10.326507,6.516714,6.516714,7.101498,5.286897,23.961299,9.687959,9.574571,-0.02973168,0.00118826,-0.01579766,-2.886598,0.115366,-1.533769,13.213106,9.403312,6.401348,8.050482,7.624447,7.119487,-6.401348,,,,,,below deadband; feedforward + feedback
2026-05-16 20:29:32,5651.3,449.981,449.359,452.000,2.641,14.896500,100.870000,51.510100,0.711246,18.000000,97.088315,13.347351,13.347351,13.347351,13.581250,13.581250,10.103432,6.728805,6.728805,7.073748,5.162453,24.017045,9.650406,9.537747,-0.00756318,0.00130931,0.00282325,-0.734296,0.127119,0.274105,10.837729,7.463102,6.601687,6.454701,7.564287,7.092105,-6.601687,,,,,,below deadband; feedforward + feedback
2026-05-16 20:29:38,5656.8,450.974,449.582,452.000,2.418,14.932600,100.873000,51.510200,0.710682,18.000000,97.091202,13.004676,13.004676,13.004676,13.350000,13.350000,9.936126,7.054836,7.054836,7.064919,5.073484,24.071779,9.619231,9.525706,0.02951320,0.00154601,0.01679206,2.865472,0.150104,1.630361,7.070654,4.189363,6.904732,5.424475,7.372418,7.083152,-6.904732,,,,,,below deadband; feedforward + feedback
2026-05-16 20:29:43,5662.3,450.189,449.723,452.000,2.277,14.899900,100.872000,51.500200,0.713377,18.000000,97.090240,12.788986,12.788986,12.788986,12.993750,12.993750,9.671225,7.422599,7.422599,7.080030,4.806889,24.125046,9.601221,9.547192,0.02448790,0.00152348,0.02942084,2.377536,0.147915,2.856476,7.293688,5.045063,7.274684,4.566123,7.203644,7.099129,-7.274684,,,,,,below deadband; feedforward + feedback
2026-05-16 20:29:48,5667.3,450.181,449.891,452.000,2.109,14.912500,100.872000,51.510100,0.711549,18.000000,97.090240,12.554035,12.554035,12.554035,19.918750,19.918750,15.234154,7.750473,7.750473,7.117679,7.548779,24.178684,9.601575,9.602637,0.02534545,0.00084160,0.03150628,2.460796,0.081711,3.058952,12.773358,5.289677,7.668762,4.691521,7.134663,7.140357,-7.668762,,,,,,below deadband; feedforward + feedback
2026-05-16 20:29:53,5672.3,447.955,449.956,452.000,2.044,14.961200,100.871000,51.506800,0.711789,18.000000,97.089277,12.484206,12.484206,12.484206,12.562500,12.562500,9.322670,8.023941,8.023941,7.174849,4.778367,24.219926,9.622361,9.684718,-0.00759694,-0.00015556,0.03114755,-0.737581,-0.015104,3.024094,10.060252,8.761522,8.039045,4.999847,7.192791,7.201390,-8.039045,,,,,,below deadband; feedforward + feedback
2026-05-16 20:29:59,5677.8,450.218,449.952,452.000,2.048,14.912300,100.872000,51.506800,0.712845,18.000000,97.090240,12.528335,12.528335,12.528335,12.475000,12.475000,9.276196,8.193431,8.193431,7.241563,4.748416,24.270991,9.661065,9.777176,0.03331159,-0.00010153,0.02561437,3.234230,-0.009857,2.486905,6.041966,4.959201,8.203289,5.706526,7.153438,7.270140,-8.203289,,,,,,below deadband; feedforward + feedback
2026-05-16 20:30:04,5683.3,450.525,450.011,452.000,1.989,14.900400,100.873000,51.503500,0.713907,18.000000,97.091202,2.913301,7.528335,7.528335,12.587500,12.587500,9.327318,8.219426,8.219426,7.303745,4.774447,24.322213,9.711004,9.860823,0.03369815,-0.00018698,0.02259643,3.271794,-0.018154,2.193914,6.055524,4.947632,8.237580,6.025512,7.066280,7.332340,-8.237580,,,,,,within lower deadband; partial feedforward
2026-05-16 20:30:10,5688.8,450.001,450.014,452.000,1.986,14.921200,100.873000,51.506800,0.710783,18.000000,97.091202,0.000000,2.528335,2.528335,7.675000,7.675000,5.595461,8.168521,8.168521,7.352549,2.777023,24.352992,9.763299,9.920183,0.01294139,0.00011817,0.01995111,1.256495,0.011474,1.937077,4.338967,6.912027,8.157048,6.231444,7.021342,7.376478,-8.157048,,,,,,within deadband and CO2 rising; MFC zero
2026-05-16 20:30:15,5693.8,450.312,450.137,452.000,1.863,14.909200,100.871000,51.503500,0.712987,18.000000,97.089277,0.000000,0.000000,0.000000,2.462500,2.462500,1.891489,8.065566,8.065566,7.384305,0.936691,24.362719,9.810331,9.951428,0.02880729,0.00002268,0.01582812,2.796879,0.002202,1.536741,-0.905390,5.268687,8.063364,6.528825,6.862128,7.399711,-8.063364,,,,,,within deadband and CO2 rising; MFC zero
2026-05-16 20:30:20,5698.8,449.353,449.946,452.000,2.054,14.895700,100.872000,51.500200,0.711222,18.000000,97.090240,12.722605,5.000000,0.000000,0.000000,0.000000,0.000000,7.855876,7.855876,7.398142,0.000000,24.362719,9.846725,9.955906,-0.00937834,-0.00033687,0.00473397,-0.910545,-0.032707,0.459623,0.910545,8.766421,7.888583,7.396253,6.821272,7.403041,-7.888583,,,,,,below deadband; feedforward + feedback
2026-05-16 20:30:25,5703.8,449.040,449.561,452.000,2.439,14.911700,100.875000,51.510100,0.710844,18.000000,97.093127,13.285493,5.000000,0.000000,0.000000,0.000000,0.000000,7.551084,7.551084,7.394795,0.000000,24.362719,9.870403,9.941437,-0.00801696,-0.00150541,-0.00467787,-0.778392,-0.146165,-0.454189,0.778392,8.329476,7.697249,8.005273,6.856919,7.392282,-7.697249,,,,,,below deadband; feedforward + feedback
2026-05-16 20:30:30,5709.3,448.325,449.219,452.000,2.781,14.903900,100.874000,51.503500,0.709381,18.000000,97.092165,13.774172,5.000000,5.000000,0.000000,0.000000,0.000000,7.179107,7.179107,7.376281,0.000000,24.362719,9.880352,9.910201,-0.01358009,-0.00222692,-0.01676023,-1.318520,-0.216217,-1.627287,1.318520,8.497627,7.395323,8.806394,6.916619,7.369056,-7.395323,,,,,,below deadband; feedforward + feedback
2026-05-16 20:30:35,5714.3,448.378,448.834,452.000,3.166,14.916300,100.874000,51.506800,0.710298,18.000000,97.092165,14.308360,10.000000,10.000000,4.800000,4.800000,3.601730,6.845920,6.845920,7.346535,1.787611,24.380532,9.876415,9.864601,-0.02057219,-0.00229565,-0.02853976,-1.997398,-0.222889,-2.770987,5.599128,8.843318,7.068809,9.616907,6.996430,7.335148,-7.068809,,,,,,below deadband; feedforward + feedback
2026-05-16 20:30:40,5719.3,448.082,448.577,452.000,3.423,14.921900,100.873000,51.503500,0.712614,18.000000,97.091202,14.654385,14.654385,14.654385,21.993750,21.993750,16.591193,6.527047,6.527047,7.306211,8.470772,24.422381,9.862045,9.818935,-0.02695900,-0.00408472,-0.03475882,-2.617482,-0.396590,-3.374776,19.208675,9.144528,6.923637,9.901823,7.046140,7.301192,-6.923637,,,,,,below deadband; feedforward + feedback
2026-05-16 20:30:46,5724.8,448.334,448.501,452.000,3.499,14.913100,100.872000,51.506800,0.713841,18.000000,97.090240,14.737480,14.737480,14.737480,14.631250,14.631250,10.870252,6.401551,6.401551,7.262044,5.561721,24.476030,9.839055,9.770087,-0.03845454,-0.00467377,-0.03649677,-3.733560,-0.453777,-3.543480,14.603813,10.135112,6.855329,9.945032,7.245731,7.264869,-6.855329,,,,,,below deadband; feedforward + feedback
2026-05-16 20:30:51,5730.3,449.109,448.609,452.000,3.391,14.926500,100.872000,51.510200,0.709586,18.000000,97.090240,14.555393,14.555393,14.555393,14.706250,14.706250,10.935316,6.384449,6.384449,7.218032,5.587468,24.536148,9.808588,9.717186,-0.02077351,-0.00401182,-0.03104778,-2.016905,-0.389509,-3.014436,12.952221,8.401354,6.773958,9.398885,7.371426,7.225533,-6.773958,,,,,,below deadband; feedforward + feedback
2026-05-16 20:30:57,5735.8,450.433,448.994,452.000,3.006,14.907400,100.871000,51.510100,0.712934,18.000000,97.089277,13.981032,13.981032,13.981032,14.531250,14.531250,10.814484,6.434316,6.434316,7.176523,5.536614,24.595765,9.772387,9.663784,0.00391604,-0.00152945,-0.02323885,0.380205,-0.148493,-2.256243,10.434278,6.054111,6.582809,8.690559,7.397275,7.185824,-6.582809,,,,,,below deadband; feedforward + feedback
2026-05-16 20:31:02,5741.3,450.807,449.595,452.000,2.405,14.893300,100.871000,51.510100,0.711948,18.000000,97.089277,13.096862,13.096862,13.096862,13.975000,13.975000,10.391571,6.484136,6.484136,7.137247,5.131099,24.653092,9.730492,9.604808,0.00956322,0.00232809,-0.00345366,0.928486,0.226033,-0.335314,9.463085,5.555650,6.258103,6.819449,7.418260,7.141970,-6.258103,,,,,,below deadband; feedforward + feedback
2026-05-16 20:31:07,5746.3,451.081,450.201,452.000,1.799,14.894200,100.874000,51.506800,0.711949,18.000000,97.092165,0.000000,8.096862,8.096862,19.368750,19.368750,14.936721,6.546504,6.546504,7.100652,7.396004,24.708280,9.684712,9.547370,0.01569776,0.00525748,0.01759698,1.524130,0.510460,1.708529,13.412591,5.022374,6.036044,4.837975,7.416831,7.099261,-6.036044,,,,,,within deadband and CO2 rising; MFC zero
2026-05-16 20:31:12,5751.3,450.458,450.666,452.000,1.334,14.875800,100.873000,51.506800,0.713473,18.000000,97.091202,0.000000,3.096862,3.096862,8.000000,8.000000,6.004432,6.698024,6.698024,7.070225,3.069522,24.733429,9.636823,9.493156,0.01132795,0.00755147,0.03729036,1.099844,0.733182,3.620566,4.904588,5.598180,5.964843,3.077458,7.431137,7.058948,-5.964843,,,,,,within deadband and CO2 rising; MFC zero
2026-05-16 20:31:18,5756.8,450.626,450.846,452.000,1.154,14.879200,100.873000,51.506800,0.713008,18.000000,97.091202,0.000000,0.000000,0.000000,3.075000,3.075000,2.291165,6.932129,6.932129,7.056308,1.174346,24.746220,9.592589,9.459889,0.02346264,0.00809420,0.04928741,2.278016,0.785876,4.785374,0.013149,4.654113,6.146253,2.146755,7.278909,7.034211,-6.146253,,,,,,within deadband and CO2 rising; MFC zero
