timestamp,elapsed_s,li850_co2_ppm,co2_avg_ppm,target_co2_ppm,co2_error_ppm,li850_h2o_mmol_mol,li850_cellpres_kpa,li850_celltemp_c,li850_flowrate,chamber_air_temp_c,chamber_air_mol,mfc_raw_requested_mln_min,mfc_rate_limited_mln_min,mfc_setpoint_mln_min,mfc_actual_mln_min,mfc_flow_used_mln_min,co2_supply_inst_umol_s,co2_supply_avg_umol_s,co2_supplied_umol_step,co2_supplied_mmol_total,feedforward_flow_mln_min,raw_feedforward_flow_mln_min,dCdt_simple_ppm_s,dCdt_regression_ppm_s,dCdt_regression_short_ppm_s,storage_simple_umol_s,storage_regression_umol_s,storage_regression_short_umol_s,A_inst_umol_s,A_from_avg_supply_umol_s,A_regression_umol_s,A_regression_short_umol_s,A_smoothed_umol_s,A_regression_smoothed_umol_s,A_inst_umol_m2_s,A_from_avg_supply_umol_m2_s,A_regression_umol_m2_s,A_smoothed_umol_m2_s,control_note
2026-05-06 16:37:23,0.0,403.711,403.711,450.000,46.289,14.359500,100.811000,51.506800,0.714276,18.000000,97.031527,92.578000,5.000000,0.000000,0.000000,0.000000,0.000000,0.000000,0.000000,0.000000,0.000000,0.000000,,,,,,,,,,,,,,,,,below deadband; feedforward + feedback
2026-05-06 16:37:34,11.0,405.353,404.363,450.000,45.637,14.363600,100.809000,51.505200,0.716311,18.000000,97.029602,91.273833,5.000000,0.000000,0.000000,0.000000,0.000000,0.000000,0.000000,0.000000,0.000000,0.000000,0.14927417,0.12229832,0.12229832,14.484013,11.866558,11.866558,-14.484013,-14.484013,-11.866558,-11.866558,-14.484013,-11.866558,,,,,below deadband; feedforward + feedback
2026-05-06 16:37:45,22.0,405.105,404.675,450.000,45.325,14.367400,100.807000,51.505200,0.719324,18.000000,97.027677,90.650522,5.000000,5.000000,0.000000,0.000000,0.000000,0.000000,0.000000,0.000000,0.000000,0.000000,0.06336431,0.05313962,0.05313962,6.148092,5.156014,5.156014,-6.148092,-6.148092,-5.156014,-5.156014,-10.316052,-8.511286,,,,,below deadband; feedforward + feedback
2026-05-06 16:37:56,33.0,404.908,404.866,450.000,45.134,14.364900,100.808000,51.503500,0.715255,18.000000,97.028639,90.268733,10.000000,10.000000,4.862500,4.862500,3.685383,0.115991,3.706650,0.038383,0.000000,0.000000,0.03627295,0.02613117,0.02613117,3.519515,2.535472,2.535472,0.165868,-3.403524,-2.419481,-2.419481,-8.011876,-6.480684,,,,,below deadband; feedforward + feedback
2026-05-06 16:38:07,44.0,404.970,404.885,450.000,45.115,14.373100,100.808000,51.510200,0.719829,18.000000,97.028639,90.229667,15.000000,15.000000,9.956250,9.956250,7.417239,1.309503,7.464443,0.119995,0.000000,0.000000,0.02861378,0.01363063,0.01363063,2.776356,1.322561,1.322561,4.640884,-1.466853,-0.013059,-0.013059,-6.375620,-4.863778,,,,,below deadband; feedforward + feedback
2026-05-06 16:38:18,55.0,405.914,405.045,450.000,44.955,14.369300,100.809000,51.501800,0.715917,18.000000,97.029602,89.910400,20.000000,20.000000,14.843750,14.843750,11.023616,2.851277,11.089443,0.240881,0.000000,0.000000,0.04005550,0.01771074,0.01771074,3.886569,1.718466,1.718466,7.137047,-1.035293,1.132811,1.132811,-5.307555,-3.664460,,,,,below deadband; feedforward + feedback
2026-05-06 16:38:29,66.0,408.080,405.589,450.000,44.411,14.365500,100.808000,51.506800,0.721883,18.000000,97.028639,88.821733,25.000000,25.000000,20.050000,20.050000,14.857715,4.487180,14.748069,0.404172,0.000000,0.000000,0.05944186,0.02835184,0.02529854,5.767563,2.750940,2.454683,9.090153,-1.280383,1.736240,2.032497,-4.636359,-2.764343,,,,,below deadband; feedforward + feedback
2026-05-06 16:38:39,76.0,407.377,406.417,450.000,43.583,14.372600,100.807000,51.503500,0.717587,18.000000,97.027677,87.166267,30.000000,30.000000,25.025000,25.025000,18.584925,6.035923,18.707114,0.590178,0.000000,0.000000,0.04720436,0.03876669,0.05026481,4.580129,3.761442,4.877077,14.004796,1.455794,2.274481,1.158846,-3.766052,-2.044511,,,,,below deadband; feedforward + feedback
2026-05-06 16:38:50,87.0,408.987,407.563,450.000,42.437,14.371200,100.808000,51.508500,0.717537,18.000000,97.028639,84.874867,35.000000,35.000000,30.043750,30.043750,22.288897,7.853856,22.407300,0.833235,0.000000,0.000000,0.06679784,0.05061566,0.08027316,6.481303,4.911169,7.788796,15.807593,1.372552,2.942687,0.065060,-3.123726,-1.421111,,,,,below deadband; feedforward + feedback
2026-05-06 16:39:01,98.0,410.887,409.054,450.000,40.946,14.371000,100.807000,51.506800,0.716393,18.000000,97.027677,81.892133,40.000000,40.000000,34.993750,34.993750,26.016106,9.655664,26.199651,1.119515,0.000000,0.000000,0.10066463,0.06897023,0.11048351,9.767255,6.692021,10.719958,16.248851,-0.111591,2.963643,-1.064294,-2.789045,-0.933917,,,,,below deadband; feedforward + feedback
2026-05-06 16:39:12,109.0,414.031,411.272,450.000,38.728,14.369900,100.807000,51.506800,0.715726,18.000000,97.027677,77.632662,45.000000,45.000000,40.062500,40.062500,29.771200,12.769693,29.971697,1.446656,0.177662,0.888311,0.14652843,0.10601311,0.15552845,14.217313,10.286206,15.090564,15.553887,-1.447619,2.483487,-2.320871,-1.340556,0.660533,,,,,below deadband; feedforward + feedback
2026-05-06 16:39:23,120.0,417.933,414.071,450.000,35.929,14.360900,100.809000,51.503500,0.721099,18.000000,97.029602,72.393501,50.000000,50.000000,44.912500,44.912500,33.456582,16.446143,33.708797,1.814487,0.535501,1.966858,0.20047868,0.14824606,0.20383917,19.452366,14.384256,19.778433,14.004216,-3.006224,2.061887,-3.332290,-0.991460,1.462522,,,,,below deadband; feedforward + feedback
2026-05-06 16:39:34,131.0,420.716,417.308,450.000,32.692,14.372000,100.805000,51.506800,0.715746,18.000000,97.025752,66.339548,55.000000,55.000000,50.031250,50.031250,37.165202,20.229947,37.428467,2.223404,0.954748,2.631732,0.22375010,0.18757830,0.25106456,21.709521,18.199926,24.359727,15.455681,-1.479574,2.030021,-4.129781,-0.777688,1.956911,,,,,below deadband; feedforward + feedback
2026-05-06 16:39:45,142.0,426.488,420.620,450.000,29.380,14.369500,100.805000,51.510200,0.716166,18.000000,97.025752,60.111304,60.000000,60.000000,54.975000,54.975000,40.873821,23.991134,41.199541,2.673241,1.350504,2.933528,0.29475148,0.22658421,0.28852849,28.598484,21.984504,27.994694,12.275338,-4.607350,2.006630,-4.003560,-1.126632,2.181321,,,,,below deadband; feedforward + feedback
2026-05-06 16:39:56,153.0,430.127,424.311,450.000,25.689,14.364900,100.804000,51.508500,0.717079,18.000000,97.024789,53.075531,55.000000,55.000000,60.118750,60.118750,44.619620,27.765127,44.962817,3.164013,1.698064,3.088308,0.33102398,0.26381390,0.31768081,32.117532,25.596488,30.822914,12.502088,-4.352406,2.168639,-3.057787,-1.495200,2.296413,,,,,below deadband; feedforward + feedback
2026-05-06 16:40:07,164.0,435.635,428.594,450.000,21.406,14.365700,100.802000,51.508500,0.719753,18.000000,97.022864,44.782832,50.000000,50.000000,55.037500,55.037500,40.883116,31.446585,41.287931,3.613706,1.971632,3.065902,0.34209181,0.30776550,0.35145860,33.190727,29.860290,34.099520,7.692389,-1.744143,1.586295,-2.652935,-1.546729,2.279752,,,,,below deadband; feedforward + feedback
2026-05-06 16:40:18,175.0,438.823,433.321,450.000,16.679,14.368200,100.802000,51.508500,0.721528,18.000000,97.022864,35.503511,45.000000,45.000000,49.893750,49.893750,37.174497,34.213075,37.398981,4.022460,2.146378,2.845363,0.38470226,0.34439813,0.39252684,37.324915,33.414492,38.084079,-0.150418,-3.111840,0.798582,-3.871004,-2.054244,2.115763,,,,,below deadband; feedforward + feedback
2026-05-06 16:40:29,186.0,441.223,437.688,450.000,12.312,14.369000,100.805000,51.503500,0.716724,18.000000,97.025752,26.856501,40.000000,40.000000,45.043750,45.043750,33.540235,36.054991,33.785795,4.390514,2.232567,2.577324,0.32117697,0.35976110,0.38781234,31.162437,34.906091,37.627784,2.377798,4.892554,1.148900,-1.572792,-1.663133,1.916454,,,,,below deadband; feedforward + feedback
2026-05-06 16:40:40,197.0,445.742,441.080,450.000,8.920,14.368200,100.808000,51.500200,0.716567,18.000000,97.028639,20.090840,35.000000,35.000000,39.962500,39.962500,29.724726,36.963866,29.894535,4.717253,2.251573,2.327596,0.35099609,0.36763850,0.37096451,34.056673,35.671463,35.994182,-4.331947,2.907194,1.292403,0.969684,-1.327712,1.730760,,,,,below deadband; feedforward + feedback
2026-05-06 16:40:51,208.0,449.394,444.347,450.000,5.653,14.365700,100.810000,51.505200,0.716680,18.000000,97.030564,13.545710,30.000000,30.000000,34.912500,34.912500,26.025401,36.960045,26.217363,5.003602,2.240110,2.194258,0.36285518,0.36451287,0.33816665,35.208043,35.368889,32.812501,-9.182642,1.752003,1.591156,4.147545,-0.972198,1.631613,,,,,below deadband; feedforward + feedback
2026-05-06 16:41:02,219.0,450.520,447.529,450.000,2.471,14.372400,100.808000,51.513500,0.719079,18.000000,97.028639,7.179178,25.000000,25.000000,29.993750,29.993750,22.274955,36.040378,22.449254,5.246482,2.237045,2.224785,0.23741167,0.34808480,0.28995990,23.035731,33.774194,28.134415,-0.760777,13.004646,2.266184,7.905963,0.806787,1.654312,,,,,below deadband; feedforward + feedback
2026-05-06 16:41:13,230.0,452.712,450.107,450.000,-0.107,14.370300,100.806000,51.506800,0.718379,18.000000,97.026714,0.000000,20.000000,20.000000,25.106250,25.106250,18.584925,34.209150,18.721576,5.450921,2.277931,2.441474,0.26190368,0.31670653,0.26596825,25.411654,30.728994,25.806025,-6.826729,8.797497,3.480157,8.403125,1.948684,1.815438,,,,,at/above target within deadband; MFC zero
2026-05-06 16:41:24,241.0,454.840,452.300,450.000,-2.300,14.373400,100.804000,51.506800,0.718734,18.000000,97.024789,0.000000,15.000000,15.000000,16.950000,16.950000,12.371360,31.482421,12.444869,5.611951,2.376069,2.768621,0.23325930,0.28123169,0.23910369,22.631934,27.286446,23.198985,-10.260574,8.850487,4.195976,8.283436,3.443999,2.058699,,,,,above upper deadband; MFC zero
2026-05-06 16:41:35,252.0,455.224,454.145,450.000,-4.145,14.371700,100.806000,51.498500,0.719701,18.000000,97.026714,0.000000,10.000000,10.000000,15.018750,15.018750,11.149096,27.828228,11.225201,5.733833,2.524960,3.120524,0.17005677,0.24018712,0.19131065,16.500050,23.304567,18.562244,-5.350954,11.328178,4.523660,9.265984,5.186286,2.320368,,,,,above upper deadband; MFC zero
2026-05-06 16:41:46,263.0,457.633,455.596,450.000,-5.596,14.367600,100.809000,51.503500,0.713739,18.000000,97.029602,0.000000,5.000000,0.000000,9.512500,9.512500,7.435829,24.094254,7.474590,5.815651,2.710298,3.451651,0.15842661,0.20913181,0.15465590,15.372071,20.291976,15.006200,-7.936243,8.722183,3.802278,9.088054,6.349211,2.566588,,,,,final safety clamp; high CO2 cutoff
2026-05-06 16:41:57,274.0,456.377,456.413,450.000,-6.413,14.369000,100.806000,51.500200,0.717029,18.000000,97.026714,0.000000,0.000000,0.000000,0.000000,0.000000,0.000000,20.336682,0.000000,5.815651,2.943128,3.874450,0.10281543,0.17220643,0.12271718,9.975843,16.708624,11.906845,-9.975843,10.360839,3.628058,8.429837,7.846176,2.880975,,,,,final safety clamp; high CO2 cutoff
2026-05-06 16:42:08,285.0,456.964,456.885,450.000,-6.885,14.369000,100.807000,51.500200,0.718816,18.000000,97.027677,0.000000,0.000000,0.000000,0.000000,0.000000,0.000000,16.207112,0.000000,5.815651,3.200815,4.231563,0.07384897,0.13056402,0.07402120,7.165394,12.668323,7.182105,-7.165394,9.041718,3.538788,9.025006,8.307194,3.146518,,,,,final safety clamp; high CO2 cutoff
2026-05-06 16:42:19,296.0,456.958,456.846,450.000,-6.846,14.364400,100.806000,51.501800,0.712961,18.000000,97.026714,0.000000,0.000000,0.000000,0.000000,0.000000,0.000000,12.534174,0.000000,5.815651,3.485065,4.622062,0.03245833,0.08892867,0.03354791,3.149325,8.628456,3.255043,-3.149325,9.384849,3.905717,9.279130,9.026933,3.436886,,,,,final safety clamp; high CO2 cutoff
2026-05-06 16:42:30,307.0,455.918,456.604,450.000,-6.604,14.369600,100.804000,51.501800,0.721261,18.000000,97.024789,0.000000,0.000000,0.000000,0.000000,0.000000,0.000000,9.311672,0.000000,5.815651,3.781909,4.969286,0.01145786,0.05562292,0.00481048,1.111696,5.396802,0.466736,-1.111696,8.199975,3.914869,8.844936,9.743375,3.695076,,,,,final safety clamp; high CO2 cutoff
2026-05-06 16:42:40,317.0,455.841,456.290,450.000,-6.290,14.360700,100.804000,51.510200,0.718370,18.000000,97.024789,0.000000,0.000000,0.000000,0.000000,0.000000,0.000000,6.818294,0.000000,5.815651,4.084275,5.293738,-0.00967816,0.02453808,-0.01802713,-0.939021,2.380802,-1.749078,0.939021,7.757315,4.437492,8.567372,9.160338,3.936333,,,,,final safety clamp; high CO2 cutoff
2026-05-06 16:42:51,328.0,455.454,455.938,450.000,-5.938,14.368600,100.805000,51.506800,0.717954,18.000000,97.025752,0.000000,0.000000,0.000000,0.000000,0.000000,0.000000,4.465112,0.000000,5.815651,4.353516,5.430480,-0.03186499,0.00071986,-0.02770267,-3.091724,0.069845,-2.687873,3.091724,7.556836,4.395267,7.152985,9.022487,4.038012,,,,,final safety clamp; high CO2 cutoff
2026-05-06 16:43:02,339.0,454.831,455.570,450.000,-5.570,14.366200,100.804000,51.498500,0.720737,18.000000,97.024789,0.000000,0.000000,0.000000,0.000000,0.000000,0.000000,2.565464,0.000000,5.815651,4.570229,5.437081,-0.03166167,-0.01726045,-0.03335648,-3.071967,-1.674692,-3.236405,3.071967,5.637431,4.240156,5.801869,8.665480,4.042921,,,,,final safety clamp; high CO2 cutoff
2026-05-06 16:43:13,350.0,454.902,455.171,450.000,-5.171,14.369700,100.804000,51.505200,0.717153,18.000000,97.024789,0.000000,0.000000,0.000000,0.000000,0.000000,0.000000,1.156788,0.000000,5.815651,4.725959,5.348879,-0.02117026,-0.02861741,-0.03367807,-2.054040,-2.776598,-3.267607,2.054040,3.210828,3.933386,4.424395,7.763553,3.977335,,,,,final safety clamp; high CO2 cutoff
2026-05-06 16:43:24,361.0,454.547,454.875,450.000,-4.875,14.365900,100.805000,51.501900,0.716629,18.000000,97.025752,0.000000,0.000000,0.000000,0.000000,0.000000,0.000000,0.165241,0.000000,5.815651,4.828861,5.240468,-0.02994981,-0.03000777,-0.03057756,-2.905903,-2.911527,-2.966811,2.905903,3.071143,3.076768,3.132052,7.135659,3.896722,,,,,above upper deadband; MFC zero
2026-05-06 16:43:35,372.0,453.937,454.602,450.000,-4.602,14.364800,100.803000,51.508500,0.716460,18.000000,97.023827,0.000000,0.000000,0.000000,0.000000,0.000000,0.000000,0.000000,0.000000,5.815651,4.893267,5.150890,-0.04269571,-0.03121481,-0.02987120,-4.142501,-3.028581,-2.898218,4.142501,4.142501,3.028581,2.898218,6.444733,3.830114,,,,,above upper deadband; MFC zero
2026-05-06 16:43:46,383.0,453.746,454.232,450.000,-4.232,14.354300,100.806000,51.501800,0.718037,18.000000,97.026714,0.000000,0.000000,0.000000,0.000000,0.000000,0.000000,0.000000,0.000000,5.815651,4.930843,5.081147,-0.03593289,-0.03166190,-0.03035775,-3.486451,-3.072050,-2.945513,3.486451,3.486451,3.072050,2.945513,5.827481,3.778254,,,,,above upper deadband; MFC zero
2026-05-06 16:43:57,394.0,453.640,453.781,450.000,-3.781,14.364100,100.808000,51.503500,0.715904,18.000000,97.028639,0.000000,0.000000,0.000000,8.787500,8.787500,6.580708,0.000000,6.638302,5.831477,4.936641,4.959832,-0.02922097,-0.03188592,-0.03284874,-2.835271,-3.093847,-3.187269,9.415980,2.835271,3.093847,3.187269,5.099750,3.688046,,,,,above upper deadband; MFC zero
2026-05-06 16:44:08,405.0,453.078,453.426,450.000,-3.426,14.367500,100.807000,51.508500,0.715767,18.000000,97.027677,0.000000,0.000000,0.000000,0.000000,0.000000,0.000000,0.259789,0.000000,5.842056,4.923862,4.872749,-0.03227243,-0.03166417,-0.03518608,-3.131319,-3.072301,-3.414024,3.131319,3.391108,3.332090,3.673813,4.565432,3.623293,,,,,above upper deadband; MFC zero
2026-05-06 16:44:19,416.0,452.708,453.087,450.000,-3.087,14.384500,100.807000,51.503500,0.716980,18.000000,97.027677,0.000000,0.000000,0.000000,0.000000,0.000000,0.000000,0.292682,0.000000,5.842056,4.881958,4.714339,-0.03844146,-0.03179187,-0.03532430,-3.729885,-3.084692,-3.427435,3.729885,4.022568,3.377374,3.720118,4.150460,3.505502,,,,,above upper deadband; MFC zero
2026-05-06 16:44:30,427.0,452.482,452.738,450.000,-2.738,14.361900,100.808000,51.511800,0.716719,18.000000,97.028639,0.000000,0.000000,0.000000,0.000000,0.000000,0.000000,0.292682,0.000000,5.842056,4.820505,4.574692,-0.02891583,-0.03265049,-0.03217515,-2.805664,-3.168032,-3.121911,2.805664,3.098346,3.460715,3.414594,3.655072,3.401663,,,,,above upper deadband; MFC zero
2026-05-06 16:44:41,438.0,452.069,452.379,450.000,-2.379,14.370000,100.806000,51.503500,0.718179,18.000000,97.026714,0.000000,0.000000,0.000000,0.000000,0.000000,0.000000,0.292682,0.000000,5.842056,4.751713,4.476547,-0.02954294,-0.03391499,-0.03128392,-2.866455,-3.290660,-3.035376,2.866455,3.159137,3.583343,3.328058,3.379706,3.328684,,,,,above upper deadband; MFC zero
2026-05-06 16:44:52,449.0,451.536,452.043,450.000,-2.043,14.357700,100.807000,51.506800,0.717265,18.000000,97.027677,0.000000,0.000000,0.000000,0.000000,0.000000,0.000000,0.292682,0.000000,5.842056,4.682616,4.406226,-0.02739081,-0.03267210,-0.03090827,-2.657667,-3.170098,-2.998957,2.657667,2.950349,3.462781,3.291640,3.350764,3.276394,,,,,above upper deadband; MFC zero
2026-05-06 16:45:03,460.0,450.980,451.656,450.000,-1.656,14.360000,100.806000,51.506800,0.718373,18.000000,97.026714,0.000000,0.000000,0.000000,0.000000,0.000000,0.000000,0.292682,0.000000,5.842056,4.638302,4.461046,-0.03483122,-0.03247510,-0.03282154,-3.379559,-3.150952,-3.184566,3.379559,3.672241,3.443635,3.477248,3.417553,3.317157,,,,,at/above target within deadband; MFC zero
2026-05-06 16:45:14,471.0,450.437,451.265,450.000,-1.265,14.359500,100.811000,51.501800,0.717492,18.000000,97.031527,0.000000,0.000000,0.000000,0.000000,0.000000,0.000000,0.292682,0.000000,5.842056,4.617082,4.532204,-0.04139074,-0.03310374,-0.03410441,-4.016207,-3.212106,-3.309203,4.016207,4.308889,3.504789,3.601886,3.436040,3.370069,,,,,at/above target within deadband; MFC zero
2026-05-06 16:45:25,482.0,450.531,450.937,450.000,-0.937,14.364800,100.805000,51.505200,0.718638,18.000000,97.025752,0.000000,0.000000,0.000000,0.000000,0.000000,0.000000,0.292682,0.000000,5.842056,4.613457,4.598959,-0.03257691,-0.03325005,-0.03383796,-3.160800,-3.226111,-3.283154,3.160800,3.453482,3.518793,3.575836,3.432377,3.419707,,,,,at/above target within deadband; MFC zero
2026-05-06 16:45:36,493.0,450.623,450.583,450.000,-0.583,14.362200,100.805000,51.506800,0.714931,18.000000,97.025752,0.000000,0.000000,0.000000,0.000000,0.000000,0.000000,0.189614,0.000000,5.842056,4.617185,4.632095,-0.02576326,-0.03221809,-0.03112425,-2.499700,-3.125984,-3.019854,2.499700,2.689313,3.315598,3.209468,3.416159,3.444346,,,,,at/above target within deadband; MFC zero
2026-05-06 16:45:47,504.0,449.704,450.281,450.000,-0.281,14.356700,100.805000,51.508500,0.713926,18.000000,97.025752,0.000000,0.000000,0.000000,0.000000,0.000000,0.000000,0.000000,0.000000,5.842056,4.612053,4.591525,-0.03266169,-0.03154405,-0.03034705,-3.169025,-3.060585,-2.944445,3.169025,3.169025,3.060585,2.944445,3.391484,3.414179,,,,,at/above target within deadband; MFC zero
2026-05-06 16:45:58,515.0,449.076,449.956,450.000,0.044,14.363800,100.808000,51.501800,0.718160,18.000000,97.028639,1.379640,1.379640,1.379640,0.000000,0.000000,0.000000,0.000000,0.000000,5.842056,4.598799,4.545783,-0.03932270,-0.03165315,-0.02945115,-3.815429,-3.071262,-2.857605,3.815429,3.815429,3.071262,2.857605,3.368468,3.380167,,,,,within lower deadband; partial feedforward
2026-05-06 16:46:09,526.0,448.655,449.548,450.000,0.452,14.364600,100.807000,51.505200,0.717079,18.000000,97.027677,1.373324,1.373324,1.373324,0.000000,0.000000,0.000000,0.000000,0.000000,5.842056,4.577748,4.493545,-0.03559391,-0.03206425,-0.03190750,-3.453594,-3.111120,-3.095910,3.453594,3.453594,3.111120,3.095910,3.407940,3.341323,,,,,within lower deadband; partial feedforward
2026-05-06 16:46:20,537.0,448.689,449.173,450.000,0.827,14.356400,100.805000,51.511800,0.716952,18.000000,97.025752,1.363884,1.363884,1.363884,0.000000,0.000000,0.000000,0.000000,0.000000,5.842056,4.546280,4.420407,-0.03106841,-0.03188730,-0.03447070,-3.014436,-3.093889,-3.344545,3.014436,3.014436,3.093889,3.344545,3.391862,3.286939,,,,,within lower deadband; partial feedforward
2026-05-06 16:46:31,548.0,448.287,448.817,450.000,1.183,14.351300,100.807000,51.508500,0.716400,18.000000,97.027677,1.352716,1.352716,1.352716,0.000000,0.000000,0.000000,0.000000,0.000000,5.842056,4.509055,4.360155,-0.03728962,-0.03153280,-0.03278092,-3.618126,-3.059555,-3.180656,3.618126,3.618126,3.059555,3.180656,3.466059,3.242136,,,,,within lower deadband; partial feedforward
2026-05-06 16:46:41,558.0,447.889,448.503,450.000,1.497,14.351200,100.806000,51.510200,0.716088,18.000000,97.026714,1.341092,1.341092,1.341092,0.000000,0.000000,0.000000,0.000000,0.000000,5.842056,4.470307,4.315318,-0.03632282,-0.03239907,-0.03330889,-3.524283,-3.143575,-3.231852,3.524283,3.524283,3.143575,3.231852,3.449620,3.208796,,,,,within lower deadband; partial feedforward
2026-05-06 16:46:52,569.0,447.485,448.199,450.000,1.801,14.354500,100.808000,51.506800,0.716032,18.000000,97.028639,1.328688,1.328688,1.328688,0.000000,0.000000,0.000000,0.000000,0.000000,5.842056,4.428961,4.263577,-0.03661091,-0.03255255,-0.03099254,-3.552306,-3.158530,-3.007164,3.552306,3.552306,3.158530,3.007164,3.365555,3.170323,,,,,within lower deadband; partial feedforward
2026-05-06 16:47:03,580.0,447.188,447.863,450.000,2.137,14.360700,100.807000,51.508500,0.716051,18.000000,97.027677,8.655675,6.328688,6.328688,0.000000,0.000000,0.000000,0.000000,0.000000,5.842056,4.380942,4.188864,-0.03364474,-0.03111267,-0.02841813,-3.264471,-3.018790,-2.757345,3.264471,3.264471,3.018790,2.757345,3.344554,3.114767,,,,,below deadband; feedforward + feedback
2026-05-06 16:47:14,591.0,446.999,447.576,450.000,2.424,14.359300,100.808000,51.500200,0.716677,18.000000,97.028639,9.181517,9.181517,9.181517,6.268750,6.268750,4.675277,0.042704,4.711947,5.891343,4.333117,4.141816,-0.02901751,-0.03048624,-0.02937611,-2.815530,-2.958039,-2.850324,7.490807,2.858234,3.000743,2.893028,3.363323,3.079783,,,,,below deadband; feedforward + feedback
2026-05-06 16:47:25,602.0,447.060,447.267,450.000,2.733,14.350600,100.809000,51.506800,0.716950,18.000000,97.029602,9.772206,9.772206,9.772206,9.156250,9.156250,6.785194,0.621047,6.835971,5.971466,4.307006,4.202564,-0.02354325,-0.02933210,-0.02767353,-2.284393,-2.846082,-2.685152,9.069586,2.905439,3.467129,3.306199,3.334035,3.124955,,,,,below deadband; feedforward + feedback
2026-05-06 16:47:36,613.0,448.602,447.072,450.000,2.928,14.354900,100.809000,51.496900,0.715736,18.000000,97.029602,10.170817,10.170817,10.170817,9.750000,9.750000,7.254580,1.519129,7.302059,6.050997,4.314351,4.343729,0.01574606,-0.02573282,-0.02105755,1.527834,-2.496846,-2.043206,5.726746,-0.008704,4.015975,3.562336,2.909132,3.229923,,,,,below deadband; feedforward + feedback
2026-05-06 16:47:47,624.0,447.751,447.214,450.000,2.786,14.356000,100.809000,51.511800,0.717224,18.000000,97.029602,9.923907,9.923907,9.923907,10.175000,10.175000,7.547366,2.406782,7.612337,6.133884,4.350974,4.497468,0.00162715,-0.01786250,-0.00567469,0.157882,-1.733191,-0.550613,7.389484,2.248899,4.139972,2.957395,2.775277,3.344240,,,,,below deadband; feedforward + feedback
2026-05-06 16:47:58,635.0,448.321,447.589,450.000,2.411,14.358000,100.809000,51.508500,0.717275,18.000000,97.029602,9.230205,9.230205,9.230205,9.912500,9.912500,7.375413,3.327792,7.434436,6.215100,4.407272,4.632461,0.01225449,-0.00690006,0.01296603,1.189049,-0.669510,1.258088,6.186364,2.138743,3.997302,2.069703,2.677977,3.444619,,,,,below deadband; feedforward + feedback
2026-05-06 16:48:09,646.0,449.551,448.076,450.000,1.924,14.353400,100.808000,51.510200,0.718974,18.000000,97.028639,0.000000,4.230205,4.230205,11.325000,11.325000,8.393192,4.226029,8.455532,6.301551,4.467310,4.707462,0.04157720,0.00684902,0.03355437,4.034179,0.664551,3.255735,4.359013,0.191850,3.561478,0.970295,2.297280,3.500388,,,,,within deadband and CO2 rising; MFC zero
2026-05-06 16:48:20,657.0,448.880,448.581,450.000,1.419,14.349000,100.805000,51.505200,0.717364,18.000000,97.025752,0.000000,0.000000,0.000000,3.700000,3.700000,3.132343,5.192481,3.156129,6.334004,4.520258,4.732049,0.02683104,0.01942129,0.04295078,2.603302,1.884366,4.167332,0.529041,2.589179,3.308115,1.025149,2.193380,3.518671,,,,,within deadband and CO2 rising; MFC zero
2026-05-06 16:48:31,668.0,448.667,448.873,450.000,1.127,14.351400,100.807000,51.495200,0.715970,18.000000,97.027677,0.000000,0.000000,0.000000,0.000000,0.000000,0.000000,5.468587,0.000000,6.334004,4.552263,4.680286,0.02235639,0.02737845,0.03176647,2.169189,2.656467,3.082227,-2.169189,3.299398,2.812120,2.386361,2.165279,3.480181,,,,,within deadband and CO2 rising; MFC zero
2026-05-06 16:48:42,679.0,448.755,448.885,450.000,1.115,14.351900,100.807000,51.505200,0.721961,18.000000,97.027677,0.000000,0.000000,0.000000,0.000000,0.000000,0.000000,5.468587,0.000000,6.334004,4.567647,4.629182,0.01691558,0.02877320,0.02182155,1.641279,2.791797,2.117295,-1.641279,3.827308,2.676791,3.351293,2.227816,3.442181,,,,,within deadband and CO2 rising; MFC zero
2026-05-06 16:48:53,690.0,448.417,448.736,450.000,1.264,14.347200,100.807000,51.501800,0.716743,18.000000,97.027677,0.000000,0.000000,0.000000,0.000000,0.000000,0.000000,4.972865,0.000000,6.334004,4.574215,4.600486,0.00949173,0.02230463,0.00339168,0.920960,2.164166,0.329087,-0.920960,4.051905,2.808699,4.643779,2.360446,3.420842,,,,,within deadband and CO2 rising; MFC zero
2026-05-06 16:49:04,701.0,448.118,448.443,450.000,1.557,14.353700,100.807000,51.505200,0.710943,18.000000,97.027677,0.000000,0.000000,0.000000,0.000000,0.000000,0.000000,4.103493,0.000000,6.334004,4.574666,4.576470,-0.00755961,0.00821498,-0.01651168,-0.733492,0.797081,-1.602090,0.733492,4.836985,3.306413,5.705583,2.575063,3.402985,,,,,within deadband and CO2 rising; MFC zero
2026-05-06 16:49:15,712.0,447.884,448.188,450.000,1.812,14.354600,100.806000,51.500200,0.716312,18.000000,97.026714,1.367262,1.367262,1.367262,0.000000,0.000000,0.000000,3.225033,0.000000,6.334004,4.557540,4.489037,-0.01879700,-0.00212124,-0.01935612,-1.823811,-0.205817,-1.878061,1.823811,5.048844,3.430849,5.103093,3.137012,3.337971,,,,,within lower deadband; partial feedforward
2026-05-06 16:49:26,723.0,447.507,447.888,450.000,2.112,14.346100,100.808000,51.508500,0.716361,18.000000,97.028639,8.753857,6.367262,6.367262,0.000000,0.000000,0.000000,2.307379,0.000000,6.334004,4.530724,4.423460,-0.02208518,-0.01436418,-0.02510064,-2.142895,-1.393737,-2.435481,2.142895,4.450274,3.701116,4.742860,3.381610,3.289209,,,,,below deadband; feedforward + feedback
2026-05-06 16:49:37,734.0,447.359,447.593,450.000,2.407,14.354600,100.806000,51.503500,0.716906,18.000000,97.026714,9.310600,9.310600,9.310600,6.293750,6.293750,4.679925,1.444823,4.712598,6.383424,4.497267,4.363437,-0.02449197,-0.02216700,-0.02661520,-2.376376,-2.150791,-2.582386,7.056301,3.821199,3.595614,4.027208,3.568549,3.244577,,,,,below deadband; feedforward + feedback
2026-05-06 16:49:48,745.0,447.126,447.350,450.000,2.650,14.348500,100.806000,51.510200,0.717685,18.000000,97.026714,9.762444,9.762444,9.762444,9.287500,9.287500,6.896731,1.077214,6.947751,6.459154,4.462910,4.325485,-0.02428861,-0.02298625,-0.02357983,-2.356644,-2.230280,-2.287874,9.253376,3.433859,3.307494,3.365088,3.928772,3.216357,,,,,below deadband; feedforward + feedback
2026-05-06 16:49:59,756.0,447.878,447.375,450.000,2.625,14.342800,100.809000,51.501900,0.715450,18.000000,97.029602,9.688396,9.688396,9.688396,9.743750,9.743750,7.254580,1.504361,7.190263,6.538566,4.437730,4.337007,-0.00006780,-0.01938440,-0.01213761,-0.006578,-1.880861,-1.177708,7.261159,1.510940,3.385222,2.682069,3.808968,3.224924,,,,,below deadband; feedforward + feedback
2026-05-06 16:50:09,766.0,447.578,447.559,450.000,2.441,14.365200,100.808000,51.498500,0.713871,18.000000,97.028639,9.320439,9.320439,9.320439,9.668750,9.668750,7.180222,2.274331,7.231959,6.610436,4.437706,4.437611,-0.00800016,-0.01248140,0.00039227,-0.776245,-1.211054,0.038062,7.956467,3.050576,3.485384,2.236269,3.781321,3.299731,,,,,below deadband; feedforward + feedback
2026-05-06 16:50:20,777.0,448.627,447.917,450.000,2.083,14.343400,100.809000,51.500200,0.715616,18.000000,97.029602,8.622829,8.622829,8.622829,9.312500,9.312500,6.919968,3.149280,6.966905,6.686712,4.457029,4.534319,0.01494947,-0.00180056,0.01760721,1.450541,-0.174708,1.708420,5.469427,1.698739,3.323988,1.440860,3.544813,3.371642,,,,,below deadband; feedforward + feedback
2026-05-06 16:50:31,788.0,448.859,448.287,450.000,1.713,14.346100,100.805000,51.505200,0.719661,18.000000,97.025752,0.000000,3.622829,3.622829,8.556250,8.556250,6.418050,3.992265,6.466111,6.757520,4.482291,4.583343,0.02250894,0.00881712,0.02940527,2.183947,0.855488,2.853068,4.234103,1.808319,3.136778,1.139197,3.295526,3.408095,,,,,within deadband and CO2 rising; MFC zero
2026-05-06 16:50:42,799.0,448.715,448.641,450.000,1.359,14.345100,100.808000,51.496900,0.717183,18.000000,97.028639,0.000000,0.000000,0.000000,3.581250,3.581250,2.686193,4.735487,2.705992,6.787092,4.491996,4.530816,0.02908579,0.01835125,0.03040963,2.822154,1.780597,2.950605,-0.135961,1.913333,2.954890,1.784882,2.970676,3.369037,,,,,within deadband and CO2 rising; MFC zero
2026-05-06 16:50:53,810.0,449.507,448.845,450.000,1.155,14.349600,100.806000,51.510200,0.719882,18.000000,97.026714,0.000000,0.000000,0.000000,0.000000,0.000000,0.000000,5.034056,0.000000,6.787092,4.476006,4.412045,0.03081418,0.02471535,0.02835852,2.989799,2.398049,2.751534,-2.989799,2.044257,2.636007,2.282522,2.636833,3.280721,,,,,within deadband and CO2 rising; MFC zero
2026-05-06 16:51:04,821.0,449.121,449.006,450.000,0.994,14.348100,100.806000,51.508500,0.718120,18.000000,97.026714,0.000000,0.000000,0.000000,0.000000,0.000000,0.000000,5.034056,0.000000,6.787092,4.429458,4.243263,0.02150891,0.02537933,0.02076374,2.086939,2.462473,2.014637,-2.086939,2.947117,2.571583,3.019419,2.469815,3.155218,,,,,within deadband and CO2 rising; MFC zero
2026-05-06 16:51:15,832.0,448.596,448.925,450.000,1.075,14.350500,100.808000,51.503500,0.715766,18.000000,97.028639,0.000000,0.000000,0.000000,0.000000,0.000000,0.000000,4.588991,0.000000,6.787092,4.368283,4.123587,0.00140681,0.01849227,0.00548018,0.136501,1.794279,0.531734,-0.136501,4.452490,2.794711,4.057256,2.539959,3.066229,,,,,within deadband and CO2 rising; MFC zero
2026-05-06 16:51:26,843.0,448.270,448.656,450.000,1.344,14.350500,100.808000,51.503500,0.716144,18.000000,97.028639,0.000000,0.000000,0.000000,0.000000,0.000000,0.000000,3.796920,0.000000,6.787092,4.308191,4.067820,-0.00535603,0.00889046,-0.00793134,-0.519689,0.862630,-0.769567,0.519689,4.316609,2.934291,4.566487,2.638042,3.024762,,,,,within deadband and CO2 rising; MFC zero
2026-05-06 16:51:37,854.0,447.690,448.274,450.000,1.726,14.348100,100.807000,51.505200,0.718063,18.000000,97.027677,1.276084,1.276084,1.276084,0.000000,0.000000,0.000000,2.921041,0.000000,6.787092,4.253612,4.035297,-0.01874646,-0.00254079,-0.02207643,-1.818925,-0.246527,-2.142025,1.818925,4.739966,3.167569,5.063067,2.996823,3.000578,,,,,within lower deadband; partial feedforward
2026-05-06 16:51:48,865.0,447.745,447.922,450.000,2.078,14.374000,100.804000,51.508500,0.717815,18.000000,97.024789,8.362039,6.276084,6.276084,0.000000,0.000000,0.000000,2.042581,0.000000,6.787092,4.206839,4.019748,-0.02094963,-0.01379794,-0.03094331,-2.032634,-1.338742,-3.002268,2.032634,4.075215,3.381323,5.044849,3.110672,2.989015,,,,,below deadband; feedforward + feedback
2026-05-06 16:51:59,876.0,447.033,447.580,450.000,2.420,14.342500,100.806000,51.501900,0.719078,18.000000,97.026714,9.011498,9.011498,9.011498,6.037500,6.037500,4.447555,1.234348,4.479269,6.838929,4.172431,4.034798,-0.03535663,-0.02257483,-0.03286993,-3.430537,-2.190361,-3.189261,7.878092,4.664885,3.424709,4.423609,3.440243,3.000207,,,,,below deadband; feedforward + feedback
2026-05-06 16:52:10,887.0,447.345,447.357,450.000,2.643,14.346400,100.806000,51.505200,0.714566,18.000000,97.026714,9.444016,9.444016,9.444016,8.993750,8.993750,6.692246,1.048762,6.741483,6.912076,4.157883,4.099689,-0.02176310,-0.02599576,-0.02577716,-2.111602,-2.522283,-2.501073,8.803848,3.160364,3.571045,3.549835,3.590471,3.048459,,,,,below deadband; feedforward + feedback
2026-05-06 16:52:21,898.0,447.673,447.348,450.000,2.652,14.350100,100.807000,51.511800,0.717547,18.000000,97.027677,9.475930,9.475930,9.475930,9.431250,9.431250,7.012916,1.495376,7.061737,6.988979,4.171597,4.226453,-0.01432256,-0.02378546,-0.01474629,-1.389685,-2.307848,-1.430799,8.402601,2.885061,3.803224,2.926175,3.698440,3.142718,,,,,below deadband; feedforward + feedback
2026-05-06 16:52:32,909.0,447.402,447.497,450.000,2.503,14.346500,100.806000,51.501800,0.716680,18.000000,97.026714,9.223839,9.223839,9.223839,9.468750,9.468750,7.045448,2.321734,7.099714,7.066417,4.218506,4.406144,-0.01254262,-0.01563292,-0.00179940,-1.216969,-1.516811,-0.174590,8.262417,3.538704,3.838545,2.496324,3.864490,3.276333,,,,,below deadband; feedforward + feedback
2026-05-06 16:52:43,920.0,448.656,447.901,450.000,2.099,14.354200,100.808000,51.505200,0.717122,18.000000,97.028639,8.478747,8.478747,8.478747,9.212500,9.212500,6.859552,3.181141,6.892676,7.141944,4.280747,4.529713,0.02069532,-0.00224053,0.01887790,2.008038,-0.217396,1.831697,4.851514,1.173102,3.398536,1.349443,3.667377,3.368217,,,,,below deadband; feedforward + feedback
2026-05-06 16:52:54,931.0,448.261,448.316,450.000,1.684,14.357900,100.806000,51.513500,0.716696,18.000000,97.026714,0.000000,3.478747,3.478747,8.331250,8.331250,6.088085,4.015916,6.137869,7.213434,4.338745,4.570735,0.01708510,0.00975687,0.03003555,1.657711,0.946677,2.914251,4.430373,2.358204,3.069239,1.101665,3.434679,3.398720,,,,,within deadband and CO2 rising; MFC zero
2026-05-06 16:53:05,942.0,449.150,448.692,450.000,1.308,14.340700,100.808000,51.501900,0.716934,18.000000,97.028639,0.000000,0.000000,0.000000,3.443750,3.443750,2.574656,4.765592,2.595910,7.241782,4.381843,4.554235,0.03483118,0.02001180,0.03398464,3.379622,1.941718,3.297483,-0.804966,1.385970,2.823874,1.468108,3.109052,3.386452,,,,,within deadband and CO2 rising; MFC zero
2026-05-06 16:53:16,953.0,448.656,448.872,450.000,1.128,14.354400,100.807000,51.501900,0.715193,18.000000,97.027677,0.000000,0.000000,0.000000,0.000000,0.000000,0.000000,5.052026,0.000000,7.241782,4.399159,4.468425,0.01100041,0.02534042,0.02775337,1.067344,2.458722,2.692845,-1.067344,3.984682,2.593304,2.359181,3.025132,3.322644,,,,,within deadband and CO2 rising; MFC zero
2026-05-06 16:53:27,964.0,448.373,448.857,450.000,1.143,14.353100,100.809000,51.511800,0.714138,18.000000,97.029602,0.000000,0.000000,0.000000,0.000000,0.000000,0.000000,5.052026,0.000000,7.241782,4.398395,4.395335,0.01074600,0.02225958,0.01256094,1.042680,2.159838,1.218783,-1.042680,4.009346,2.892188,3.833243,3.017813,3.268296,,,,,within deadband and CO2 rising; MFC zero
2026-05-06 16:53:38,975.0,448.246,448.596,450.000,1.404,14.346700,100.809000,51.505200,0.718449,18.000000,97.029602,0.000000,0.000000,0.000000,0.000000,0.000000,0.000000,4.525115,0.000000,7.241782,4.389456,4.353700,0.00032204,0.01421252,-0.00459344,0.031247,1.379035,-0.445699,-0.031247,4.493868,3.146080,4.970814,2.998811,3.237337,,,,,within deadband and CO2 rising; MFC zero
2026-05-06 16:53:49,986.0,448.103,448.293,450.000,1.707,14.344200,100.805000,51.508500,0.715228,18.000000,97.025752,0.000000,0.000000,0.000000,0.000000,0.000000,0.000000,3.737330,0.000000,7.241782,4.376999,4.327171,-0.00683065,0.00354365,-0.01784770,-0.662749,0.343825,-1.731687,0.662749,4.400079,3.393505,5.469017,3.136557,3.217610,,,,,within deadband and CO2 rising; MFC zero
2026-05-06 16:54:00,997.0,447.394,447.987,450.000,2.013,14.352300,100.806000,51.506800,0.714789,18.000000,97.026714,8.391495,5.000000,5.000000,0.000000,0.000000,0.000000,2.886341,0.000000,7.241782,4.365629,4.320149,-0.02459419,-0.00896543,-0.02587738,-2.386294,-0.869886,-2.510797,2.386294,5.272635,3.756227,5.397138,3.401843,3.212389,,,,,below deadband; feedforward + feedback
2026-05-06 16:54:11,1008.0,447.544,447.691,450.000,2.309,14.346800,100.806000,51.508500,0.715140,18.000000,97.026714,8.974053,8.974053,8.974053,4.993750,4.993750,3.671440,2.058175,3.641261,7.279990,4.356320,4.319085,-0.02240727,-0.01827590,-0.02747028,-2.174104,-1.773251,-2.665351,5.845544,4.232279,3.831426,4.723526,3.478907,3.211598,,,,,below deadband; feedforward + feedback
2026-05-06 16:54:21,1018.0,447.959,447.528,450.000,2.472,14.352800,100.806000,51.511800,0.718741,18.000000,97.026714,9.304750,9.304750,9.304750,8.950000,8.950000,6.659714,1.686229,6.714563,7.346503,4.359950,4.374471,-0.01288162,-0.02146798,-0.02188642,-1.249861,-2.082967,-2.123568,7.909575,2.936090,3.769196,3.809797,3.674795,3.252782,,,,,below deadband; feedforward + feedback
2026-05-06 16:54:32,1029.0,447.700,447.539,450.000,2.461,14.346900,100.806000,51.505200,0.717208,18.000000,97.026714,9.300984,9.300984,9.300984,9.293750,9.293750,6.910673,1.689482,6.962053,7.422327,4.378651,4.453452,-0.01555964,-0.01966792,-0.01238035,-1.509701,-1.908313,-1.201225,8.420374,3.199183,3.597796,2.890707,3.768237,3.311511,,,,,below deadband; feedforward + feedback
2026-05-06 16:54:43,1040.0,448.382,447.712,450.000,2.288,14.348700,100.808000,51.500200,0.713552,18.000000,97.028639,8.984307,8.984307,8.984307,8.343750,8.343750,6.232154,2.140176,6.265201,7.502178,4.407841,4.524601,0.00940697,-0.01195361,0.00122732,0.912745,-1.159843,0.119085,5.319409,1.227431,3.300019,2.021091,3.750621,3.364416,,,,,below deadband; feedforward + feedback
2026-05-06 16:54:54,1051.0,448.465,447.994,450.000,2.006,14.352500,100.808000,51.511800,0.714349,18.000000,97.028639,8.461164,8.461164,8.461164,8.968750,8.968750,6.664362,2.942213,6.726893,7.572608,4.449297,4.615122,0.01061058,-0.00264751,0.01503545,1.029530,-0.256884,1.458869,5.634831,1.912683,3.199097,1.483344,3.520399,3.431726,,,,,below deadband; feedforward + feedback
2026-05-06 16:55:05,1062.0,449.287,448.429,450.000,1.571,14.350800,100.808000,51.503500,0.715231,18.000000,97.028639,0.000000,3.461164,3.461164,8.425000,8.425000,6.283275,3.748071,6.335369,7.641983,4.478030,4.592964,0.02866165,0.01034923,0.02951161,2.781001,1.004172,2.863471,3.502274,0.967070,2.743899,0.884600,3.182369,3.415249,,,,,within deadband and CO2 rising; MFC zero
2026-05-06 16:55:16,1073.0,449.097,448.784,450.000,1.216,14.349300,100.806000,51.506800,0.716252,18.000000,97.026714,0.000000,0.000000,0.000000,3.481250,3.481250,2.583951,4.476059,2.599379,7.670234,4.486145,4.518602,0.02779716,0.01883636,0.03199562,2.697067,1.827630,3.104429,-0.113117,1.778992,2.648429,1.371630,2.880716,3.359955,,,,,within deadband and CO2 rising; MFC zero
2026-05-06 16:55:27,1084.0,449.382,448.996,450.000,1.004,14.346300,100.811000,51.506800,0.716058,18.000000,97.031527,0.000000,0.000000,0.000000,0.000000,0.000000,0.000000,4.761254,0.000000,7.670234,4.463459,4.372718,0.02805140,0.02415747,0.02756674,2.721870,2.344037,2.674843,-2.721870,2.039384,2.417217,2.086411,2.618416,3.251478,,,,,within deadband and CO2 rising; MFC zero
2026-05-06 16:55:38,1095.0,448.618,448.961,450.000,1.039,14.348100,100.809000,51.503500,0.717393,18.000000,97.029602,0.000000,0.000000,0.000000,0.000000,0.000000,0.000000,4.761254,0.000000,7.670234,4.412281,4.207566,0.01544102,0.02174868,0.01513315,1.498236,2.110266,1.468363,-1.498236,3.263018,2.650988,3.292891,2.395126,3.128674,,,,,within deadband and CO2 rising; MFC zero
2026-05-06 16:55:49,1106.0,448.141,448.808,450.000,1.192,14.352600,100.806000,51.513500,0.717059,18.000000,97.026714,0.000000,0.000000,0.000000,0.000000,0.000000,0.000000,4.417502,0.000000,7.670234,4.348008,4.090915,-0.00350854,0.01408619,-0.00323601,-0.340422,1.366736,-0.313980,0.340422,4.757924,3.050766,4.731482,2.453531,3.041934,,,,,within deadband and CO2 rising; MFC zero
2026-05-06 16:56:00,1117.0,447.770,448.519,450.000,1.481,14.352400,100.811000,51.501900,0.718913,18.000000,97.031527,0.000000,0.000000,0.000000,0.000000,0.000000,0.000000,3.671647,0.000000,7.670234,4.279929,4.007615,-0.02223773,0.00473985,-0.01480972,-2.157761,0.459915,-1.437009,2.157761,5.829408,3.211732,5.108657,2.775010,2.979994,,,,,within deadband and CO2 rising; MFC zero
2026-05-06 16:56:11,1128.0,447.719,448.215,450.000,1.785,14.346600,100.813000,51.510200,0.714589,18.000000,97.033452,1.266223,1.266223,1.266223,0.000000,0.000000,0.000000,2.831915,0.000000,7.670234,4.220743,3.984001,-0.02044110,-0.00626433,-0.02267733,-1.983470,-0.607849,-2.200460,1.983470,4.815385,3.439764,5.032374,2.954588,2.962435,,,,,within lower deadband; partial feedforward
2026-05-06 16:56:22,1139.0,447.512,447.930,450.000,2.070,14.351000,100.815000,51.508500,0.714211,18.000000,97.035377,8.322661,6.266223,6.266223,0.000000,0.000000,0.000000,1.936930,0.000000,7.670234,4.182061,4.027330,-0.03013617,-0.01703563,-0.02841427,-2.924275,-1.653059,-2.757190,2.924275,4.861205,3.589989,4.694120,3.358341,2.994654,,,,,below deadband; feedforward + feedback
2026-05-06 16:56:33,1150.0,446.883,447.609,450.000,2.391,14.356500,100.811000,51.498500,0.714636,18.000000,97.031527,8.938917,8.938917,8.938917,6.212500,6.212500,4.614861,1.199905,4.649007,7.718971,4.157251,4.058010,-0.02469579,-0.02271955,-0.02769290,-2.396270,-2.204512,-2.687084,7.011131,3.596175,3.404417,3.886990,3.545396,3.017467,,,,,below deadband; feedforward + feedback
2026-05-06 16:56:44,1161.0,447.890,447.380,450.000,2.620,14.347400,100.807000,51.505200,0.715863,18.000000,97.027677,9.397794,9.397794,9.397794,8.868750,8.868750,6.603945,0.996298,6.648731,7.791841,4.156994,4.155966,-0.00638996,-0.02476760,-0.02426872,-0.620003,-2.403143,-2.354738,7.223948,1.616301,3.399440,3.351036,3.617532,3.090305,,,,,below deadband; feedforward + feedback
2026-05-06 16:56:55,1172.0,447.702,447.288,450.000,2.712,14.348400,100.805000,51.506800,0.714298,18.000000,97.025752,9.610160,9.610160,9.610160,9.375000,9.375000,6.971089,1.455873,7.011239,7.868293,4.186760,4.305827,-0.00630520,-0.02262768,-0.01532942,-0.611767,-2.195467,-1.487349,7.582857,2.067641,3.651341,2.943222,3.649605,3.201739,,,,,below deadband; feedforward + feedback
2026-05-06 16:57:06,1183.0,447.859,447.468,450.000,2.532,14.339300,100.808000,51.498500,0.713103,18.000000,97.028639,9.312452,9.312452,9.312452,9.606250,9.606250,7.147690,2.279391,7.207313,7.946699,4.249318,4.499551,0.00030509,-0.01478192,-0.00145000,0.029603,-1.434270,-0.140692,7.118088,2.249789,3.713661,2.420083,3.672983,3.345789,,,,,below deadband; feedforward + feedback
2026-05-06 16:57:17,1194.0,448.624,447.811,450.000,2.189,14.342800,100.806000,51.505200,0.717211,18.000000,97.026714,8.703740,8.703740,8.703740,9.300000,9.300000,6.915321,3.149900,6.962630,8.022928,4.326007,4.632760,0.02093261,-0.00404589,0.01609483,2.031023,-0.392560,1.561628,4.884298,1.118877,3.542459,1.588271,3.434745,3.444841,,,,,below deadband; feedforward + feedback
2026-05-06 16:57:28,1205.0,448.590,448.222,450.000,1.778,14.357200,100.808000,51.506800,0.716284,18.000000,97.028639,0.000000,3.703740,3.703740,8.693750,8.693750,6.469171,3.992885,6.501530,8.094361,4.389970,4.645824,0.01503421,0.00880864,0.03030921,1.458749,0.854690,2.940861,5.010423,2.534137,3.138195,1.052024,3.187657,3.454555,,,,,within deadband and CO2 rising; MFC zero
2026-05-06 16:57:39,1216.0,449.094,448.747,450.000,1.253,14.350500,100.808000,51.506800,0.715752,18.000000,97.028639,0.000000,0.000000,0.000000,4.118750,4.118750,3.536666,4.743542,3.563168,8.146314,4.425834,4.569288,0.03410243,0.02106608,0.03867252,3.308913,2.044013,3.752342,0.227754,1.434630,2.699530,0.991201,2.699349,3.397644,,,,,within deadband and CO2 rising; MFC zero
2026-05-06 16:57:50,1227.0,448.909,448.982,450.000,1.018,14.347500,100.808000,51.501800,0.716588,18.000000,97.028639,0.000000,0.000000,0.000000,0.000000,0.000000,0.000000,5.289043,0.000000,8.146314,4.432821,4.460769,0.02857687,0.02654382,0.03255253,2.772774,2.575511,3.158528,-2.772774,2.516269,2.713532,2.130515,2.443891,3.316952,,,,,within deadband and CO2 rising; MFC zero
2026-05-06 16:58:01,1238.0,449.213,449.040,450.000,0.960,14.348600,100.806000,51.500200,0.716372,18.000000,97.026714,0.000000,0.000000,0.000000,0.000000,0.000000,0.000000,5.289043,0.000000,8.146314,4.410994,4.323688,0.02701753,0.02696617,0.01933484,2.621422,2.616438,1.875996,-2.621422,2.667621,2.672605,3.413047,2.200160,3.215020,,,,,within deadband and CO2 rising; MFC zero
2026-05-06 16:58:12,1249.0,448.483,448.816,450.000,1.184,14.352200,100.808000,51.506800,0.719443,18.000000,97.028639,0.000000,0.000000,0.000000,0.000000,0.000000,0.000000,4.798743,0.000000,8.146314,4.380007,4.256061,0.00283062,0.01903460,0.00246312,0.274651,1.846901,0.238994,-0.274651,4.524092,2.951842,4.559750,2.303262,3.164734,,,,,within deadband and CO2 rising; MFC zero
2026-05-06 16:58:23,1260.0,448.205,448.579,450.000,1.421,14.345000,100.810000,51.505200,0.716467,18.000000,97.030564,0.000000,0.000000,0.000000,0.000000,0.000000,0.000000,4.011062,0.000000,8.146314,4.349910,4.229518,-0.01305112,0.00813402,-0.01407637,-1.266358,0.789249,-1.365838,1.266358,5.277419,3.221813,5.376900,2.710053,3.144998,,,,,within deadband and CO2 rising; MFC zero
2026-05-06 16:58:34,1271.0,448.032,448.288,450.000,1.712,14.340600,100.809000,51.503500,0.715206,18.000000,97.029602,1.296593,1.296593,1.296593,0.000000,0.000000,0.000000,3.165649,0.000000,8.146314,4.321977,4.210244,-0.01645792,-0.00367622,-0.02077394,-1.596905,-0.356702,-2.015687,1.596905,4.762554,3.522351,5.181336,3.009488,3.130665,,,,,within lower deadband; partial feedforward
2026-05-06 16:58:45,1282.0,447.485,447.975,450.000,2.025,14.347900,100.806000,51.506800,0.715858,18.000000,97.026714,8.348674,6.296593,6.296593,0.000000,0.000000,0.000000,2.296483,0.000000,8.146314,4.299007,4.207128,-0.02591579,-0.01439114,-0.02655795,-2.514524,-1.396325,-2.576831,2.514524,4.811008,3.692808,4.873314,3.294067,3.128348,,,,,below deadband; feedforward + feedback
2026-05-06 16:58:56,1293.0,447.138,447.635,450.000,2.365,14.349400,100.805000,51.495200,0.717092,18.000000,97.025752,9.014281,9.014281,9.014281,6.243750,6.243750,4.638098,1.488715,4.674801,8.195153,4.285081,4.229379,-0.02700059,-0.02270174,-0.02818192,-2.619753,-2.202653,-2.734372,7.257851,4.108467,3.691368,4.223087,3.626244,3.144894,,,,,below deadband; feedforward + feedback
2026-05-06 16:59:07,1304.0,447.559,447.484,450.000,2.516,14.347300,100.806000,51.501900,0.714687,18.000000,97.026714,9.315576,9.315576,9.315576,8.993750,8.993750,6.687599,1.262645,6.745842,8.268270,4.283310,4.276223,-0.01667830,-0.02256121,-0.02192903,-1.618241,-2.189040,-2.127701,8.305840,2.880886,3.451685,3.390346,3.664772,3.179726,,,,,below deadband; feedforward + feedback
2026-05-06 16:59:18,1315.0,447.257,447.517,450.000,2.483,14.350400,100.805000,51.500200,0.717042,18.000000,97.025752,9.266798,9.266798,9.266798,9.312500,9.312500,6.919968,1.470177,6.863418,8.344063,4.300932,4.371420,-0.01677998,-0.01923651,-0.01178820,-1.628090,-1.866437,-1.143759,8.548059,3.098267,3.336614,2.613936,3.849620,3.250513,,,,,below deadband; feedforward + feedback
2026-05-06 16:59:28,1325.0,448.113,447.756,450.000,2.244,14.344800,100.809000,51.510200,0.716216,18.000000,97.029602,8.820383,8.820383,8.820383,8.881250,8.881250,6.492408,2.198475,6.539884,8.413044,4.332449,4.458519,0.00188140,-0.01131557,0.00343311,0.182551,-1.097945,0.333113,6.309857,2.015924,3.296420,1.865362,3.794027,3.315279,,,,,below deadband; feedforward + feedback
2026-05-06 16:59:39,1336.0,448.580,447.991,450.000,2.009,14.351900,100.810000,51.498500,0.716938,18.000000,97.030564,8.393158,8.393158,8.393158,8.787500,8.787500,6.548177,3.036193,6.599942,8.485045,4.375691,4.548661,0.01788134,-0.00246995,0.01593864,1.735037,-0.239660,1.546535,4.813140,1.301157,3.275854,1.489659,3.642197,3.382306,,,,,below deadband; feedforward + feedback
2026-05-06 16:59:50,1347.0,448.961,448.300,450.000,1.700,14.347200,100.808000,51.506800,0.717671,18.000000,97.028639,0.000000,3.393158,3.393158,8.406250,8.406250,6.236801,3.834977,6.284941,8.553884,4.416102,4.577743,0.02696707,0.00709594,0.02347379,2.616578,0.688510,2.277630,3.620223,1.218399,3.146467,1.557347,3.274898,3.403931,,,,,within deadband and CO2 rising; MFC zero
2026-05-06 17:00:01,1358.0,449.326,448.594,450.000,1.406,14.343500,100.810000,51.506800,0.718556,18.000000,97.030564,0.000000,0.000000,0.000000,3.362500,3.362500,2.514240,4.556562,2.534718,8.581542,4.439470,4.532944,0.03322098,0.01684577,0.02701904,3.223450,1.634555,2.621673,-0.709211,1.333112,2.922008,1.934889,2.836642,3.370620,,,,,within deadband and CO2 rising; MFC zero
2026-05-06 17:00:12,1369.0,448.543,448.851,450.000,1.149,14.342500,100.812000,51.515200,0.718244,18.000000,97.032489,0.000000,0.000000,0.000000,0.000000,0.000000,0.000000,4.835871,0.000000,8.581542,4.433930,4.411771,0.00600011,0.02189407,0.02422282,0.582206,2.124436,2.350400,-0.582206,4.253665,2.711435,2.485470,2.780098,3.280518,,,,,within deadband and CO2 rising; MFC zero
2026-05-06 17:00:23,1380.0,448.364,448.860,450.000,1.140,14.349800,100.812000,51.503500,0.717254,18.000000,97.032489,0.000000,0.000000,0.000000,0.000000,0.000000,0.000000,4.835871,0.000000,8.581542,4.407671,4.302632,0.00666113,0.01930745,0.01424411,0.646346,1.873450,1.382142,-0.646346,4.189525,2.962421,3.453729,2.711045,3.199364,,,,,within deadband and CO2 rising; MFC zero
2026-05-06 17:00:34,1391.0,448.177,448.657,450.000,1.343,14.347100,100.815000,51.506800,0.714084,18.000000,97.035377,0.000000,0.000000,0.000000,0.000000,0.000000,0.000000,4.396279,0.000000,8.581542,4.372414,4.231388,0.00091527,0.01217795,0.00041700,0.088814,1.181692,0.040464,-0.088814,4.307465,3.214587,4.355815,2.733155,3.146388,,,,,within deadband and CO2 rising; MFC zero
2026-05-06 17:00:45,1402.0,447.924,448.390,450.000,1.610,14.347000,100.814000,51.508500,0.716944,18.000000,97.034414,0.000000,0.000000,0.000000,0.000000,0.000000,0.000000,3.629252,0.000000,8.581542,4.339707,4.208879,-0.01113601,0.00338232,-0.01515131,-1.080576,0.328202,-1.470198,1.080576,4.709828,3.301051,5.099451,2.936371,3.129651,,,,,within deadband and CO2 rising; MFC zero
2026-05-06 17:00:56,1413.0,447.387,448.104,450.000,1.896,14.339700,100.814000,51.511800,0.717777,18.000000,97.034414,1.294048,1.294048,1.294048,0.000000,0.000000,0.000000,2.791069,0.000000,8.581542,4.313494,4.208641,-0.02801756,-0.00560570,-0.02305538,-2.718667,-0.543946,-2.237165,2.718667,5.509737,3.335015,5.028235,3.204312,3.129473,,,,,within lower deadband; partial feedforward
2026-05-06 17:01:07,1424.0,447.284,447.783,450.000,2.217,14.353000,100.815000,51.508500,0.718707,18.000000,97.035377,8.730929,6.294048,6.294048,0.000000,0.000000,0.000000,1.944314,0.000000,8.581542,4.296929,4.230671,-0.02871249,-0.01545351,-0.02661566,-2.786127,-1.499537,-2.582660,2.786127,4.730442,3.443852,4.526975,3.505925,3.145854,,,,,below deadband; feedforward + feedback
2026-05-06 17:01:18,1435.0,447.421,447.492,450.000,2.508,14.348900,100.814000,51.506800,0.715193,18.000000,97.034414,9.303999,9.303999,9.303999,6.250000,6.250000,4.638098,1.185705,4.673429,8.630447,4.287399,4.249277,-0.02272923,-0.02282348,-0.02728131,-2.205518,-2.214663,-2.647226,6.843616,3.391223,3.400368,3.832931,3.738155,3.159689,,,,,below deadband; feedforward + feedback
2026-05-06 17:01:29,1446.0,446.823,447.231,450.000,2.769,14.349200,100.815000,51.503500,0.716150,18.000000,97.035377,9.826321,9.826321,9.826321,9.275000,9.275000,6.901379,0.994904,6.950810,8.713562,4.289055,4.295678,-0.02927229,-0.02537317,-0.02554495,-2.840448,-2.462096,-2.478764,9.741826,3.835351,3.456999,3.473668,4.028927,3.194193,,,,,below deadband; feedforward + feedback
2026-05-06 17:01:40,1457.0,447.219,447.185,450.000,2.815,14.344800,100.815000,51.505200,0.717176,18.000000,97.035377,9.942630,9.942630,9.942630,9.793750,9.793750,7.291760,1.576189,7.334478,8.793535,4.313430,4.410931,-0.01674613,-0.02181803,-0.01609873,-1.624967,-2.117121,-1.562146,8.916727,3.201156,3.693310,3.138335,4.236488,3.279893,,,,,below deadband; feedforward + feedback
2026-05-06 17:01:51,1468.0,448.077,447.372,450.000,2.628,14.343600,100.815000,51.511800,0.712532,18.000000,97.035377,9.620156,9.620156,9.620156,9.937500,9.937500,7.394002,2.439210,7.444068,8.874714,4.363289,4.562725,-0.00788152,-0.01327417,-0.00074778,-0.764786,-1.288064,-0.072561,8.158788,3.203996,3.727274,2.511771,4.119858,3.392764,,,,,below deadband; feedforward + feedback
2026-05-06 17:02:02,1479.0,448.295,447.885,450.000,2.115,14.343700,100.817000,51.505200,0.716321,18.000000,97.037302,8.644803,8.644803,8.644803,9.612500,9.612500,7.147690,3.340081,7.208075,8.953503,4.415736,4.625525,0.00744083,-0.00043917,0.02183112,0.722038,-0.042616,2.118433,6.425652,2.618043,3.382697,1.221649,3.945249,3.439461,,,,,below deadband; feedforward + feedback
2026-05-06 17:02:13,1490.0,448.327,448.273,450.000,1.727,14.354900,100.819000,51.503500,0.717546,18.000000,97.039227,0.000000,3.644803,3.644803,8.675000,8.675000,6.418050,4.209454,6.460009,9.024583,4.457553,4.624819,0.02076350,0.01030090,0.03138156,2.014874,0.999592,3.045242,4.403176,2.194580,3.209862,1.164212,3.710484,3.438936,,,,,within deadband and CO2 rising; MFC zero
2026-05-06 17:02:24,1501.0,448.428,448.666,450.000,1.334,14.354200,100.820000,51.505200,0.714881,18.000000,97.040189,0.000000,0.000000,0.000000,0.218750,0.218750,0.167306,4.954896,0.168641,9.058128,4.477815,4.558862,0.02306869,0.02159155,0.03790009,2.238590,2.095248,3.677832,-2.071284,2.716305,2.859648,1.277063,3.488981,3.389892,,,,,within deadband and CO2 rising; MFC zero
2026-05-06 17:02:35,1512.0,448.647,448.904,450.000,1.096,14.351900,100.814000,51.506800,0.718785,18.000000,97.034414,0.000000,0.000000,0.000000,0.000000,0.000000,0.000000,5.297357,0.000000,9.058128,4.469921,4.438346,0.02403438,0.02853486,0.03168658,2.332162,2.768863,3.074688,-2.332162,2.965195,2.528493,2.222668,3.206254,3.300278,,,,,within deadband and CO2 rising; MFC zero
2026-05-06 17:02:46,1523.0,449.113,449.021,450.000,0.979,14.358300,100.817000,51.506800,0.715086,18.000000,97.037302,0.000000,0.000000,0.000000,0.000000,0.000000,0.000000,5.297357,0.000000,9.058128,4.439000,4.315317,0.01308501,0.02758576,0.01662016,1.269734,2.676848,1.612776,-1.269734,4.027622,2.620509,3.684581,3.128163,3.208796,,,,,within deadband and CO2 rising; MFC zero
2026-05-06 17:02:57,1534.0,448.481,448.803,450.000,1.197,14.340400,100.814000,51.510200,0.716778,18.000000,97.034414,0.000000,0.000000,0.000000,0.000000,0.000000,0.000000,4.805456,0.000000,9.058128,4.399994,4.243971,0.00432212,0.01940088,0.00192482,0.419394,1.882553,0.186774,-0.419394,4.386062,2.922903,4.618682,3.238701,3.155744,,,,,within deadband and CO2 rising; MFC zero
2026-05-06 17:03:08,1545.0,447.939,448.486,450.000,1.514,14.353800,100.817000,51.500200,0.720693,18.000000,97.037302,0.000000,0.000000,0.000000,0.000000,0.000000,0.000000,3.904998,0.000000,9.058128,4.362884,4.214441,-0.01486500,0.00665332,-0.01392678,-1.442460,0.645620,-1.351418,1.442460,5.347458,3.259378,5.256415,3.406713,3.133786,,,,,within deadband and CO2 rising; MFC zero
2026-05-06 17:03:19,1556.0,448.034,448.170,450.000,1.830,14.347400,100.818000,51.503500,0.716314,18.000000,97.038264,1.299292,1.299292,1.299292,0.000000,0.000000,0.000000,3.020702,0.000000,9.058128,4.330974,4.203335,-0.02211910,-0.00616549,-0.02544974,-2.146399,-0.598288,-2.469599,2.146399,5.167102,3.618991,5.490301,3.625151,3.125528,,,,,within lower deadband; partial feedforward
2026-05-06 17:03:30,1567.0,447.343,447.897,450.000,2.103,14.354100,100.819000,51.503500,0.714277,18.000000,97.039227,8.504843,6.299292,6.299292,0.000000,0.000000,0.000000,2.119934,0.000000,9.058128,4.298776,4.169985,-0.03606855,-0.01426384,-0.02792237,-3.500064,-1.384152,-2.709565,3.500064,5.619999,3.504087,4.829499,3.893596,3.100730,,,,,below deadband; feedforward + feedback
2026-05-06 17:03:41,1578.0,447.203,447.542,450.000,2.458,14.348400,100.818000,51.506800,0.716641,18.000000,97.038264,9.195344,9.195344,9.195344,6.237500,6.237500,4.642746,1.282216,4.667471,9.107020,4.279077,4.200281,-0.02637346,-0.02373523,-0.02904066,-2.559235,-2.303225,-2.818055,7.201980,3.841451,3.585441,4.100271,4.029530,3.123257,,,,,below deadband; feedforward + feedback
2026-05-06 17:03:52,1589.0,447.547,447.332,450.000,2.668,14.349500,100.818000,51.506800,0.716063,18.000000,97.038264,9.607392,9.607392,9.607392,9.181250,9.181250,6.822373,1.060793,6.870185,9.181119,4.271192,4.239651,-0.01845797,-0.02486177,-0.02337348,-1.791130,-2.412543,-2.268122,8.613503,2.851923,3.473336,3.328915,4.102568,3.152532,,,,,below deadband; feedforward + feedback
2026-05-06 17:04:03,1600.0,447.867,447.314,450.000,2.686,14.352400,100.821000,51.506800,0.716188,18.000000,97.041152,9.654934,9.654934,9.654934,9.606250,9.606250,7.138396,1.446372,7.191375,9.259438,4.283334,4.331904,-0.01059357,-0.02092573,-0.01405918,-1.028012,-2.030657,-1.364319,8.166408,2.474384,3.477029,2.810691,4.075688,3.221130,,,,,below deadband; feedforward + feedback
2026-05-06 17:04:14,1611.0,447.992,447.621,450.000,2.379,14.349600,100.820000,51.506800,0.714604,18.000000,97.040189,9.075528,9.075528,9.075528,9.631250,9.631250,7.147690,2.316157,7.200940,9.340007,4.318128,4.457305,0.00886459,-0.01083624,0.00555197,0.860221,-1.051551,0.538765,6.287469,1.455936,3.367708,1.777393,3.907993,3.314376,,,,,below deadband; feedforward + feedback
2026-05-06 17:04:25,1622.0,448.141,447.994,450.000,2.006,14.351500,100.819000,51.503500,0.713701,18.000000,97.039227,8.373807,8.373807,8.373807,9.062500,9.062500,6.724778,3.208612,6.766005,9.414358,4.362074,4.537854,0.01374603,0.00050546,0.02329648,1.333904,0.049049,2.260673,5.390873,1.874707,3.159563,0.947939,3.668780,3.374271,,,,,below deadband; feedforward + feedback
2026-05-06 17:04:36,1633.0,449.383,448.448,450.000,1.552,14.337500,100.820000,51.505200,0.714309,18.000000,97.040189,0.000000,3.373807,3.373807,8.350000,8.350000,6.213564,4.029703,6.259763,9.483116,4.395716,4.530288,0.03850926,0.01192736,0.03233220,3.736946,1.157433,3.137523,2.476619,0.292757,2.872270,0.892180,3.213968,3.368645,,,,,within deadband and CO2 rising; MFC zero
2026-05-06 17:04:47,1644.0,448.967,448.738,450.000,1.262,14.341800,100.820000,51.506800,0.714246,18.000000,97.040189,0.000000,0.000000,0.000000,3.306250,3.306250,2.500297,4.749894,2.518102,9.510639,4.407474,4.454506,0.02454331,0.02058595,0.03315234,2.381688,1.997665,3.217109,0.118610,2.368206,2.752229,1.532785,2.882940,3.312295,,,,,within deadband and CO2 rising; MFC zero
2026-05-06 17:04:58,1655.0,448.911,448.961,450.000,1.039,14.345700,100.818000,51.510200,0.717404,18.000000,97.038264,0.000000,0.000000,0.000000,0.000000,0.000000,0.000000,5.027963,0.000000,9.510639,4.380807,4.274140,0.03239043,0.02695875,0.02640472,3.143111,2.616030,2.562268,-3.143111,1.884852,2.411932,2.465695,2.518246,3.178177,,,,,within deadband and CO2 rising; MFC zero
2026-05-06 17:05:09,1666.0,448.698,448.997,450.000,1.003,14.343400,100.823000,51.508500,0.717770,18.000000,97.043077,0.000000,0.000000,0.000000,0.000000,0.000000,0.000000,5.027963,0.000000,9.510639,4.332617,4.139855,0.00738997,0.02496360,0.01413233,0.717145,2.422545,1.371445,-0.717145,4.310818,2.605418,3.656518,2.372782,3.078325,,,,,within deadband and CO2 rising; MFC zero
2026-05-06 17:05:20,1677.0,449.031,448.921,450.000,1.079,14.346000,100.823000,51.503500,0.716675,18.000000,97.043077,0.000000,0.000000,0.000000,0.000000,0.000000,0.000000,4.536165,0.000000,9.510639,4.269789,4.018476,0.00896627,0.01816743,0.00423982,0.870114,1.763023,0.411446,-0.870114,3.666051,2.773142,4.124720,2.353293,2.988070,,,,,within deadband and CO2 rising; MFC zero
2026-05-06 17:05:31,1688.0,448.261,448.626,450.000,1.374,14.346200,100.824000,51.510200,0.721039,18.000000,97.044039,0.000000,0.000000,0.000000,0.000000,0.000000,0.000000,3.737124,0.000000,9.510639,4.211330,3.977497,-0.01247509,0.00554414,-0.01276220,-1.210633,0.538026,-1.238496,1.210633,4.947757,3.199097,4.975619,2.586163,2.957599,,,,,within deadband and CO2 rising; MFC zero
2026-05-06 17:05:42,1699.0,447.855,448.326,450.000,1.674,14.342600,100.823000,51.501800,0.718154,18.000000,97.043077,1.247913,1.247913,1.247913,0.000000,0.000000,0.000000,2.870540,0.000000,9.510639,4.159710,3.953228,-0.01598366,-0.00457606,-0.02089618,-1.551103,-0.444075,-2.027830,1.551103,4.421643,3.314615,4.898369,2.802525,2.939553,,,,,within lower deadband; partial feedforward
2026-05-06 17:05:53,1710.0,447.827,447.997,450.000,2.003,14.325200,100.822000,51.506800,0.719126,18.000000,97.042114,8.121188,6.247913,6.247913,0.000000,0.000000,0.000000,1.975349,0.000000,9.510639,4.115321,3.937767,-0.01808513,-0.01328178,-0.02668590,-1.755019,-1.288892,-2.589656,1.755019,3.730368,3.264241,4.565005,3.055240,2.928056,,,,,below deadband; feedforward + feedback
2026-05-06 17:06:04,1721.0,447.437,447.681,450.000,2.319,14.341000,100.824000,51.506800,0.717051,18.000000,97.044039,8.725349,8.725349,8.725349,12.131250,12.131250,9.108890,1.186170,9.181747,9.569085,4.086482,3.971127,-0.03030571,-0.02263552,-0.02905313,-2.940988,-2.196642,-2.819433,12.049879,4.127158,3.382812,4.005603,3.305512,2.952862,,,,,below deadband; feedforward + feedback
2026-05-06 17:06:15,1732.0,446.982,447.419,450.000,2.581,14.349800,100.824000,51.501900,0.715004,18.000000,97.044039,9.247167,9.247167,9.247167,8.700000,8.700000,6.464524,1.090123,6.508490,9.630920,4.084300,4.075573,-0.02801752,-0.02556700,-0.02707844,-2.718933,-2.481125,-2.627801,9.183457,3.809057,3.571249,3.717925,3.696212,3.030526,,,,,below deadband; feedforward + feedback
2026-05-06 17:06:26,1743.0,447.447,447.366,450.000,2.634,14.338300,100.823000,51.503500,0.718668,18.000000,97.043077,9.378287,9.378287,9.378287,9.237500,9.237500,6.868847,1.436716,6.917377,9.706226,4.110221,4.213901,-0.01769557,-0.02309528,-0.01725873,-1.717232,-2.241237,-1.674841,8.586079,3.153948,3.677953,3.111556,3.783517,3.133384,,,,,below deadband; feedforward + feedback
2026-05-06 17:06:37,1754.0,448.035,447.467,450.000,2.533,14.340200,100.824000,51.515200,0.719419,18.000000,97.044039,9.238768,9.238768,9.238768,9.362500,9.362500,6.961795,2.248305,7.018801,9.782795,4.172101,4.419622,-0.00650860,-0.01587287,-0.00450043,-0.631620,-1.540368,-0.436740,7.593415,2.879926,3.788673,2.685046,3.894080,3.286356,,,,,below deadband; feedforward + feedback
2026-05-06 17:06:48,1765.0,448.849,447.820,450.000,2.180,14.343000,100.823000,51.505200,0.716849,18.000000,97.043077,8.609993,8.609993,8.609993,9.231250,9.231250,6.854905,3.098830,6.905907,9.858331,4.250593,4.564563,0.01781394,-0.00491089,0.01429829,1.728720,-0.476568,1.387550,5.126185,1.370110,3.575398,1.711280,3.567335,3.394131,,,,,below deadband; feedforward + feedback
2026-05-06 17:06:59,1776.0,448.917,448.232,450.000,1.768,14.337900,100.823000,51.506800,0.717956,18.000000,97.043077,0.000000,3.609993,3.609993,10.968750,10.968750,8.230533,3.934586,8.295227,9.930892,4.327775,4.636503,0.02979725,0.00700723,0.02724790,2.891616,0.680003,2.644220,5.338917,1.042970,3.254583,1.290366,3.275882,3.447625,,,,,within deadband and CO2 rising; MFC zero
2026-05-06 17:07:10,1787.0,448.868,448.600,450.000,1.400,14.335200,100.822000,51.501800,0.714345,18.000000,97.042114,0.000000,0.000000,0.000000,3.425000,3.425000,2.579303,4.735900,2.600028,9.958339,4.385349,4.615645,0.03040739,0.01727490,0.03450448,2.950797,1.676393,3.348388,-0.371494,1.785103,3.059507,1.387512,2.924476,3.432115,,,,,within deadband and CO2 rising; MFC zero
2026-05-06 17:07:21,1798.0,449.153,448.833,450.000,1.167,14.339300,100.823000,51.505200,0.720644,18.000000,97.043077,0.000000,0.000000,0.000000,0.000000,0.000000,0.000000,4.972194,0.000000,9.958339,4.412100,4.519105,0.04106931,0.02373839,0.03039288,3.985492,2.303647,2.949419,-3.985492,0.986702,2.668547,2.022775,2.542816,3.360329,,,,,within deadband and CO2 rising; MFC zero
2026-05-06 17:07:31,1808.0,448.409,448.818,450.000,1.182,14.348600,100.821000,51.503500,0.717462,18.000000,97.041152,0.000000,0.000000,0.000000,0.000000,0.000000,0.000000,4.972194,0.000000,9.958339,4.420360,4.453398,0.01261042,0.02213164,0.01645798,1.223730,2.147680,1.597101,-1.223730,3.748464,2.824514,3.375093,2.544826,3.311471,,,,,within deadband and CO2 rising; MFC zero
2026-05-06 17:07:42,1819.0,448.528,448.621,450.000,1.379,14.344100,100.823000,51.508500,0.715001,18.000000,97.043077,0.000000,0.000000,0.000000,0.000000,0.000000,0.000000,4.534565,0.000000,9.958339,4.413486,4.385988,0.00779677,0.01651721,-0.00049573,0.756623,1.602881,-0.048108,-0.756623,3.777942,2.931684,4.582672,2.506025,3.261345,,,,,within deadband and CO2 rising; MFC zero
2026-05-06 17:07:53,1830.0,447.943,448.350,450.000,1.650,14.349500,100.822000,51.503500,0.719362,18.000000,97.042114,0.000000,0.000000,0.000000,0.000000,0.000000,0.000000,3.781274,0.000000,9.958339,4.397134,4.331730,-0.00976293,0.00590602,-0.01518559,-0.947415,0.573133,-1.473642,0.947415,4.728689,3.208141,5.254916,2.608206,3.221000,,,,,within deadband and CO2 rising; MFC zero
2026-05-06 17:08:04,1841.0,448.006,448.096,450.000,1.904,14.341100,100.824000,51.501800,0.717035,18.000000,97.044039,1.313406,1.313406,1.313406,0.000000,0.000000,0.000000,2.953573,0.000000,9.958339,4.378020,4.301560,-0.02206866,-0.00538390,-0.02399446,-2.141632,-0.522476,-2.328520,2.141632,5.095205,3.476049,5.282093,2.823901,3.198566,,,,,within lower deadband; partial feedforward
2026-05-06 17:08:15,1852.0,447.168,447.796,450.000,2.204,14.333600,100.823000,51.503500,0.720390,18.000000,97.043077,8.764531,6.313406,6.313406,0.000000,0.000000,0.000000,2.104959,0.000000,9.958339,4.357331,4.274577,-0.03042431,-0.01548941,-0.02564754,-2.952468,-1.503140,-2.488916,2.952468,5.057427,3.608099,4.593875,3.065846,3.178503,,,,,below deadband; feedforward + feedback
2026-05-06 17:08:26,1863.0,447.136,447.502,450.000,2.498,14.336000,100.823000,51.510200,0.720323,18.000000,97.043077,9.333408,9.333408,9.333408,6.256250,6.256250,4.647393,1.303955,4.682815,10.007407,4.337408,4.257717,-0.02218689,-0.02224385,-0.02502767,-2.153084,-2.158612,-2.428762,6.800477,3.457039,3.462567,3.732718,3.297727,3.165966,,,,,below deadband; feedforward + feedback
2026-05-06 17:08:37,1874.0,447.344,447.277,450.000,2.723,14.344200,100.822000,51.508500,0.717699,18.000000,97.042114,9.771686,9.771686,9.771686,9.318750,9.318750,6.933910,1.087645,6.974168,10.083259,4.325419,4.277463,-0.02493269,-0.02369159,-0.02372436,-2.419521,-2.299082,-2.302262,9.353431,3.507166,3.386727,3.389907,3.571526,3.180648,,,,,below deadband; feedforward + feedback
2026-05-06 17:08:48,1885.0,447.590,447.308,450.000,2.692,14.340100,100.826000,51.501800,0.715871,18.000000,97.045964,9.707343,9.707343,9.707343,9.768750,9.768750,7.268523,1.523364,7.329689,10.162829,4.323676,4.316704,-0.00964426,-0.01853509,-0.01055469,-0.935936,-1.798756,-1.024290,8.204459,2.459300,3.322120,2.547654,3.646437,3.209828,,,,,below deadband; feedforward + feedback
2026-05-06 17:08:59,1896.0,447.694,447.502,450.000,2.498,14.340700,100.824000,51.508500,0.714174,18.000000,97.044039,9.339383,9.339383,9.339383,9.687500,9.687500,7.203459,2.352510,7.259810,10.242729,4.344383,4.427211,-0.00274586,-0.01087730,0.00115989,-0.266469,-1.055577,0.112561,7.469928,2.618980,3.408087,2.239950,3.827801,3.291999,,,,,below deadband; feedforward + feedback
2026-05-06 17:09:10,1907.0,448.595,447.916,450.000,2.084,14.342700,100.825000,51.505200,0.716589,18.000000,97.045002,8.541575,8.541575,8.541575,9.331250,9.331250,6.938558,3.239491,6.992327,10.319157,4.372708,4.486007,0.02330556,0.00022154,0.02139831,2.261688,0.021499,2.076599,4.676870,0.977803,3.217992,1.162892,3.519950,3.335718,,,,,below deadband; feedforward + feedback
2026-05-06 17:09:21,1918.0,448.770,448.247,450.000,1.753,14.338100,100.829000,51.505200,0.715633,18.000000,97.048852,0.000000,3.541575,3.541575,8.531250,8.531250,6.343691,4.083922,6.397505,10.389344,4.397179,4.495062,0.03050907,0.01124836,0.03169181,2.960870,1.091640,3.075654,3.382821,1.123052,2.992282,1.008269,3.224962,3.342451,,,,,within deadband and CO2 rising; MFC zero
2026-05-06 17:09:32,1929.0,449.021,448.724,450.000,1.276,14.339700,100.827000,51.505200,0.713859,18.000000,97.046927,0.000000,0.000000,0.000000,3.518750,3.518750,2.625777,4.819501,2.643998,10.418291,4.404281,4.432688,0.03459391,0.02090517,0.03356317,3.357233,2.028782,3.257202,-0.731456,1.462268,2.790719,1.562299,2.862027,3.296071,,,,,within deadband and CO2 rising; MFC zero
2026-05-06 17:09:43,1940.0,449.228,448.947,450.000,1.053,14.340100,100.829000,51.501900,0.713633,18.000000,97.048852,0.000000,0.000000,0.000000,0.000000,0.000000,0.000000,5.112081,0.000000,10.418291,4.378905,4.277401,0.02247539,0.02756606,0.03110833,2.181211,2.675255,3.019028,-2.181211,2.930870,2.436826,2.093053,2.621545,3.180602,,,,,within deadband and CO2 rising; MFC zero
2026-05-06 17:09:54,1951.0,448.303,448.958,450.000,1.042,14.341700,100.827000,51.503500,0.720386,18.000000,97.046927,0.000000,0.000000,0.000000,0.000000,0.000000,0.000000,5.112081,0.000000,10.418291,4.331185,4.140305,0.00705098,0.02495141,0.01800491,0.684276,2.421457,1.747321,-0.684276,4.427805,2.690623,3.364759,2.551587,3.078660,,,,,within deadband and CO2 rising; MFC zero
2026-05-06 17:10:05,1962.0,448.614,448.801,450.000,1.199,14.341700,100.827000,51.510100,0.715091,18.000000,97.046927,0.000000,0.000000,0.000000,0.000000,0.000000,0.000000,4.618373,0.000000,10.418291,4.278605,4.068285,-0.00384753,0.01687622,-0.00036373,-0.373391,1.637786,-0.035299,0.373391,4.991764,2.980587,4.653672,2.722112,3.025107,,,,,within deadband and CO2 rising; MFC zero
2026-05-06 17:10:16,1973.0,448.192,448.555,450.000,1.445,14.336100,100.828000,51.511800,0.717431,18.000000,97.047889,0.000000,0.000000,0.000000,0.000000,0.000000,0.000000,3.800999,0.000000,10.418291,4.225778,4.014471,-0.01286464,0.00797968,-0.01243497,-1.248486,0.774411,-1.206788,1.248486,5.049486,3.026589,5.007787,2.893481,2.985092,,,,,within deadband and CO2 rising; MFC zero
2026-05-06 17:10:27,1984.0,447.504,448.294,450.000,1.706,14.340000,100.826000,51.513500,0.717325,18.000000,97.045964,1.255208,1.255208,1.255208,0.000000,0.000000,0.000000,2.920577,0.000000,10.418291,4.184026,4.017020,-0.02669545,-0.00431344,-0.02354735,-2.590685,-0.418602,-2.285175,2.590685,5.511262,3.339179,5.205752,3.232588,2.986987,,,,,within lower deadband; partial feedforward
2026-05-06 17:10:38,1995.0,447.583,447.937,450.000,2.063,14.341100,100.828000,51.500200,0.715556,18.000000,97.047889,8.278368,6.255208,6.255208,0.000000,0.000000,0.000000,2.030601,0.000000,10.418291,4.151968,4.023733,-0.02489922,-0.01465681,-0.02614872,-2.416417,-1.422412,-2.537678,2.416417,4.447018,3.453013,4.568279,3.435703,2.991979,,,,,below deadband; feedforward + feedback
2026-05-06 17:10:48,2005.0,447.701,447.661,450.000,2.339,14.335900,100.830000,51.506800,0.715688,18.000000,97.049814,8.807941,8.807941,8.807941,2.475000,2.475000,2.142448,1.255622,2.158278,10.469027,4.129807,4.041165,-0.01949192,-0.02142231,-0.02728605,-1.891687,-2.079032,-2.648107,4.034135,3.147310,3.334654,3.903729,3.676759,3.004941,,,,,below deadband; feedforward + feedback
2026-05-06 17:10:59,2016.0,447.412,447.375,450.000,2.625,14.346100,100.827000,51.515200,0.714602,18.000000,97.046927,9.378011,9.378011,9.378011,8.768750,8.768750,6.520292,1.026712,6.573527,10.533807,4.128811,4.124827,-0.01922066,-0.02602304,-0.02828606,-1.865306,-2.525456,-2.745075,8.385599,2.892019,3.552169,3.771788,3.873311,3.067151,,,,,below deadband; feedforward + feedback
2026-05-06 17:11:10,2027.0,447.731,447.239,450.000,2.761,14.348100,100.826000,51.500200,0.716071,18.000000,97.045964,9.678201,9.678201,9.678201,9.368750,9.368750,6.971089,1.419262,7.012275,10.610088,4.155668,4.263094,-0.01110192,-0.02366684,-0.01950700,-1.077397,-2.296771,-1.893076,8.048486,2.496659,3.716033,3.312338,3.988243,3.169964,,,,,below deadband; feedforward + feedback
2026-05-06 17:11:21,2038.0,447.247,447.393,450.000,2.607,14.343900,100.825000,51.501800,0.714824,18.000000,97.045002,9.431511,9.431511,9.431511,9.662500,9.662500,7.194164,2.211901,7.246448,10.688999,4.217378,4.464218,-0.01094939,-0.01618729,-0.00402166,-1.062583,-1.570895,-0.390282,8.256748,3.274484,3.782796,2.602183,4.026423,3.319516,,,,,below deadband; feedforward + feedback
2026-05-06 17:11:32,2049.0,448.419,447.790,450.000,2.210,14.341500,100.825000,51.508500,0.717615,18.000000,97.045002,8.715311,8.715311,8.715311,9.425000,9.425000,7.003621,3.088451,7.055056,10.766186,4.294645,4.603712,0.01667831,-0.00552016,0.01502124,1.618546,-0.535704,1.457737,5.385075,1.469904,3.624155,1.630714,3.697767,3.423242,,,,,below deadband; feedforward + feedback
2026-05-06 17:11:43,2060.0,448.540,448.283,450.000,1.717,14.338300,100.826000,51.513500,0.714572,18.000000,97.045964,0.000000,3.715311,3.715311,8.750000,8.750000,6.469171,3.941867,6.517603,10.837715,4.360486,4.623852,0.02345813,0.00851658,0.03293950,2.276516,0.826500,3.196645,4.192655,1.665351,3.115367,0.745222,3.328166,3.438217,,,,,within deadband and CO2 rising; MFC zero
2026-05-06 17:11:54,2071.0,448.957,448.673,450.000,1.327,14.344900,100.824000,51.500200,0.717266,18.000000,97.044039,0.000000,0.000000,0.000000,0.418750,0.418750,0.278844,4.693247,0.280897,10.878308,4.407906,4.597587,0.03154304,0.01898552,0.03676282,3.061064,1.842431,3.567612,-2.782220,1.632183,2.850816,1.125635,2.948466,3.418687,,,,,within deadband and CO2 rising; MFC zero
2026-05-06 17:12:05,2082.0,448.670,448.898,450.000,1.102,14.350800,100.823000,51.500200,0.718446,18.000000,97.043077,0.000000,0.000000,0.000000,0.000000,0.000000,0.000000,5.116108,0.000000,10.878308,4.427845,4.507602,0.02039021,0.02451623,0.02962182,1.978729,2.379130,2.874593,-1.978729,3.137380,2.736978,2.241516,2.684701,3.351776,,,,,within deadband and CO2 rising; MFC zero
2026-05-06 17:12:16,2093.0,448.692,448.835,450.000,1.165,14.342000,100.829000,51.500200,0.718238,18.000000,97.048852,0.000000,0.000000,0.000000,0.000000,0.000000,0.000000,5.116108,0.000000,10.878308,4.422052,4.398876,0.00933934,0.02463415,0.01556104,0.906372,2.390716,1.510181,-0.906372,4.209736,2.725392,3.605928,2.658336,3.270929,,,,,within deadband and CO2 rising; MFC zero
2026-05-06 17:12:27,2104.0,447.829,448.626,450.000,1.374,14.336700,100.828000,51.503500,0.714785,18.000000,97.047889,0.000000,0.000000,0.000000,0.000000,0.000000,0.000000,4.575823,0.000000,10.878308,4.408110,4.352346,-0.00589843,0.01599788,-0.00412325,-0.572430,1.552561,-0.400153,0.572430,5.148253,3.023262,4.975976,2.880663,3.236330,,,,,within deadband and CO2 rising; MFC zero
2026-05-06 17:12:38,2115.0,447.682,448.337,450.000,1.663,14.333100,100.830000,51.513500,0.714304,18.000000,97.049814,0.000000,0.000000,0.000000,0.000000,0.000000,0.000000,3.903036,0.000000,10.878308,4.394596,4.340539,-0.02696665,0.00442946,-0.01793065,-2.617108,0.429878,-1.740167,2.617108,6.520144,3.473157,5.643202,3.283788,3.227551,,,,,within deadband and CO2 rising; MFC zero
2026-05-06 17:12:49,2126.0,447.362,447.978,450.000,2.022,14.344200,100.830000,51.508500,0.716066,18.000000,97.049814,8.428740,5.000000,5.000000,0.000000,0.000000,0.000000,3.060515,0.000000,10.878308,4.385074,4.346984,-0.02583103,-0.00719885,-0.02553958,-2.506897,-0.698647,-2.478612,2.506897,5.567411,3.759162,5.539127,3.624983,3.232343,,,,,below deadband; feedforward + feedback
2026-05-06 17:13:00,2137.0,447.188,447.641,450.000,2.359,14.341900,100.828000,51.506800,0.714683,18.000000,97.047889,9.102567,9.102567,9.102567,4.931250,4.931250,3.671440,2.216445,3.700899,10.916647,4.384767,4.383538,-0.03108532,-0.01866071,-0.02983130,-3.016765,-1.810982,-2.895065,6.688205,5.233210,4.027427,5.111510,3.842619,3.259524,,,,,below deadband; feedforward + feedback
2026-05-06 17:13:11,2148.0,447.317,447.348,450.000,2.652,14.343200,100.828000,51.503500,0.715362,18.000000,97.047889,9.706580,9.706580,9.706580,9.068750,9.068750,6.752662,1.827407,6.798708,10.990806,4.402046,4.471165,-0.01432260,-0.02455664,-0.02881763,-1.389978,-2.383170,-2.796690,8.142640,3.217385,4.210577,4.624096,4.036784,3.324682,,,,,below deadband; feedforward + feedback
2026-05-06 17:13:22,2159.0,447.979,447.410,450.000,2.590,14.329000,100.829000,51.503500,0.716000,18.000000,97.048852,9.618860,9.618860,9.618860,9.693750,9.693750,7.212754,1.853948,7.265454,11.069850,4.439393,4.588781,-0.00915273,-0.02110824,-0.01429202,-0.888262,-2.048530,-1.387024,8.101016,2.742210,3.902479,3.240973,4.156435,3.412139,,,,,below deadband; feedforward + feedback
2026-05-06 17:13:33,2170.0,448.097,447.698,450.000,2.302,14.335200,100.826000,51.503500,0.715419,18.000000,97.045964,9.088067,9.088067,9.088067,7.325000,7.325000,5.483924,2.211126,5.528350,11.156281,4.484601,4.665431,-0.00405092,-0.01187737,0.00537133,-0.393125,-1.152651,0.521266,5.877049,2.604252,3.363777,1.689860,4.264442,3.469135,,,,,below deadband; feedforward + feedback
2026-05-06 17:13:44,2181.0,448.290,448.077,450.000,1.923,14.337700,100.826000,51.510200,0.716838,18.000000,97.045964,1.361779,4.088067,4.088067,9.012500,9.012500,6.757309,3.134615,6.805451,11.227172,4.539263,4.757912,0.01010190,-0.00228002,0.02040416,0.980348,-0.221267,1.980142,5.776961,2.154266,3.355882,1.154473,4.155207,3.537902,,,,,within lower deadband; partial feedforward
2026-05-06 17:13:55,2192.0,448.738,448.462,450.000,1.538,14.341300,100.827000,51.503500,0.718887,18.000000,97.046927,0.000000,0.000000,0.000000,3.668750,3.668750,3.030100,3.909903,3.055088,11.260512,4.586704,4.776469,0.02218726,0.01092583,0.03196184,2.153205,1.060318,3.101798,0.876895,1.756698,2.849585,0.808105,3.882648,3.551701,,,,,within deadband and CO2 rising; MFC zero
2026-05-06 17:14:06,2203.0,448.859,448.677,450.000,1.323,14.332400,100.835000,51.503500,0.714131,18.000000,97.054627,0.000000,0.000000,0.000000,0.000000,0.000000,0.000000,4.246736,0.000000,11.260512,4.605059,4.678480,0.03796685,0.01936274,0.02956312,3.684859,1.879243,2.869237,-3.684859,0.561877,2.367493,1.377499,3.373050,3.478838,,,,,within deadband and CO2 rising; MFC zero
2026-05-06 17:14:17,2214.0,448.514,448.777,450.000,1.223,14.345100,100.826000,51.506800,0.716571,18.000000,97.045964,0.000000,0.000000,0.000000,0.000000,0.000000,0.000000,4.246736,0.000000,11.260512,4.579007,4.474796,0.00005085,0.02201719,0.01618471,0.004935,2.136679,1.570661,-0.004935,4.241801,2.110057,2.676075,3.119901,3.327382,,,,,within deadband and CO2 rising; MFC zero
2026-05-06 17:14:28,2225.0,447.859,448.548,450.000,1.452,14.342600,100.824000,51.500200,0.714902,18.000000,97.044039,0.000000,0.000000,0.000000,0.000000,0.000000,0.000000,4.246736,0.000000,11.260512,4.525632,4.312134,-0.00344075,0.01624164,0.00006245,-0.333905,1.576154,0.006061,0.333905,4.580641,2.670582,4.240675,3.010260,3.206429,,,,,within deadband and CO2 rising; MFC zero
2026-05-06 17:14:39,2236.0,447.816,448.136,450.000,1.864,14.336900,100.827000,51.501800,0.714152,18.000000,97.046927,0.000000,0.000000,0.000000,0.000000,0.000000,0.000000,3.861416,0.000000,11.260512,4.468378,4.239359,-0.00520350,0.00330784,-0.01846672,-0.504984,0.321015,-1.792139,0.504984,4.366399,3.540400,5.653554,2.913948,3.152315,,,,,within deadband and CO2 rising; MFC zero
2026-05-06 17:14:50,2247.0,447.533,447.822,450.000,2.178,14.341300,100.825000,51.501900,0.718600,18.000000,97.045002,8.767199,5.000000,5.000000,0.000000,0.000000,0.000000,3.071617,0.000000,11.260512,4.411599,4.184484,-0.02627211,-0.00795221,-0.02832724,-2.549577,-0.771722,-2.749017,2.549577,5.621194,3.843339,5.820634,3.181038,3.111510,,,,,below deadband; feedforward + feedback
2026-05-06 17:15:01,2258.0,447.266,447.590,450.000,2.410,14.350800,100.826000,51.500200,0.715411,18.000000,97.045964,9.182464,9.182464,9.182464,4.943750,4.943750,3.676088,2.229819,3.641376,11.298752,4.362598,4.166593,-0.03042437,-0.01600199,-0.02740073,-2.952562,-1.552929,-2.659130,6.628650,5.182382,3.782748,4.888949,3.452168,3.098207,,,,,below deadband; feedforward + feedback
2026-05-06 17:15:11,2268.0,447.498,447.464,450.000,2.536,14.336400,100.823000,51.501800,0.717494,18.000000,97.043077,9.408250,9.408250,9.408250,9.150000,9.150000,6.813078,1.723305,6.863773,11.366846,4.335517,4.227195,-0.01572915,-0.02108380,-0.02073892,-1.526405,-2.046037,-2.012568,8.339483,3.249710,3.769342,3.735873,3.523885,3.143270,,,,,below deadband; feedforward + feedback
2026-05-06 17:15:22,2279.0,447.608,447.400,450.000,2.600,14.337800,100.821000,51.503500,0.716179,18.000000,97.041152,9.529023,9.529023,9.529023,9.212500,9.212500,6.808431,1.779022,6.862568,11.446165,4.328023,4.298048,-0.01349180,-0.02113559,-0.01240398,-1.309260,-2.051022,-1.203697,8.117691,3.088282,3.830044,2.982719,3.627665,3.195955,,,,,below deadband; feedforward + feedback
2026-05-06 17:15:33,2290.0,447.445,447.440,450.000,2.560,14.344000,100.822000,51.505200,0.716157,18.000000,97.042114,9.467484,9.467484,9.467484,9.525000,9.525000,7.082627,2.198423,7.129215,11.520343,4.348084,4.428329,0.00006780,-0.01569461,-0.00331152,0.006579,-1.523038,-0.321357,7.076048,2.191844,3.721462,2.519781,3.676014,3.292830,,,,,below deadband; feedforward + feedback
2026-05-06 17:15:44,2301.0,448.784,447.685,450.000,2.315,14.327300,100.824000,51.508500,0.717793,18.000000,97.044039,9.025881,9.025881,9.025881,9.456250,9.456250,7.036153,2.965450,7.091584,11.597724,4.395814,4.586735,0.01927159,-0.00476209,0.00952751,1.870193,-0.462132,0.924588,5.165960,1.095257,3.427582,2.040862,3.735279,3.410617,,,,,below deadband; feedforward + feedback
2026-05-06 17:15:55,2312.0,448.656,448.176,450.000,1.824,14.330700,100.824000,51.505200,0.715624,18.000000,97.044039,0.000000,4.025881,4.025881,9.043750,9.043750,6.710835,3.822894,6.757466,11.671721,4.460465,4.719068,0.01249175,0.00852424,0.02591195,1.212250,0.827227,2.514600,5.498586,2.610644,2.995667,1.308294,3.554039,3.509018,,,,,within deadband and CO2 rising; MFC zero
2026-05-06 17:16:06,2323.0,449.329,448.611,450.000,1.389,14.330000,100.828000,51.505200,0.717887,18.000000,97.047889,0.000000,0.000000,0.000000,3.943750,3.943750,2.997568,4.602003,3.019284,11.704588,4.519017,4.753223,0.03042434,0.01754650,0.03399446,2.952618,1.702851,3.299090,0.044951,1.649386,2.899152,1.302913,3.228344,3.534415,,,,,within deadband and CO2 rising; MFC zero
2026-05-06 17:16:17,2334.0,448.794,448.913,450.000,1.087,14.341900,100.826000,51.500200,0.718926,18.000000,97.045964,0.000000,0.000000,0.000000,0.000000,0.000000,0.000000,4.934137,0.000000,11.704588,4.538003,4.613950,0.02498355,0.02396581,0.03342020,2.424553,2.325785,3.243295,-2.424553,2.509584,2.608352,1.690842,3.022031,3.430854,,,,,within deadband and CO2 rising; MFC zero
2026-05-06 17:16:28,2345.0,448.855,448.953,450.000,1.047,14.327600,100.827000,51.505200,0.718525,18.000000,97.046927,0.000000,0.000000,0.000000,0.000000,0.000000,0.000000,4.934137,0.000000,11.704588,4.511785,4.406909,0.02176347,0.02551721,0.02369095,2.112078,2.476366,2.299134,-2.112078,2.822059,2.457771,2.635003,2.711016,3.276902,,,,,within deadband and CO2 rising; MFC zero
2026-05-06 17:16:39,2356.0,448.961,448.856,450.000,1.144,14.331100,100.824000,51.505200,0.716127,18.000000,97.044039,0.000000,0.000000,0.000000,0.000000,0.000000,0.000000,4.590282,0.000000,11.704588,4.454903,4.227379,0.01764447,0.02070191,0.00443038,1.712291,2.008997,0.429942,-1.712291,2.877991,2.581284,4.160340,2.454973,3.143406,,,,,within deadband and CO2 rising; MFC zero
2026-05-06 17:16:50,2367.0,448.311,448.545,450.000,1.455,14.330300,100.828000,51.501800,0.715219,18.000000,97.047889,0.000000,0.000000,0.000000,0.000000,0.000000,0.000000,3.828316,0.000000,11.704588,4.383173,4.096250,-0.00279667,0.00965009,-0.01125077,-0.271411,0.936521,-1.091863,0.271411,4.099727,2.891795,4.920179,2.549419,3.045901,,,,,within deadband and CO2 rising; MFC zero
2026-05-06 17:17:01,2378.0,447.996,448.242,450.000,1.758,14.334000,100.828000,51.501800,0.716814,18.000000,97.047889,1.291410,1.291410,1.291410,0.000000,0.000000,0.000000,2.946705,0.000000,11.704588,4.304701,3.990816,-0.01622064,-0.00183160,-0.02222476,-1.574179,-0.177753,-2.156866,1.574179,4.520884,3.124458,5.103571,2.708597,2.967503,,,,,within lower deadband; partial feedforward
2026-05-06 17:17:12,2389.0,447.424,447.896,450.000,2.104,14.326500,100.826000,51.508500,0.714146,18.000000,97.045964,8.445829,6.291410,6.291410,0.000000,0.000000,0.000000,2.125718,0.000000,11.704588,4.237496,3.968672,-0.03155997,-0.01491615,-0.02813315,-3.062767,-1.447552,-2.730209,3.062767,5.188485,3.573270,4.855926,3.041557,2.951037,,,,,below deadband; feedforward + feedback
2026-05-06 17:17:23,2400.0,447.274,447.562,450.000,2.438,14.327600,100.826000,51.506800,0.716749,18.000000,97.045964,9.060054,9.060054,9.060054,11.112500,11.112500,8.490787,1.306744,8.555117,11.757527,4.183121,3.965621,-0.02554290,-0.02164354,-0.02972805,-2.478835,-2.100418,-2.884987,10.969622,3.785579,3.407162,4.191730,3.340482,2.948768,,,,,below deadband; feedforward + feedback
2026-05-06 17:17:34,2411.0,447.028,447.323,450.000,2.677,14.337200,100.827000,51.508500,0.715964,18.000000,97.046927,9.510248,9.510248,9.510248,9.037500,9.037500,6.710835,1.102465,6.759541,11.825624,4.156714,4.051090,-0.02125467,-0.02540193,-0.02638858,-2.062700,-2.465179,-2.560930,8.773536,3.165165,3.567644,3.663395,3.402095,3.012321,,,,,below deadband; feedforward + feedback
2026-05-06 17:17:45,2422.0,447.271,447.193,450.000,2.807,14.337300,100.827000,51.508500,0.716341,18.000000,97.046927,9.777540,9.777540,9.777540,9.493750,9.493750,7.068685,1.454427,7.124458,11.903103,4.163407,4.190175,-0.01628845,-0.02447804,-0.02164260,-1.580744,-2.375518,-2.100348,8.649429,3.035172,3.829946,3.554776,3.556072,3.115743,,,,,below deadband; feedforward + feedback
2026-05-06 17:17:56,2433.0,448.158,447.291,450.000,2.709,14.332800,100.826000,51.510200,0.716362,18.000000,97.045964,9.627313,9.627313,9.627313,9.750000,9.750000,7.249933,2.284865,7.304013,11.982824,4.209313,4.392938,0.00174580,-0.01731575,-0.00601633,0.169422,-1.680423,-0.583861,7.080511,2.115443,3.965288,2.868726,3.512278,3.266513,,,,,below deadband; feedforward + feedback
2026-05-06 17:18:07,2444.0,448.776,447.744,450.000,2.256,14.339800,100.829000,51.503500,0.720676,18.000000,97.048852,8.792236,8.792236,8.792236,9.618750,9.618750,7.156985,3.170761,7.207623,12.061543,4.279836,4.561927,0.01871254,-0.00430639,0.01770878,1.816030,-0.417930,1.718617,5.340955,1.354731,3.588691,1.452145,3.349242,3.392171,,,,,below deadband; feedforward + feedback
2026-05-06 17:18:18,2455.0,449.180,448.317,450.000,1.683,14.323800,100.830000,51.505200,0.714914,18.000000,97.049814,0.000000,3.792236,3.792236,8.643750,8.643750,6.543529,4.040908,6.589516,12.133800,4.352615,4.643733,0.03206843,0.00939889,0.03443553,3.112235,0.912160,3.341962,3.431294,0.928673,3.128748,0.698946,3.132651,3.453000,,,,,within deadband and CO2 rising; MFC zero
2026-05-06 17:18:29,2466.0,449.092,448.828,450.000,1.172,14.334400,100.826000,51.501900,0.719470,18.000000,97.045964,0.000000,0.000000,0.000000,4.218750,4.218750,3.648204,4.799414,3.673640,12.190149,4.401957,4.599327,0.03572955,0.02271910,0.04608928,3.467409,2.204797,4.472778,0.180794,1.332005,2.594617,0.326636,2.825126,3.419981,,,,,within deadband and CO2 rising; MFC zero
2026-05-06 17:18:40,2477.0,449.089,448.996,450.000,1.004,14.339200,100.827000,51.503500,0.717852,18.000000,97.046927,0.000000,0.000000,0.000000,0.000000,0.000000,0.000000,5.395107,0.000000,12.190149,4.427023,4.527287,0.04162790,0.02836517,0.03751647,4.039860,2.752753,3.640858,-4.039860,1.355247,2.642354,1.754248,2.473389,3.366413,,,,,within deadband and CO2 rising; MFC zero
2026-05-06 17:18:51,2488.0,449.198,448.989,450.000,1.011,14.336100,100.827000,51.510200,0.716349,18.000000,97.046927,0.000000,0.000000,0.000000,0.000000,0.000000,0.000000,5.395107,0.000000,12.190149,4.421084,4.397327,0.03284813,0.02773469,0.01710500,3.187810,2.691567,1.659987,-3.187810,2.207297,2.703540,3.735119,2.142146,3.269777,,,,,within deadband and CO2 rising; MFC zero
2026-05-06 17:19:02,2499.0,448.237,448.763,450.000,1.237,14.329500,100.828000,51.506800,0.714911,18.000000,97.047889,0.000000,0.000000,0.000000,0.000000,0.000000,0.000000,4.901450,0.000000,12.190149,4.400215,4.316736,0.00464414,0.02095478,-0.00274871,0.450704,2.033618,-0.266757,-0.450704,4.450747,2.867833,5.168207,2.216053,3.209851,,,,,within deadband and CO2 rising; MFC zero
2026-05-06 17:19:13,2510.0,448.226,448.472,450.000,1.528,14.330500,100.827000,51.510200,0.719297,18.000000,97.046927,0.000000,0.000000,0.000000,0.000000,0.000000,0.000000,4.125491,0.000000,12.190149,4.378176,4.290020,-0.01306803,0.00759055,-0.01778229,-1.268212,0.736640,-1.725717,1.268212,5.393703,3.388851,5.851207,2.463669,3.189985,,,,,within deadband and CO2 rising; MFC zero
2026-05-06 17:19:24,2521.0,447.905,448.144,450.000,1.856,14.338100,100.828000,51.505200,0.717038,18.000000,97.047889,1.309136,1.309136,1.309136,0.000000,0.000000,0.000000,3.268615,0.000000,12.190149,4.363788,4.306239,-0.02874632,-0.00690247,-0.02588191,-2.789770,-0.669870,-2.511785,2.789770,6.058385,3.938485,5.780400,2.799581,3.202045,,,,,within lower deadband; partial feedforward
2026-05-06 17:19:35,2532.0,447.401,447.889,450.000,2.111,14.326800,100.830000,51.505200,0.717678,18.000000,97.049814,8.576918,6.309136,6.309136,0.000000,0.000000,0.000000,2.384836,0.000000,12.190149,4.355051,4.320103,-0.02011902,-0.01724102,-0.02691238,-1.952547,-1.673238,-2.611841,1.952547,4.337383,4.058074,4.996677,3.046463,3.212355,,,,,below deadband; feedforward + feedback
2026-05-06 17:19:46,2543.0,447.217,447.579,450.000,2.421,14.329700,100.831000,51.506800,0.718800,18.000000,97.050777,9.199829,9.199829,9.199829,6.262500,6.262500,4.656688,1.551351,4.621038,12.239215,4.357029,4.364938,-0.02320422,-0.02408413,-0.02765943,-2.251988,-2.337384,-2.684370,6.908675,3.803339,3.888735,4.235721,3.318531,3.245693,,,,,below deadband; feedforward + feedback
2026-05-06 17:19:56,2553.0,447.429,447.353,450.000,2.647,14.336600,100.829000,51.498500,0.715303,18.000000,97.048852,9.673020,9.673020,9.673020,9.168750,9.168750,6.817726,1.318052,6.871121,12.307145,4.378420,4.463987,-0.01547489,-0.02548774,-0.02479629,-1.501821,-2.473556,-2.406451,8.319546,2.819873,3.791608,3.724504,3.528664,3.319344,,,,,below deadband; feedforward + feedback
2026-05-06 17:20:07,2564.0,447.547,447.309,450.000,2.691,14.334000,100.828000,51.501900,0.715985,18.000000,97.047889,9.807874,9.807874,9.807874,9.650000,9.650000,7.189517,1.483551,7.234207,12.385948,4.425808,4.615357,-0.01661052,-0.02188681,-0.01525055,-1.612016,-2.124069,-1.480034,8.801533,3.095567,3.607620,2.963585,3.724616,3.431900,,,,,below deadband; feedforward + feedback
2026-05-06 17:20:18,2575.0,447.560,447.532,450.000,2.468,14.332900,100.829000,51.510200,0.718786,18.000000,97.048852,9.425865,9.425865,9.425865,7.968750,7.968750,6.009079,2.256413,6.059284,12.472462,4.490198,4.747761,-0.00854255,-0.01310706,-0.00088063,-0.829045,-1.272025,-0.085464,6.838124,3.085457,3.528438,2.341876,3.916861,3.530354,,,,,below deadband; feedforward + feedback
2026-05-06 17:20:29,2586.0,448.917,447.872,450.000,2.128,14.334200,100.829000,51.505200,0.715590,18.000000,97.048852,8.818689,8.818689,8.818689,9.412500,9.412500,7.003621,3.199782,7.050736,12.547853,4.562956,4.853986,0.02122075,-0.00221170,0.01744376,2.059449,-0.214643,1.692897,4.944172,1.140332,3.414425,1.506884,3.798310,3.609341,,,,,below deadband; feedforward + feedback
2026-05-06 17:20:40,2597.0,448.900,448.335,450.000,1.665,14.333400,100.828000,51.506800,0.716170,18.000000,97.047889,0.000000,3.818689,3.818689,8.793750,8.793750,6.548177,4.051081,6.586963,12.620212,4.626587,4.881110,0.02515350,0.01032203,0.03308518,2.441094,1.001731,3.210846,4.107083,1.609987,3.049350,0.840234,3.482670,3.629510,,,,,within deadband and CO2 rising; MFC zero
2026-05-06 17:20:51,2608.0,448.895,448.756,450.000,1.244,14.337900,100.830000,51.498500,0.715723,18.000000,97.049814,0.000000,0.000000,0.000000,3.800000,3.800000,2.830262,4.811704,2.849167,12.651398,4.659574,4.791522,0.03445839,0.02083877,0.03715613,3.344180,2.022398,3.605995,-0.513918,1.467524,2.789306,1.205709,3.046427,3.562893,,,,,within deadband and CO2 rising; MFC zero
2026-05-06 17:21:02,2619.0,448.941,449.026,450.000,0.974,14.332000,100.828000,51.508500,0.716232,18.000000,97.047889,0.000000,0.000000,0.000000,0.000000,0.000000,0.000000,5.126642,0.000000,12.651398,4.641054,4.566974,0.01811899,0.02772737,0.03134572,1.758410,2.690883,3.042036,-1.758410,3.368232,2.435760,2.084607,2.747522,3.395924,,,,,within deadband and CO2 rising; MFC zero
2026-05-06 17:21:13,2630.0,448.707,449.036,450.000,0.964,14.338400,100.830000,51.505200,0.718737,18.000000,97.049814,0.000000,0.000000,0.000000,0.000000,0.000000,0.000000,5.126642,0.000000,12.651398,4.580833,4.339948,0.01332231,0.02666553,0.01829460,1.292927,2.587885,1.775488,-1.292927,3.833715,2.538758,3.351155,2.691559,3.227111,,,,,within deadband and CO2 rising; MFC zero
2026-05-06 17:21:24,2641.0,448.556,448.878,450.000,1.122,14.343600,100.827000,51.505200,0.715832,18.000000,97.046927,0.000000,0.000000,0.000000,0.000000,0.000000,0.000000,4.683901,0.000000,12.651398,4.502658,4.189957,0.01608531,0.01853681,0.00073332,1.561030,1.798941,0.071166,-1.561030,3.122871,2.884960,4.612735,2.615951,3.115581,,,,,within deadband and CO2 rising; MFC zero
2026-05-06 17:21:35,2652.0,447.950,448.570,450.000,1.430,14.333100,100.827000,51.506800,0.717435,18.000000,97.046927,0.000000,0.000000,0.000000,0.000000,0.000000,0.000000,3.902209,0.000000,12.651398,4.423873,4.108735,-0.02157676,0.00674067,-0.01545287,-2.093958,0.654162,-1.499654,2.093958,5.996168,3.248048,5.401863,2.968873,3.055185,,,,,within deadband and CO2 rising; MFC zero
2026-05-06 17:21:46,2663.0,448.023,448.291,450.000,1.709,14.337800,100.829000,51.511800,0.715964,18.000000,97.048852,1.306962,1.306962,1.306962,0.000000,0.000000,0.000000,3.030617,0.000000,12.651398,4.356538,4.087200,-0.02684802,-0.00446051,-0.02300992,-2.605569,-0.432888,-2.233086,2.605569,5.636186,3.463504,5.263703,3.251164,3.039172,,,,,within lower deadband; partial feedforward
2026-05-06 17:21:57,2674.0,447.559,447.929,450.000,2.071,14.336100,100.826000,51.503500,0.716033,18.000000,97.045964,8.449712,6.306962,6.306962,0.000000,0.000000,0.000000,2.055490,0.000000,12.651398,4.307712,4.112404,-0.02496659,-0.01691590,-0.02824118,-2.422906,-1.641620,-2.740692,2.422906,4.478397,3.697111,4.796183,3.405935,3.057913,,,,,below deadband; feedforward + feedback
2026-05-06 17:22:08,2685.0,447.345,447.641,450.000,2.359,14.344100,100.827000,51.506800,0.717036,18.000000,97.046927,8.990732,8.990732,8.990732,6.256250,6.256250,4.652040,1.269978,4.685708,12.700451,4.272732,4.132814,-0.02296659,-0.02350442,-0.02945489,-2.228837,-2.281032,-2.858506,6.880878,3.498815,3.551010,4.128484,3.667988,3.073090,,,,,below deadband; feedforward + feedback
2026-05-06 17:22:19,2696.0,447.259,447.340,450.000,2.660,14.333200,100.828000,51.503500,0.716519,18.000000,97.047889,9.579239,9.579239,9.579239,8.937500,8.937500,6.659714,1.036007,6.708061,12.775980,4.258506,4.201601,-0.02835698,-0.02548930,-0.02652445,-2.751985,-2.473682,-2.574142,9.411699,3.787992,3.509689,3.610149,3.909989,3.124238,,,,,below deadband; feedforward + feedback
2026-05-06 17:22:30,2707.0,448.231,447.314,450.000,2.686,14.328200,100.827000,51.501800,0.719640,18.000000,97.046927,9.644855,9.644855,9.644855,9.568750,9.568750,7.115159,1.494188,7.160228,12.853902,4.273522,4.333588,0.00271191,-0.02244693,-0.01661390,0.263183,-2.178406,-1.612328,6.851976,1.231006,3.672594,3.106516,3.883709,3.222382,,,,,below deadband; feedforward + feedback
2026-05-06 17:22:41,2718.0,447.569,447.443,450.000,2.557,14.338200,100.826000,51.510200,0.718426,18.000000,97.045964,9.442430,9.442430,9.442430,9.625000,9.625000,7.161633,2.330874,7.206034,12.932630,4.328697,4.549397,-0.00852559,-0.01596291,-0.00264812,-0.827374,-1.549136,-0.256990,7.989007,3.158249,3.880010,2.587864,3.860378,3.382854,,,,,below deadband; feedforward + feedback
2026-05-06 17:22:52,2729.0,448.285,447.797,450.000,2.203,14.327900,100.829000,51.503500,0.716123,18.000000,97.048852,8.812920,8.812920,8.812920,9.425000,9.425000,7.008269,3.205100,7.057729,13.009916,4.406053,4.715478,0.01698340,-0.00458649,0.01569941,1.648220,-0.445113,1.523610,5.360049,1.556881,3.650214,1.681490,3.607396,3.506349,,,,,below deadband; feedforward + feedback
2026-05-06 17:23:03,2740.0,448.676,448.279,450.000,1.721,14.337800,100.827000,51.503500,0.717409,18.000000,97.046927,0.000000,3.812920,3.812920,8.768750,8.768750,6.552824,4.059911,6.591384,13.082199,4.479019,4.770881,0.02555985,0.00828653,0.03034461,2.480504,0.804182,2.944851,4.072320,1.579406,3.255729,1.115060,3.435900,3.547545,,,,,within deadband and CO2 rising; MFC zero
2026-05-06 17:23:14,2751.0,449.290,448.712,450.000,1.288,14.335900,100.831000,51.510200,0.717015,18.000000,97.050777,0.000000,0.000000,0.000000,3.675000,3.675000,2.802378,4.819760,2.820302,13.138014,4.526492,4.716386,0.03128884,0.01995252,0.03732056,3.036606,1.936407,3.621989,-0.234228,1.783153,2.883352,1.197771,2.967787,3.507024,,,,,within deadband and CO2 rising; MFC zero
2026-05-06 17:23:25,2762.0,448.456,448.950,450.000,1.050,14.341400,100.826000,51.513500,0.718095,18.000000,97.045964,0.000000,0.000000,0.000000,0.000000,0.000000,0.000000,5.407603,0.000000,13.138014,4.547386,4.630961,0.01635626,0.02592363,0.03149058,1.587309,2.515784,3.056034,-1.587309,3.820294,2.891819,2.351570,2.766021,3.443503,,,,,within deadband and CO2 rising; MFC zero
2026-05-06 17:23:36,2773.0,448.794,448.959,450.000,1.041,14.334700,100.829000,51.506800,0.717590,18.000000,97.048852,0.000000,0.000000,0.000000,0.000000,0.000000,0.000000,5.407603,0.000000,13.138014,4.541241,4.516662,0.02211911,0.02550682,0.01815501,2.146634,2.475408,1.761923,-2.146634,3.260969,2.932196,3.645680,2.630752,3.358513,,,,,within deadband and CO2 rising; MFC zero
2026-05-06 17:23:47,2784.0,448.474,448.772,450.000,1.228,14.332900,100.828000,51.506800,0.717632,18.000000,97.047889,0.000000,0.000000,0.000000,0.000000,0.000000,0.000000,4.914257,0.000000,13.138014,4.524163,4.455852,-0.00379668,0.01824053,-0.00129265,-0.368460,1.770205,-0.125449,0.368460,5.282717,3.144051,5.039705,2.828963,3.313295,,,,,within deadband and CO2 rising; MFC zero
2026-05-06 17:23:58,2795.0,447.746,448.467,450.000,1.533,14.330400,100.830000,51.503500,0.716753,18.000000,97.049814,0.000000,0.000000,0.000000,0.000000,0.000000,0.000000,4.095851,0.000000,13.138014,4.508984,4.448267,-0.01888204,0.00656280,-0.01568847,-1.832499,0.636919,-1.522564,1.832499,5.928349,3.458932,5.618414,3.066780,3.307655,,,,,within deadband and CO2 rising; MFC zero
2026-05-06 17:24:09,2806.0,447.762,448.159,450.000,1.841,14.332300,100.830000,51.500200,0.713025,18.000000,97.049814,1.349750,1.349750,1.349750,0.000000,0.000000,0.000000,3.235102,0.000000,13.138014,4.499168,4.459902,-0.02293267,-0.00531021,-0.02493242,-2.225611,-0.515355,-2.419687,2.225611,5.460713,3.750457,5.654789,3.536748,3.316307,,,,,within lower deadband; partial feedforward
2026-05-06 17:24:20,2817.0,447.037,447.834,450.000,2.166,14.330100,100.829000,51.501900,0.717945,18.000000,97.048852,8.825791,6.349750,6.349750,0.000000,0.000000,0.000000,2.360721,0.000000,13.138014,4.494058,4.473620,-0.02788193,-0.01660087,-0.02729335,-2.705909,-1.611096,-2.648788,2.705909,5.066630,3.971816,5.009509,3.748790,3.326507,,,,,below deadband; feedforward + feedback
2026-05-06 17:24:31,2828.0,447.365,447.575,450.000,2.425,14.334600,100.831000,51.505200,0.717909,18.000000,97.050777,9.344411,9.344411,9.344411,6.293750,6.293750,4.684572,1.542212,4.715638,13.187378,4.494011,4.493822,-0.02881407,-0.02311366,-0.02694554,-2.796427,-2.243198,-2.615086,7.481000,4.338639,3.785410,4.157297,4.057875,3.341529,,,,,below deadband; feedforward + feedback
2026-05-06 17:24:42,2839.0,447.443,447.362,450.000,2.638,14.335000,100.830000,51.501800,0.717867,18.000000,97.049814,9.782561,9.782561,9.782561,9.318750,9.318750,6.933910,1.315935,6.985403,13.263318,4.506761,4.557763,-0.02069536,-0.02439675,-0.02262788,-2.008481,-2.367700,-2.196031,8.942391,3.324416,3.683635,3.511967,4.251764,3.389074,,,,,below deadband; feedforward + feedback
2026-05-06 17:24:53,2850.0,447.871,447.370,450.000,2.630,14.335000,100.830000,51.500200,0.714611,18.000000,97.049814,9.794303,9.794303,9.794303,9.768750,9.768750,7.268523,1.502812,7.320392,13.343017,4.533569,4.640802,-0.00674590,-0.01995123,-0.01232955,-0.654689,-1.936263,-1.196581,7.923211,2.157501,3.439075,2.699393,4.293359,3.450821,,,,,below deadband; feedforward + feedback
2026-05-06 17:25:04,2861.0,448.074,447.695,450.000,2.305,14.327000,100.834000,51.496900,0.716813,18.000000,97.053664,9.174347,9.174347,9.174347,9.787500,9.787500,7.273170,2.358655,7.327276,13.423046,4.564481,4.688126,0.00059323,-0.00875666,0.00769671,0.057575,-0.849866,0.746994,7.215595,2.301080,3.208521,1.611661,4.124557,3.486010,,,,,below deadband; feedforward + feedback
2026-05-06 17:25:15,2872.0,448.415,448.175,450.000,1.825,14.335600,100.832000,51.506800,0.718191,18.000000,97.051739,0.000000,4.174347,4.174347,9.131250,9.131250,6.799136,3.244810,6.848780,13.498432,4.588794,4.686048,0.01713595,0.00336439,0.02686275,1.663074,0.326520,2.607076,5.136062,1.581736,2.918290,0.637734,3.937976,3.484465,,,,,within deadband and CO2 rising; MFC zero
2026-05-06 17:25:26,2883.0,449.011,448.523,450.000,1.477,14.326400,100.831000,51.501900,0.715459,18.000000,97.050777,0.000000,0.000000,0.000000,3.837500,3.837500,3.099811,4.039101,3.123093,13.532514,4.595425,4.621949,0.02489877,0.01364252,0.03240158,2.416445,1.324017,3.144598,0.683366,1.622656,2.715084,0.894503,3.531302,3.436802,,,,,within deadband and CO2 rising; MFC zero
2026-05-06 17:25:37,2894.0,448.517,448.680,450.000,1.320,14.337500,100.832000,51.505200,0.714233,18.000000,97.051739,0.000000,0.000000,0.000000,0.000000,0.000000,0.000000,4.383266,0.000000,13.532514,4.571144,4.474021,0.03179776,0.01972459,0.02779460,3.086028,1.914306,2.697514,-3.086028,1.297238,2.468960,1.685752,3.016734,3.326805,,,,,within deadband and CO2 rising; MFC zero
2026-05-06 17:25:47,2904.0,448.373,448.671,450.000,1.329,14.326300,100.833000,51.506800,0.718712,18.000000,97.052702,0.000000,0.000000,0.000000,0.000000,0.000000,0.000000,4.383266,0.000000,13.532514,4.507677,4.253809,0.01567829,0.02170494,0.01531933,1.521620,2.106523,1.486782,-1.521620,2.861646,2.276743,2.896484,2.727949,3.163059,,,,,within deadband and CO2 rising; MFC zero
2026-05-06 17:25:58,2915.0,448.216,448.517,450.000,1.483,14.329700,100.833000,51.506800,0.718127,18.000000,97.052702,0.000000,0.000000,0.000000,0.000000,0.000000,0.000000,4.383266,0.000000,13.532514,4.422436,4.081472,0.00032204,0.01612287,-0.00358020,0.031255,1.564768,-0.347468,-0.031255,4.352011,2.818498,4.730734,2.648547,3.034913,,,,,within deadband and CO2 rising; MFC zero
2026-05-06 17:26:09,2926.0,447.907,448.259,450.000,1.741,14.321000,100.832000,51.500200,0.716628,18.000000,97.051739,0.000000,0.000000,0.000000,0.000000,0.000000,0.000000,3.938717,0.000000,13.532514,4.341118,4.015847,-0.01267818,0.00610487,-0.01292109,-1.230439,0.592488,-1.254014,1.230439,5.169157,3.346229,5.192731,2.740827,2.986115,,,,,within deadband and CO2 rising; MFC zero
2026-05-06 17:26:20,2937.0,447.495,447.945,450.000,2.055,14.328200,100.831000,51.511800,0.717345,18.000000,97.050777,8.388602,5.000000,5.000000,0.000000,0.000000,0.000000,3.145097,0.000000,13.532514,4.278802,4.029538,-0.02779722,-0.00649308,-0.02311607,-2.697741,-0.630158,-2.243433,2.697741,5.842839,3.775256,5.388530,3.020651,2.996295,,,,,below deadband; feedforward + feedback
2026-05-06 17:26:31,2948.0,447.402,447.603,450.000,2.397,14.327700,100.833000,51.506800,0.716123,18.000000,97.052702,9.035802,9.035802,9.035802,4.975000,4.975000,3.680735,2.299375,3.708646,13.570942,4.242002,4.094801,-0.02556019,-0.01624330,-0.02815784,-2.480686,-1.576456,-2.732794,6.161421,4.780061,3.875831,5.032169,3.312047,3.044824,,,,,below deadband; feedforward + feedback
2026-05-06 17:26:42,2959.0,447.408,447.406,450.000,2.594,14.326300,100.831000,51.506800,0.713349,18.000000,97.050777,9.417398,9.417398,9.417398,9.025000,9.025000,6.706188,1.879148,6.757514,13.644570,4.230398,4.183982,-0.02181400,-0.01984735,-0.02397445,-2.117066,-1.926201,-2.326739,8.823254,3.996214,3.805349,4.205886,3.500395,3.111138,,,,,below deadband; feedforward + feedback
2026-05-06 17:26:53,2970.0,448.220,447.446,450.000,2.554,14.328400,100.830000,51.501800,0.716130,18.000000,97.049814,9.348814,9.348814,9.348814,9.406250,9.406250,6.998974,1.851005,7.043882,13.721334,4.240347,4.280143,-0.00122036,-0.01762818,-0.01108058,-0.118436,-1.710812,-1.075369,7.117410,1.969441,3.561817,2.926374,3.543473,3.182641,,,,,below deadband; feedforward + feedback
2026-05-06 17:27:04,2981.0,448.162,447.665,450.000,2.335,14.333300,100.830000,51.508500,0.716708,18.000000,97.049814,8.937944,8.937944,8.937944,9.318750,9.318750,6.919968,2.244433,6.964039,13.799600,4.268744,4.382331,0.00577975,-0.01189616,0.00249149,0.560923,-1.154520,0.241799,6.359045,1.683509,3.398953,2.002634,3.550235,3.258626,,,,,below deadband; feedforward + feedback
2026-05-06 17:27:15,2992.0,448.173,447.902,450.000,2.098,14.334000,100.832000,51.501800,0.716003,18.000000,97.051739,8.512910,8.512910,8.512910,8.925000,8.925000,6.636477,3.044507,6.674257,13.872759,4.317110,4.510573,0.00686468,-0.00291271,0.01549752,0.666229,-0.282684,1.504061,5.970248,2.378278,3.327191,1.540446,3.670351,3.353985,,,,,below deadband; feedforward + feedback
2026-05-06 17:27:26,3003.0,448.494,448.213,450.000,1.787,14.327800,100.831000,51.503500,0.714868,18.000000,97.050777,0.000000,3.512910,3.512910,8.525000,8.525000,6.325102,3.854135,6.363995,13.942502,4.380007,4.631599,0.02259371,0.00790782,0.02615846,2.192737,0.767460,2.538698,4.132365,1.661398,3.086675,1.315436,3.536990,3.443978,,,,,within deadband and CO2 rising; MFC zero
2026-05-06 17:27:37,3014.0,448.638,448.654,450.000,1.346,14.335500,100.834000,51.508500,0.716972,18.000000,97.053664,0.000000,0.000000,0.000000,3.481250,3.481250,2.611835,4.586254,2.629509,13.971172,4.429055,4.625245,0.01672916,0.01865235,0.02929344,1.623627,1.810279,2.843036,0.988208,2.962627,2.775975,1.743218,3.382614,3.439253,,,,,within deadband and CO2 rising; MFC zero
2026-05-06 17:27:48,3025.0,448.955,448.823,450.000,1.177,14.333900,100.831000,51.510100,0.717036,18.000000,97.050777,0.000000,0.000000,0.000000,0.000000,0.000000,0.000000,4.875838,0.000000,13.971172,4.446487,4.516215,0.02484793,0.02327919,0.02542710,2.411511,2.259264,2.467719,-2.411511,2.464327,2.616574,2.408119,3.082077,3.358180,,,,,within deadband and CO2 rising; MFC zero
2026-05-06 17:27:59,3036.0,448.964,448.865,450.000,1.135,14.330900,100.833000,51.505200,0.715911,18.000000,97.052702,0.000000,0.000000,0.000000,0.000000,0.000000,0.000000,4.875838,0.000000,13.971172,4.432325,4.375679,0.02254272,0.02103069,0.01633941,2.187832,2.041085,1.585784,-2.187832,2.688007,2.834753,3.290055,2.731540,3.253680,,,,,within deadband and CO2 rising; MFC zero
2026-05-06 17:28:10,3047.0,448.416,448.677,450.000,1.323,14.330200,100.832000,51.503500,0.716004,18.000000,97.051739,0.000000,0.000000,0.000000,0.000000,0.000000,0.000000,4.489743,0.000000,13.971172,4.397799,4.259692,0.00140683,0.01432356,0.00091913,0.136536,1.390126,0.089203,-0.136536,4.353208,3.099617,4.400540,2.684112,3.167434,,,,,within deadband and CO2 rising; MFC zero
2026-05-06 17:28:21,3058.0,448.677,448.472,450.000,1.528,14.333100,100.835000,51.508500,0.718530,18.000000,97.054627,0.000000,0.000000,0.000000,0.000000,0.000000,0.000000,3.705212,0.000000,13.971172,4.347950,4.148557,0.00096612,0.00663136,-0.01275694,0.093767,0.643604,-1.238120,-0.093767,3.611445,3.061608,4.943331,2.641360,3.084796,,,,,within deadband and CO2 rising; MFC zero
2026-05-06 17:28:32,3069.0,447.814,448.178,450.000,1.822,14.328100,100.835000,51.500200,0.717243,18.000000,97.054627,1.289722,1.289722,1.289722,0.000000,0.000000,0.000000,2.855513,0.000000,13.971172,4.299074,4.103568,-0.02016980,-0.00417526,-0.02023048,-1.957572,-0.405228,-1.963461,1.957572,4.813086,3.260741,4.818974,2.957320,3.051343,,,,,within lower deadband; partial feedforward
2026-05-06 17:28:43,3080.0,447.374,447.859,450.000,2.141,14.319700,100.836000,51.510200,0.715050,18.000000,97.055589,8.540642,6.289722,6.289722,0.000000,0.000000,0.000000,1.983198,0.000000,13.971172,4.259576,4.101584,-0.02654291,-0.01445022,-0.02562144,-2.576138,-1.402474,-2.486704,2.576138,4.559336,3.385672,4.469901,3.276857,3.049867,,,,,below deadband; feedforward + feedback
2026-05-06 17:28:54,3091.0,447.428,447.480,450.000,2.520,14.331000,100.836000,51.510200,0.717392,18.000000,97.055589,9.270336,9.270336,9.270336,12.762500,12.762500,9.726994,1.207393,9.781151,14.025201,4.230403,4.113710,-0.02303436,-0.02267720,-0.03000182,-2.235613,-2.200949,-2.911844,11.962606,3.443006,3.408342,4.119237,3.395160,3.058884,,,,,below deadband; feedforward + feedback
2026-05-06 17:29:05,3102.0,447.321,447.260,450.000,2.740,14.325700,100.834000,51.503500,0.715894,18.000000,97.053664,9.695764,9.695764,9.695764,9.250000,9.250000,6.859552,1.077937,6.908480,14.098331,4.215630,4.156541,-0.02120384,-0.02365059,-0.02620829,-2.057910,-2.295377,-2.543610,8.917462,3.135847,3.373314,3.621547,3.558987,3.090733,,,,,below deadband; feedforward + feedback
2026-05-06 17:29:16,3113.0,447.189,447.173,450.000,2.827,14.323600,100.836000,51.503500,0.715268,18.000000,97.055589,9.885690,9.885690,9.885690,9.668750,9.668750,7.208107,1.520214,7.260952,14.177250,4.232290,4.298927,-0.01415285,-0.02275644,-0.01942346,-1.373613,-2.208640,-1.885156,8.581720,2.893827,3.728854,3.405370,3.551343,3.196608,,,,,below deadband; feedforward + feedback
2026-05-06 17:29:27,3124.0,447.476,447.303,450.000,2.697,14.326800,100.836000,51.503500,0.717621,18.000000,97.055589,9.678615,9.678615,9.678615,9.887500,9.887500,7.356823,2.370584,7.395974,14.257958,4.284415,4.492918,-0.00359329,-0.01591075,-0.00215049,-0.348749,-1.544227,-0.208717,7.705572,2.719332,3.914810,2.579300,3.579677,3.340857,,,,,below deadband; feedforward + feedback
2026-05-06 17:29:38,3135.0,448.386,447.693,450.000,2.307,14.331700,100.833000,51.510200,0.720892,18.000000,97.052702,8.965866,8.965866,8.965866,9.675000,9.675000,7.194164,3.267066,7.247594,14.337175,4.352732,4.626000,0.01618712,-0.00472226,0.01603379,1.571004,-0.458308,1.556123,5.623160,1.696062,3.725374,1.710943,3.469461,3.439815,,,,,below deadband; feedforward + feedback
2026-05-06 17:29:49,3146.0,448.637,448.216,450.000,1.784,14.319000,100.836000,51.503500,0.716144,18.000000,97.055589,0.000000,3.965866,3.965866,9.025000,9.025000,6.659714,4.142944,6.709993,14.410795,4.413564,4.656889,0.02803490,0.00861991,0.03196407,2.720944,0.836610,3.102292,3.938771,1.422001,3.306334,1.040653,3.143771,3.462783,,,,,within deadband and CO2 rising; MFC zero
2026-05-06 17:30:00,3157.0,449.002,448.648,450.000,1.352,14.324800,100.836000,51.501800,0.712818,18.000000,97.055589,0.000000,0.000000,0.000000,2.212500,2.212500,1.733478,4.917252,1.745570,14.468223,4.456634,4.628918,0.02683106,0.02104810,0.04082355,2.604104,2.042835,3.962154,-0.870627,2.313147,2.874416,0.955098,2.999516,3.441984,,,,,within deadband and CO2 rising; MFC zero
2026-05-06 17:30:11,3168.0,448.840,448.943,450.000,1.057,14.334400,100.834000,51.505200,0.716024,18.000000,97.053664,0.000000,0.000000,0.000000,0.000000,0.000000,0.000000,5.521619,0.000000,14.468223,4.477134,4.559134,0.02198342,0.02810701,0.03545448,2.133571,2.727888,3.440987,-2.133571,3.388048,2.793731,2.080632,2.841178,3.390094,,,,,within deadband and CO2 rising; MFC zero
2026-05-06 17:30:22,3179.0,448.625,448.969,450.000,1.031,14.336500,100.837000,51.501900,0.717041,18.000000,97.056552,0.000000,0.000000,0.000000,0.000000,0.000000,0.000000,5.521619,0.000000,14.468223,4.478246,4.482694,0.01152567,0.02727793,0.02045450,1.118641,2.647501,1.985243,-1.118641,4.402978,2.874118,3.536376,2.823805,3.333255,,,,,within deadband and CO2 rising; MFC zero
2026-05-06 17:30:33,3190.0,448.405,448.767,450.000,1.233,14.325400,100.835000,51.506800,0.718850,18.000000,97.054627,0.000000,0.000000,0.000000,0.000000,0.000000,0.000000,5.029512,0.000000,14.468223,4.466710,4.420564,0.01159349,0.02098777,0.00228576,1.125201,2.036961,0.221844,-1.125201,3.904311,2.992551,4.807668,2.875061,3.287056,,,,,within deadband and CO2 rising; MFC zero
2026-05-06 17:30:44,3200.9,447.916,448.466,450.000,1.534,14.332700,100.837000,51.505200,0.717281,18.000000,97.056552,0.000000,0.000000,0.000000,0.000000,0.000000,0.000000,4.185132,0.000000,14.468223,4.457576,4.421041,-0.01681421,0.00833150,-0.01568624,-1.631929,0.808627,-1.522452,1.631929,5.817061,3.376506,5.707584,3.172974,3.287410,,,,,within deadband and CO2 rising; MFC zero
2026-05-06 17:30:54,3211.0,447.670,448.213,450.000,1.787,14.340300,100.834000,51.506800,0.716960,18.000000,97.053664,1.334314,1.334314,1.334314,0.000000,0.000000,0.000000,3.392081,0.000000,14.468223,4.447712,4.408257,-0.02666165,-0.00258843,-0.02385959,-2.587611,-0.251217,-2.315661,2.587611,5.979691,3.643297,5.707741,3.515848,3.277904,,,,,within lower deadband; partial feedforward
2026-05-06 17:31:05,3222.0,447.362,447.854,450.000,2.146,14.326800,100.834000,51.505200,0.715922,18.000000,97.053664,8.735234,6.334314,6.334314,0.000000,0.000000,0.000000,2.498438,0.000000,14.468223,4.442700,4.422652,-0.02400049,-0.01558634,-0.02881532,-2.329335,-1.512711,-2.796633,2.329335,4.827774,4.011149,5.295071,3.750119,3.288609,,,,,below deadband; feedforward + feedback
2026-05-06 17:31:16,3233.0,447.717,447.572,450.000,2.428,14.330600,100.837000,51.513500,0.718030,18.000000,97.056552,9.299804,9.299804,9.299804,6.281250,6.281250,4.670630,1.655866,4.707709,14.517448,4.443337,4.445885,-0.01715289,-0.02292462,-0.02919631,-1.664800,-2.224985,-2.833693,6.335430,3.320666,3.880851,4.489560,3.930631,3.305884,,,,,below deadband; feedforward + feedback
2026-05-06 17:31:27,3244.0,447.094,447.375,450.000,2.625,14.333100,100.838000,51.505200,0.716935,18.000000,97.057514,9.708620,9.708620,9.708620,9.275000,9.275000,6.901379,1.407076,6.941680,14.593025,4.458420,4.518749,-0.02467898,-0.02459246,-0.02250342,-2.395281,-2.386884,-2.184126,9.296659,3.802357,3.793959,3.591201,4.195115,3.360064,,,,,below deadband; feedforward + feedback
2026-05-06 17:31:38,3255.0,448.140,447.450,450.000,2.550,14.335600,100.839000,51.506800,0.715926,18.000000,97.058477,9.586921,9.586921,9.586921,9.700000,9.700000,7.212754,1.527185,7.258270,14.672119,4.486054,4.596592,0.00188138,-0.01924792,-0.00905473,0.182604,-1.868174,-0.878838,7.030150,1.344581,3.395359,2.406023,4.087496,3.417947,,,,,below deadband; feedforward + feedback
2026-05-06 17:31:49,3266.0,448.090,447.691,450.000,2.309,14.320900,100.836000,51.503500,0.720716,18.000000,97.055589,9.143763,9.143763,9.143763,9.318750,9.318750,6.910673,2.345229,6.963093,14.757004,4.525296,4.682265,0.00208479,-0.01052848,0.00448986,0.202340,-1.021848,0.435766,6.708333,2.142889,3.367077,1.909463,3.949145,3.481652,,,,,below deadband; feedforward + feedback
2026-05-06 17:32:00,3277.0,448.294,447.970,450.000,2.030,14.325400,100.836000,51.503500,0.717289,18.000000,97.055589,8.630373,8.630373,8.630373,9.131250,9.131250,6.803783,3.283900,6.858028,14.831525,4.569840,4.748013,0.01074891,-0.00031140,0.01859170,1.043242,-0.030223,1.804429,5.760541,2.240658,3.314123,1.479471,3.708887,3.530541,,,,,below deadband; feedforward + feedback
2026-05-06 17:32:11,3288.0,449.184,448.310,450.000,1.690,14.327400,100.835000,51.508500,0.717092,18.000000,97.054627,0.000000,3.630373,3.630373,8.593750,8.593750,6.418050,4.110619,6.469161,14.902331,4.610165,4.771468,0.03833954,0.00990273,0.02601406,3.721029,0.961106,2.524785,2.697020,0.389590,3.149513,1.585835,3.318363,3.547982,,,,,within deadband and CO2 rising; MFC zero
2026-05-06 17:32:22,3299.0,448.810,448.609,450.000,1.391,14.332200,100.838000,51.500200,0.715033,18.000000,97.057514,0.000000,0.000000,0.000000,3.587500,3.587500,2.695488,4.854460,2.708833,14.932027,4.630554,4.712112,0.02056008,0.01932029,0.02828277,1.995511,1.875180,2.745056,0.699977,2.858949,2.979280,2.109405,2.989684,3.503846,,,,,within deadband and CO2 rising; MFC zero
2026-05-06 17:32:33,3310.0,449.369,448.869,450.000,1.131,14.332700,100.838000,51.503500,0.714067,18.000000,97.057514,0.000000,0.000000,0.000000,0.000000,0.000000,0.000000,5.154320,0.000000,14.932027,4.622809,4.591825,0.03459398,0.02386225,0.02525562,3.357606,2.316011,2.451248,-3.357606,1.796715,2.838310,2.703072,2.524909,3.414402,,,,,within deadband and CO2 rising; MFC zero
2026-05-06 17:32:44,3321.0,448.634,448.874,450.000,1.126,14.324500,100.836000,51.500200,0.717288,18.000000,97.055589,0.000000,0.000000,0.000000,0.000000,0.000000,0.000000,5.154320,0.000000,14.932027,4.590734,4.462434,0.01591563,0.02070034,0.01515083,1.544700,2.009084,1.470472,-1.544700,3.609620,3.145236,3.683848,2.389558,3.318190,,,,,within deadband and CO2 rising; MFC zero
2026-05-06 17:32:55,3332.0,448.519,448.727,450.000,1.273,14.324900,100.838000,51.511800,0.717004,18.000000,97.057514,0.000000,0.000000,0.000000,0.000000,0.000000,0.000000,4.659166,0.000000,14.932027,4.548571,4.379920,0.00396620,0.01370861,-0.00003288,0.384950,1.330524,-0.003191,-0.384950,4.274217,3.328643,4.662357,2.495508,3.256833,,,,,within deadband and CO2 rising; MFC zero
2026-05-06 17:33:06,3343.0,448.301,448.457,450.000,1.543,14.320000,100.837000,51.505200,0.715608,18.000000,97.056552,0.000000,0.000000,0.000000,0.000000,0.000000,0.000000,3.844014,0.000000,14.932027,4.502186,4.316646,0.00110172,0.00487856,-0.01154655,0.106929,0.473496,-1.120669,-0.106929,3.737085,3.370518,4.964682,2.488256,3.209784,,,,,within deadband and CO2 rising; MFC zero
2026-05-06 17:33:17,3354.0,447.470,448.098,450.000,1.902,14.321000,100.836000,51.505200,0.719052,18.000000,97.055589,1.341065,1.341065,1.341065,0.000000,0.000000,0.000000,2.968703,0.000000,14.932027,4.470216,4.342338,-0.02691593,-0.00616751,-0.02472487,-2.612342,-0.598592,-2.399687,2.612342,5.581045,3.567295,5.368390,2.958974,3.228888,,,,,within lower deadband; partial feedforward
2026-05-06 17:33:28,3365.0,447.355,447.801,450.000,2.199,14.337000,100.832000,51.508500,0.717096,18.000000,97.051739,8.848537,6.341065,6.341065,0.000000,0.000000,0.000000,2.021513,0.000000,14.932027,4.450470,4.371484,-0.02818713,-0.01587417,-0.02798752,-2.735610,-1.540616,-2.716238,2.735610,4.757123,3.562129,4.737750,3.249444,3.250561,,,,,below deadband; feedforward + feedback
2026-05-06 17:33:39,3376.0,447.551,447.469,450.000,2.531,14.329300,100.838000,51.510100,0.713591,18.000000,97.057514,9.501211,9.501211,9.501211,6.312500,6.312500,4.675277,1.232902,4.702931,14.981201,4.439744,4.396841,-0.02089888,-0.02319155,-0.02865845,-2.028393,-2.250914,-2.781518,6.703670,3.261295,3.483816,4.014420,3.362849,3.269416,,,,,below deadband; feedforward + feedback
2026-05-06 17:33:50,3387.0,447.204,447.273,450.000,2.727,14.328300,100.837000,51.513500,0.715627,18.000000,97.056552,9.895444,9.895444,9.895444,9.450000,9.450000,7.012916,1.024647,7.062792,15.060831,4.442311,4.452578,-0.02094959,-0.02573625,-0.02592135,-2.033295,-2.497871,-2.515837,9.046211,3.057942,3.522518,3.540484,3.659332,3.310861,,,,,below deadband; feedforward + feedback
2026-05-06 17:34:01,3398.0,447.374,447.183,450.000,2.817,14.327300,100.838000,51.493500,0.715441,18.000000,97.057514,10.100270,10.100270,10.100270,9.881250,9.881250,7.333586,1.540662,7.388621,15.141323,4.466004,4.560775,-0.01016987,-0.02228267,-0.01473085,-0.987062,-2.162701,-1.429740,8.320649,2.527725,3.703363,2.970402,3.622529,3.391314,,,,,below deadband; feedforward + feedback
2026-05-06 17:34:12,3409.0,448.177,447.381,450.000,2.619,14.322700,100.836000,51.508500,0.716325,18.000000,97.055589,9.750664,9.750664,9.750664,10.100000,10.100000,7.510187,2.407763,7.560454,15.223752,4.512797,4.699971,0.00777983,-0.01403401,0.00062401,0.755076,-1.362079,0.060564,6.755111,1.652687,3.769841,2.347199,3.606526,3.494818,,,,,below deadband; feedforward + feedback
2026-05-06 17:34:23,3420.0,448.307,447.772,450.000,2.228,14.330500,100.838000,51.505200,0.717846,18.000000,97.057514,9.020199,9.020199,9.020199,9.743750,9.743750,7.249933,3.322628,7.305470,15.303582,4.564466,4.771140,0.01050849,-0.00307952,0.01765678,1.019928,-0.298890,1.713723,6.230005,2.302700,3.621518,1.608904,3.461313,3.547738,,,,,below deadband; feedforward + feedback
2026-05-06 17:34:34,3431.0,448.861,448.230,450.000,1.770,14.328400,100.837000,51.501800,0.716349,18.000000,97.056552,0.000000,4.020199,4.020199,8.956250,8.956250,6.706188,4.205013,6.754618,15.377642,4.601038,4.747326,0.03047512,0.01067147,0.03307629,2.957810,1.035736,3.210270,3.748379,1.247203,3.169277,0.994742,3.124978,3.530031,,,,,within deadband and CO2 rising; MFC zero
2026-05-06 17:34:45,3442.0,449.212,448.656,450.000,1.344,14.331300,100.835000,51.501800,0.718120,18.000000,97.054627,0.000000,0.000000,0.000000,0.175000,0.175000,0.139422,4.984122,0.140455,15.422518,4.616885,4.680275,0.03942436,0.02124913,0.03935769,3.826317,2.062326,3.819846,-3.686895,1.157806,2.921796,1.164276,2.838392,3.480173,,,,,within deadband and CO2 rising; MFC zero
2026-05-06 17:34:56,3453.0,449.193,448.936,450.000,1.064,14.329200,100.836000,51.508500,0.716266,18.000000,97.055589,0.000000,0.000000,0.000000,0.000000,0.000000,0.000000,5.449946,0.000000,15.422518,4.603586,4.550391,0.02710263,0.02835356,0.03268246,2.630462,2.751872,3.172015,-2.630462,2.819484,2.698074,2.277931,2.531552,3.383593,,,,,within deadband and CO2 rising; MFC zero
2026-05-06 17:35:07,3464.0,448.755,448.998,450.000,1.002,14.351700,100.837000,51.513500,0.717996,18.000000,97.056552,0.000000,0.000000,0.000000,0.000000,0.000000,0.000000,5.449946,0.000000,15.422518,4.569970,4.435506,0.02081399,0.02737221,0.02002702,2.020134,2.656652,1.943753,-2.020134,3.429812,2.793294,3.506193,2.384073,3.298166,,,,,within deadband and CO2 rising; MFC zero
2026-05-06 17:35:18,3475.0,448.155,448.763,450.000,1.237,14.325200,100.838000,51.501900,0.716319,18.000000,97.057514,0.000000,0.000000,0.000000,0.000000,0.000000,0.000000,4.955360,0.000000,15.422518,4.531432,4.377279,-0.00196614,0.01917640,0.00138740,-0.190829,1.861214,0.134657,0.190829,5.146189,3.094146,4.820703,2.593505,3.254870,,,,,within deadband and CO2 rising; MFC zero
2026-05-06 17:35:29,3486.0,447.883,448.465,450.000,1.535,14.322600,100.840000,51.508500,0.714724,18.000000,97.059439,0.000000,0.000000,0.000000,0.000000,0.000000,0.000000,4.097090,0.000000,15.422518,4.497014,4.359343,-0.01267828,0.00715651,-0.01553763,-1.230547,0.694607,-1.508074,1.230547,5.327637,3.402483,5.605164,2.845694,3.241533,,,,,within deadband and CO2 rising; MFC zero
2026-05-06 17:35:40,3497.0,447.888,448.132,450.000,1.868,14.326000,100.839000,51.511800,0.717217,18.000000,97.058477,1.341081,1.341081,1.341081,0.000000,0.000000,0.000000,3.206340,0.000000,15.422518,4.470268,4.363285,-0.03600131,-0.00539270,-0.02737464,-3.494233,-0.523407,-2.656941,3.494233,6.700572,3.729747,5.863281,3.309343,3.244464,,,,,within lower deadband; partial feedforward
2026-05-06 17:35:51,3508.0,447.431,447.786,450.000,2.214,14.325100,100.836000,51.508500,0.716583,18.000000,97.055589,8.880243,6.341081,6.341081,0.000000,0.000000,0.000000,2.292404,0.000000,15.422518,4.453177,4.384810,-0.02542417,-0.01670679,-0.03051262,-2.467558,-1.621487,-2.961420,2.467558,4.759962,3.913891,5.253824,3.654596,3.260470,,,,,below deadband; feedforward + feedback
2026-05-06 17:36:02,3519.0,447.351,447.507,450.000,2.493,14.333100,100.834000,51.505200,0.715810,18.000000,97.053664,9.428338,9.428338,9.428338,6.281250,6.281250,4.675277,1.444048,4.712437,15.471751,4.442404,4.399314,-0.02257670,-0.02343584,-0.02850939,-2.191152,-2.274534,-2.766940,6.866429,3.635200,3.718582,4.210989,3.802652,3.271255,,,,,below deadband; feedforward + feedback
2026-05-06 17:36:13,3530.0,448.129,447.326,450.000,2.674,14.327500,100.834000,51.501800,0.715616,18.000000,97.053664,9.795504,9.795504,9.795504,9.418750,9.418750,6.994326,1.196807,7.037560,15.548439,4.448037,4.470570,-0.01106803,-0.02523691,-0.02218192,-1.074193,-2.449334,-2.152836,8.068519,2.271000,3.646141,3.349643,3.916407,3.324240,,,,,below deadband; feedforward + feedback
2026-05-06 17:36:24,3541.0,447.763,447.344,450.000,2.656,14.324600,100.837000,51.506800,0.715392,18.000000,97.056552,9.781316,9.781316,9.781316,9.787500,9.787500,7.259228,1.480401,7.300618,15.628235,4.468316,4.549432,-0.00944085,-0.02028873,-0.01041206,-0.916296,-1.969155,-1.010558,8.175524,2.396697,3.449556,2.490959,4.054061,3.382880,,,,,below deadband; feedforward + feedback
2026-05-06 17:36:35,3551.9,447.789,447.599,450.000,2.401,14.324200,100.835000,51.503500,0.714889,18.000000,97.054627,9.309164,9.309164,9.309164,9.756250,9.756250,7.254580,2.366762,7.199909,15.710739,4.506297,4.658222,-0.00827148,-0.01091510,0.00368811,-0.802786,-1.059361,0.357948,8.057366,3.169548,3.426124,2.008814,4.092957,3.463774,,,,,below deadband; feedforward + feedback
2026-05-06 17:36:45,3561.9,448.614,447.942,450.000,2.058,14.325000,100.836000,51.511800,0.717087,18.000000,97.055589,8.665713,8.665713,8.665713,9.293750,9.293750,6.919968,3.204377,6.965943,15.780109,4.549313,4.721374,0.02108522,-0.00011900,0.01945326,2.046438,-0.011549,1.888048,4.873530,1.157939,3.215927,1.316330,3.840527,3.510733,,,,,below deadband; feedforward + feedback
2026-05-06 17:36:56,3572.9,448.822,448.220,450.000,1.780,14.324400,100.834000,51.506800,0.714275,18.000000,97.053664,0.000000,3.665713,3.665713,8.593750,8.593750,6.436639,4.048292,6.489608,15.851287,4.585503,4.730266,0.02639031,0.00921798,0.02757956,2.561277,0.894639,2.676697,3.875363,1.487016,3.153654,1.371595,3.433952,3.517345,,,,,within deadband and CO2 rising; MFC zero
2026-05-06 17:37:07,3583.9,448.840,448.594,450.000,1.406,14.327600,100.834000,51.500200,0.716556,18.000000,97.053664,0.000000,0.000000,0.000000,3.618750,3.618750,2.714078,4.795283,2.733423,15.881177,4.601626,4.666115,0.02640739,0.01877428,0.03044483,2.562934,1.822113,2.954782,0.151143,2.232349,2.973171,1.840501,3.090032,3.469644,,,,,within deadband and CO2 rising; MFC zero
2026-05-06 17:37:18,3594.9,448.855,448.802,450.000,1.198,14.330600,100.836000,51.503500,0.715618,18.000000,97.055589,0.000000,0.000000,0.000000,0.000000,0.000000,0.000000,5.097416,0.000000,15.881177,4.585522,4.521107,0.02001729,0.02409035,0.02597999,1.942790,2.338103,2.521503,-1.942790,3.154626,2.759312,2.575912,2.696037,3.361817,,,,,within deadband and CO2 rising; MFC zero
2026-05-06 17:37:29,3605.9,448.693,448.906,450.000,1.094,14.328600,100.833000,51.506800,0.719211,18.000000,97.052702,0.000000,0.000000,0.000000,0.000000,0.000000,0.000000,5.097416,0.000000,15.881177,4.540188,4.358852,0.01130533,0.02338289,0.01836106,1.097213,2.269372,1.781990,-1.097213,4.000203,2.828043,3.315425,2.611620,3.241168,,,,,within deadband and CO2 rising; MFC zero
2026-05-06 17:37:40,3616.9,448.419,448.721,450.000,1.279,14.335600,100.837000,51.508500,0.716173,18.000000,97.056552,0.000000,0.000000,0.000000,0.000000,0.000000,0.000000,4.654261,0.000000,15.881177,4.487536,4.276926,0.00294922,0.01528950,0.00195727,0.286241,1.483946,0.189966,-0.286241,4.368020,3.170315,4.464295,2.693044,3.180249,,,,,within deadband and CO2 rising; MFC zero
2026-05-06 17:37:51,3627.9,447.951,448.442,450.000,1.558,14.332800,100.838000,51.503500,0.712740,18.000000,97.057514,0.000000,0.000000,0.000000,0.000000,0.000000,0.000000,3.853412,0.000000,15.881177,4.434489,4.222304,-0.01157652,0.00590183,-0.01403864,-1.123588,0.572817,-1.362555,1.123588,4.977000,3.280595,5.215967,2.993711,3.139633,,,,,within deadband and CO2 rising; MFC zero
2026-05-06 17:38:02,3638.9,447.780,448.131,450.000,1.869,14.326900,100.834000,51.508500,0.718652,18.000000,97.053664,1.317002,1.317002,1.317002,0.000000,0.000000,0.000000,2.972937,0.000000,15.881177,4.390007,4.212076,-0.01962751,-0.00420562,-0.02393373,-1.904922,-0.408171,-2.322857,1.904922,4.877860,3.381108,5.295794,3.269396,3.132027,,,,,within lower deadband; partial feedforward
2026-05-06 17:38:13,3649.9,447.214,447.855,450.000,2.145,14.318000,100.835000,51.510200,0.714393,18.000000,97.054627,8.642486,6.317002,6.317002,0.000000,0.000000,0.000000,2.054199,0.000000,15.881177,4.353420,4.207071,-0.03142505,-0.01379052,-0.02749039,-3.049947,-1.338434,-2.668069,3.049947,5.104146,3.392633,4.722269,3.484351,3.128306,,,,,below deadband; feedforward + feedback
2026-05-06 17:38:24,3660.9,447.327,447.530,450.000,2.470,14.318600,100.837000,51.505200,0.715718,18.000000,97.056552,9.270673,9.270673,9.270673,0.000000,0.000000,0.000000,1.239924,0.000000,15.933299,4.331006,4.241352,-0.02591575,-0.02272298,-0.02803829,-2.515293,-2.205415,-2.721300,2.515293,3.755218,3.445339,3.961224,3.772937,3.153797,,,,,below deadband; feedforward + feedback
2026-05-06 17:38:35,3671.9,446.838,447.276,450.000,2.724,14.329300,100.836000,51.506800,0.715082,18.000000,97.055589,9.770022,9.770022,9.770022,9.237500,9.237500,6.868847,1.017159,6.921807,16.004764,4.322822,4.290086,-0.02118677,-0.02537347,-0.02371893,-2.056295,-2.462637,-2.302055,8.925142,3.073454,3.479796,3.319214,3.949208,3.190035,,,,,below deadband; feedforward + feedback
2026-05-06 17:38:46,3682.9,447.117,447.172,450.000,2.828,14.325100,100.835000,51.500200,0.715866,18.000000,97.054627,9.995071,9.995071,9.995071,9.750000,9.750000,7.249933,1.483499,7.299040,16.084308,4.339871,4.408067,-0.01377996,-0.02348394,-0.01888117,-1.337409,-2.279225,-1.832505,8.587342,2.820909,3.762725,3.316005,4.014604,3.277763,,,,,below deadband; feedforward + feedback
2026-05-06 17:38:57,3693.9,447.758,447.231,450.000,2.769,14.327300,100.837000,51.505200,0.715684,18.000000,97.056552,9.926150,9.926150,9.926150,9.993750,9.993750,7.417239,2.339962,7.466424,16.165826,4.388950,4.585269,0.00062713,-0.01653910,-0.00555649,0.060867,-1.605228,-0.539294,7.356372,2.279095,3.945191,2.879256,3.917323,3.409527,,,,,below deadband; feedforward + feedback
2026-05-06 17:39:08,3704.9,448.209,447.593,450.000,2.407,14.327200,100.835000,51.508500,0.715694,18.000000,97.054627,9.272345,9.272345,9.272345,9.918750,9.918750,7.375413,3.246152,7.419208,16.246966,4.457612,4.732257,0.00903403,-0.00582740,0.01151605,0.876794,-0.565577,1.117686,6.498618,2.369358,3.811729,2.128466,3.736118,3.518826,,,,,below deadband; feedforward + feedback
2026-05-06 17:39:19,3715.9,448.877,448.130,450.000,1.870,14.308400,100.834000,51.506800,0.715755,18.000000,97.053664,0.000000,4.272345,4.272345,9.325000,9.325000,6.864199,4.144493,6.919721,16.323923,4.518633,4.762716,0.02528862,0.00793727,0.03045604,2.454353,0.770341,2.955871,4.409846,1.690140,3.374153,1.188623,3.438575,3.541474,,,,,within deadband and CO2 rising; MFC zero
2026-05-06 17:39:30,3726.9,448.774,448.560,450.000,1.440,14.321100,100.834000,51.498500,0.718503,18.000000,97.053664,0.000000,0.000000,0.000000,3.706250,3.706250,3.164875,4.955050,3.187943,16.358738,4.562004,4.735487,0.03496678,0.01913047,0.04042416,3.393654,1.856683,3.923313,-0.228779,1.561396,3.098368,1.031738,3.059064,3.521227,,,,,within deadband and CO2 rising; MFC zero
2026-05-06 17:39:41,3737.9,448.826,448.911,450.000,1.089,14.324000,100.835000,51.501800,0.717199,18.000000,97.054627,0.000000,0.000000,0.000000,0.000000,0.000000,0.000000,5.307013,0.000000,16.358738,4.576199,4.632983,0.02322076,0.02691148,0.03682022,2.253682,2.611884,3.573573,-2.253682,3.053331,2.695129,1.733440,2.856339,3.445007,,,,,within deadband and CO2 rising; MFC zero
2026-05-06 17:39:52,3748.9,448.831,448.870,450.000,1.130,14.317800,100.834000,51.503500,0.714543,18.000000,97.053664,0.000000,0.000000,0.000000,0.000000,0.000000,0.000000,5.307013,0.000000,16.358738,4.567576,4.533082,0.02656037,0.02661358,0.02096072,2.577781,2.582945,2.034314,-2.577781,2.729232,2.724068,3.272699,2.592459,3.370722,,,,,within deadband and CO2 rising; MFC zero
2026-05-06 17:40:03,3759.9,448.266,448.719,450.000,1.281,14.328200,100.834000,51.510200,0.715672,18.000000,97.053664,0.000000,0.000000,0.000000,0.000000,0.000000,0.000000,4.727586,0.000000,16.358738,4.537911,4.419253,0.00084748,0.02106072,0.00188376,0.082251,2.044020,0.182826,-0.082251,4.645336,2.683566,4.544761,2.691361,3.286081,,,,,within deadband and CO2 rising; MFC zero
2026-05-06 17:40:14,3770.9,448.000,448.450,450.000,1.550,14.325800,100.836000,51.501800,0.714795,18.000000,97.055589,0.000000,0.000000,0.000000,0.000000,0.000000,0.000000,4.008841,0.000000,16.358738,4.503240,4.364555,-0.00896628,0.00922249,-0.01492974,-0.870227,0.895094,-1.449015,0.870227,4.879068,3.113747,5.457856,2.891985,3.245408,,,,,within deadband and CO2 rising; MFC zero
2026-05-06 17:40:25,3781.9,447.577,448.119,450.000,1.881,14.322100,100.838000,51.505200,0.719217,18.000000,97.057514,1.340887,1.340887,1.340887,0.000000,0.000000,0.000000,3.129296,0.000000,16.358738,4.469624,4.335159,-0.02833963,-0.00449944,-0.02523285,-2.750574,-0.436704,-2.449038,2.750574,5.879870,3.566000,5.578334,3.231870,3.223550,,,,,within lower deadband; partial feedforward
2026-05-06 17:40:36,3792.9,447.046,447.738,450.000,2.262,14.328700,100.835000,51.506800,0.715774,18.000000,97.054627,8.962978,6.340887,6.340887,0.000000,0.000000,0.000000,2.225327,0.000000,16.358738,4.438644,4.314726,-0.03525493,-0.01631161,-0.02849254,-3.421654,-1.583118,-2.765333,3.421654,5.646980,3.808444,4.990660,3.606079,3.208356,,,,,below deadband; feedforward + feedback
2026-05-06 17:40:47,3803.9,447.000,447.431,450.000,2.569,14.321200,100.837000,51.503500,0.715827,18.000000,97.056552,9.545665,9.545665,9.545665,6.262500,6.262500,4.661335,1.325746,4.697408,16.388814,4.408399,4.287417,-0.02935703,-0.02373075,-0.03060519,-2.849292,-2.303225,-2.970434,7.510627,4.175038,3.628971,4.296180,3.806710,3.188050,,,,,below deadband; feedforward + feedback
2026-05-06 17:40:58,3814.9,446.628,447.141,450.000,2.859,14.328200,100.834000,51.503500,0.715627,18.000000,97.053664,10.107434,10.107434,10.107434,9.531250,9.531250,7.077980,0.873916,7.131317,16.466404,4.389034,4.311574,-0.03503464,-0.02742715,-0.02929290,-3.400241,-2.661905,-2.842984,10.478220,4.274157,3.535822,3.716900,4.093823,3.206013,,,,,below deadband; feedforward + feedback
2026-05-06 17:41:09,3825.9,448.183,447.126,450.000,2.874,14.314700,100.834000,51.506800,0.715789,18.000000,97.053664,10.132998,10.132998,10.132998,9.056250,9.056250,6.817726,1.312630,6.870734,16.558405,4.385331,4.370521,-0.00079663,-0.02246411,-0.01509410,-0.077316,-2.180224,-1.464938,6.895041,1.389946,3.492854,2.777568,4.074773,3.249845,,,,,below deadband; feedforward + feedback
2026-05-06 17:41:20,3836.9,448.133,447.304,450.000,2.696,14.318200,100.834000,51.506800,0.718065,18.000000,97.053664,9.807088,9.807088,9.807088,10.112500,10.112500,7.519482,2.270871,7.572129,16.637908,4.414888,4.533115,0.00864422,-0.01558289,-0.00010917,0.838954,-1.512377,-0.010596,6.680528,1.431917,3.783248,2.281467,3.894616,3.370747,,,,,below deadband; feedforward + feedback
2026-05-06 17:41:31,3847.9,448.077,447.627,450.000,2.373,14.329500,100.837000,51.500200,0.715735,18.000000,97.056552,9.213667,9.213667,9.213667,9.800000,9.800000,7.287112,3.183877,7.344785,16.718201,4.467267,4.676781,0.00844099,-0.00516850,0.01444978,0.819254,-0.501636,1.402446,6.467858,2.364624,3.685514,1.781431,3.854104,3.477574,,,,,below deadband; feedforward + feedback
2026-05-06 17:41:42,3858.9,448.200,447.926,450.000,2.074,14.326300,100.835000,51.510100,0.715581,18.000000,97.054627,8.680879,8.680879,8.680879,9.206250,9.206250,6.850257,4.071839,6.894640,16.793722,4.532013,4.790997,0.01796647,0.00642848,0.02676077,1.743729,0.623913,2.597257,5.106529,2.328111,3.447926,1.474583,3.596635,3.562503,,,,,below deadband; feedforward + feedback
2026-05-06 17:41:53,3869.9,448.586,448.353,450.000,1.647,14.325500,100.836000,51.506800,0.717515,18.000000,97.055589,0.000000,3.680879,3.680879,8.668750,8.668750,6.450581,4.906563,6.499093,16.864950,4.586922,4.806559,0.02500052,0.01739900,0.03158470,2.426440,1.688670,3.065471,4.024141,2.480122,3.217892,1.841091,3.330085,3.574075,,,,,within deadband and CO2 rising; MFC zero
2026-05-06 17:42:04,3880.9,448.962,448.778,450.000,1.222,14.326400,100.836000,51.505200,0.719263,18.000000,97.055589,0.000000,0.000000,0.000000,3.662500,3.662500,2.737314,5.655154,2.756784,16.895014,4.614304,4.723833,0.03242436,0.02722950,0.03363254,3.146965,2.642775,3.264226,-0.409651,2.508189,3.012380,2.390928,2.955454,3.512561,,,,,within deadband and CO2 rising; MFC zero
2026-05-06 17:42:15,3891.9,449.028,449.082,450.000,0.918,14.325600,100.837000,51.506800,0.714956,18.000000,97.056552,0.000000,0.000000,0.000000,13.993750,13.993750,9.782762,5.958577,9.843946,16.904858,4.611384,4.599702,0.02449211,0.03071251,0.03285769,2.377120,2.980850,3.189054,7.405642,3.581458,2.977727,2.769524,2.725951,3.420259,,,,,within deadband and CO2 rising; MFC zero
2026-05-06 17:42:26,3902.9,448.377,449.090,450.000,0.910,14.313700,100.836000,51.501900,0.716323,18.000000,97.055589,0.000000,0.000000,0.000000,0.000000,0.000000,0.000000,5.887627,0.000000,16.915498,4.600777,4.558351,0.01042412,0.02612299,0.01809294,1.011719,2.535383,1.756021,-1.011719,4.875909,3.352245,4.131607,2.803826,3.389512,,,,,within deadband and CO2 rising; MFC zero
2026-05-06 17:42:37,3913.9,448.852,448.976,450.000,1.024,14.314500,100.835000,51.506800,0.715383,18.000000,97.054627,0.000000,0.000000,0.000000,0.000000,0.000000,0.000000,5.066071,0.000000,16.915498,4.583929,4.516537,0.00893239,0.01865014,0.00409650,0.866930,1.810082,0.397584,-0.866930,4.199142,3.255989,4.668487,2.795491,3.358420,,,,,within deadband and CO2 rising; MFC zero
2026-05-06 17:42:48,3924.9,448.327,448.711,450.000,1.289,14.325000,100.837000,51.506800,0.717341,18.000000,97.056552,0.000000,0.000000,0.000000,0.000000,0.000000,0.000000,4.041166,0.000000,16.915498,4.560930,4.468934,-0.00666114,0.00893175,-0.01192945,-0.646507,0.866885,-1.157831,0.646507,4.687673,3.174281,5.198997,3.161905,3.323022,,,,,within deadband and CO2 rising; MFC zero
2026-05-06 17:42:59,3935.9,447.635,448.422,450.000,1.578,14.330800,100.837000,51.506800,0.713371,18.000000,97.056552,1.359752,1.359752,1.359752,0.000000,0.000000,0.000000,3.165030,0.000000,16.915498,4.532506,4.418811,-0.02611919,-0.00291363,-0.02161141,-2.535039,-0.282787,-2.097529,2.535039,5.700069,3.447816,5.262559,3.636144,3.285752,,,,,within lower deadband; partial feedforward
2026-05-06 17:43:10,3946.9,447.415,448.083,450.000,1.917,14.318400,100.836000,51.505200,0.717238,18.000000,97.055589,1.352351,1.352351,1.352351,0.000000,0.000000,0.000000,2.270355,0.000000,16.915498,4.507835,4.409151,-0.02689883,-0.01391484,-0.02751124,-2.610682,-1.350513,-2.670120,2.610682,4.881037,3.620868,4.940475,3.915745,3.278569,,,,,within lower deadband; partial feedforward
2026-05-06 17:43:21,3957.9,447.232,447.760,450.000,2.240,14.324600,100.837000,51.501800,0.716779,18.000000,97.056552,8.973242,6.352351,6.352351,0.000000,0.000000,0.000000,1.426285,0.000000,16.915498,4.492308,4.430201,-0.02237332,-0.02228095,-0.02815212,-2.171477,-2.162512,-2.732348,2.171477,3.597762,3.588797,4.158633,4.056818,3.294222,,,,,below deadband; feedforward + feedback
2026-05-06 17:43:31,3967.9,447.001,447.486,450.000,2.514,14.320100,100.837000,51.505200,0.714953,18.000000,97.056552,9.508879,9.508879,9.508879,6.306250,6.306250,4.675277,0.702169,4.709397,16.961621,4.480012,4.430826,-0.03250901,-0.02596328,-0.02918135,-3.155212,-2.519906,-2.832241,7.830490,3.857382,3.222076,3.534411,4.209847,3.294687,,,,,below deadband; feedforward + feedback
2026-05-06 17:43:42,3978.9,447.678,447.276,450.000,2.724,14.309600,100.837000,51.505200,0.716100,18.000000,97.056552,9.929217,9.929217,9.929217,9.468750,9.468750,7.050095,0.873865,7.105174,17.038952,4.481751,4.488706,-0.01589873,-0.02602460,-0.02440819,-1.543076,-2.525858,-2.368975,8.593171,2.416940,3.399722,3.242840,4.199708,3.337725,,,,,below deadband; feedforward + feedback
2026-05-06 17:43:53,3989.9,447.747,447.272,450.000,2.728,14.317100,100.837000,51.506800,0.716951,18.000000,97.056552,9.960529,9.960529,9.960529,9.931250,9.931250,7.370765,1.676263,7.429276,17.119858,4.505196,4.598978,-0.00566111,-0.02101282,-0.01188960,-0.549448,-2.039432,-1.153963,7.920213,2.225711,3.715695,2.830226,4.049069,3.419721,,,,,below deadband; feedforward + feedback
2026-05-06 17:44:04,4000.9,448.140,447.560,450.000,2.440,14.318000,100.839000,51.505200,0.715540,18.000000,97.058477,9.408477,9.408477,9.408477,9.925000,9.925000,7.380060,2.351891,7.439110,17.204907,4.528611,4.622269,0.00335604,-0.01191269,0.00489514,0.325732,-1.156227,0.475115,7.054328,2.026158,3.508118,1.876776,3.732430,3.437040,,,,,below deadband; feedforward + feedback
2026-05-06 17:44:15,4011.9,448.376,447.903,450.000,2.097,14.314800,100.839000,51.510200,0.719373,18.000000,97.058477,8.745246,8.745246,8.745246,9.393750,9.393750,6.985032,3.293762,7.031917,17.281942,4.550246,4.636787,0.01205108,-0.00061180,0.01965060,1.169659,-0.059381,1.907258,5.815372,2.124103,3.353143,1.386505,3.501871,3.447835,,,,,below deadband; feedforward + feedback
2026-05-06 17:44:26,4022.9,449.162,448.311,450.000,1.689,14.316900,100.840000,51.510200,0.713569,18.000000,97.059439,0.000000,3.745246,3.745246,8.812500,8.812500,6.506350,4.144597,6.556838,17.353723,4.564154,4.619784,0.02647508,0.01116943,0.03269168,2.569657,1.084099,3.173036,3.936694,1.574940,3.060498,0.971560,3.156011,3.435193,,,,,within deadband and CO2 rising; MFC zero
2026-05-06 17:44:37,4033.9,448.563,448.670,450.000,1.330,14.321800,100.840000,51.505200,0.716602,18.000000,97.059439,0.000000,0.000000,0.000000,3.712500,3.712500,2.779141,4.898714,2.802103,17.384299,4.557430,4.530537,0.03232269,0.02110217,0.03336359,3.137223,2.048165,3.238252,-0.358082,1.761491,2.850549,1.660462,2.718392,3.368830,,,,,within deadband and CO2 rising; MFC zero
2026-05-06 17:44:48,4044.9,448.918,448.843,450.000,1.157,14.324000,100.838000,51.510200,0.717786,18.000000,97.057514,0.000000,0.000000,0.000000,0.000000,0.000000,0.000000,5.207507,0.000000,17.384299,4.524137,4.390963,0.02737349,0.02597123,0.02753019,2.656803,2.520703,2.672011,-2.656803,2.550705,2.686804,2.535496,2.459466,3.265045,,,,,within deadband and CO2 rising; MFC zero
2026-05-06 17:44:59,4055.9,448.916,448.928,450.000,1.072,14.320800,100.836000,51.511800,0.719204,18.000000,97.055589,0.000000,0.000000,0.000000,0.000000,0.000000,0.000000,5.207507,0.000000,17.384299,4.471316,4.260031,0.01169531,0.02570626,0.01655255,1.135095,2.494936,1.606518,-1.135095,4.072412,2.712571,3.600989,2.512205,3.167686,,,,,within deadband and CO2 rising; MFC zero
2026-05-06 17:45:10,4066.9,448.385,448.844,450.000,1.156,14.324200,100.838000,51.506800,0.715305,18.000000,97.057514,0.000000,0.000000,0.000000,0.000000,0.000000,0.000000,4.747777,0.000000,17.384299,4.423220,4.230838,0.00254242,0.01773245,0.00244204,0.246761,1.721067,0.237018,-0.246761,4.501016,3.026709,4.510758,2.583720,3.145979,,,,,within deadband and CO2 rising; MFC zero
2026-05-06 17:45:21,4077.9,448.231,448.556,450.000,1.444,14.319200,100.841000,51.506800,0.716547,18.000000,97.060402,0.000000,0.000000,0.000000,0.000000,0.000000,0.000000,3.914912,0.000000,17.384299,4.380298,4.208611,0.00183055,0.00684049,-0.01173095,0.177674,0.663941,-1.138611,-0.177674,3.737238,3.250972,5.053523,2.730419,3.129451,,,,,within deadband and CO2 rising; MFC zero
2026-05-06 17:45:32,4088.9,448.003,448.238,450.000,1.762,14.320000,100.841000,51.505200,0.715564,18.000000,97.060402,1.301154,1.301154,1.301154,0.000000,0.000000,0.000000,3.019566,0.000000,17.384299,4.337180,4.164708,-0.01025443,-0.00414504,-0.02097686,-0.995299,-0.402319,-2.036022,0.995299,4.014866,3.421886,5.055588,2.929214,3.096806,,,,,within lower deadband; partial feedforward
2026-05-06 17:45:43,4099.9,447.452,447.874,450.000,2.126,14.311200,100.840000,51.503500,0.717799,18.000000,97.059439,8.556358,6.301154,6.301154,0.000000,0.000000,0.000000,2.075009,0.000000,17.384299,4.304092,4.171738,-0.02622138,-0.01524997,-0.02796797,-2.545032,-1.480154,-2.714556,2.545032,4.620042,3.555163,4.789565,3.217424,3.102033,,,,,below deadband; feedforward + feedback
2026-05-06 17:45:54,4110.9,447.532,447.602,450.000,2.398,14.316200,100.838000,51.500200,0.719145,18.000000,97.057514,9.073950,9.073950,9.073950,9.756250,9.756250,7.389355,1.256603,7.437192,17.442313,4.278417,4.175717,-0.02266147,-0.02187536,-0.02869817,-2.199466,-2.123168,-2.785373,9.588821,3.456070,3.379772,4.041977,3.365420,3.104992,,,,,below deadband; feedforward + feedback
2026-05-06 17:46:05,4121.9,446.932,447.377,450.000,2.623,14.321400,100.836000,51.506800,0.718072,18.000000,97.055589,9.516393,9.516393,9.516393,9.037500,9.037500,6.729425,1.116201,6.783348,17.504744,4.270327,4.237967,-0.02220377,-0.02432513,-0.02617075,-2.155000,-2.360890,-2.540017,8.884425,3.271201,3.477090,3.656218,3.553893,3.151280,,,,,below deadband; feedforward + feedback
2026-05-06 17:46:16,4132.9,447.477,447.243,450.000,2.757,14.311400,100.838000,51.498500,0.715445,18.000000,97.057514,9.803176,9.803176,9.803176,9.493750,9.493750,7.059390,1.444823,7.105263,17.582216,4.289509,4.366239,-0.00581369,-0.02332795,-0.01649838,-0.564263,-2.264153,-1.601292,7.623652,2.009085,3.708976,3.046115,3.581404,3.246660,,,,,below deadband; feedforward + feedback
2026-05-06 17:46:27,4143.9,447.728,447.474,450.000,2.526,14.321700,100.838000,51.510200,0.714363,18.000000,97.057514,9.386973,9.386973,9.386973,9.787500,9.787500,7.282465,2.277945,7.331200,17.662197,4.334040,4.512162,-0.00286446,-0.01427417,-0.00024473,-0.278018,-1.385416,-0.023753,7.560483,2.555963,3.663361,2.301698,3.581988,3.355167,,,,,below deadband; feedforward + feedback
2026-05-06 17:46:38,4154.9,448.289,447.895,450.000,2.105,14.312400,100.838000,51.510200,0.717815,18.000000,97.057514,8.603075,8.603075,8.603075,9.375000,9.375000,6.975737,3.165494,7.028843,17.739138,4.392342,4.625551,0.01369527,-0.00315176,0.01663151,1.329228,-0.305902,1.614213,5.646508,1.836266,3.471396,1.551281,3.333527,3.439481,,,,,below deadband; feedforward + feedback
2026-05-06 17:46:49,4165.9,449.531,448.321,450.000,1.679,14.314700,100.839000,51.510200,0.713972,18.000000,97.058477,0.000000,3.603075,3.603075,7.937500,7.937500,6.190327,4.015038,6.231962,17.815530,4.441772,4.639491,0.03703456,0.00922165,0.03202633,3.594518,0.895039,3.108427,2.595810,0.420520,3.119998,0.906611,2.880139,3.449846,,,,,within deadband and CO2 rising; MFC zero
2026-05-06 17:47:00,4176.9,448.711,448.612,450.000,1.388,14.314700,100.837000,51.506800,0.717227,18.000000,97.056552,0.000000,0.000000,0.000000,3.537500,3.537500,2.672251,4.821670,2.649754,17.839733,4.473986,4.602845,0.02630559,0.01871014,0.03675083,2.553129,1.815942,3.566909,0.119122,2.268541,3.005728,1.254762,2.716950,3.422597,,,,,within deadband and CO2 rising; MFC zero
2026-05-06 17:47:10,4186.9,448.986,448.819,450.000,1.181,14.314400,100.841000,51.501900,0.715202,18.000000,97.060402,0.000000,0.000000,0.000000,0.000000,0.000000,0.000000,5.059100,0.000000,17.839733,4.479383,4.500972,0.02442413,0.02389209,0.02720772,2.370616,2.318976,2.640792,-2.370616,2.688484,2.740125,2.418308,2.569575,3.346845,,,,,within deadband and CO2 rising; MFC zero
2026-05-06 17:47:21,4197.9,448.445,448.826,450.000,1.174,14.318600,100.837000,51.501900,0.717070,18.000000,97.056552,0.000000,0.000000,0.000000,0.000000,0.000000,0.000000,5.059100,0.000000,17.839733,4.459904,4.381988,0.00440693,0.02369966,0.01554688,0.427722,2.300207,1.508926,-0.427722,4.631379,2.758894,3.550174,2.570834,3.258371,,,,,within deadband and CO2 rising; MFC zero
2026-05-06 17:47:32,4208.9,448.381,448.656,450.000,1.344,14.318700,100.838000,51.510200,0.714912,18.000000,97.057514,0.000000,0.000000,0.000000,0.000000,0.000000,0.000000,4.613106,0.000000,17.839733,4.430294,4.311853,0.00488154,0.01754315,-0.00016447,0.473790,1.702695,-0.015963,-0.473790,4.139316,2.910411,4.629068,2.646751,3.206220,,,,,within deadband and CO2 rising; MFC zero
2026-05-06 17:47:43,4219.9,447.764,448.349,450.000,1.651,14.314600,100.839000,51.503500,0.715451,18.000000,97.058477,0.000000,0.000000,0.000000,0.000000,0.000000,0.000000,3.871537,0.000000,17.839733,4.404727,4.302461,-0.00952565,0.00471157,-0.01585540,-0.924545,0.457298,-1.538901,0.924545,4.796081,3.414239,5.410437,2.816182,3.199236,,,,,within deadband and CO2 rising; MFC zero
2026-05-06 17:47:54,4230.9,447.617,448.020,450.000,1.980,14.318000,100.836000,51.503500,0.716176,18.000000,97.055589,1.314888,1.314888,1.314888,0.000000,0.000000,0.000000,3.018069,0.000000,17.839733,4.382959,4.295887,-0.02289876,-0.00666537,-0.02515724,-2.222453,-0.646912,-2.441651,2.222453,5.240522,3.664980,5.459719,3.175230,3.194348,,,,,within lower deadband; partial feedforward
2026-05-06 17:48:05,4241.9,446.944,447.655,450.000,2.345,14.317100,100.838000,51.510200,0.718976,18.000000,97.057514,9.062887,6.314888,6.314888,0.000000,0.000000,0.000000,2.134238,0.000000,17.839733,4.371953,4.327930,-0.03303459,-0.01796424,-0.03224440,-3.206256,-1.743565,-3.129561,3.206256,5.340493,3.877802,5.263799,3.484622,3.218175,,,,,below deadband; feedforward + feedback
2026-05-06 17:48:16,4252.9,446.912,447.333,450.000,2.667,14.314300,100.837000,51.510200,0.717808,18.000000,97.056552,9.705736,9.705736,9.705736,6.262500,6.262500,4.656688,1.313302,4.694976,17.888692,4.371936,4.371865,-0.02683169,-0.02526484,-0.03038350,-2.604191,-2.452118,-2.948917,7.260879,3.917492,3.765420,4.262219,3.715870,3.250844,,,,,below deadband; feedforward + feedback
2026-05-06 17:48:27,4263.9,446.849,447.137,450.000,2.863,14.322600,100.839000,51.495200,0.713362,18.000000,97.058477,10.111650,10.111650,10.111650,9.693750,9.693750,7.203459,1.052738,7.262757,17.967718,4.386117,4.442841,-0.02201738,-0.02619293,-0.02469789,-2.136973,-2.542246,-2.397139,9.340432,3.189711,3.594984,3.449877,4.023558,3.303620,,,,,below deadband; feedforward + feedback
2026-05-06 17:48:38,4274.9,447.528,447.166,450.000,2.834,14.319600,100.836000,51.510100,0.717817,18.000000,97.055589,10.085661,10.085661,10.085661,14.362500,14.362500,10.582114,1.563641,10.664817,18.053242,4.417928,4.545171,-0.01437320,-0.02191430,-0.01297542,-1.394999,-2.126905,-1.259337,11.977113,2.958640,3.690547,2.822978,4.100235,3.379711,,,,,below deadband; feedforward + feedback
2026-05-06 17:48:49,4285.9,447.443,447.462,450.000,2.538,14.317600,100.837000,51.511800,0.713925,18.000000,97.056552,9.545712,9.545712,9.545712,10.056250,10.056250,7.482303,2.472465,7.540164,18.132150,4.469378,4.675181,-0.00515263,-0.01172227,0.00562672,-0.500097,-1.137723,0.546110,7.982399,2.972561,3.610187,1.926355,4.131800,3.476385,,,,,below deadband; feedforward + feedback
2026-05-06 17:49:00,4296.9,448.069,447.693,450.000,2.307,14.307900,100.837000,51.498500,0.714441,18.000000,97.056552,9.147996,9.147996,9.147996,9.537500,9.537500,7.091922,3.329341,7.132708,18.210381,4.533462,4.789798,0.01306826,-0.00202557,0.01723617,1.268360,-0.196595,1.672883,5.823561,2.060980,3.525935,1.656457,3.846200,3.561612,,,,,below deadband; feedforward + feedback
2026-05-06 17:49:11,4307.9,448.574,448.083,450.000,1.917,14.318000,100.838000,51.498500,0.714441,18.000000,97.057514,0.000000,4.147996,4.147996,9.156250,9.156250,6.803783,4.194892,6.859588,18.285351,4.592798,4.830140,0.02301753,0.01045261,0.02914965,2.234024,1.014504,2.829193,4.569759,1.960868,3.180387,1.365699,3.604150,3.591609,,,,,within deadband and CO2 rising; MFC zero
2026-05-06 17:49:22,4318.9,448.484,448.534,450.000,1.466,14.319100,100.836000,51.510200,0.715442,18.000000,97.055589,0.000000,0.000000,0.000000,3.831250,3.831250,3.085869,4.985104,3.109301,18.319230,4.622940,4.743510,0.01649183,0.02215855,0.03530548,1.600624,2.150611,3.426594,1.485244,3.384479,2.834492,1.558510,3.447305,3.527193,,,,,within deadband and CO2 rising; MFC zero
2026-05-06 17:49:33,4329.9,448.964,448.849,450.000,1.151,14.325500,100.838000,51.506800,0.712805,18.000000,97.057514,0.000000,0.000000,0.000000,0.000000,0.000000,0.000000,5.327410,0.000000,18.319230,4.617974,4.598109,0.02340725,0.02715390,0.03047535,2.271850,2.635490,2.957862,-2.271850,3.055560,2.691920,2.369548,3.204532,3.419075,,,,,within deadband and CO2 rising; MFC zero
2026-05-06 17:49:44,4340.9,448.813,448.942,450.000,1.058,14.315700,100.836000,51.503500,0.716579,18.000000,97.055589,0.000000,0.000000,0.000000,0.000000,0.000000,0.000000,5.327410,0.000000,18.319230,4.579373,4.424967,0.01271214,0.02687444,0.02434116,1.233784,2.608314,2.362446,-1.233784,4.093626,2.719096,2.964964,3.065991,3.290330,,,,,within deadband and CO2 rising; MFC zero
2026-05-06 17:49:55,4351.9,448.263,448.796,450.000,1.204,14.316500,100.836000,51.501900,0.715469,18.000000,97.055589,0.000000,0.000000,0.000000,0.000000,0.000000,0.000000,4.835044,0.000000,18.319230,4.521608,4.290549,-0.00044070,0.02028922,0.00693114,-0.042772,1.969182,0.672706,0.042772,4.877816,2.865862,4.162339,3.172694,3.190379,,,,,within deadband and CO2 rising; MFC zero
2026-05-06 17:50:06,4362.9,448.245,448.572,450.000,1.428,14.321600,100.834000,51.506800,0.716767,18.000000,97.053664,0.000000,0.000000,0.000000,0.000000,0.000000,0.000000,3.985346,0.000000,18.319230,4.458622,4.206678,-0.00489840,0.00980541,-0.01090062,-0.475408,0.951651,-1.057945,0.475408,4.460754,3.033695,5.043291,3.313921,3.128014,,,,,within deadband and CO2 rising; MFC zero
2026-05-06 17:50:17,4373.9,447.695,448.290,450.000,1.710,14.314400,100.836000,51.503500,0.716941,18.000000,97.055589,0.000000,0.000000,0.000000,0.000000,0.000000,0.000000,3.072701,0.000000,18.319230,4.389221,4.111620,-0.02469543,0.00018861,-0.02161307,-2.396830,0.018306,-2.097669,2.396830,5.469531,3.054395,5.170370,3.592908,3.057330,,,,,within deadband and CO2 rising; MFC zero
2026-05-06 17:50:28,4384.9,447.272,447.918,450.000,2.082,14.322600,100.835000,51.510200,0.715603,18.000000,97.054627,8.492391,5.000000,5.000000,0.000000,0.000000,0.000000,2.161709,0.000000,18.319230,4.327991,4.083068,-0.03322099,-0.01295559,-0.02690046,-3.224250,-1.257400,-2.610815,3.224250,5.385960,3.419109,4.772524,3.861064,3.036099,,,,,below deadband; feedforward + feedback
2026-05-06 17:50:39,4395.9,447.454,447.631,450.000,2.369,14.316500,100.834000,51.513500,0.716692,18.000000,97.053664,9.019017,9.019017,9.019017,4.937500,4.937500,3.620319,1.469247,3.645733,18.371000,4.280484,4.090457,-0.02708532,-0.02170075,-0.02808620,-2.628730,-2.106137,-2.725869,6.249049,4.097977,3.575385,4.195116,4.087397,3.041594,,,,,below deadband; feedforward + feedback
2026-05-06 17:50:50,4406.9,447.286,447.335,450.000,2.665,14.315700,100.835000,51.506800,0.716240,18.000000,97.054627,9.581138,9.581138,9.581138,8.993750,8.993750,6.678304,1.099108,6.715339,18.444389,4.252005,4.138090,-0.02064493,-0.02472890,-0.02758455,-2.003686,-2.400054,-2.677208,8.681990,3.102794,3.499163,3.776317,4.214278,3.077013,,,,,below deadband; feedforward + feedback
2026-05-06 17:51:01,4417.9,448.063,447.337,450.000,2.663,14.314000,100.835000,51.508500,0.716041,18.000000,97.054627,9.577861,9.577861,9.577861,9.550000,9.550000,7.105864,1.500178,7.155068,18.522330,4.252194,4.252950,-0.00206784,-0.02166806,-0.01596614,-0.200693,-2.102986,-1.549588,7.306557,1.700872,3.603164,3.049766,4.027210,3.162421,,,,,below deadband; feedforward + feedback
2026-05-06 17:51:12,4428.9,448.183,447.464,450.000,2.536,14.322200,100.832000,51.498500,0.717926,18.000000,97.051739,9.356571,9.356571,9.356571,9.568750,9.568750,7.110511,2.333714,7.161726,18.600560,4.285504,4.418743,0.00288141,-0.01512317,-0.00069612,0.279646,-1.467730,-0.067559,6.830865,2.054068,3.801445,2.401274,3.915933,3.285702,,,,,below deadband; feedforward + feedback
2026-05-06 17:51:23,4439.9,448.367,447.775,450.000,2.225,14.313300,100.831000,51.510200,0.719711,18.000000,97.050777,8.790670,8.790670,8.790670,9.362500,9.362500,6.957147,3.201951,7.016591,18.677157,4.341470,4.565334,0.01500031,-0.00513310,0.01380317,1.455791,-0.498172,1.339608,5.501356,1.746159,3.700122,1.862343,3.655103,3.394704,,,,,below deadband; feedforward + feedback
2026-05-06 17:51:34,4450.9,448.588,448.224,450.000,1.776,14.311400,100.834000,51.508500,0.716904,18.000000,97.053664,0.000000,3.790670,3.790670,2.837500,2.837500,2.240043,4.049274,2.255665,18.750778,4.399978,4.634012,0.01640737,0.00745779,0.02923367,1.592395,0.723806,2.837234,0.647648,2.456879,3.325468,1.212039,3.386110,3.445772,,,,,within deadband and CO2 rising; MFC zero
2026-05-06 17:51:45,4461.9,448.718,448.498,450.000,1.502,14.312400,100.833000,51.510200,0.717036,18.000000,97.052702,0.000000,0.000000,0.000000,3.743750,3.743750,2.820968,4.794044,2.839234,18.778155,4.451198,4.656077,0.02164451,0.01661653,0.02902063,2.100658,1.612679,2.816531,0.720309,2.693386,3.181365,1.977513,3.189736,3.462180,,,,,within deadband and CO2 rising; MFC zero
2026-05-06 17:51:56,4472.9,448.091,448.632,450.000,1.368,14.319600,100.835000,51.506800,0.714874,18.000000,97.054627,0.000000,0.000000,0.000000,0.000000,0.000000,0.000000,5.097416,0.000000,18.778155,4.494198,4.666199,0.01369518,0.02035230,0.02124940,1.329181,1.975285,2.062353,-1.329181,3.768235,3.122131,3.035063,3.000703,3.469706,,,,,within deadband and CO2 rising; MFC zero
2026-05-06 17:52:07,4483.9,448.438,448.517,450.000,1.483,14.308300,100.834000,51.506800,0.717648,18.000000,97.053664,0.000000,0.000000,0.000000,0.000000,0.000000,0.000000,5.097416,0.000000,18.778155,4.522222,4.634318,0.01047483,0.01949086,0.00881998,1.016621,1.891660,0.856012,-1.016621,4.080795,3.205756,4.241404,2.855685,3.446000,,,,,within deadband and CO2 rising; MFC zero
2026-05-06 17:52:18,4494.9,447.930,448.363,450.000,1.637,14.308800,100.832000,51.513500,0.716446,18.000000,97.051739,0.000000,0.000000,0.000000,0.000000,0.000000,0.000000,4.564463,0.000000,18.778155,4.541273,4.617475,-0.00550861,0.01135266,-0.00483820,-0.534620,1.101795,-0.469556,0.534620,5.099083,3.462668,5.034019,2.966919,3.433476,,,,,within deadband and CO2 rising; MFC zero
2026-05-06 17:52:29,4505.9,447.986,448.161,450.000,1.839,14.307600,100.832000,51.508500,0.719143,18.000000,97.051739,0.000000,0.000000,0.000000,0.000000,0.000000,0.000000,3.782978,0.000000,18.778155,4.558282,4.626319,-0.01122072,0.00231454,-0.01573139,-1.088991,0.224630,-1.526759,1.088991,4.871969,3.558348,5.309737,3.163494,3.440052,,,,,within deadband and CO2 rising; MFC zero
2026-05-06 17:52:39,4515.9,447.439,447.907,450.000,2.093,14.308400,100.831000,51.501900,0.718244,18.000000,97.050777,8.758561,5.000000,5.000000,0.000000,0.000000,0.000000,3.000822,0.000000,18.778155,4.572828,4.631012,-0.01554267,-0.00653005,-0.01918341,-1.508429,-0.633746,-1.861765,1.508429,4.509250,3.634568,4.862587,3.475536,3.443541,,,,,below deadband; feedforward + feedback
2026-05-06 17:52:50,4526.9,447.043,447.607,450.000,2.393,14.315700,100.832000,51.506800,0.713819,18.000000,97.051739,9.367603,9.367603,9.367603,4.993750,4.993750,3.680735,2.162122,3.706846,18.816513,4.580803,4.612702,-0.02827168,-0.01562869,-0.02410667,-2.743816,-1.516791,-2.339594,6.424551,4.905938,3.678914,4.501716,3.792410,3.429926,,,,,below deadband; feedforward + feedback
2026-05-06 17:53:01,4537.9,446.789,447.309,450.000,2.691,14.307700,100.835000,51.505200,0.714879,18.000000,97.054627,9.973103,9.973103,9.973103,9.343750,9.343750,6.947853,1.780416,7.000885,18.892857,4.590503,4.629302,-0.03028874,-0.02092427,-0.02655361,-2.939663,-2.030797,-2.577151,9.887515,4.720079,3.811213,4.357567,4.122846,3.442270,,,,,below deadband; feedforward + feedback
2026-05-06 17:53:12,4548.9,447.290,447.281,450.000,2.719,14.310100,100.829000,51.508500,0.716368,18.000000,97.048852,10.043733,10.043733,10.043733,9.962500,9.962500,7.403297,1.751757,7.447269,18.974047,4.606333,4.669653,-0.01267849,-0.01899817,-0.01544841,-1.230432,-1.843750,-1.499250,8.633730,2.982190,3.595508,3.251008,4.181214,3.472274,,,,,below deadband; feedforward + feedback
2026-05-06 17:53:23,4559.9,448.057,447.530,450.000,2.470,14.314000,100.831000,51.501900,0.715863,18.000000,97.050777,9.566181,9.566181,9.566181,10.031250,10.031250,7.459066,2.322096,7.514937,19.063473,4.625248,4.700908,-0.00115257,-0.01100898,0.00177038,-0.111858,-1.068430,0.171816,7.570924,2.433954,3.390526,2.150279,4.152388,3.495514,,,,,below deadband; feedforward + feedback
2026-05-06 17:53:34,4570.9,448.453,447.883,450.000,2.117,14.323500,100.832000,51.510200,0.713776,18.000000,97.051739,8.885138,8.885138,8.885138,9.550000,9.550000,7.110511,3.252917,7.151315,19.141834,4.650938,4.753700,0.01815290,-0.00229275,0.01768977,1.761770,-0.222515,1.716823,5.348741,1.491146,3.475432,1.536094,3.899378,3.534770,,,,,below deadband; feedforward + feedback
2026-05-06 17:53:45,4581.9,448.795,448.267,450.000,1.733,14.315700,100.829000,51.508500,0.720476,18.000000,97.048852,0.000000,3.885138,3.885138,8.806250,8.806250,6.613240,4.118675,6.657754,19.214803,4.672992,4.761206,0.03155994,0.00888923,0.03009343,3.062856,0.862690,2.920533,3.550384,1.055818,3.255985,1.198142,3.563270,3.540351,,,,,within deadband and CO2 rising; MFC zero
2026-05-06 17:53:56,4592.9,448.829,448.675,450.000,1.325,14.311300,100.832000,51.501900,0.716168,18.000000,97.051739,0.000000,0.000000,0.000000,3.850000,3.850000,2.895326,4.885753,2.915144,19.246552,4.676517,4.690618,0.02698350,0.01953055,0.03549664,2.618796,1.895474,3.445011,0.276530,2.266957,2.990279,1.440742,3.248589,3.487864,,,,,within deadband and CO2 rising; MFC zero
2026-05-06 17:54:07,4603.9,448.982,448.947,450.000,1.053,14.309200,100.838000,51.505200,0.716865,18.000000,97.057514,0.000000,0.000000,0.000000,0.000000,0.000000,0.000000,5.206578,0.000000,19.246552,4.653366,4.560760,0.02171271,0.02593593,0.03032807,2.107382,2.517277,2.943567,-2.107382,3.099196,2.689301,2.263011,3.051614,3.391303,,,,,within deadband and CO2 rising; MFC zero
2026-05-06 17:54:18,4614.9,449.006,448.969,450.000,1.031,14.301700,100.830000,51.505200,0.716444,18.000000,97.049814,0.000000,0.000000,0.000000,0.000000,0.000000,0.000000,5.206578,0.000000,19.246552,4.608467,4.428875,0.01203416,0.02529234,0.01875095,1.167913,2.454617,1.819777,-1.167913,4.038665,2.751961,3.386801,2.999327,3.293235,,,,,within deadband and CO2 rising; MFC zero
2026-05-06 17:54:29,4625.9,448.309,448.808,450.000,1.192,14.309200,100.832000,51.510100,0.713802,18.000000,97.051739,0.000000,0.000000,0.000000,0.000000,0.000000,0.000000,4.821154,0.000000,19.246552,4.555694,4.344598,0.00786457,0.01758071,0.00137357,0.763270,1.706238,0.133308,-0.763270,4.057884,3.114916,4.687846,2.905099,3.230569,,,,,within deadband and CO2 rising; MFC zero
2026-05-06 17:54:40,4636.9,447.927,448.539,450.000,1.461,14.315000,100.832000,51.501900,0.717324,18.000000,97.051739,0.000000,0.000000,0.000000,0.000000,0.000000,0.000000,4.009306,0.000000,19.246552,4.499821,4.276330,-0.01491554,0.00674855,-0.01435669,-1.447579,0.654958,-1.393341,1.447579,5.456885,3.354348,5.402647,2.986966,3.179806,,,,,within deadband and CO2 rising; MFC zero
2026-05-06 17:54:51,4647.9,448.147,448.201,450.000,1.799,14.312000,100.830000,51.510200,0.717325,18.000000,97.049814,1.335617,1.335617,1.335617,0.000000,0.000000,0.000000,3.111998,0.000000,19.246552,4.452056,4.260996,-0.01020358,-0.00392467,-0.02225627,-0.990255,-0.380888,-2.159967,0.990255,4.102253,3.492886,5.271965,3.111417,3.168404,,,,,within lower deadband; partial feedforward
2026-05-06 17:55:02,4658.9,447.661,447.864,450.000,2.136,14.310900,100.831000,51.503500,0.717974,18.000000,97.050777,8.690833,6.335617,6.335617,0.000000,0.000000,0.000000,2.117042,0.000000,19.246552,4.419833,4.290943,-0.02001733,-0.01518683,-0.02732496,-1.942698,-1.473894,-2.651908,1.942698,4.059740,3.590936,4.768951,3.292060,3.190671,,,,,below deadband; feedforward + feedback
2026-05-06 17:55:13,4669.9,447.901,447.594,450.000,2.406,14.303400,100.834000,51.510200,0.715187,18.000000,97.053664,9.205755,9.205755,9.205755,1.687500,1.687500,0.938773,1.284178,0.945929,19.303329,4.394155,4.291444,-0.01216970,-0.02261233,-0.02940262,-1.181114,-2.194610,-2.853632,2.119887,2.465292,3.478788,4.137810,3.400299,3.191044,,,,,below deadband; feedforward + feedback
2026-05-06 17:55:24,4680.9,447.429,447.302,450.000,2.698,14.302700,100.830000,51.505200,0.714725,18.000000,97.049814,9.780905,9.780905,9.780905,9.168750,9.168750,6.836315,1.132415,6.888182,19.378129,4.385105,4.348901,-0.02127162,-0.02584330,-0.02509277,-2.064407,-2.508088,-2.435249,8.900722,3.196822,3.640503,3.567664,3.638188,3.233768,,,,,below deadband; feedforward + feedback
2026-05-06 17:55:35,4691.9,447.287,447.246,450.000,2.754,14.305400,100.830000,51.503500,0.713533,18.000000,97.049814,9.908868,9.908868,9.908868,9.762500,9.762500,7.268523,1.573349,7.311172,19.457702,4.400402,4.461589,-0.01284772,-0.02237064,-0.01562297,-1.246869,-2.171066,-1.516206,8.515391,2.820218,3.744415,3.089555,3.699662,3.317561,,,,,below deadband; feedforward + feedback
2026-05-06 17:55:46,4702.9,448.112,447.392,450.000,2.608,14.306500,100.837000,51.503500,0.717828,18.000000,97.056552,9.667156,9.667156,9.667156,9.900000,9.900000,7.361471,2.428005,7.424156,19.538651,4.450290,4.649842,0.00245772,-0.01567263,-0.00238907,0.238538,-1.521131,-0.231875,7.122933,2.189467,3.949136,2.659880,3.598581,3.457543,,,,,below deadband; feedforward + feedback
2026-05-06 17:55:57,4713.9,448.664,447.837,450.000,2.163,14.305200,100.832000,51.506800,0.716149,18.000000,97.051739,8.840095,8.840095,8.840095,9.668750,9.668750,7.184870,3.326707,7.228798,19.617792,4.513628,4.766981,0.01361040,-0.00215529,0.01817272,1.320913,-0.209175,1.763694,5.863957,2.005794,3.535882,1.563014,3.372706,3.544645,,,,,below deadband; feedforward + feedback
2026-05-06 17:56:08,4724.9,448.437,448.305,450.000,1.695,14.302800,100.833000,51.505200,0.715473,18.000000,97.052702,0.000000,3.840095,3.840095,8.868750,8.868750,6.543529,4.201192,6.586033,19.696837,4.567844,4.784709,0.01633924,0.00997022,0.03315609,1.585767,0.967637,3.217889,4.957762,2.615424,3.233555,0.983303,3.212433,3.557828,,,,,within deadband and CO2 rising; MFC zero
2026-05-06 17:56:19,4735.9,449.164,448.678,450.000,1.322,14.295500,100.830000,51.503500,0.713844,18.000000,97.049814,0.000000,0.000000,0.000000,3.800000,3.800000,2.853499,5.035760,2.873332,19.728129,4.604570,4.751473,0.03625493,0.01961711,0.03606524,3.518535,1.903837,3.500125,-0.665035,1.517226,3.131923,1.535635,2.774693,3.533114,,,,,within deadband and CO2 rising; MFC zero
2026-05-06 17:56:30,4746.9,448.927,448.836,450.000,1.164,14.300600,100.831000,51.506800,0.716816,18.000000,97.050777,0.000000,0.000000,0.000000,0.000000,0.000000,0.000000,5.351731,0.000000,19.728129,4.614422,4.653831,0.03020398,0.02588629,0.03027720,2.931319,2.512285,2.938426,-2.931319,2.420412,2.839446,2.413305,2.587822,3.460509,,,,,within deadband and CO2 rising; MFC zero
2026-05-06 17:56:41,4757.9,448.975,448.882,450.000,1.118,14.310100,100.831000,51.510200,0.716449,18.000000,97.050777,0.000000,0.000000,0.000000,0.000000,0.000000,0.000000,5.351731,0.000000,19.728129,4.601312,4.548874,0.01398356,0.02538050,0.01357947,1.357115,2.463197,1.317898,-1.357115,3.994616,2.888534,4.033833,2.580586,3.382465,,,,,within deadband and CO2 rising; MFC zero
2026-05-06 17:56:52,4768.9,448.468,448.693,450.000,1.307,14.297100,100.832000,51.503500,0.717943,18.000000,97.051739,0.000000,0.000000,0.000000,0.000000,0.000000,0.000000,4.730840,0.000000,19.728129,4.578370,4.486600,-0.00520348,0.01719497,-0.00248144,-0.505007,1.668801,-0.240828,0.505007,5.235846,3.062038,4.971668,2.888425,3.336159,,,,,within deadband and CO2 rising; MFC zero
2026-05-06 17:57:03,4779.9,447.891,448.391,450.000,1.609,14.301300,100.830000,51.500200,0.714358,18.000000,97.049814,0.000000,0.000000,0.000000,0.000000,0.000000,0.000000,3.965207,0.000000,19.728129,4.551905,4.446043,-0.02494983,0.00614249,-0.01431621,-2.421377,0.596127,-1.389386,2.421377,6.386584,3.369080,5.354593,3.242843,3.306001,,,,,within deadband and CO2 rising; MFC zero
2026-05-06 17:57:14,4790.9,447.432,448.049,450.000,1.951,14.298200,100.831000,51.510200,0.717610,18.000000,97.050777,1.359698,1.359698,1.359698,0.000000,0.000000,0.000000,3.085869,0.000000,19.728129,4.532326,4.454013,-0.02898365,-0.00733520,-0.02546941,-2.812886,-0.711887,-2.471826,2.812886,5.898754,3.797756,5.557695,3.584903,3.311928,,,,,within lower deadband; partial feedforward
2026-05-06 17:57:25,4801.9,447.427,447.746,450.000,2.254,14.309500,100.830000,51.505200,0.715221,18.000000,97.049814,9.020891,6.359698,6.359698,0.000000,0.000000,0.000000,2.187580,0.000000,19.728129,4.512757,4.434481,-0.02769597,-0.01680420,-0.02923113,-2.687888,-1.630845,-2.836876,2.687888,4.875468,3.818424,5.024456,3.883347,3.297404,,,,,below deadband; feedforward + feedback
2026-05-06 17:57:36,4812.9,446.945,447.442,450.000,2.558,14.306300,100.830000,51.510200,0.718878,18.000000,97.049814,9.614264,9.614264,9.614264,6.306250,6.306250,4.684572,1.348312,4.639862,19.777490,4.497597,4.436956,-0.03449286,-0.02271136,-0.02919109,-3.347526,-2.204133,-2.832989,8.032098,4.695838,3.552445,4.181301,4.182241,3.299245,,,,,below deadband; feedforward + feedback
2026-05-06 17:57:46,4822.9,446.869,447.340,450.000,2.660,14.309400,100.830000,51.501900,0.715047,18.000000,97.049814,9.809010,9.809010,9.809010,9.581250,9.581250,7.129101,1.042307,7.182613,19.848640,4.488210,4.450664,-0.02545817,-0.02352381,-0.02101560,-2.470711,-2.282982,-2.039560,9.599811,3.513018,3.325289,3.081867,4.281973,3.309437,,,,,below deadband; feedforward + feedback
2026-05-06 17:57:57,4833.9,447.408,447.287,450.000,2.713,14.295600,100.834000,51.505200,0.714857,18.000000,97.053664,9.917217,9.917217,9.917217,9.756250,9.756250,7.259228,1.482725,7.314148,19.931624,4.491817,4.506242,-0.01113582,-0.02082501,-0.01299446,-1.080772,-2.021144,-1.261160,8.340000,2.563497,3.503869,2.743885,4.398226,3.350765,,,,,below deadband; feedforward + feedback
2026-05-06 17:58:08,4844.9,447.707,447.543,450.000,2.457,14.303600,100.832000,51.506800,0.719452,18.000000,97.051739,9.427500,9.427500,9.427500,9.906250,9.906250,7.375413,2.342286,7.424767,20.012581,4.514233,4.603899,-0.00232208,-0.01185661,0.00341028,-0.225362,-1.150704,0.330973,7.600775,2.567648,3.492990,2.011313,4.414585,3.423381,,,,,below deadband; feedforward + feedback
2026-05-06 17:58:19,4855.9,448.251,447.800,450.000,2.200,14.302100,100.833000,51.501800,0.715680,18.000000,97.052702,8.948732,8.948732,8.948732,9.406250,9.406250,7.003621,3.239904,7.045137,20.089791,4.547865,4.682393,0.01559379,-0.00179210,0.01681247,1.513419,-0.173928,1.631696,5.490202,1.726485,3.413832,1.608208,4.162571,3.481747,,,,,below deadband; feedforward + feedback
2026-05-06 17:58:30,4866.9,449.051,448.241,450.000,1.759,14.295200,100.833000,51.500200,0.718631,18.000000,97.052702,0.000000,3.948732,3.948732,8.856250,8.856250,6.659714,4.093734,6.697712,20.163172,4.576126,4.689172,0.03381434,0.01016279,0.02945467,3.281773,0.986326,2.858656,3.377941,0.811961,3.107407,1.235078,3.671028,3.486788,,,,,within deadband and CO2 rising; MFC zero
2026-05-06 17:58:41,4877.9,449.038,448.625,450.000,1.375,14.303000,100.834000,51.508500,0.715279,18.000000,97.053664,0.000000,0.000000,0.000000,3.900000,3.900000,2.932505,4.866388,2.957303,20.195420,4.584373,4.617361,0.03683122,0.02037926,0.03343951,3.574605,1.977882,3.245427,-0.642100,1.291784,2.888506,1.620962,3.104939,3.433391,,,,,within deadband and CO2 rising; MFC zero
2026-05-06 17:58:52,4888.9,449.199,448.941,450.000,1.059,14.309900,100.833000,51.513500,0.714103,18.000000,97.052702,0.000000,0.000000,0.000000,0.000000,0.000000,0.000000,5.192067,0.000000,20.195420,4.556160,4.443305,0.02262756,0.02636853,0.03144971,2.196066,2.559137,3.052279,-2.196066,2.996001,2.632930,2.139788,2.782411,3.303966,,,,,within deadband and CO2 rising; MFC zero
2026-05-06 17:59:03,4899.9,449.178,449.025,450.000,0.975,14.295800,100.832000,51.511800,0.719443,18.000000,97.051739,0.000000,0.000000,0.000000,0.000000,0.000000,0.000000,5.192067,0.000000,20.195420,4.499761,4.274164,0.01489860,0.02581693,0.02031361,1.445935,2.505578,1.971471,-1.445935,3.746132,2.686489,3.220596,2.656929,3.178195,,,,,within deadband and CO2 rising; MFC zero
2026-05-06 17:59:14,4910.9,448.330,448.805,450.000,1.195,14.298000,100.833000,51.498500,0.715247,18.000000,97.052702,0.000000,0.000000,0.000000,0.000000,0.000000,0.000000,4.746847,0.000000,20.195420,4.434997,4.175942,0.00788166,0.01907964,0.00356849,0.764936,1.851731,0.346331,-0.764936,3.981911,2.895116,4.400516,2.577604,3.105159,,,,,within deadband and CO2 rising; MFC zero
2026-05-06 17:59:25,4921.9,449.092,448.523,450.000,1.477,14.298300,100.830000,51.506800,0.716478,18.000000,97.049814,0.000000,0.000000,0.000000,0.000000,0.000000,0.000000,3.932056,0.000000,20.195420,4.379062,4.155322,0.00588149,0.00767401,-0.01444075,0.570797,0.744762,-1.401472,-0.570797,3.361259,3.187294,5.333528,2.560742,3.089826,,,,,within deadband and CO2 rising; MFC zero
2026-05-06 17:59:36,4932.9,447.880,448.133,450.000,1.867,14.303400,100.832000,51.508500,0.717582,18.000000,97.051739,1.299703,1.299703,1.299703,0.000000,0.000000,0.000000,3.011717,0.000000,20.213198,4.332345,4.145477,-0.02110201,-0.00439216,-0.02478965,-2.047987,-0.426266,-2.405879,2.047987,5.059704,3.437984,5.417596,2.838098,3.082506,,,,,within lower deadband; partial feedforward
2026-05-06 17:59:47,4943.9,447.260,447.823,450.000,2.177,14.302900,100.832000,51.501900,0.715479,18.000000,97.051739,8.660515,6.299703,6.299703,0.000000,0.000000,0.000000,2.311252,0.000000,20.213198,4.305982,4.200530,-0.03150913,-0.01597261,-0.02931622,-3.058015,-1.550170,-2.845190,3.058015,5.369267,3.861421,5.156442,3.149389,3.123442,,,,,below deadband; feedforward + feedback
2026-05-06 17:59:58,4954.9,446.913,447.489,450.000,2.511,14.306900,100.834000,51.511800,0.715778,18.000000,97.053664,9.320722,9.320722,9.320722,6.250000,6.250000,4.652040,1.489386,4.695721,20.262039,4.297989,4.266017,-0.03435716,-0.02434429,-0.03018515,-3.334488,-2.362703,-2.929580,7.986528,4.823874,3.852089,4.418966,3.493544,3.172138,,,,,below deadband; feedforward + feedback
2026-05-06 18:00:09,4965.9,447.452,447.339,450.000,2.661,14.308000,100.830000,51.501800,0.717859,18.000000,97.049814,9.630338,9.630338,9.630338,9.300000,9.300000,6.906026,1.247670,6.954702,20.337774,4.308804,4.352066,-0.01535623,-0.02509634,-0.02188410,-1.490319,-2.435595,-2.123848,8.396345,2.737989,3.683265,3.371518,3.707547,3.236122,,,,,below deadband; feedforward + feedback
2026-05-06 18:00:20,4976.9,447.863,447.373,450.000,2.627,14.297100,100.829000,51.500200,0.718098,18.000000,97.048852,9.595854,9.595854,9.595854,9.625000,9.625000,7.152338,1.693045,7.206875,20.416322,4.341454,4.472050,-0.00367804,-0.02059194,-0.01051046,-0.356949,-1.998424,-1.020028,7.509287,2.049994,3.691469,2.713073,3.791792,3.325340,,,,,below deadband; feedforward + feedback
2026-05-06 18:00:31,4987.9,448.035,447.660,450.000,2.340,14.305700,100.832000,51.506800,0.713668,18.000000,97.051739,9.076022,9.076022,9.076022,9.581250,9.581250,7.124453,2.534223,7.180747,20.494703,4.395755,4.612962,0.00335601,-0.01073369,0.00585322,0.325706,-1.041723,0.568065,6.798747,2.208517,3.575946,1.966159,3.704294,3.430119,,,,,below deadband; feedforward + feedback
2026-05-06 18:00:42,4998.9,448.338,448.049,450.000,1.951,14.293300,100.828000,51.505200,0.720849,18.000000,97.047889,0.000000,4.076022,4.076022,9.075000,9.075000,6.748015,3.402511,6.794047,20.568895,4.455796,4.695959,0.01876303,0.00165470,0.02353473,1.820912,0.160585,2.283996,4.927102,1.581599,3.241926,1.118515,3.463790,3.491835,,,,,within deadband and CO2 rising; MFC zero
2026-05-06 18:00:53,5009.9,448.672,448.442,450.000,1.558,14.303500,100.831000,51.508500,0.716298,18.000000,97.050777,0.000000,0.000000,0.000000,3.837500,3.837500,2.876736,4.261453,2.904096,20.606955,4.508363,4.718631,0.02103466,0.01251519,0.03209098,2.041430,1.214609,3.114454,0.835307,2.220023,3.046843,1.146999,3.268025,3.508693,,,,,within deadband and CO2 rising; MFC zero
2026-05-06 18:01:04,5020.9,448.922,448.703,450.000,1.297,14.300200,100.829000,51.508500,0.718633,18.000000,97.048852,0.000000,0.000000,0.000000,0.000000,0.000000,0.000000,4.572570,0.000000,20.606955,4.534730,4.640200,0.02440731,0.01968240,0.02790865,2.368701,1.910154,2.708503,-2.368701,2.203869,2.662416,1.864067,3.139426,3.450373,,,,,within deadband and CO2 rising; MFC zero
2026-05-06 18:01:15,5031.9,448.146,448.664,450.000,1.336,14.307400,100.829000,51.508500,0.718391,18.000000,97.048852,0.000000,0.000000,0.000000,0.000000,0.000000,0.000000,4.374798,0.000000,20.606955,4.522682,4.474487,-0.00691539,0.02108015,0.01523470,-0.671131,2.045804,1.478510,0.671131,5.045928,2.328993,2.896287,3.137896,3.327152,,,,,within deadband and CO2 rising; MFC zero
2026-05-06 18:01:25,5041.9,448.124,448.549,450.000,1.451,14.304900,100.827000,51.508500,0.719469,18.000000,97.046927,0.000000,0.000000,0.000000,0.000000,0.000000,0.000000,4.374798,0.000000,20.606955,4.479112,4.304835,0.00815274,0.01698903,0.00215831,0.791198,1.648733,0.209458,-0.791198,3.583599,2.726064,4.165340,2.939488,3.201001,,,,,within deadband and CO2 rising; MFC zero
2026-05-06 18:01:36,5052.9,447.625,448.158,450.000,1.842,14.308900,100.827000,51.506800,0.714933,18.000000,97.046927,0.000000,0.000000,0.000000,0.000000,0.000000,0.000000,3.935361,0.000000,20.606955,4.431224,4.239669,-0.01400027,0.00535182,-0.01695012,-1.358683,0.519377,-1.644957,1.358683,5.294044,3.415983,5.580318,2.991729,3.152545,,,,,within deadband and CO2 rising; MFC zero
2026-05-06 18:01:47,5063.9,447.550,447.847,450.000,2.153,14.307300,100.832000,51.506800,0.711468,18.000000,97.051739,8.702185,5.000000,5.000000,0.000000,0.000000,0.000000,3.144065,0.000000,20.606955,4.395252,4.251364,-0.01981428,-0.00636226,-0.02642574,-1.923010,-0.617468,-2.564664,1.923010,5.067075,3.761533,5.708729,3.250517,3.161242,,,,,below deadband; feedforward + feedback
2026-05-06 18:01:58,5074.9,447.108,447.567,450.000,2.433,14.308300,100.831000,51.501900,0.715132,18.000000,97.050777,9.237504,9.237504,9.237504,4.956250,4.956250,3.676088,2.309290,3.700562,20.645297,4.371104,4.274515,-0.03106837,-0.01583821,-0.02683279,-3.015209,-1.537110,-2.604143,6.691297,5.324499,3.846400,4.913433,3.614350,3.178456,,,,,below deadband; feedforward + feedback
2026-05-06 18:02:09,5085.9,447.045,447.412,450.000,2.588,14.311100,100.829000,51.506800,0.718616,18.000000,97.048852,9.539061,9.539061,9.539061,9.225000,9.225000,6.864199,1.907393,6.915266,20.720635,4.362861,4.329886,-0.02954296,-0.02101115,-0.02217489,-2.867110,-2.039108,-2.152048,9.731310,4.774503,3.946501,4.059441,3.899460,3.219629,,,,,below deadband; feedforward + feedback
2026-05-06 18:02:20,5096.9,447.549,447.407,450.000,2.593,14.300400,100.828000,51.503500,0.716871,18.000000,97.047889,9.558148,9.558148,9.558148,9.518750,9.518750,7.087274,1.913074,7.142525,20.798353,4.372481,4.410962,-0.01394944,-0.01928362,-0.01256351,-1.353764,-1.871435,-1.219262,8.441038,3.266837,3.784508,3.132336,4.086709,3.279916,,,,,below deadband; feedforward + feedback
2026-05-06 18:02:31,5107.9,448.484,447.593,450.000,2.407,14.297600,100.829000,51.503500,0.716994,18.000000,97.048852,9.206157,9.206157,9.206157,8.812500,8.812500,6.390165,2.266688,6.436156,20.881448,4.391491,4.467529,0.00928845,-0.01193952,0.00437607,0.901434,-1.158716,0.424693,5.488732,1.365255,3.425405,1.841996,3.991734,3.321978,,,,,below deadband; feedforward + feedback
2026-05-06 18:02:42,5118.9,448.752,447.959,450.000,2.041,14.304600,100.827000,51.508500,0.717726,18.000000,97.046927,8.504513,8.504513,8.504513,9.206250,9.206250,6.850257,3.124855,6.902630,20.956565,4.422380,4.545936,0.02015302,-0.00064173,0.01715250,1.955789,-0.062278,1.664598,4.894469,1.169067,3.187133,1.460258,3.876756,3.380280,,,,,below deadband; feedforward + feedback
