timestamp,elapsed_s,li850_co2_ppm,co2_avg_ppm,target_co2_ppm,co2_error_ppm,li850_h2o_mmol_mol,li850_cellpres_kpa,li850_celltemp_c,li850_flowrate,chamber_air_temp_c,chamber_air_mol,dCdt_ppm_s,supply_ppm_s,storage_umol_s,mfc_setpoint_mln_min,mfc_actual_mln_min,co2_supplied_umol_s,co2_supplied_umol_step,co2_supplied_mmol_total,A_canopy_1_umol_mol_s,A_canopy_2_umol_s,A_canopy_area_umol_m2_s,control_note
2026-05-06 11:22:50,0.1,437.309,437.309,450.000,12.691,14.321000,100.690000,51.506800,0.716685,18.000000,96.915063,,,,25.382000,0.000000,0.000000,0.000000,0.000000,,,,CO2 below target; MFC adding CO2
2026-05-06 11:23:00,10.1,438.082,437.320,450.000,12.680,14.317300,100.690000,51.510200,0.713087,18.000000,96.915063,0.04326623,0.19459432,4.193149,25.360727,25.362500,18.859121,18.636405,0.187424,0.15132809,14.665972,,CO2 below target; MFC adding CO2
2026-05-06 11:23:10,20.1,438.258,437.719,450.000,12.281,14.314200,100.687000,51.510200,0.717903,18.000000,96.912175,0.05588357,0.26849829,5.415798,24.561900,34.993750,26.020753,24.862910,0.381957,0.21261472,20.604955,,CO2 below target; MFC adding CO2
2026-05-06 11:23:21,31.1,440.286,438.979,450.000,11.021,14.321700,100.687000,51.506800,0.722508,18.000000,96.912175,0.10640693,0.18846192,10.312127,22.042500,24.562500,18.264254,18.408063,0.581211,0.08205499,7.952128,,CO2 below target; MFC adding CO2
2026-05-06 11:23:32,42.1,441.878,440.652,450.000,9.348,14.323800,100.689000,51.506900,0.716614,18.000000,96.914100,0.12405603,0.16913282,12.022779,18.695600,22.043750,16.391355,16.521241,0.761953,0.04507679,4.368576,,CO2 below target; MFC adding CO2
2026-05-06 11:23:43,53.1,443.696,442.293,450.000,7.707,14.320000,100.690000,51.496900,0.718856,18.000000,96.915063,0.13347951,0.14246913,12.936175,15.413500,18.568750,13.807405,13.886454,0.917107,0.00898962,0.871229,,CO2 below target; MFC adding CO2
2026-05-06 11:23:54,64.1,444.773,443.612,450.000,6.388,14.315700,100.687000,51.506800,0.715957,18.000000,96.912175,0.13303476,0.11825626,12.892688,12.775600,15.412500,11.460471,11.352786,1.042947,-0.01477850,-1.432217,,CO2 below target; MFC adding CO2
2026-05-06 11:24:04,74.1,444.800,444.500,450.000,5.500,14.305400,100.691000,51.501900,0.715800,18.000000,96.916026,0.12830471,0.09801549,12.434782,10.999600,12.775000,9.499271,9.569797,1.138459,-0.03028922,-2.935511,,CO2 below target; MFC adding CO2
2026-05-06 11:24:15,85.1,445.967,445.294,450.000,4.706,14.315900,100.691000,51.503500,0.722188,18.000000,96.916026,0.10450113,0.08449280,10.127834,9.411400,11.012500,8.188706,8.246724,1.229134,-0.02000833,-1.939127,,CO2 below target; MFC adding CO2
2026-05-06 11:24:26,96.1,446.027,446.032,450.000,3.968,14.319500,100.691000,51.508500,0.718454,18.000000,96.916026,0.08418184,0.07216894,8.158570,7.935200,9.406250,6.994326,7.043688,1.306834,-0.01201291,-1.164243,,CO2 below target; MFC adding CO2
2026-05-06 11:24:37,107.1,446.843,446.477,450.000,3.523,14.321900,100.690000,51.510200,0.717088,18.000000,96.915063,0.06289392,0.06099654,6.095369,7.046600,7.950000,5.911484,5.945421,1.372421,-0.00189738,-0.183885,,CO2 below target; MFC adding CO2
2026-05-06 11:24:48,118.1,446.793,446.656,450.000,3.344,14.319600,100.690000,51.510200,0.723121,18.000000,96.915063,0.04521684,0.05380356,4.382193,6.688100,7.012500,5.214375,5.247200,1.433115,0.00858671,0.832182,,CO2 below target; MFC adding CO2
2026-05-06 11:24:59,129.1,446.775,446.820,450.000,3.180,14.316900,100.690000,51.503500,0.718852,18.000000,96.915063,0.03210498,0.05121408,3.111456,6.360700,6.675000,4.963416,4.998349,1.487917,0.01910910,1.851960,,CO2 below target; MFC adding CO2
2026-05-06 11:25:10,140.1,446.764,446.961,450.000,3.039,14.317200,100.692000,51.505200,0.715658,18.000000,96.916988,0.01760107,0.04881545,1.705843,6.077100,6.362500,4.731046,4.762064,1.540111,0.03121438,3.025203,,CO2 below target; MFC adding CO2
2026-05-06 11:25:21,151.1,447.267,447.050,450.000,2.950,14.318800,100.690000,51.506800,0.720604,18.000000,96.915063,0.01264510,0.04656261,1.225501,5.899400,6.068750,4.512619,4.544382,1.589937,0.03391751,3.287118,,CO2 below target; MFC adding CO2
2026-05-06 11:25:32,162.1,447.392,447.253,450.000,2.747,14.318100,100.691000,51.508500,0.715436,18.000000,96.916026,0.01206986,0.04521947,1.169762,5.494300,5.893750,4.382492,4.427750,1.638258,0.03314962,3.212729,,CO2 below target; MFC adding CO2
2026-05-06 11:25:43,173.1,447.535,447.342,450.000,2.658,14.319600,100.691000,51.508500,0.719105,18.000000,96.916026,0.01157380,0.04219845,1.121687,5.316500,5.500000,4.089706,4.116054,1.683369,0.03062465,2.968019,,CO2 below target; MFC adding CO2
2026-05-06 11:25:54,184.1,447.340,447.320,450.000,2.680,14.316000,100.691000,51.510200,0.719650,18.000000,96.916026,0.00857780,0.04579491,0.831326,5.359900,5.968750,4.438260,4.520818,1.736699,0.03721711,3.606934,,CO2 below target; MFC adding CO2
2026-05-06 11:26:05,195.1,446.987,447.219,450.000,2.781,14.313000,100.691000,51.503500,0.715011,18.000000,96.916026,0.00377778,0.04104758,0.366128,5.561200,5.350000,3.978168,4.018434,1.771860,0.03726980,3.612041,,CO2 below target; MFC adding CO2
2026-05-06 11:26:16,206.1,447.692,447.277,450.000,2.723,14.318100,100.689000,51.500200,0.715466,18.000000,96.914100,0.00017497,0.04267882,0.016957,5.446200,5.562500,4.136180,4.170078,1.817240,0.04250386,4.119223,,CO2 below target; MFC adding CO2
2026-05-06 11:26:27,217.1,447.466,447.266,450.000,2.734,14.316600,100.695000,51.508500,0.712111,18.000000,96.919876,-0.00089270,0.04186112,-0.086520,5.467100,5.456250,4.057174,4.081851,1.861809,0.04275382,4.143695,,CO2 below target; MFC adding CO2
2026-05-06 11:26:38,228.1,447.104,447.276,450.000,2.724,14.324800,100.691000,51.506800,0.717143,18.000000,96.916026,-0.00223330,0.04200664,-0.216443,5.447900,5.475000,4.071116,4.087599,1.906506,0.04423994,4.287559,,CO2 below target; MFC adding CO2
2026-05-06 11:26:49,239.1,447.336,447.229,450.000,2.771,14.322300,100.692000,51.506800,0.715399,18.000000,96.916988,0.00084429,0.04176646,0.081826,5.541200,5.443750,4.047879,4.080717,1.951124,0.04092217,3.966054,,CO2 below target; MFC adding CO2
2026-05-06 11:27:00,250.1,447.500,447.357,450.000,2.643,14.317300,100.692000,51.501800,0.722595,18.000000,96.916988,0.00180709,0.04253369,0.175137,5.286000,5.543750,4.122238,4.157104,1.996426,0.04072661,3.947100,,CO2 below target; MFC adding CO2
2026-05-06 11:27:11,261.1,447.407,447.376,450.000,2.624,14.318100,100.696000,51.513500,0.712881,18.000000,96.920838,0.00361588,0.04047014,0.350454,5.247200,5.275000,3.922400,3.953414,2.039801,0.03685426,3.571946,,CO2 below target; MFC adding CO2
2026-05-06 11:27:22,272.1,447.592,447.470,450.000,2.530,14.303500,100.692000,51.505200,0.714722,18.000000,96.916988,0.00413176,0.03936884,0.400438,5.060700,5.131250,3.815510,3.841598,2.092049,0.03523708,3.415072,,CO2 below target; MFC adding CO2
2026-05-06 11:27:33,283.1,447.288,447.405,450.000,2.595,14.316300,100.693000,51.510200,0.714881,18.000000,96.917951,0.00261169,0.03884098,0.253120,5.189900,5.062500,3.764388,3.796274,2.133377,0.03622929,3.511268,,CO2 below target; MFC adding CO2
2026-05-06 11:27:44,294.1,447.413,447.288,450.000,2.712,14.316100,100.689000,51.503500,0.725313,18.000000,96.914100,-0.00194113,0.03980160,-0.188123,5.423400,5.187500,3.857336,3.873554,2.175733,0.04174273,4.045459,,CO2 below target; MFC adding CO2
2026-05-06 11:27:55,305.1,447.400,447.295,450.000,2.705,14.322300,100.691000,51.505200,0.711940,18.000000,96.916026,-0.00338147,0.04157506,-0.327718,5.409100,5.418750,4.029290,4.069558,2.219989,0.04495653,4.357008,,CO2 below target; MFC adding CO2
2026-05-06 11:28:06,316.1,447.626,447.292,450.000,2.708,14.320100,100.692000,51.500200,0.713923,18.000000,96.916988,-0.00339372,0.04152670,-0.328909,5.416800,5.412500,4.024642,4.060362,2.264241,0.04492042,4.353552,,CO2 below target; MFC adding CO2
2026-05-06 11:28:17,327.1,447.352,447.273,450.000,2.727,14.323200,100.687000,51.506900,0.717813,18.000000,96.912175,-0.00167026,0.04157671,-0.161868,5.454300,5.418750,4.029290,4.063270,2.308554,0.04324697,4.191158,,CO2 below target; MFC adding CO2
2026-05-06 11:28:28,338.1,447.083,447.275,450.000,2.725,14.326200,100.695000,51.508500,0.717985,18.000000,96.919876,-0.00003949,0.04181316,-0.003827,5.450800,5.450000,4.052527,4.079861,2.353147,0.04185265,4.056354,,CO2 below target; MFC adding CO2
2026-05-06 11:28:39,349.1,447.116,447.232,450.000,2.768,14.321500,100.693000,51.505200,0.712872,18.000000,96.917951,-0.00063582,0.04181399,-0.061623,5.536000,5.450000,4.052527,4.090137,2.397775,0.04244982,4.114149,,CO2 below target; MFC adding CO2
2026-05-06 11:28:50,360.1,447.138,447.191,450.000,2.809,14.330200,100.695000,51.503500,0.715615,18.000000,96.919876,-0.00231634,0.04200497,-0.224500,5.617400,5.475000,4.071116,4.093812,2.447303,0.04432131,4.295616,,CO2 below target; MFC adding CO2
2026-05-06 11:29:01,371.1,447.030,447.258,450.000,2.742,14.324700,100.692000,51.506800,0.713034,18.000000,96.916988,-0.00077354,0.04291731,-0.074969,5.484600,5.593750,4.159417,4.218728,2.493090,0.04369085,4.234386,,CO2 below target; MFC adding CO2
2026-05-06 11:29:12,382.1,447.296,447.245,450.000,2.755,14.319100,100.695000,51.506800,0.712314,18.000000,96.919876,-0.00191777,0.04200497,-0.185870,5.509000,5.475000,4.071116,4.105788,2.537991,0.04392274,4.256986,,CO2 below target; MFC adding CO2
2026-05-06 11:29:23,393.1,447.374,447.215,450.000,2.785,14.332600,100.691000,51.508500,0.715900,18.000000,96.916026,0.00056071,0.04224640,0.054342,5.570900,5.506250,4.094353,4.059819,2.582967,0.04168569,4.040012,,CO2 below target; MFC adding CO2
2026-05-06 11:29:33,403.1,447.274,447.260,450.000,2.740,14.322800,100.694000,51.498500,0.718210,18.000000,96.918913,0.00210970,0.04267670,0.204470,5.480000,5.562500,4.136180,4.173028,2.624357,0.04056701,3.931710,,CO2 below target; MFC adding CO2
2026-05-06 11:29:44,414.1,447.438,447.333,450.000,2.667,14.320300,100.694000,51.508500,0.714870,18.000000,96.918913,0.00220156,0.04205334,0.213373,5.334200,5.481250,4.075764,4.106325,2.669200,0.03985177,3.862391,,CO2 below target; MFC adding CO2
2026-05-06 11:29:55,425.1,447.275,447.390,450.000,2.610,14.320500,100.697000,51.505200,0.718872,18.000000,96.921801,0.00354661,0.04094924,0.343744,5.220500,5.337500,3.968874,3.982001,2.712861,0.03740263,3.625130,,CO2 below target; MFC adding CO2
2026-05-06 11:30:06,436.1,447.336,447.314,450.000,2.686,14.318200,100.695000,51.508500,0.713761,18.000000,96.919876,0.00290134,0.03912792,0.281198,5.372400,5.100000,3.792273,3.824365,2.767472,0.03622657,3.511075,,CO2 below target; MFC adding CO2
2026-05-06 11:30:17,447.1,447.545,447.316,450.000,2.684,14.331700,100.692000,51.500200,0.720223,18.000000,96.916988,0.00007106,0.04119103,0.006887,5.368700,5.368750,3.992111,4.015796,2.811166,0.04111997,3.985223,,CO2 below target; MFC adding CO2
2026-05-06 11:30:28,458.1,447.276,447.249,450.000,2.751,14.319000,100.695000,51.513500,0.714948,18.000000,96.919876,-0.00292812,0.04114185,-0.283793,5.501300,5.362500,3.987463,4.011800,2.855063,0.04406997,4.271256,,CO2 below target; MFC adding CO2
2026-05-06 11:30:39,469.1,446.839,447.145,450.000,2.855,14.337600,100.693000,51.510100,0.716202,18.000000,96.917951,-0.00582821,0.04219761,-0.564858,5.709600,5.500000,4.089706,4.121028,2.899975,0.04802582,4.654564,,CO2 below target; MFC adding CO2
2026-05-06 11:30:50,480.1,447.403,447.201,450.000,2.799,14.323500,100.695000,51.506800,0.715684,18.000000,96.919876,-0.00235506,0.04387505,-0.228252,5.598900,5.718750,4.252365,4.275471,2.946574,0.04623011,4.480617,,CO2 below target; MFC adding CO2
2026-05-06 11:31:01,491.1,447.282,447.298,450.000,2.702,14.312600,100.698000,51.508500,0.716302,18.000000,96.922763,0.00115267,0.04291476,0.111720,5.403300,5.593750,4.159417,4.190545,2.992393,0.04176209,4.047697,,CO2 below target; MFC adding CO2
2026-05-06 11:31:12,502.1,447.954,447.377,450.000,2.623,14.322700,100.696000,51.510200,0.720025,18.000000,96.920838,0.00406550,0.04157300,0.394031,5.245800,5.418750,4.029290,4.055338,3.036748,0.03750750,3.635258,,CO2 below target; MFC adding CO2
2026-05-06 11:31:23,513.1,447.557,447.348,450.000,2.652,14.313400,100.697000,51.503500,0.718196,18.000000,96.921801,0.00348269,0.03073590,0.337549,5.303000,4.006250,2.978979,3.013659,3.089253,0.02725321,2.641430,,CO2 below target; MFC adding CO2
2026-05-06 11:31:34,524.1,446.941,447.264,450.000,2.736,14.321400,100.697000,51.506800,0.714499,18.000000,96.921801,0.00043284,0.04056564,0.041952,5.471200,5.287500,3.931694,3.968104,3.123752,0.04013280,3.889743,,CO2 below target; MFC adding CO2
2026-05-06 11:31:45,535.1,446.923,447.152,450.000,2.848,14.328000,100.696000,51.503500,0.713905,18.000000,96.920838,-0.00490440,0.04190865,-0.475338,5.696900,5.462500,4.061821,4.090799,3.168313,0.04681305,4.537160,,CO2 below target; MFC adding CO2
2026-05-06 11:31:56,546.1,447.166,447.064,450.000,2.936,14.323900,100.694000,51.505200,0.716045,18.000000,96.918913,-0.00643236,0.04373163,-0.623418,5.871400,5.700000,4.238422,4.279513,3.214824,0.05016400,4.861840,,CO2 below target; MFC adding CO2
2026-05-06 11:32:07,557.1,447.141,447.120,450.000,2.880,14.322900,100.696000,51.503500,0.714786,18.000000,96.920838,-0.00568062,0.04502543,-0.550570,5.760900,5.868750,4.363902,4.387042,3.262738,0.05070605,4.914473,,CO2 below target; MFC adding CO2
2026-05-06 11:32:18,568.1,447.067,447.310,450.000,2.690,14.357700,100.696000,51.506800,0.712975,18.000000,96.920838,0.00147684,0.04421027,0.143136,5.380200,5.762500,4.284896,4.325824,3.309952,0.04273343,4.141760,,CO2 below target; MFC adding CO2
2026-05-06 11:32:29,579.1,447.032,447.307,450.000,2.693,14.319700,100.696000,51.506800,0.717864,18.000000,96.920838,0.00378579,0.04133325,0.366922,5.385700,5.387500,4.006053,4.025607,3.354160,0.03754745,3.639130,,CO2 below target; MFC adding CO2
2026-05-06 11:32:40,590.1,447.391,447.369,450.000,2.631,14.324900,100.694000,51.508500,0.720502,18.000000,96.918913,0.00764630,0.04138202,0.741071,5.262200,5.393750,4.010700,4.034636,3.398190,0.03373572,3.269629,,CO2 below target; MFC adding CO2
2026-05-06 11:32:51,601.1,447.459,447.498,450.000,2.502,14.324300,100.695000,51.508500,0.718439,18.000000,96.919876,0.00753746,0.10227922,0.730529,5.004600,13.331250,9.912889,10.310404,3.447705,0.09474176,9.182360,,CO2 below target; MFC adding CO2
2026-05-06 11:33:02,612.1,447.400,447.470,450.000,2.530,14.322100,100.695000,51.510200,0.717010,18.000000,96.919876,0.00430693,0.03807300,0.417427,5.060800,4.962500,3.690030,3.715001,3.485943,0.03376606,3.272603,,CO2 below target; MFC adding CO2
2026-05-06 11:33:13,623.1,447.769,447.466,450.000,2.534,14.312300,100.695000,51.498500,0.716314,18.000000,96.919876,0.00304242,0.03879226,0.294871,5.067900,5.056250,3.759741,3.794201,3.527232,0.03574984,3.464870,,CO2 below target; MFC adding CO2
2026-05-06 11:33:24,634.1,447.095,447.306,450.000,2.694,14.317400,100.700000,51.498500,0.713874,18.000000,96.924688,-0.00279739,0.03888623,-0.271136,5.388200,5.068750,3.769036,3.803005,3.568713,0.04168362,4.040172,,CO2 below target; MFC adding CO2
2026-05-06 11:33:35,645.1,447.207,447.240,450.000,2.760,14.324000,100.697000,51.500200,0.722623,18.000000,96.921801,-0.00645874,0.04128488,-0.625993,5.520700,5.381250,4.001405,4.038508,3.612630,0.04774362,4.627398,,CO2 below target; MFC adding CO2
2026-05-06 11:33:46,656.1,447.369,447.314,450.000,2.686,14.319100,100.698000,51.503500,0.713754,18.000000,96.922763,-0.00403219,0.04233936,-0.390811,5.372800,5.518750,4.103648,4.130669,3.657710,0.04637155,4.494459,,CO2 below target; MFC adding CO2
2026-05-06 11:33:57,667.1,447.341,447.290,450.000,2.710,14.357800,100.699000,51.505200,0.722218,18.000000,96.923726,-0.00283639,0.04123612,-0.274913,5.419100,5.375000,3.996758,4.025448,3.701729,0.04407250,4.271671,,CO2 below target; MFC adding CO2
2026-05-06 11:34:08,678.1,446.858,447.260,450.000,2.740,14.320100,100.699000,51.503500,0.717648,18.000000,96.923726,-0.00148121,0.04152381,-0.143564,5.480500,5.412500,4.024642,3.996347,3.745973,0.04300502,4.168207,,CO2 below target; MFC adding CO2
2026-05-06 11:34:18,688.1,447.211,447.309,450.000,2.691,14.322800,100.703000,51.505200,0.715374,18.000000,96.927576,0.00047449,0.01788426,0.045991,5.381400,2.331250,1.733478,1.832469,3.805264,0.01740977,1.687487,,CO2 below target; MFC adding CO2
2026-05-06 11:34:29,699.1,446.853,447.390,450.000,2.610,14.322600,100.699000,51.506800,0.711951,18.000000,96.923726,0.00146306,0.04114022,0.141805,5.220700,5.362500,3.987463,4.020282,3.842517,0.03967716,3.845658,,CO2 below target; MFC adding CO2
2026-05-06 11:34:40,710.1,446.886,447.239,450.000,2.761,14.333000,100.698000,51.510200,0.715561,18.000000,96.922763,-0.00100930,0.03998984,-0.097824,5.521100,5.212500,3.875926,3.902668,3.885246,0.04099914,3.973750,,CO2 below target; MFC adding CO2
2026-05-06 11:34:51,721.1,447.120,447.137,450.000,2.863,14.326100,100.704000,51.506800,0.713377,18.000000,96.928538,-0.00366071,0.04233684,-0.354828,5.726500,5.518750,4.103648,4.118239,3.930275,0.04599755,4.458476,,CO2 below target; MFC adding CO2
2026-05-06 11:35:02,732.1,447.475,447.321,450.000,2.679,14.321500,100.701000,51.508500,0.717880,18.000000,96.925651,-0.00174357,0.04392039,-0.168996,5.357600,5.725000,4.257012,4.289146,3.976977,0.04566395,4.426008,,CO2 below target; MFC adding CO2
2026-05-06 11:35:13,743.1,447.770,447.393,450.000,2.607,14.323700,100.699000,51.506800,0.713570,18.000000,96.923726,-0.00009879,0.04118817,-0.009575,5.214600,5.368750,3.992111,3.999978,4.020958,0.04128696,4.001686,,CO2 below target; MFC adding CO2
2026-05-06 11:35:24,754.1,446.983,447.392,450.000,2.608,14.323900,100.699000,51.500200,0.712821,18.000000,96.923726,0.00427601,0.04003739,0.414447,5.216600,5.218750,3.880573,3.904076,4.063689,0.03576138,3.466126,,CO2 below target; MFC adding CO2
2026-05-06 11:35:35,765.1,447.953,447.383,450.000,2.617,14.318100,100.698000,51.503500,0.719305,18.000000,96.922763,0.00577148,0.07465729,0.559387,5.233400,9.731250,7.235991,7.337918,4.117174,0.06888581,6.676603,,CO2 below target; MFC adding CO2
2026-05-06 11:35:46,776.1,447.045,447.295,450.000,2.705,14.319300,100.696000,51.503500,0.713757,18.000000,96.920838,-0.00054906,0.04003858,-0.053216,5.410000,5.218750,3.880573,3.908280,4.151017,0.04058765,3.933789,,CO2 below target; MFC adding CO2
2026-05-06 11:35:57,787.1,447.373,447.221,450.000,2.779,14.321600,100.701000,51.506800,0.713756,18.000000,96.925651,-0.00272176,0.04142709,-0.263808,5.558800,5.400000,4.015348,4.045788,4.195114,0.04414885,4.279156,,CO2 below target; MFC adding CO2
2026-05-06 11:36:08,798.1,447.029,447.188,450.000,2.812,14.320400,100.698000,51.510200,0.713126,18.000000,96.922763,-0.00576671,0.04253116,-0.558925,5.623500,5.543750,4.122238,4.159624,4.240486,0.04829787,4.681163,,CO2 below target; MFC adding CO2
2026-05-06 11:36:19,809.1,447.329,447.098,450.000,2.902,14.315600,100.699000,51.501900,0.715535,18.000000,96.923726,-0.00504351,0.04310613,-0.488836,5.803600,5.618750,4.178006,4.214937,4.286432,0.04814964,4.666843,,CO2 below target; MFC adding CO2
2026-05-06 11:36:30,820.1,447.216,447.155,450.000,2.845,14.321400,100.702000,51.501900,0.716856,18.000000,96.926613,-0.00499575,0.04459122,-0.484221,5.690400,5.812500,4.322075,4.354442,4.333842,0.04958696,4.806297,,CO2 below target; MFC adding CO2
2026-05-06 11:36:41,831.1,447.430,447.227,450.000,2.773,14.320100,100.699000,51.498500,0.711636,18.000000,96.923726,0.00058819,0.04363356,0.057009,5.545700,5.687500,4.229128,4.259442,4.380435,0.04304538,4.172118,,CO2 below target; MFC adding CO2
2026-05-06 11:36:52,842.1,447.410,447.353,450.000,2.647,14.319300,100.701000,51.508500,0.712857,18.000000,96.925651,0.00542964,0.05998297,0.526271,5.293300,7.818750,5.813889,5.997155,4.447238,0.05455334,5.287618,,CO2 below target; MFC adding CO2
2026-05-06 11:37:03,853.1,447.193,447.405,450.000,2.595,14.320100,100.701000,51.503500,0.713624,18.000000,96.925651,0.00581179,0.04046813,0.563312,5.190600,5.275000,3.922400,3.942369,4.481621,0.03465634,3.359088,,CO2 below target; MFC adding CO2
2026-05-06 11:37:14,864.1,447.238,447.280,450.000,2.720,14.317400,100.705000,51.501800,0.719313,18.000000,96.929501,0.00149901,0.03984322,0.145298,5.440400,5.193750,3.861984,3.892891,4.524057,0.03834421,3.716685,,CO2 below target; MFC adding CO2
2026-05-06 11:37:25,875.1,446.895,447.136,450.000,2.864,14.323900,100.703000,51.506800,0.712407,18.000000,96.927576,-0.00158859,0.04176190,-0.153978,5.727500,5.443750,4.047879,4.070754,4.568443,0.04335049,4.201858,,CO2 below target; MFC adding CO2
2026-05-06 11:37:36,886.1,447.066,447.198,450.000,2.802,14.322800,100.700000,51.503500,0.716288,18.000000,96.924688,-0.00481732,0.04387287,-0.466918,5.604900,5.718750,4.252365,4.278811,4.615117,0.04869020,4.719282,,CO2 below target; MFC adding CO2
2026-05-06 11:37:47,897.1,447.276,447.262,450.000,2.738,14.325800,100.701000,51.501900,0.712940,18.000000,96.925651,-0.00280877,0.04296143,-0.272242,5.476100,5.600000,4.164064,4.192461,4.661001,0.04577020,4.436306,,CO2 below target; MFC adding CO2
2026-05-06 11:37:58,908.1,447.242,447.249,450.000,2.751,14.328600,100.700000,51.505200,0.715928,18.000000,96.924688,0.00185680,0.04209878,0.179969,5.501500,5.487500,4.080411,4.107586,4.705855,0.04024198,3.900442,,CO2 below target; MFC adding CO2
2026-05-06 11:38:09,919.1,447.328,447.339,450.000,2.661,14.317800,100.701000,51.503500,0.717939,18.000000,96.925651,0.00457663,0.06659980,0.443593,5.322000,8.681250,6.455229,6.490074,4.769241,0.06202317,6.011636,,CO2 below target; MFC adding CO2
2026-05-06 11:38:19,929.1,447.636,447.429,450.000,2.571,14.323600,100.699000,51.505200,0.718167,18.000000,96.923726,0.00543376,0.04070868,0.526660,5.141200,5.306250,3.945637,3.979484,4.801594,0.03527492,3.418977,,CO2 below target; MFC adding CO2
2026-05-06 11:38:30,940.1,446.978,447.396,450.000,2.604,14.329800,100.701000,51.498500,0.713913,18.000000,96.925651,0.00275977,0.03941327,0.267492,5.207500,5.137500,3.820157,3.852713,4.843694,0.03665350,3.552665,,CO2 below target; MFC adding CO2
2026-05-06 11:38:41,951.1,447.264,447.332,450.000,2.668,14.319300,100.701000,51.508500,0.720382,18.000000,96.925651,0.00138819,0.03994070,0.134551,5.335400,5.206250,3.871278,3.901776,4.886245,0.03855251,3.736727,,CO2 below target; MFC adding CO2
2026-05-06 11:38:52,962.1,447.284,447.259,450.000,2.741,14.321600,100.703000,51.500200,0.711657,18.000000,96.927576,-0.00330514,0.04104269,-0.320359,5.482100,5.350000,3.978168,3.992168,4.929795,0.04434783,4.298528,,CO2 below target; MFC adding CO2
2026-05-06 11:39:03,973.1,447.352,447.224,450.000,2.776,14.321100,100.697000,51.501800,0.722080,18.000000,96.921801,-0.00419185,0.04205208,-0.406282,5.552900,5.481250,4.075764,4.111588,4.974556,0.04624394,4.482045,,CO2 below target; MFC adding CO2
2026-05-06 11:39:14,984.1,447.192,447.288,450.000,2.712,14.328000,100.697000,51.503500,0.712836,18.000000,96.921801,-0.00186655,0.04253158,-0.180909,5.423500,5.543750,4.122238,4.169386,5.019912,0.04439813,4.303147,,CO2 below target; MFC adding CO2
2026-05-06 11:39:25,995.1,447.237,447.266,450.000,2.734,14.325200,100.697000,51.500200,0.716084,18.000000,96.921801,-0.00047316,0.04166848,-0.045860,5.467100,5.431250,4.038585,4.063767,5.064348,0.04214165,4.084444,,CO2 below target; MFC adding CO2
2026-05-06 11:39:36,1006.1,447.381,447.324,450.000,2.676,14.322000,100.696000,51.500200,0.718010,18.000000,96.920838,0.00175701,0.00119876,0.170291,5.352800,0.156250,0.116185,0.205673,5.110150,-0.00055825,-0.054106,,CO2 below target; MFC adding CO2
2026-05-06 11:39:47,1017.1,446.904,447.359,450.000,2.641,14.327700,100.701000,51.506800,0.713445,18.000000,96.925651,0.00193507,0.04104350,0.187558,5.282200,5.350000,3.978168,4.002186,5.153411,0.03910844,3.790611,,CO2 below target; MFC adding CO2
2026-05-06 11:39:58,1028.1,446.797,447.249,450.000,2.751,14.325500,100.699000,51.506800,0.716134,18.000000,96.923726,-0.00086727,0.04046893,-0.084059,5.502700,5.275000,3.922400,3.947157,5.196606,0.04133620,4.006459,,CO2 below target; MFC adding CO2
2026-05-06 11:40:09,1039.1,447.182,447.125,450.000,2.875,14.319700,100.701000,51.506800,0.713894,18.000000,96.925651,-0.00478024,0.04219426,-0.463328,5.749200,5.500000,4.089706,4.131926,5.241462,0.04697450,4.553034,,CO2 below target; MFC adding CO2
2026-05-06 11:40:20,1050.1,446.941,447.131,450.000,2.869,14.323100,100.698000,51.510200,0.716950,18.000000,96.922763,-0.00331478,0.04416144,-0.321277,5.738300,5.756250,4.280249,4.304669,5.288375,0.04747622,4.601526,,CO2 below target; MFC adding CO2
2026-05-06 11:40:31,1061.1,447.299,447.298,450.000,2.702,14.315400,100.699000,51.503500,0.717593,18.000000,96.923726,-0.00008978,0.04401716,-0.008702,5.404000,5.737500,4.266307,4.304985,5.335313,0.04410694,4.275009,,CO2 below target; MFC adding CO2
2026-05-06 11:40:42,1072.1,447.216,447.420,450.000,2.580,14.318300,100.696000,51.500200,0.720912,18.000000,96.920838,0.00403412,0.04152505,0.390991,5.160700,5.412500,4.024642,4.056451,5.379676,0.03749092,3.633652,,CO2 below target; MFC adding CO2
2026-05-06 11:40:53,1083.1,447.600,447.380,450.000,2.620,14.323000,100.698000,51.505200,0.718297,18.000000,96.922763,0.00559168,0.02713939,0.541961,5.239300,3.537500,2.630424,2.799294,5.433048,0.02154771,2.088463,,CO2 below target; MFC adding CO2
2026-05-06 11:41:04,1094.1,447.145,447.261,450.000,2.739,14.326600,100.696000,51.501900,0.721062,18.000000,96.920838,0.00129113,0.04018244,0.125137,5.478100,5.237500,3.894515,3.909092,5.467564,0.03889131,3.769378,,CO2 below target; MFC adding CO2
2026-05-06 11:41:15,1105.1,447.263,447.211,450.000,2.789,14.321400,100.701000,51.510200,0.716561,18.000000,96.925651,-0.00302853,0.04200247,-0.293543,5.578300,5.475000,4.071116,4.085927,5.512237,0.04503100,4.364659,,CO2 below target; MFC adding CO2
2026-05-06 11:41:26,1116.1,447.857,447.239,450.000,2.761,14.324200,100.698000,51.506800,0.717860,18.000000,96.922763,-0.00496737,0.04286681,-0.481451,5.521600,5.587500,4.154769,4.186779,5.557831,0.04783417,4.636220,,CO2 below target; MFC adding CO2
2026-05-06 11:41:37,1127.1,447.048,447.200,450.000,2.800,14.329500,100.702000,51.505200,0.716735,18.000000,96.926613,-0.00285101,0.04228973,-0.276339,5.600400,5.512500,4.099001,4.138343,5.602993,0.04514074,4.375339,,CO2 below target; MFC adding CO2
2026-05-06 11:41:48,1138.1,447.715,447.169,450.000,2.831,14.315700,100.699000,51.500200,0.713590,18.000000,96.923726,-0.00195553,0.04296228,-0.189537,5.662000,5.600000,4.164064,4.197665,5.648773,0.04491781,4.353601,,CO2 below target; MFC adding CO2
2026-05-06 11:41:59,1149.1,447.287,447.253,450.000,2.747,14.326200,100.703000,51.503500,0.716214,18.000000,96.927576,0.00122098,0.04339210,0.118347,5.494300,5.656250,4.205891,4.252686,5.695046,0.04217111,4.087544,,CO2 below target; MFC adding CO2
2026-05-06 11:42:10,1160.1,447.869,447.335,450.000,2.665,14.331300,100.699000,51.506800,0.712446,18.000000,96.923726,0.00450772,0.09570615,0.436905,5.329600,12.475000,9.276196,9.324077,5.754104,0.09119842,8.839291,,CO2 below target; MFC adding CO2
2026-05-06 11:42:21,1171.1,447.029,447.353,450.000,2.647,14.324800,100.699000,51.500200,0.720353,18.000000,96.923726,0.00295884,0.04061278,0.286782,5.294200,5.293750,3.936342,3.992169,5.791446,0.03765394,3.649560,,CO2 below target; MFC adding CO2
2026-05-06 11:42:32,1182.1,447.008,447.294,450.000,2.706,14.326500,100.699000,51.505200,0.715467,18.000000,96.923726,0.00408790,0.04075663,0.396215,5.411200,5.312500,3.950284,3.953051,5.834711,0.03666872,3.554069,,CO2 below target; MFC adding CO2
2026-05-06 11:42:43,1193.1,447.177,447.259,450.000,2.741,14.325400,100.697000,51.500200,0.714605,18.000000,96.921801,-0.00228508,0.04142873,-0.221474,5.483000,5.400000,4.015348,4.003198,5.878857,0.04371381,4.236822,,CO2 below target; MFC adding CO2
2026-05-06 11:42:53,1203.1,447.762,447.308,450.000,2.692,14.322900,100.698000,51.506800,0.716110,18.000000,96.922763,0.00011077,0.04200372,0.010737,5.383800,5.475000,4.071116,4.114492,5.919607,0.04189294,4.060380,,CO2 below target; MFC adding CO2
2026-05-06 11:43:04,1214.1,447.664,447.401,450.000,2.599,14.322200,100.700000,51.501800,0.720403,18.000000,96.924688,0.00111146,0.04133160,0.107727,5.197900,5.387500,4.006053,4.019912,5.963650,0.04022015,3.898325,,CO2 below target; MFC adding CO2
2026-05-06 11:43:15,1225.1,447.841,447.475,450.000,2.525,14.326100,100.702000,51.500200,0.715644,18.000000,96.926613,0.00540056,0.03984441,0.523458,5.049500,5.193750,3.861984,3.893534,6.006319,0.03444385,3.338526,,CO2 below target; MFC adding CO2
2026-05-06 11:43:26,1236.1,447.459,447.515,450.000,2.485,14.325300,100.701000,51.506800,0.718382,18.000000,96.925651,0.00518861,0.03874200,0.502910,4.970100,5.050000,3.755094,3.775221,6.047708,0.03355339,3.252184,,CO2 below target; MFC adding CO2
2026-05-06 11:43:37,1247.1,447.554,447.440,450.000,2.560,14.335000,100.699000,51.503500,0.715123,18.000000,96.923726,0.00226076,0.02541296,0.219121,5.119800,3.312500,2.463118,2.332867,6.100216,0.02315219,2.243997,,CO2 below target; MFC adding CO2
2026-05-06 11:43:48,1258.1,447.411,447.353,450.000,2.647,14.328300,100.702000,51.501900,0.713681,18.000000,96.926613,-0.00257778,0.03922109,-0.249855,5.293300,5.112500,3.801567,3.823476,6.141668,0.04179887,4.051423,,CO2 below target; MFC adding CO2
2026-05-06 11:43:59,1269.1,447.145,447.310,450.000,2.690,14.332600,100.697000,51.508500,0.720402,18.000000,96.921801,-0.00377521,0.04066154,-0.365900,5.379800,5.300000,3.940989,3.962179,6.184855,0.04443675,4.306889,,CO2 below target; MFC adding CO2
2026-05-06 11:44:10,1280.1,446.824,447.230,450.000,2.770,14.328900,100.698000,51.500200,0.719489,18.000000,96.922763,-0.00620787,0.04123653,-0.601683,5.540400,5.375000,3.996758,4.021170,6.228810,0.04744439,4.598441,,CO2 below target; MFC adding CO2
2026-05-06 11:44:21,1291.1,447.483,447.246,450.000,2.754,14.335300,100.697000,51.510200,0.718762,18.000000,96.921801,-0.00246862,0.04243568,-0.239263,5.507100,5.531250,4.112943,4.140058,6.274037,0.04490430,4.352206,,CO2 below target; MFC adding CO2
2026-05-06 11:44:32,1302.1,447.770,447.334,450.000,2.666,14.329900,100.699000,51.506800,0.715502,18.000000,96.923726,-0.00013917,0.04224304,-0.013489,5.331200,5.506250,4.094353,4.121296,6.319081,0.04238222,4.107842,,CO2 below target; MFC adding CO2
2026-05-06 11:44:43,1313.1,447.686,447.403,450.000,2.597,14.335800,100.699000,51.510200,0.714182,18.000000,96.923726,0.00348554,0.04085252,0.337832,5.193100,5.325000,3.959579,3.993737,6.362792,0.03736698,3.621747,,CO2 below target; MFC adding CO2
2026-05-06 11:44:54,1324.1,447.218,447.508,450.000,2.492,14.331300,100.698000,51.500200,0.715843,18.000000,96.922763,0.00569835,0.03994189,0.552300,4.983800,5.206250,3.871278,3.835015,6.405263,0.03424354,3.318978,,CO2 below target; MFC adding CO2
2026-05-06 11:45:04,1334.1,446.950,447.443,450.000,2.557,14.328000,100.698000,51.508500,0.719808,18.000000,96.922763,0.00432646,0.00129464,0.419332,5.113400,0.168750,0.125480,0.159075,6.456407,-0.00303182,-0.293853,,CO2 below target; MFC adding CO2
2026-05-06 11:45:15,1345.1,447.288,447.326,450.000,2.674,14.336300,100.697000,51.501800,0.712655,18.000000,96.921801,0.00024185,0.03912714,0.023440,5.348000,5.100000,3.792273,3.824833,6.493941,0.03888529,3.768832,,CO2 below target; MFC adding CO2
2026-05-06 11:45:26,1356.1,447.799,447.296,450.000,2.704,14.326100,100.698000,51.501900,0.713258,18.000000,96.922763,-0.00378599,0.04104473,-0.366949,5.409000,5.350000,3.978168,4.010166,6.537608,0.04483072,4.345117,,CO2 below target; MFC adding CO2
2026-05-06 11:45:37,1367.1,447.863,447.320,450.000,2.680,14.336700,100.705000,51.501800,0.712807,18.000000,96.929501,-0.00393303,0.04147339,-0.381227,5.359600,5.406250,4.019995,4.049210,6.581816,0.04540642,4.401222,,CO2 below target; MFC adding CO2
2026-05-06 11:45:48,1378.1,447.247,447.412,450.000,2.588,14.330700,100.698000,51.506800,0.713540,18.000000,96.922763,0.00071802,0.04109268,0.069592,5.175300,5.356250,3.982816,4.014676,6.625664,0.04037466,3.913224,,CO2 below target; MFC adding CO2
2026-05-06 11:45:59,1389.1,447.201,447.396,450.000,2.604,14.330300,100.698000,51.503500,0.714157,18.000000,96.922763,0.00240893,0.03965419,0.233480,5.207800,5.168750,3.843394,3.895148,6.668126,0.03724527,3.609914,,CO2 below target; MFC adding CO2
2026-05-06 11:46:10,1400.1,447.197,447.343,450.000,2.657,14.334700,100.701000,51.503500,0.717209,18.000000,96.925651,0.00066603,0.03994070,0.064556,5.314500,5.206250,3.871278,3.901153,6.710730,0.03927467,3.806723,,CO2 below target; MFC adding CO2
2026-05-06 11:46:21,1411.1,447.120,447.314,450.000,2.686,14.331200,100.700000,51.501800,0.714453,18.000000,96.924688,-0.00099266,0.04070827,-0.096213,5.371200,5.306250,3.945637,3.983645,6.754168,0.04170093,4.041850,,CO2 below target; MFC adding CO2
2026-05-06 11:46:32,1422.1,447.111,447.403,450.000,2.597,14.317000,100.696000,51.500200,0.712327,18.000000,96.920838,-0.00026795,0.04080579,-0.025970,5.194500,5.318750,3.954931,3.982984,6.799149,0.04107374,3.980902,,CO2 below target; MFC adding CO2
2026-05-06 11:46:43,1433.1,447.465,447.400,450.000,2.600,14.336100,100.698000,51.506800,0.713542,18.000000,96.922763,-0.00039842,0.03979804,-0.038616,5.199400,5.187500,3.857336,3.882341,6.841572,0.04019646,3.895952,,CO2 below target; MFC adding CO2
2026-05-06 11:46:54,1444.1,447.460,447.339,450.000,2.661,14.327300,100.695000,51.501800,0.718669,18.000000,96.919876,-0.00086829,0.03989513,-0.084155,5.322900,5.200000,3.866631,3.897248,6.884091,0.04076342,3.950786,,CO2 below target; MFC adding CO2
2026-05-06 11:47:05,1455.1,446.631,447.291,450.000,2.709,14.323200,100.699000,51.508500,0.721338,18.000000,96.923726,-0.00123099,0.04075663,-0.119312,5.418300,5.312500,3.950284,3.984061,6.927585,0.04198761,4.069596,,CO2 below target; MFC adding CO2
2026-05-06 11:47:16,1466.1,447.358,447.281,450.000,2.719,14.322000,100.699000,51.508500,0.710769,18.000000,96.923726,-0.00228110,0.04161971,-0.221093,5.438100,5.425000,4.033937,4.055390,6.971898,0.04390081,4.255030,,CO2 below target; MFC adding CO2
2026-05-06 11:47:27,1477.1,447.200,447.319,450.000,2.681,14.330400,100.699000,51.500200,0.716248,18.000000,96.923726,-0.00167925,0.04171561,-0.162759,5.362000,5.437500,4.043232,4.068530,7.016316,0.04339486,4.205991,,CO2 below target; MFC adding CO2
2026-05-06 11:47:38,1488.1,447.316,447.285,450.000,2.715,14.327800,100.696000,51.510200,0.715498,18.000000,96.920838,-0.00022139,0.04118939,-0.021458,5.430400,5.368750,3.992111,4.022082,7.060213,0.04141079,4.013568,,CO2 below target; MFC adding CO2
2026-05-06 11:47:49,1499.1,447.305,447.346,450.000,2.654,14.329100,100.698000,51.506800,0.719863,18.000000,96.922763,0.00044046,0.00517854,0.042690,5.308600,0.675000,0.501918,0.543800,7.117855,0.00473808,0.459228,,CO2 below target; MFC adding CO2
2026-05-06 11:48:00,1510.1,447.260,447.316,450.000,2.684,14.322300,100.699000,51.500200,0.717035,18.000000,96.923726,0.00086963,0.04066073,0.084288,5.368800,5.300000,3.940989,3.974697,7.158460,0.03979110,3.856701,,CO2 below target; MFC adding CO2
2026-05-06 11:48:11,1521.1,446.647,447.294,450.000,2.706,14.350900,100.702000,51.513500,0.717767,18.000000,96.926613,-0.00049568,0.04118694,-0.048045,5.411200,5.368750,3.992111,4.009846,7.202305,0.04168262,4.040156,,CO2 below target; MFC adding CO2
2026-05-06 11:48:22,1532.1,447.213,447.239,450.000,2.761,14.330700,100.701000,51.498500,0.715095,18.000000,96.925651,-0.00203485,0.04152299,-0.197229,5.521900,5.412500,4.024642,4.051000,7.246511,0.04355783,4.221871,,CO2 below target; MFC adding CO2
2026-05-06 11:48:33,1543.1,447.084,447.247,450.000,2.753,14.324400,100.703000,51.505200,0.711611,18.000000,96.927576,-0.00143972,0.04243315,-0.139548,5.506000,5.531250,4.112943,4.146414,7.291632,0.04387287,4.252491,,CO2 below target; MFC adding CO2
2026-05-06 11:48:44,1554.1,447.525,447.265,450.000,2.735,14.325900,100.697000,51.508500,0.721204,18.000000,96.921801,-0.00114015,0.04214798,-0.110505,5.470300,5.493750,4.085058,4.132329,7.336672,0.04328813,4.195564,,CO2 below target; MFC adding CO2
2026-05-06 11:48:55,1565.1,447.522,447.331,450.000,2.669,14.329700,100.696000,51.501800,0.720665,18.000000,96.920838,0.00148066,0.04200455,0.143507,5.338400,5.475000,4.071116,4.091239,7.381410,0.04052389,3.927609,,CO2 below target; MFC adding CO2
2026-05-06 11:49:06,1576.1,447.541,447.376,450.000,2.624,14.340000,100.700000,51.506800,0.712119,18.000000,96.924688,0.00344592,0.04099596,0.333995,5.247600,5.343750,3.973521,4.005768,7.425133,0.03755004,3.639526,,CO2 below target; MFC adding CO2
2026-05-06 11:49:17,1587.1,447.342,447.487,450.000,2.513,14.331400,100.700000,51.508500,0.715351,18.000000,96.924688,0.00564317,0.01016508,0.546963,5.025600,1.325000,0.985247,1.019847,7.485892,0.00452191,0.438284,,CO2 below target; MFC adding CO2
2026-05-06 11:49:28,1598.1,447.579,447.445,450.000,2.555,14.336200,100.699000,51.506800,0.712149,18.000000,96.923726,0.00282571,0.03845508,0.273878,5.110700,5.012500,3.727209,3.696807,7.522649,0.03562937,3.453331,,CO2 below target; MFC adding CO2
2026-05-06 11:49:38,1608.1,446.974,447.309,450.000,2.691,14.325300,100.696000,51.501800,0.716128,18.000000,96.920838,-0.00137091,0.03927138,-0.132870,5.381900,5.118750,3.806215,3.838741,7.560644,0.04064229,3.939085,,CO2 below target; MFC adding CO2
2026-05-06 11:49:49,1619.1,447.093,447.292,450.000,2.708,14.326400,100.702000,51.505200,0.715553,18.000000,96.926613,-0.00211120,0.04123489,-0.204631,5.415600,5.375000,3.996758,4.027190,7.604508,0.04334608,4.201389,,CO2 below target; MFC adding CO2
2026-05-06 11:50:00,1630.1,447.371,447.363,450.000,2.637,14.321500,100.702000,51.506800,0.715406,18.000000,96.926613,-0.00079227,0.04152257,-0.076792,5.274800,5.412500,4.024642,4.060996,7.648762,0.04231484,4.101434,,CO2 below target; MFC adding CO2
2026-05-06 11:50:11,1641.1,447.720,447.467,450.000,2.533,14.327800,100.699000,51.505200,0.716415,18.000000,96.923726,0.00133182,0.04046893,0.129085,5.066200,5.275000,3.922400,3.961094,7.691973,0.03913712,3.793315,,CO2 below target; MFC adding CO2
2026-05-06 11:50:22,1652.1,447.257,447.508,450.000,2.492,14.320800,100.702000,51.503500,0.714429,18.000000,96.926613,0.00532029,0.03888546,0.515677,4.983600,5.068750,3.769036,3.810040,7.733528,0.03356517,3.253358,,CO2 below target; MFC adding CO2
2026-05-06 11:50:33,1663.1,447.402,447.434,450.000,2.566,14.324600,100.702000,51.506800,0.713999,18.000000,96.926613,0.00246916,0.03821419,0.239327,5.131500,4.981250,3.703972,3.732150,7.774297,0.03574503,3.464645,,CO2 below target; MFC adding CO2
2026-05-06 11:50:44,1674.1,446.977,447.404,450.000,2.596,14.321900,100.700000,51.505200,0.718546,18.000000,96.924688,0.00023387,0.03893418,0.022667,5.191500,5.075000,3.773683,3.787095,7.820514,0.03870031,3.751016,,CO2 below target; MFC adding CO2
2026-05-06 11:50:55,1685.1,447.285,447.381,450.000,2.619,14.324300,100.701000,51.501800,0.716928,18.000000,96.925651,-0.00285659,0.03979686,-0.276877,5.237700,5.187500,3.857336,3.877693,7.862818,0.04265345,4.134213,,CO2 below target; MFC adding CO2
2026-05-06 11:51:06,1696.1,447.352,447.310,450.000,2.690,14.323700,100.700000,51.505200,0.720063,18.000000,96.924688,-0.00466262,0.04013289,-0.451923,5.379600,5.231250,3.889868,3.926877,7.905584,0.04479552,4.341791,,CO2 below target; MFC adding CO2
2026-05-06 11:51:17,1707.1,447.490,447.331,450.000,2.669,14.329600,100.700000,51.508500,0.714610,18.000000,96.924688,-0.00231183,0.04113981,-0.224073,5.337100,5.362500,3.987463,4.032770,7.949507,0.04345164,4.211536,,CO2 below target; MFC adding CO2
2026-05-06 11:51:28,1718.1,447.371,447.375,450.000,2.625,14.320700,100.704000,51.505200,0.714579,18.000000,96.928538,-0.00069003,0.04094639,-0.066884,5.250700,5.337500,3.968874,3.993947,7.993191,0.04163642,4.035757,,CO2 below target; MFC adding CO2
2026-05-06 11:51:39,1729.1,447.530,447.338,450.000,2.662,14.323600,100.701000,51.511800,0.712877,18.000000,96.925651,-0.00039359,0.04037223,-0.038149,5.323900,5.262500,3.913105,3.939621,8.036197,0.04076583,3.951254,,CO2 below target; MFC adding CO2
2026-05-06 11:51:50,1740.1,447.233,447.325,450.000,2.675,14.335500,100.701000,51.503500,0.720189,18.000000,96.925651,0.00024062,0.04075582,0.023322,5.349900,5.312500,3.950284,3.997930,8.079689,0.04051520,3.926962,,CO2 below target; MFC adding CO2
2026-05-06 11:52:01,1751.1,447.415,447.374,450.000,2.626,14.329800,100.701000,51.506800,0.713998,18.000000,96.925651,0.00070941,0.00110280,0.068760,5.251700,0.143750,0.106890,0.144896,8.131111,0.00039339,0.038130,,CO2 below target; MFC adding CO2
2026-05-06 11:52:12,1762.1,447.137,447.347,450.000,2.653,14.336300,100.699000,51.508500,0.718937,18.000000,96.923726,-0.00079139,0.04032509,-0.076704,5.305100,5.256250,3.908458,3.921749,8.172117,0.04111647,3.985162,,CO2 below target; MFC adding CO2
2026-05-06 11:52:23,1773.1,447.239,447.390,450.000,2.610,14.325600,100.701000,51.508500,0.715895,18.000000,96.925651,0.00227904,0.04075582,0.220897,5.219700,5.312500,3.950284,3.984205,8.215470,0.03847678,3.729387,,CO2 below target; MFC adding CO2
2026-05-06 11:52:34,1784.1,447.335,447.357,450.000,2.643,14.326400,100.701000,51.505200,0.719394,18.000000,96.925651,-0.00103014,0.04003660,-0.099847,5.286100,5.218750,3.880573,3.910404,8.258223,0.04106674,3.980420,,CO2 below target; MFC adding CO2
2026-05-06 11:52:45,1795.1,447.546,447.272,450.000,2.728,14.333300,100.703000,51.506800,0.715353,18.000000,96.927576,-0.00137620,0.04051527,-0.133392,5.457000,5.281250,3.927047,3.966827,8.301466,0.04189147,4.060439,,CO2 below target; MFC adding CO2
2026-05-06 11:52:56,1806.1,447.445,447.440,450.000,2.560,14.335100,100.701000,51.503500,0.718516,18.000000,96.925651,0.00160450,0.04195452,0.155517,5.119500,5.468750,4.066469,4.085669,8.346019,0.04035002,3.910952,,CO2 below target; MFC adding CO2
2026-05-06 11:53:07,1817.1,447.303,447.501,450.000,2.499,14.327200,100.702000,51.500200,0.715682,18.000000,96.926613,0.00316212,0.03926904,0.306494,4.998000,5.118750,3.806215,3.838692,8.388023,0.03610691,3.499721,,CO2 below target; MFC adding CO2
2026-05-06 11:53:18,1828.1,447.513,447.480,450.000,2.520,14.335700,100.701000,51.500200,0.717674,18.000000,96.925651,0.00232158,0.19107286,0.225021,5.040700,24.906250,18.519861,17.279066,8.442550,0.18875128,18.294841,,CO2 below target; MFC adding CO2
2026-05-06 11:53:29,1839.1,447.317,447.444,450.000,2.556,14.333700,100.700000,51.508500,0.717856,18.000000,96.924688,0.00420194,0.03835880,0.407271,5.112000,5.000000,3.717914,3.749318,8.485874,0.03415686,3.310643,,CO2 below target; MFC adding CO2
2026-05-06 11:53:40,1850.1,447.588,447.388,450.000,2.612,14.334800,100.701000,51.503500,0.714593,18.000000,96.925651,-0.00196572,0.03912558,-0.190529,5.224500,5.100000,3.792273,3.822812,8.527571,0.04109131,3.982802,,CO2 below target; MFC adding CO2
2026-05-06 11:53:51,1861.1,447.593,447.319,450.000,2.681,14.334600,100.699000,51.508500,0.716849,18.000000,96.923726,-0.00328716,0.04003739,-0.318604,5.361300,5.218750,3.880573,3.907202,8.570235,0.04332455,4.199177,,CO2 below target; MFC adding CO2
2026-05-06 11:54:02,1872.1,447.371,447.380,450.000,2.620,14.328100,100.701000,51.508500,0.713182,18.000000,96.925651,-0.00153669,0.04118735,-0.148944,5.240400,5.368750,3.992111,3.948310,8.613966,0.04272403,4.141055,,CO2 below target; MFC adding CO2
2026-05-06 11:54:12,1882.1,447.289,447.475,450.000,2.525,14.328500,100.702000,51.506800,0.710342,18.000000,96.926613,0.00032355,0.04018004,0.031361,5.050900,5.237500,3.894515,3.926047,8.653011,0.03985649,3.863154,,CO2 below target; MFC adding CO2
2026-05-06 11:54:23,1893.1,447.050,447.434,450.000,2.566,14.327300,100.698000,51.508500,0.718702,18.000000,96.922763,0.00220907,0.03874315,0.214109,5.132100,5.050000,3.755094,3.788352,8.694437,0.03653409,3.540984,,CO2 below target; MFC adding CO2
2026-05-06 11:54:34,1904.1,447.620,447.474,450.000,2.526,14.325300,100.702000,51.505200,0.715251,18.000000,96.926613,0.00385735,0.03941288,0.373880,5.052600,5.137500,3.820157,3.851438,8.736387,0.03555553,3.446277,,CO2 below target; MFC adding CO2
2026-05-06 11:54:45,1915.1,447.649,447.519,450.000,2.481,14.329700,100.703000,51.505200,0.713101,18.000000,96.927576,0.00296416,0.04741965,0.287309,4.962800,6.181250,4.596272,4.658595,8.790704,0.04445549,4.308963,,CO2 below target; MFC adding CO2
2026-05-06 11:54:56,1926.1,447.100,447.519,450.000,2.481,14.358400,100.703000,51.498500,0.713942,18.000000,96.927576,0.00100612,0.03802202,0.097521,4.961600,4.956250,3.685383,3.700142,8.822251,0.03701590,3.587861,,CO2 below target; MFC adding CO2
2026-05-06 11:55:07,1937.1,447.302,447.449,450.000,2.551,14.329500,100.701000,51.501900,0.721914,18.000000,96.925651,-0.00088046,0.03807073,-0.085339,5.101900,4.962500,3.690030,3.702507,8.862803,0.03895118,3.775369,,CO2 below target; MFC adding CO2
2026-05-06 11:55:18,1948.1,446.871,447.210,450.000,2.790,14.331600,100.700000,51.506800,0.715596,18.000000,96.924688,-0.00700525,0.03917392,-0.678982,5.580900,5.106250,3.796920,3.843632,8.904488,0.04617917,4.475902,,CO2 below target; MFC adding CO2
2026-05-06 11:55:29,1959.1,447.125,447.194,450.000,2.806,14.329800,100.701000,51.505200,0.713151,18.000000,96.925651,-0.00718710,0.04276963,-0.696614,5.612700,5.575000,4.145475,4.186974,8.949932,0.04995673,4.842089,,CO2 below target; MFC adding CO2
2026-05-06 11:55:40,1970.1,447.677,447.396,450.000,2.604,14.325800,100.704000,51.506800,0.713109,18.000000,96.928538,-0.00252817,0.04300809,-0.245052,5.208300,5.606250,4.168712,4.201693,8.995810,0.04553627,4.413764,,CO2 below target; MFC adding CO2
2026-05-06 11:55:51,1981.1,447.186,447.409,450.000,2.591,14.330100,100.705000,51.505200,0.712032,18.000000,96.929501,0.00220212,0.03998706,0.213450,5.182400,5.212500,3.875926,3.891934,9.038186,0.03778494,3.662476,,CO2 below target; MFC adding CO2
2026-05-06 11:56:02,1992.1,447.522,447.434,450.000,2.566,14.328600,100.704000,51.501800,0.716835,18.000000,96.928538,0.00511340,0.13242849,0.495634,5.132900,17.262500,12.836099,13.158519,9.089839,0.12731509,12.340465,,CO2 below target; MFC adding CO2
2026-05-06 11:56:13,2003.1,447.268,447.362,450.000,2.638,14.328500,100.703000,51.498500,0.718308,18.000000,96.927576,0.00346919,0.03888507,0.336260,5.276400,5.068750,3.769036,3.813474,9.127432,0.03541588,3.432775,,CO2 below target; MFC adding CO2
2026-05-06 11:56:24,2014.1,447.791,447.381,450.000,2.619,14.311500,100.705000,51.500200,0.714667,18.000000,96.929501,-0.00037618,0.04032268,-0.036463,5.238800,5.256250,3.908458,3.944560,9.170365,0.04069887,3.944921,,CO2 below target; MFC adding CO2
2026-05-06 11:56:35,2025.1,447.910,447.411,450.000,2.589,14.328400,100.703000,51.500200,0.716766,18.000000,96.927576,-0.00100667,0.04008375,-0.097574,5.178000,5.225000,3.885221,3.921432,9.213183,0.04109042,3.982794,,CO2 below target; MFC adding CO2
2026-05-06 11:56:46,2036.1,447.577,447.335,450.000,2.665,14.325000,100.701000,51.500200,0.720233,18.000000,96.925651,-0.00088686,0.03984480,-0.085960,5.329200,5.193750,3.861984,3.880387,9.255539,0.04073166,3.947943,,CO2 below target; MFC adding CO2
2026-05-06 11:56:57,2047.1,447.428,447.377,450.000,2.623,14.328300,100.703000,51.498500,0.718079,18.000000,96.927576,0.00055556,0.04089885,0.053849,5.245000,5.331250,3.964226,3.983910,9.299046,0.04034329,3.910377,,CO2 below target; MFC adding CO2
2026-05-06 11:57:08,2058.1,447.435,447.446,450.000,2.554,14.329600,100.700000,51.506800,0.720097,18.000000,96.924688,0.00258984,0.04022879,0.251020,5.107200,5.243750,3.899163,3.916811,9.341956,0.03763894,3.648143,,CO2 below target; MFC adding CO2
2026-05-06 11:57:19,2069.1,446.938,447.493,450.000,2.507,14.332300,100.704000,51.505200,0.713742,18.000000,96.928538,0.00217916,0.03912442,0.211222,5.014700,5.100000,3.792273,3.820845,9.383788,0.03694526,3.581050,,CO2 below target; MFC adding CO2
2026-05-06 11:57:30,2080.1,447.219,447.430,450.000,2.570,14.325900,100.702000,51.510200,0.724470,18.000000,96.926613,0.00172946,0.03850188,0.167631,5.140700,5.018750,3.731857,3.762724,9.424840,0.03677241,3.564225,,CO2 below target; MFC adding CO2
2026-05-06 11:57:41,2091.1,448.425,447.424,450.000,2.576,14.328100,100.705000,51.510100,0.719336,18.000000,96.929501,0.00089898,0.03711029,0.087138,5.152300,4.837500,3.597082,3.658271,9.481641,0.03621131,3.509945,,CO2 below target; MFC adding CO2
2026-05-06 11:57:52,2102.0,447.301,447.411,450.000,2.589,14.330600,100.699000,51.506800,0.717905,18.000000,96.923726,-0.00123541,0.03946200,-0.119740,5.178300,5.143750,3.824804,3.779753,9.514450,0.04069741,3.944545,,CO2 below target; MFC adding CO2
2026-05-06 11:58:02,2112.1,447.597,447.419,450.000,2.581,14.337500,100.704000,51.500200,0.717526,18.000000,96.928538,-0.00147229,0.03974772,-0.142707,5.162000,5.181250,3.852689,3.884086,9.552967,0.04122001,3.995396,,CO2 below target; MFC adding CO2
2026-05-06 11:58:13,2123.1,447.581,447.452,450.000,2.548,14.335600,100.701000,51.506800,0.714647,18.000000,96.925651,0.00022049,0.03946122,0.021371,5.096700,5.143750,3.824804,3.868156,9.595202,0.03924073,3.803433,,CO2 below target; MFC adding CO2
2026-05-06 11:58:24,2134.1,447.614,447.413,450.000,2.587,14.338300,100.703000,51.510200,0.717982,18.000000,96.927576,0.00014655,0.03907686,0.014205,5.173700,5.093750,3.787625,3.811457,9.636852,0.03893031,3.773421,,CO2 below target; MFC adding CO2
2026-05-06 11:58:35,2145.1,447.152,447.389,450.000,2.611,14.332300,100.706000,51.501800,0.721276,18.000000,96.930463,-0.00252406,0.03984283,-0.244658,5.222500,5.193750,3.861984,3.879988,9.679158,0.04236688,4.106642,,CO2 below target; MFC adding CO2
2026-05-06 11:58:46,2156.1,447.486,447.457,450.000,2.543,14.335500,100.698000,51.508500,0.719993,18.000000,96.922763,0.00082173,0.03998984,0.079644,5.086600,5.212500,3.875926,3.915771,9.721849,0.03916811,3.796281,,CO2 below target; MFC adding CO2
2026-05-06 11:58:57,2167.1,447.588,447.499,450.000,2.501,14.331100,100.701000,51.501800,0.713661,18.000000,96.925651,0.00161359,0.03907764,0.156399,5.002200,5.093750,3.787625,3.812612,9.763567,0.03746404,3.631227,,CO2 below target; MFC adding CO2
2026-05-06 11:59:08,2178.1,447.937,447.535,450.000,2.465,14.341300,100.700000,51.506800,0.718997,18.000000,96.924688,0.00433183,0.01620659,0.419862,4.930600,2.112500,1.570819,1.598457,9.820678,0.01187476,1.150957,,CO2 below target; MFC adding CO2
2026-05-06 11:59:19,2189.1,447.476,447.391,450.000,2.609,14.335600,100.705000,51.506900,0.716021,18.000000,96.929501,0.00050761,0.03773359,0.049203,5.218400,4.918750,3.657498,3.686756,9.855125,0.03722598,3.608295,,CO2 below target; MFC adding CO2
2026-05-06 11:59:30,2200.1,446.969,447.280,450.000,2.720,14.336200,100.703000,51.501900,0.719627,18.000000,96.927576,-0.00428038,0.04003580,-0.414887,5.439500,5.218750,3.880573,3.909269,9.897680,0.04431619,4.295460,,CO2 below target; MFC adding CO2
2026-05-06 11:59:41,2211.1,447.161,447.244,450.000,2.756,14.335300,100.702000,51.501800,0.720738,18.000000,96.926613,-0.00581034,0.04166642,-0.563176,5.511300,5.431250,4.038585,4.078601,9.942016,0.04747675,4.601761,,CO2 below target; MFC adding CO2
2026-05-06 11:59:52,2222.1,447.384,447.262,450.000,2.738,14.335200,100.704000,51.515200,0.719397,18.000000,96.928538,-0.00507747,0.04286425,-0.492152,5.475500,5.587500,4.154769,4.185591,9.987120,0.04794172,4.646921,,CO2 below target; MFC adding CO2
2026-05-06 12:00:03,2233.1,447.191,447.282,450.000,2.718,14.333400,100.706000,51.503500,0.713465,18.000000,96.930463,-0.00265886,0.04204833,-0.257725,5.435100,5.481250,4.075764,4.099653,10.031922,0.04470719,4.333488,,CO2 below target; MFC adding CO2
2026-05-06 12:00:14,2244.1,447.145,447.275,450.000,2.725,14.332300,100.709000,51.506800,0.714057,18.000000,96.933351,0.00064688,0.04166352,0.062704,5.450500,5.431250,4.038585,4.075740,10.076390,0.04101664,3.975881,,CO2 below target; MFC adding CO2
2026-05-06 12:00:25,2255.1,447.642,447.445,450.000,2.555,14.337000,100.705000,51.500200,0.720302,18.000000,96.929501,0.00493505,0.04176107,0.478352,5.109900,5.443750,4.047879,4.073158,10.120956,0.03682601,3.569527,,CO2 below target; MFC adding CO2
2026-05-06 12:00:36,2266.1,447.541,447.501,450.000,2.499,14.335500,100.704000,51.501800,0.716772,18.000000,96.928538,0.00625029,0.13990815,0.605831,4.998100,18.237500,13.561093,14.079226,10.173197,0.13365786,12.955261,,CO2 below target; MFC adding CO2
2026-05-06 12:00:47,2277.1,447.331,447.489,450.000,2.511,14.338800,100.706000,51.511800,0.718312,18.000000,96.930463,0.00530248,0.03792500,0.513972,5.022500,4.943750,3.676088,3.711825,10.213337,0.03262252,3.162116,,CO2 below target; MFC adding CO2
2026-05-06 12:00:58,2288.1,447.270,447.517,450.000,2.483,14.335700,100.706000,51.506800,0.721420,18.000000,96.930463,0.00554681,0.03941132,0.537655,4.966900,5.137500,3.820157,3.840937,10.254372,0.03386450,3.282502,,CO2 below target; MFC adding CO2
2026-05-06 12:01:09,2299.1,447.547,447.387,450.000,2.613,14.335500,100.703000,51.496900,0.720268,18.000000,96.927576,-0.00248917,0.03811792,-0.241270,5.226700,4.968750,3.694677,3.712142,10.295012,0.04060709,3.935947,,CO2 below target; MFC adding CO2
2026-05-06 12:01:20,2310.1,447.327,447.389,450.000,2.611,14.336200,100.703000,51.505200,0.718449,18.000000,96.927576,-0.00225984,0.04003580,-0.219040,5.222300,5.218750,3.880573,3.912058,10.337627,0.04229564,4.099614,,CO2 below target; MFC adding CO2
2026-05-06 12:01:31,2321.1,447.314,447.414,450.000,2.586,14.336100,100.705000,51.508500,0.721006,18.000000,96.929501,-0.00370705,0.03998706,-0.359323,5.171400,5.212500,3.875926,3.910263,10.380395,0.04369411,4.235248,,CO2 below target; MFC adding CO2
2026-05-06 12:01:42,2332.1,447.227,447.486,450.000,2.514,14.374300,100.708000,51.510200,0.711642,18.000000,96.932388,0.00107365,0.03960231,0.104071,5.028800,5.162500,3.838747,3.872807,10.422710,0.03852866,3.734675,,CO2 below target; MFC adding CO2
2026-05-06 12:01:53,2343.1,447.483,447.634,450.000,2.366,14.333400,100.709000,51.506800,0.721272,18.000000,96.933351,0.00520354,0.03869098,0.504397,4.731900,5.043750,3.750446,3.774830,10.463917,0.03348744,3.246050,,CO2 below target; MFC adding CO2
2026-05-06 12:02:04,2354.1,447.504,447.614,450.000,2.386,14.335700,100.709000,51.501800,0.720257,18.000000,96.933351,0.00594982,0.03624582,0.576736,4.772200,4.725000,3.513429,3.540167,10.502783,0.03029600,2.936693,,CO2 below target; MFC adding CO2
2026-05-06 12:02:15,2365.1,447.592,447.591,450.000,2.409,14.343200,100.706000,51.501900,0.719938,18.000000,96.930463,0.00212491,0.03533594,0.205969,4.817600,4.606250,3.425129,3.465680,10.561700,0.03321103,3.219160,,CO2 below target; MFC adding CO2
2026-05-06 12:02:26,2376.1,447.089,447.541,450.000,2.459,14.337600,100.708000,51.506800,0.718487,18.000000,96.932388,0.00159280,0.03691741,0.154394,4.917000,4.812500,3.578493,3.599829,10.591762,0.03532461,3.424099,,CO2 below target; MFC adding CO2
2026-05-06 12:02:37,2387.1,447.295,447.526,450.000,2.474,14.334100,100.708000,51.500200,0.717910,18.000000,96.932388,-0.00242613,0.03773247,-0.235171,4.948500,4.918750,3.657498,3.686603,10.631932,0.04015860,3.892669,,CO2 below target; MFC adding CO2
2026-05-06 12:02:48,2398.1,447.135,447.453,450.000,2.547,14.332800,100.705000,51.505200,0.721834,18.000000,96.929501,-0.00342750,0.03797332,-0.332226,5.094200,4.950000,3.680735,3.707864,10.672391,0.04140083,4.012961,,CO2 below target; MFC adding CO2
2026-05-06 12:02:59,2409.1,447.334,447.371,450.000,2.629,14.333600,100.711000,51.510200,0.715644,18.000000,96.935276,-0.00429752,0.03897787,-0.416581,5.258100,5.081250,3.778331,3.807681,10.713950,0.04327539,4.194912,,CO2 below target; MFC adding CO2
2026-05-06 12:03:10,2420.1,448.025,447.335,450.000,2.665,14.337100,100.709000,51.506800,0.715322,18.000000,96.933351,-0.00525259,0.04027314,-0.509151,5.330000,5.250000,3.903810,3.939518,10.756891,0.04552573,4.412961,,CO2 below target; MFC adding CO2
2026-05-06 12:03:21,2431.1,448.833,447.448,450.000,2.552,14.331900,100.705000,51.505200,0.717714,18.000000,96.929501,-0.00041629,0.04085009,-0.040350,5.103600,5.325000,3.959579,4.003235,10.800436,0.04126638,3.999929,,CO2 below target; MFC adding CO2
2026-05-06 12:03:32,2442.1,447.596,447.521,450.000,2.479,14.336900,100.707000,51.503500,0.720132,18.000000,96.931426,0.00308627,0.03921914,0.299157,4.958300,5.112500,3.801567,3.831004,10.842311,0.03613287,3.502411,,CO2 below target; MFC adding CO2
2026-05-06 12:03:43,2453.1,447.246,447.466,450.000,2.534,14.334100,100.708000,51.505200,0.715853,18.000000,96.932388,0.00326745,0.03802014,0.316722,5.067900,4.956250,3.685383,3.718057,10.882901,0.03475268,3.368661,,CO2 below target; MFC adding CO2
2026-05-06 12:03:54,2464.1,447.230,447.462,450.000,2.538,14.329500,100.710000,51.503500,0.716227,18.000000,96.934313,0.00251477,0.03792349,0.243767,5.076000,4.943750,3.676088,3.711559,10.937774,0.03540873,3.432321,,CO2 below target; MFC adding CO2
2026-05-06 12:04:05,2475.1,447.088,447.428,450.000,2.572,14.338700,100.709000,51.510200,0.716162,18.000000,96.933351,-0.00193302,0.03893070,-0.187374,5.144600,5.075000,3.773683,3.784411,10.979088,0.04086372,3.961057,,CO2 below target; MFC adding CO2
2026-05-06 12:04:16,2486.1,447.600,447.417,450.000,2.583,14.327800,100.708000,51.511800,0.717287,18.000000,96.932388,-0.00090926,0.03941053,-0.088137,5.166400,5.137500,3.820157,3.838849,11.021096,0.04031980,3.908294,,CO2 below target; MFC adding CO2
2026-05-06 12:04:27,2497.0,447.351,447.373,450.000,2.627,14.340400,100.707000,51.505200,0.714824,18.000000,96.931426,-0.00318537,0.03969859,-0.308762,5.254500,5.175000,3.848041,3.811178,11.063324,0.04288396,4.156803,,CO2 below target; MFC adding CO2
2026-05-06 12:04:37,2507.0,447.391,447.313,450.000,2.687,14.339600,100.704000,51.506800,0.715817,18.000000,96.928538,-0.00271739,0.04032308,-0.263393,5.373900,5.256250,3.908458,3.921620,11.102356,0.04304048,4.171850,,CO2 below target; MFC adding CO2
2026-05-06 12:04:48,2518.0,447.571,447.475,450.000,2.525,14.333500,100.705000,51.506900,0.715342,18.000000,96.929501,0.00122750,0.04108982,0.118981,5.050000,5.356250,3.982816,4.021124,11.146284,0.03986232,3.863835,,CO2 below target; MFC adding CO2
2026-05-06 12:04:59,2529.0,446.839,447.496,450.000,2.504,14.345000,100.706000,51.506800,0.715045,18.000000,96.930463,0.00148753,0.03883597,0.144187,5.008400,5.062500,3.764388,3.785245,11.187795,0.03734844,3.620202,,CO2 below target; MFC adding CO2
2026-05-06 12:05:10,2540.0,447.659,447.448,450.000,2.552,14.343400,100.704000,51.510200,0.717867,18.000000,96.928538,0.00218161,0.05734412,0.211461,5.104800,7.475000,5.558282,5.624952,11.244129,0.05516251,5.346822,,CO2 below target; MFC adding CO2
2026-05-06 12:05:21,2551.0,447.306,447.453,450.000,2.547,14.336100,100.706000,51.506800,0.718845,18.000000,96.930463,0.00078305,0.03902775,0.075902,5.094900,5.087500,3.782978,3.798866,11.276885,0.03824470,3.707076,,CO2 below target; MFC adding CO2
2026-05-06 12:05:32,2562.0,447.741,447.291,450.000,2.709,14.347100,100.709000,51.498500,0.716127,18.000000,96.933351,-0.00467812,0.03907453,-0.453466,5.418900,5.093750,3.787625,3.804421,11.318477,0.04375265,4.241091,,CO2 below target; MFC adding CO2
2026-05-06 12:05:43,2573.0,447.453,447.302,450.000,2.698,14.336400,100.706000,51.506800,0.717809,18.000000,96.930463,-0.00520025,0.04156887,-0.504063,5.396200,5.418750,4.029290,4.057155,11.362628,0.04676912,4.533353,,CO2 below target; MFC adding CO2
2026-05-06 12:05:54,2584.0,448.028,447.434,450.000,2.566,14.332500,100.708000,51.505200,0.718623,18.000000,96.932388,0.00000779,0.04142421,0.000755,5.132600,5.400000,4.015348,4.049663,11.406722,0.04141642,4.014593,,CO2 below target; MFC adding CO2
2026-05-06 12:06:05,2595.0,446.972,447.299,450.000,2.701,14.342000,100.708000,51.508500,0.716549,18.000000,96.932388,-0.00271798,0.03936259,-0.263461,5.402400,5.131250,3.815510,3.842916,11.448836,0.04208057,4.078970,,CO2 below target; MFC adding CO2
2026-05-06 12:06:16,2606.0,446.914,447.233,450.000,2.767,14.343800,100.708000,51.501800,0.720368,18.000000,96.932388,-0.00057935,0.04142421,-0.056158,5.533500,5.400000,4.015348,4.053378,11.492883,0.04200356,4.071506,,CO2 below target; MFC adding CO2
2026-05-06 12:06:27,2617.0,446.920,447.307,450.000,2.693,14.334200,100.707000,51.510200,0.720284,18.000000,96.931426,-0.00032224,0.04247941,-0.031235,5.385300,5.537500,4.117590,4.158279,11.538077,0.04280165,4.148825,,CO2 below target; MFC adding CO2
2026-05-06 12:06:38,2628.0,447.663,447.367,450.000,2.633,14.332900,100.707000,51.503500,0.715034,18.000000,96.931426,-0.00017091,0.04137668,-0.016567,5.265600,5.393750,4.010700,4.035126,11.582209,0.04154759,4.027267,,CO2 below target; MFC adding CO2
2026-05-06 12:06:49,2639.0,447.395,447.449,450.000,2.551,14.337600,100.708000,51.503500,0.715625,18.000000,96.932388,0.00294560,0.03969820,0.285524,5.101400,5.175000,3.848041,3.870953,11.635205,0.03675260,3.562517,,CO2 below target; MFC adding CO2
2026-05-06 12:07:00,2650.0,447.304,447.379,450.000,2.621,14.337100,100.706000,51.505200,0.717063,18.000000,96.930463,0.00199736,0.03917159,0.193605,5.242600,5.106250,3.796920,3.826385,11.676840,0.03717423,3.603315,,CO2 below target; MFC adding CO2
2026-05-06 12:07:11,2661.0,447.332,447.326,450.000,2.674,14.334500,100.707000,51.508500,0.721340,18.000000,96.931426,0.00077111,0.04022599,0.074745,5.348400,5.243750,3.899163,3.919733,11.719627,0.03945488,3.824418,,CO2 below target; MFC adding CO2
2026-05-06 12:07:22,2672.0,447.403,447.326,450.000,2.674,14.342400,100.708000,51.506800,0.710395,18.000000,96.932388,-0.00123738,0.04104065,-0.119942,5.348800,5.350000,3.978168,4.000458,11.763344,0.04227803,4.098111,,CO2 below target; MFC adding CO2
2026-05-06 12:07:33,2683.0,447.751,447.337,450.000,2.663,14.337900,100.710000,51.498500,0.717080,18.000000,96.934313,-0.00226640,0.04103984,-0.219692,5.325100,5.350000,3.978168,4.005828,11.807119,0.04330624,4.197860,,CO2 below target; MFC adding CO2
2026-05-06 12:07:44,2694.0,447.559,447.433,450.000,2.567,14.335100,100.706000,51.501900,0.717930,18.000000,96.930463,0.00187279,0.04075379,0.181531,5.134100,5.312500,3.950284,3.986280,11.850683,0.03888100,3.768753,,CO2 below target; MFC adding CO2
2026-05-06 12:07:55,2705.0,447.580,447.464,450.000,2.536,14.338600,100.710000,51.503500,0.715858,18.000000,96.934313,0.00438188,0.03940975,0.424754,5.071800,5.137500,3.820157,3.835746,11.892721,0.03502787,3.395403,,CO2 below target; MFC adding CO2
2026-05-06 12:08:06,2716.0,447.505,447.448,450.000,2.552,14.335200,100.713000,51.510200,0.713853,18.000000,96.937201,0.00349742,0.03892915,0.339030,5.104100,5.075000,3.773683,3.797904,11.934204,0.03543173,3.434653,,CO2 below target; MFC adding CO2
2026-05-06 12:08:17,2727.0,447.567,447.400,450.000,2.600,14.337300,100.711000,51.500200,0.719721,18.000000,96.935276,0.00077897,0.03547801,0.075510,5.199200,4.625000,3.439071,3.434224,11.988688,0.03469904,3.363561,,CO2 below target; MFC adding CO2
2026-05-06 12:08:28,2738.0,447.046,447.417,450.000,2.583,14.340700,100.710000,51.498500,0.719415,18.000000,96.934313,-0.00168279,0.03979330,-0.163121,5.166500,5.187500,3.857336,3.899037,12.030904,0.04147609,4.020457,,CO2 below target; MFC adding CO2
2026-05-06 12:08:39,2749.0,447.236,447.295,450.000,2.705,14.338300,100.709000,51.511800,0.720047,18.000000,96.933351,-0.00454692,0.03960192,-0.440748,5.409300,5.162500,3.838747,3.813867,12.073044,0.04414883,4.279494,,CO2 below target; MFC adding CO2
2026-05-06 12:08:49,2759.0,447.280,447.232,450.000,2.768,14.339200,100.710000,51.503500,0.715352,18.000000,96.934313,-0.00453367,0.04151927,-0.439468,5.536700,5.412500,4.024642,4.054661,12.113185,0.04605295,4.464111,,CO2 below target; MFC adding CO2
2026-05-06 12:09:00,2770.0,447.445,447.229,450.000,2.771,14.333600,100.711000,51.503500,0.719621,18.000000,96.935276,-0.00385772,0.04257361,-0.373949,5.542000,5.550000,4.126885,4.148934,12.158422,0.04643133,4.500834,,CO2 below target; MFC adding CO2
2026-05-06 12:09:11,2781.0,447.230,447.315,450.000,2.685,14.338100,100.709000,51.511800,0.719202,18.000000,96.933351,-0.00204546,0.04247857,-0.198274,5.369900,5.537500,4.117590,4.145082,12.203748,0.04452403,4.315864,,CO2 below target; MFC adding CO2
2026-05-06 12:09:22,2792.0,447.049,447.492,450.000,2.508,14.336300,100.707000,51.500200,0.714862,18.000000,96.931426,0.00479870,0.04123284,0.465145,5.015300,5.375000,3.996758,4.023981,12.247761,0.03643414,3.531613,,CO2 below target; MFC adding CO2
2026-05-06 12:09:33,2803.0,447.593,447.548,450.000,2.452,14.332000,100.707000,51.505200,0.720469,18.000000,96.931426,0.00623341,0.03845202,0.604213,4.903200,5.012500,3.727209,3.748021,12.288963,0.03221861,3.122996,,CO2 below target; MFC adding CO2
2026-05-06 12:09:44,2814.0,447.501,447.510,450.000,2.490,14.341300,100.708000,51.508500,0.718214,18.000000,96.932388,0.00705180,0.04660224,0.683548,4.979400,6.075000,4.517266,4.574777,12.350574,0.03955044,3.833718,,CO2 below target; MFC adding CO2
2026-05-06 12:09:55,2825.0,447.443,447.485,450.000,2.515,14.332800,100.709000,51.503500,0.717165,18.000000,96.933351,0.00165989,0.03806770,0.160898,5.029100,4.962500,3.690030,3.722647,12.381685,0.03640782,3.529132,,CO2 below target; MFC adding CO2
2026-05-06 12:10:06,2836.0,447.194,447.381,450.000,2.619,14.330400,100.706000,51.501900,0.717384,18.000000,96.930463,-0.00240059,0.03859624,-0.232690,5.238700,5.031250,3.741151,3.757216,12.422720,0.04099683,3.973842,,CO2 below target; MFC adding CO2
2026-05-06 12:10:17,2847.0,447.190,447.304,450.000,2.696,14.331900,100.708000,51.506800,0.714016,18.000000,96.932388,-0.00563454,0.04012970,-0.546170,5.391300,5.231250,3.889868,3.915455,12.465420,0.04576425,4.436038,,CO2 below target; MFC adding CO2
2026-05-06 12:10:28,2858.0,447.153,447.332,450.000,2.668,14.340300,100.710000,51.511800,0.717866,18.000000,96.934313,-0.00301351,0.04132750,-0.292113,5.335800,5.387500,4.006053,4.038973,12.509440,0.04434101,4.298165,,CO2 below target; MFC adding CO2
2026-05-06 12:10:39,2869.0,447.207,447.437,450.000,2.563,14.331200,100.710000,51.503500,0.715544,18.000000,96.934313,-0.00064899,0.04089601,-0.062909,5.126100,5.331250,3.964226,3.987178,12.553077,0.04154499,4.027135,,CO2 below target; MFC adding CO2
2026-05-06 12:10:50,2880.0,447.276,447.466,450.000,2.534,14.326300,100.706000,51.503500,0.720109,18.000000,96.930463,0.00251559,0.03921953,0.243838,5.068900,5.112500,3.801567,3.839046,12.595117,0.03670394,3.557730,,CO2 below target; MFC adding CO2
2026-05-06 12:11:01,2891.0,447.470,447.450,450.000,2.550,14.345700,100.707000,51.503500,0.717333,18.000000,96.931426,0.00204538,0.03888353,0.198261,5.099500,5.068750,3.769036,3.806708,12.636620,0.03683815,3.570775,,CO2 below target; MFC adding CO2
2026-05-06 12:11:12,2902.0,447.125,447.397,450.000,2.603,14.332500,100.705000,51.501900,0.716675,18.000000,96.929501,-0.00066717,0.12475579,-0.064668,5.206300,16.262500,12.092517,8.660303,12.683165,0.12542296,12.157185,,CO2 below target; MFC adding CO2
2026-05-06 12:11:23,2913.0,447.633,447.413,450.000,2.587,14.329500,100.705000,51.501900,0.718619,18.000000,96.929501,-0.00048414,0.03960349,-0.046927,5.174200,5.162500,3.838747,3.876358,12.724595,0.04008763,3.885674,,CO2 below target; MFC adding CO2
2026-05-06 12:11:34,2924.0,447.020,447.307,450.000,2.693,14.332300,100.706000,51.501800,0.718339,18.000000,96.930463,-0.00395890,0.03969899,-0.383738,5.385800,5.175000,3.848041,3.876525,12.766858,0.04365789,4.231779,,CO2 below target; MFC adding CO2
2026-05-06 12:11:45,2935.0,447.342,447.258,450.000,2.742,14.334200,100.709000,51.501800,0.715560,18.000000,96.933351,-0.00432656,0.04142380,-0.419388,5.484800,5.400000,4.015348,4.039429,12.810841,0.04575036,4.434735,,CO2 below target; MFC adding CO2
2026-05-06 12:11:56,2946.0,447.199,447.302,450.000,2.698,14.338900,100.709000,51.503500,0.717754,18.000000,96.933351,-0.00353572,0.04195118,-0.342729,5.395000,5.468750,4.066469,4.114267,12.855666,0.04548691,4.409198,,CO2 below target; MFC adding CO2
2026-05-06 12:12:07,2957.0,447.441,447.361,450.000,2.639,14.336300,100.710000,51.500200,0.718745,18.000000,96.934313,0.00100167,0.04137544,0.097096,5.277900,5.393750,4.010700,4.054775,12.899837,0.04037377,3.913604,,CO2 below target; MFC adding CO2
2026-05-06 12:12:18,2968.0,447.134,447.368,450.000,2.632,14.337300,100.712000,51.503500,0.715025,18.000000,96.936238,0.00156182,0.04046371,0.151396,5.264000,5.275000,3.922400,3.957226,12.943069,0.03890189,3.771003,,CO2 below target; MFC adding CO2
2026-05-06 12:12:29,2979.0,447.502,447.363,450.000,2.637,14.339600,100.708000,51.501800,0.716585,18.000000,96.932388,0.00183300,0.04036943,0.177677,5.273800,5.262500,3.913105,3.944458,12.986113,0.03853643,3.735428,,CO2 below target; MFC adding CO2
2026-05-06 12:12:40,2990.0,447.565,447.385,450.000,2.615,14.330400,100.710000,51.505200,0.719336,18.000000,96.934313,0.00148595,0.01131472,0.144039,5.230200,1.475000,1.096785,1.140123,13.032472,0.00982877,0.952745,,CO2 below target; MFC adding CO2
2026-05-06 12:12:51,3001.0,447.710,447.377,450.000,2.623,14.334500,100.711000,51.498500,0.718123,18.000000,96.935276,0.00107341,0.04003262,0.104051,5.246700,5.218750,3.880573,3.924328,13.071736,0.03895921,3.776522,,CO2 below target; MFC adding CO2
2026-05-06 12:13:02,3012.0,447.163,447.267,450.000,2.733,14.335600,100.710000,51.505200,0.716611,18.000000,96.934313,-0.00214039,0.04017685,-0.207477,5.465900,5.237500,3.894515,3.926708,13.114597,0.04231724,4.101993,,CO2 below target; MFC adding CO2
2026-05-06 12:13:13,3023.0,447.182,447.271,450.000,2.729,14.336800,100.711000,51.510200,0.719405,18.000000,96.935276,-0.00219124,0.04199829,-0.212408,5.458100,5.475000,4.071116,4.091985,13.159178,0.04418953,4.283524,,CO2 below target; MFC adding CO2
2026-05-06 12:13:24,3034.0,447.051,447.302,450.000,2.698,14.331000,100.708000,51.506800,0.721602,18.000000,96.932388,-0.00183255,0.04175982,-0.177634,5.395900,5.443750,4.047879,4.091424,13.203791,0.04359237,4.225513,,CO2 below target; MFC adding CO2
2026-05-06 12:13:35,3045.0,447.121,447.379,450.000,2.621,14.354100,100.712000,51.505200,0.717376,18.000000,96.936238,0.00057674,0.04132668,0.055907,5.241400,5.387500,4.006053,4.051144,13.247951,0.04074993,3.950145,,CO2 below target; MFC adding CO2
2026-05-06 12:13:46,3056.0,447.726,447.440,450.000,2.560,14.335900,100.710000,51.508500,0.716371,18.000000,96.934313,0.00386784,0.04017685,0.374927,5.120700,5.237500,3.894515,3.870223,13.290850,0.03630901,3.519589,,CO2 below target; MFC adding CO2
2026-05-06 12:13:56,3066.0,447.541,447.524,450.000,2.476,14.339100,100.711000,51.508500,0.716523,18.000000,96.935276,0.00701934,0.03931347,0.680422,4.952400,5.125000,3.810862,3.829091,13.328998,0.03229413,3.130441,,CO2 below target; MFC adding CO2
2026-05-06 12:14:07,3077.0,447.342,447.524,450.000,2.476,14.333100,100.713000,51.510200,0.718726,18.000000,96.937201,0.00398751,0.03638821,0.386538,4.952900,4.743750,3.527371,3.556600,13.372896,0.03240071,3.140834,,CO2 below target; MFC adding CO2
2026-05-06 12:14:18,3088.0,447.318,447.386,450.000,2.614,14.334000,100.713000,51.498500,0.719159,18.000000,96.937201,0.00046797,0.03797031,0.045363,5.228700,4.950000,3.680735,3.707322,13.413124,0.03750234,3.635372,,CO2 below target; MFC adding CO2
2026-05-06 12:14:29,3099.0,447.545,447.277,450.000,2.723,14.335600,100.715000,51.501800,0.717831,18.000000,96.939126,-0.00485444,0.04012691,-0.470585,5.445800,5.231250,3.889868,3.914142,13.455769,0.04498135,4.360453,,CO2 below target; MFC adding CO2
2026-05-06 12:14:40,3110.0,447.217,447.329,450.000,2.671,14.340700,100.709000,51.495200,0.718304,18.000000,96.933351,-0.00451007,0.04166352,-0.437176,5.341500,5.431250,4.038585,4.071736,13.500226,0.04617358,4.475760,,CO2 below target; MFC adding CO2
2026-05-06 12:14:51,3121.0,447.093,447.262,450.000,2.738,14.340300,100.711000,51.500200,0.714709,18.000000,96.935276,-0.00549825,0.04099149,-0.532975,5.476200,5.343750,3.973521,3.997011,13.543963,0.04648974,4.506496,,CO2 below target; MFC adding CO2
2026-05-06 12:15:02,3132.0,447.630,447.302,450.000,2.698,14.333600,100.713000,51.508500,0.714134,18.000000,96.937201,-0.00066318,0.04194952,-0.064287,5.396200,5.468750,4.066469,4.090415,13.588692,0.04261270,4.130756,,CO2 below target; MFC adding CO2
2026-05-06 12:15:13,3143.0,447.588,447.349,450.000,2.651,14.329700,100.707000,51.500200,0.716090,18.000000,96.931426,0.00054870,0.04128079,0.053186,5.302500,5.381250,4.001405,4.042290,13.632878,0.04073208,3.948219,,CO2 below target; MFC adding CO2
2026-05-06 12:15:24,3154.0,447.080,447.366,450.000,2.634,14.337700,100.709000,51.500200,0.717323,18.000000,96.933351,0.00268432,0.03312945,0.260201,5.268400,4.318750,3.211349,3.265528,13.695618,0.03044513,2.951148,,CO2 below target; MFC adding CO2
2026-05-06 12:15:35,3165.0,447.314,447.375,450.000,2.625,14.336500,100.706000,51.503500,0.719352,18.000000,96.930463,0.00214963,0.04027434,0.208365,5.249300,5.250000,3.903810,3.940061,13.730396,0.03812470,3.695445,,CO2 below target; MFC adding CO2
2026-05-06 12:15:46,3176.0,447.718,447.303,450.000,2.697,14.335100,100.707000,51.501800,0.717623,18.000000,96.931426,0.00082520,0.04027394,0.079988,5.393000,5.250000,3.903810,3.935724,13.773303,0.03944874,3.823822,,CO2 below target; MFC adding CO2
2026-05-06 12:15:57,3187.0,447.195,447.256,450.000,2.744,14.334000,100.709000,51.500200,0.715759,18.000000,96.933351,-0.00342330,0.04127997,-0.331832,5.487700,5.381250,4.001405,4.031096,13.817297,0.04470327,4.333237,,CO2 below target; MFC adding CO2
2026-05-06 12:16:08,3198.0,447.089,447.202,450.000,2.798,14.325500,100.712000,51.510200,0.714630,18.000000,96.936238,-0.00416546,0.04214171,-0.403784,5.597000,5.493750,4.085058,4.104181,13.862113,0.04630717,4.488843,,CO2 below target; MFC adding CO2
2026-05-06 12:16:19,3209.0,447.120,447.159,450.000,2.841,14.342000,100.707000,51.501900,0.720840,18.000000,96.931426,-0.00569621,0.04305476,-0.552142,5.681500,5.612500,4.173359,4.199403,13.907871,0.04875097,4.725501,,CO2 below target; MFC adding CO2
2026-05-06 12:16:30,3220.0,447.683,447.168,450.000,2.832,14.341700,100.710000,51.496900,0.715845,18.000000,96.934313,-0.00202350,0.04358085,-0.196146,5.664400,5.681250,4.224480,4.247895,13.954323,0.04560435,4.420627,,CO2 below target; MFC adding CO2
2026-05-06 12:16:41,3231.0,447.722,447.268,450.000,2.732,14.335800,100.710000,51.511800,0.718568,18.000000,96.934313,0.00193367,0.04353291,0.187439,5.464200,5.675000,4.219833,4.232823,14.000630,0.04159924,4.032394,,CO2 below target; MFC adding CO2
2026-05-06 12:16:52,3242.0,447.523,447.383,450.000,2.617,14.333200,100.707000,51.498500,0.717289,18.000000,96.931426,0.00592164,0.06204104,0.573993,5.234000,8.087500,6.013727,6.161249,14.064339,0.05611940,5.439734,,CO2 below target; MFC adding CO2
2026-05-06 12:17:03,3253.0,447.052,447.446,450.000,2.554,14.337600,100.708000,51.506800,0.717593,18.000000,96.932388,0.00682166,0.03988998,0.661240,5.107600,5.200000,3.866631,3.900025,14.100531,0.03306832,3.205391,,CO2 below target; MFC adding CO2
2026-05-06 12:17:14,3264.0,447.608,447.392,450.000,2.608,14.331300,100.710000,51.508500,0.717079,18.000000,96.934313,0.00558171,0.03917003,0.541059,5.216800,5.106250,3.796920,3.830609,14.142261,0.03358832,3.255861,,CO2 below target; MFC adding CO2
2026-05-06 12:17:25,3275.0,447.373,447.381,450.000,2.619,14.338900,100.710000,51.508500,0.718022,18.000000,96.934313,0.00091253,0.04003302,0.088456,5.238400,5.218750,3.880573,3.915277,14.184896,0.03912049,3.792118,,CO2 below target; MFC adding CO2
2026-05-06 12:17:36,3286.0,447.247,447.413,450.000,2.587,14.337100,100.708000,51.496900,0.719347,18.000000,96.932388,-0.00148793,0.04008176,-0.144229,5.173300,5.225000,3.885221,3.916261,14.227723,0.04156969,4.029449,,CO2 below target; MFC adding CO2
2026-05-06 12:17:47,3297.0,447.966,447.365,450.000,2.635,14.346800,100.711000,51.505200,0.718067,18.000000,96.935276,-0.00170668,0.03979290,-0.165438,5.270200,5.187500,3.857336,3.889699,14.270112,0.04149958,4.022774,,CO2 below target; MFC adding CO2
2026-05-06 12:17:58,3308.0,447.430,447.390,450.000,2.610,14.342600,100.712000,51.501900,0.717448,18.000000,96.936238,0.00181470,0.04036782,0.175910,5.220400,5.262500,3.913105,3.885589,14.313096,0.03855312,3.737195,,CO2 below target; MFC adding CO2
2026-05-06 12:18:08,3318.0,447.405,447.447,450.000,2.553,14.348300,100.710000,51.505200,0.717540,18.000000,96.934313,0.00247404,0.04003302,0.239819,5.105600,5.218750,3.880573,3.917545,14.352022,0.03755898,3.640754,,CO2 below target; MFC adding CO2
2026-05-06 12:18:19,3329.0,447.375,447.419,450.000,2.581,14.338600,100.711000,51.506800,0.719625,18.000000,96.935276,-0.00021277,0.03921759,-0.020625,5.162500,5.112500,3.801567,3.830291,14.393894,0.03943036,3.822192,,CO2 below target; MFC adding CO2
2026-05-06 12:18:30,3340.0,447.358,447.446,450.000,2.554,14.341100,100.711000,51.506800,0.716870,18.000000,96.935276,0.00234117,0.03878610,0.226942,5.108400,5.056250,3.759741,3.783929,14.439123,0.03644493,3.532799,,CO2 below target; MFC adding CO2
2026-05-06 12:18:41,3351.0,447.536,447.383,450.000,2.617,14.341500,100.712000,51.505200,0.718041,18.000000,96.936238,-0.00187831,0.03916925,-0.182076,5.234400,5.106250,3.796920,3.826178,14.480765,0.04104756,3.978996,,CO2 below target; MFC adding CO2
2026-05-06 12:18:52,3362.0,446.972,447.189,450.000,2.811,14.338400,100.714000,51.501900,0.717737,18.000000,96.938163,-0.00581242,0.04012731,-0.563446,5.621200,5.231250,3.889868,3.916862,14.523500,0.04593973,4.453313,,CO2 below target; MFC adding CO2
2026-05-06 12:19:03,3373.0,447.801,447.213,450.000,2.787,14.342900,100.713000,51.503500,0.716194,18.000000,96.937201,-0.00451302,0.04314808,-0.437480,5.574500,5.625000,4.182654,4.209546,14.569242,0.04766110,4.620133,,CO2 below target; MFC adding CO2
2026-05-06 12:19:14,3384.0,447.392,447.356,450.000,2.644,14.345000,100.714000,51.506800,0.717125,18.000000,96.938163,-0.00124209,0.04271617,-0.120406,5.288800,5.568750,4.140827,4.163268,14.614861,0.04395827,4.261234,,CO2 below target; MFC adding CO2
2026-05-06 12:19:25,3395.0,447.706,447.417,450.000,2.583,14.334800,100.713000,51.501900,0.719541,18.000000,96.937201,0.00337577,0.04046331,0.327238,5.165300,5.275000,3.922400,3.971125,14.658236,0.03708754,3.595162,,CO2 below target; MFC adding CO2
2026-05-06 12:19:36,3406.0,447.357,447.445,450.000,2.555,14.341200,100.715000,51.506800,0.716013,18.000000,96.939126,0.00505541,0.03950368,0.490067,5.110700,5.150000,3.829452,3.861883,14.700549,0.03444827,3.339385,,CO2 below target; MFC adding CO2
2026-05-06 12:19:47,3417.0,447.550,447.472,450.000,2.528,14.340500,100.713000,51.510200,0.718454,18.000000,96.937201,0.00552436,0.04746288,0.535516,5.055300,6.187500,4.600919,4.651846,14.753263,0.04193852,4.065403,,CO2 below target; MFC adding CO2
2026-05-06 12:19:58,3428.0,446.961,447.394,450.000,2.606,14.346000,100.714000,51.506800,0.716437,18.000000,96.938163,-0.00023297,0.03864112,-0.022584,5.212100,5.037500,3.745799,3.761012,14.785483,0.03887409,3.768383,,CO2 below target; MFC adding CO2
2026-05-06 12:20:09,3439.0,447.101,447.332,450.000,2.668,14.349500,100.712000,51.506900,0.717667,18.000000,96.936238,-0.00162694,0.03988840,-0.157710,5.336900,5.200000,3.866631,3.898574,14.828008,0.04151534,4.024341,,CO2 below target; MFC adding CO2
2026-05-06 12:20:20,3450.0,447.833,447.358,450.000,2.642,14.344200,100.715000,51.501800,0.716871,18.000000,96.939126,-0.00285133,0.04094192,-0.276405,5.283500,5.337500,3.968874,3.996194,14.871583,0.04379325,4.245279,,CO2 below target; MFC adding CO2
2026-05-06 12:20:31,3461.0,447.276,447.278,450.000,2.722,14.349200,100.713000,51.500200,0.716590,18.000000,96.937201,-0.00394116,0.04041536,-0.382045,5.444400,5.268750,3.917752,3.949546,14.914758,0.04435653,4.299798,,CO2 below target; MFC adding CO2
2026-05-06 12:20:42,3472.0,447.688,447.321,450.000,2.679,14.340400,100.715000,51.503500,0.715927,18.000000,96.939126,-0.00136114,0.04180486,-0.131947,5.358000,5.450000,4.052527,4.080354,14.959183,0.04316600,4.184474,,CO2 below target; MFC adding CO2
2026-05-06 12:20:53,3483.0,447.463,447.379,450.000,2.621,14.339600,100.712000,51.501800,0.716463,18.000000,96.936238,0.00115079,0.04123079,0.111553,5.241200,5.375000,3.996758,4.019255,15.003062,0.04008001,3.885205,,CO2 below target; MFC adding CO2
2026-05-06 12:21:04,3494.0,447.287,447.378,450.000,2.622,14.346200,100.713000,51.501900,0.719087,18.000000,96.937201,0.00242740,0.04017565,0.235305,5.244300,5.237500,3.894515,3.923056,15.045990,0.03774826,3.659210,,CO2 below target; MFC adding CO2
2026-05-06 12:21:15,3505.0,446.805,447.363,450.000,2.637,14.340700,100.715000,51.500200,0.716172,18.000000,96.939126,0.00062516,0.03931191,0.060603,5.274600,5.125000,3.810862,3.834004,15.102287,0.03868675,3.750260,,CO2 below target; MFC adding CO2
2026-05-06 12:21:26,3516.0,447.166,447.291,450.000,2.709,14.342300,100.714000,51.501800,0.715223,18.000000,96.938163,-0.00143465,0.04046291,-0.139072,5.418700,5.275000,3.922400,3.940816,15.145248,0.04189755,4.061472,,CO2 below target; MFC adding CO2
2026-05-06 12:21:37,3527.0,447.076,447.200,450.000,2.800,14.345100,100.714000,51.505200,0.717695,18.000000,96.938163,-0.00520562,0.04156557,-0.504624,5.599100,5.418750,4.029290,4.050693,15.189501,0.04677119,4.533913,,CO2 below target; MFC adding CO2
2026-05-06 12:21:48,3538.0,447.564,447.192,450.000,2.808,14.348400,100.714000,51.506800,0.716300,18.000000,96.938163,-0.00385522,0.04295588,-0.373718,5.616200,5.600000,4.164064,4.191195,15.235210,0.04681110,4.537783,,CO2 below target; MFC adding CO2
2026-05-06 12:21:59,3549.0,447.434,447.251,450.000,2.749,14.345200,100.715000,51.496900,0.717870,18.000000,96.939126,-0.00246660,0.04300340,-0.239110,5.498500,5.606250,4.168712,4.195441,15.281150,0.04546999,4.407821,,CO2 below target; MFC adding CO2
2026-05-06 12:22:10,3560.0,447.318,447.365,450.000,2.635,14.341500,100.713000,51.506800,0.717880,18.000000,96.937201,0.00273500,0.04218923,0.265123,5.269200,5.500000,4.089706,4.123258,15.326199,0.03945423,3.824583,,CO2 below target; MFC adding CO2
2026-05-06 12:22:21,3571.0,447.648,447.306,450.000,2.694,14.342700,100.715000,51.506800,0.715082,18.000000,96.939126,0.00272113,0.04041456,0.263784,5.388200,5.268750,3.917752,3.947400,15.369404,0.03769343,3.653968,,CO2 below target; MFC adding CO2
2026-05-06 12:22:32,3582.0,447.503,447.430,450.000,2.570,14.345300,100.715000,51.503500,0.719745,18.000000,96.939126,0.00605417,0.04070221,0.586886,5.140700,5.306250,3.945637,3.974292,15.419424,0.03464804,3.358751,,CO2 below target; MFC adding CO2
2026-05-06 12:22:43,3593.0,447.417,447.433,450.000,2.567,14.340800,100.714000,51.511800,0.718952,18.000000,96.938163,0.00412314,0.03940818,0.399689,5.133000,5.137500,3.820157,3.843051,15.461469,0.03528505,3.420468,,CO2 below target; MFC adding CO2
2026-05-06 12:22:54,3604.0,447.099,447.365,450.000,2.635,14.342900,100.713000,51.506800,0.718174,18.000000,96.937201,0.00075181,0.03936063,0.072878,5.270500,5.131250,3.815510,3.833455,15.503408,0.03860882,3.742631,,CO2 below target; MFC adding CO2
2026-05-06 12:23:05,3615.0,447.148,447.306,450.000,2.694,14.343700,100.717000,51.503500,0.715668,18.000000,96.941051,-0.00064458,0.04041376,-0.062486,5.387600,5.268750,3.917752,3.946096,15.546439,0.04105834,3.980239,,CO2 below target; MFC adding CO2
2026-05-06 12:23:16,3626.0,447.426,447.243,450.000,2.757,14.341700,100.715000,51.501900,0.715008,18.000000,96.939126,-0.00426688,0.04137339,-0.413628,5.514000,5.393750,4.010700,4.035814,15.590429,0.04564027,4.424328,,CO2 below target; MFC adding CO2
2026-05-06 12:23:27,3637.0,447.392,447.361,450.000,2.639,14.338100,100.717000,51.500200,0.714238,18.000000,96.941051,-0.00140004,0.04233138,-0.135721,5.278800,5.518750,4.103648,4.124578,15.635415,0.04373141,4.239369,,CO2 below target; MFC adding CO2
2026-05-06 12:23:38,3648.0,447.119,447.375,450.000,2.625,14.339900,100.714000,51.510200,0.717494,18.000000,96.938163,0.00057905,0.04046291,0.056132,5.249900,5.275000,3.922400,3.946511,15.678721,0.03988386,3.866268,,CO2 below target; MFC adding CO2
2026-05-06 12:23:49,3659.0,447.382,447.419,450.000,2.581,14.334600,100.714000,51.493500,0.713701,18.000000,96.938163,0.00339174,0.00100678,0.328789,5.161100,0.131250,0.097595,0.096853,15.731236,-0.00238496,-0.231193,,CO2 below target; MFC adding CO2
2026-05-06 12:23:59,3669.0,446.956,447.411,450.000,2.589,14.335000,100.716000,51.506800,0.718500,18.000000,96.940088,0.00259288,0.03950328,0.251354,5.178600,5.150000,3.829452,3.864254,15.767533,0.03691041,3.578098,,CO2 below target; MFC adding CO2
2026-05-06 12:24:10,3680.0,447.242,447.340,450.000,2.660,14.331200,100.715000,51.503500,0.717967,18.000000,96.939126,-0.00007525,0.03969544,-0.007295,5.320400,5.175000,3.848041,3.877868,15.809840,0.03977069,3.855336,,CO2 below target; MFC adding CO2
2026-05-06 12:24:21,3691.0,447.398,447.273,450.000,2.727,14.336300,100.715000,51.511800,0.714611,18.000000,96.939126,-0.00299968,0.04075015,-0.290786,5.454300,5.312500,3.950284,3.994317,15.853317,0.04374983,4.241070,,CO2 below target; MFC adding CO2
2026-05-06 12:24:32,3702.0,447.200,447.249,450.000,2.751,14.330400,100.717000,51.506800,0.718061,18.000000,96.941051,-0.00431429,0.04185197,-0.418232,5.502800,5.456250,4.057174,4.083800,15.897880,0.04616627,4.475406,,CO2 below target; MFC adding CO2
2026-05-06 12:24:43,3713.0,447.769,447.287,450.000,2.713,14.330500,100.716000,51.513500,0.715722,18.000000,96.940088,-0.00227269,0.04218797,-0.220315,5.426700,5.500000,4.089706,4.112911,15.942824,0.04446066,4.310021,,CO2 below target; MFC adding CO2
2026-05-06 12:24:54,3724.0,447.301,447.319,450.000,2.681,14.332100,100.717000,51.506800,0.715720,18.000000,96.941051,0.00004095,0.04175609,0.003969,5.361100,5.443750,4.047879,4.065908,15.987209,0.04171514,4.043910,,CO2 below target; MFC adding CO2
2026-05-06 12:25:05,3735.0,447.448,447.343,450.000,2.657,14.338600,100.715000,51.511800,0.717737,18.000000,96.939126,0.00306628,0.04031868,0.297242,5.313700,5.256250,3.908458,3.972521,16.044539,0.03725240,3.611215,,CO2 below target; MFC adding CO2
2026-05-06 12:25:16,3746.0,447.121,447.369,450.000,2.631,14.335000,100.717000,51.505200,0.718299,18.000000,96.941051,0.00226588,0.04065346,0.219657,5.261700,5.300000,3.940989,3.969369,16.079682,0.03838758,3.721332,,CO2 below target; MFC adding CO2
2026-05-06 12:25:27,3757.0,447.103,447.341,450.000,2.659,14.336900,100.720000,51.508500,0.712966,18.000000,96.943938,0.00148006,0.04041256,0.143483,5.317100,5.268750,3.917752,3.941402,16.122699,0.03893250,3.774270,,CO2 below target; MFC adding CO2
2026-05-06 12:25:38,3768.0,447.118,447.269,450.000,2.731,14.332700,100.715000,51.501800,0.718484,18.000000,96.939126,-0.00282375,0.04084603,-0.273732,5.462000,5.325000,3.959579,3.996554,16.166150,0.04366979,4.233311,,CO2 below target; MFC adding CO2
2026-05-06 12:25:49,3779.0,447.830,447.215,450.000,2.785,14.333100,100.714000,51.503500,0.716016,18.000000,96.938163,-0.00254138,0.04185322,-0.246357,5.569900,5.456250,4.057174,4.094604,16.210764,0.04439460,4.303531,,CO2 below target; MFC adding CO2
2026-05-06 12:26:00,3790.0,447.399,447.279,450.000,2.721,14.339800,100.716000,51.508500,0.716410,18.000000,96.940088,-0.00322078,0.04285915,-0.312223,5.442300,5.587500,4.154769,4.168454,16.256212,0.04607993,4.466992,,CO2 below target; MFC adding CO2
2026-05-06 12:26:11,3801.0,446.781,447.276,450.000,2.724,14.337000,100.719000,51.501800,0.714595,18.000000,96.942976,-0.00012770,0.04170732,-0.012379,5.447600,5.437500,4.043232,4.071037,16.300810,0.04183502,4.055611,,CO2 below target; MFC adding CO2
2026-05-06 12:26:22,3812.0,447.250,447.326,450.000,2.674,14.329800,100.715000,51.505200,0.719164,18.000000,96.939126,0.00244772,0.14018052,0.237280,5.347800,18.275000,13.588977,14.016772,16.355308,0.13773280,13.351697,,CO2 below target; MFC adding CO2
2026-05-06 12:26:33,3823.0,447.257,447.408,450.000,2.592,14.331900,100.718000,51.498500,0.713472,18.000000,96.942013,0.00410948,0.04070100,0.398381,5.183800,5.306250,3.945637,3.975987,16.396597,0.03659152,3.547256,,CO2 below target; MFC adding CO2
2026-05-06 12:26:44,3834.0,447.068,447.357,450.000,2.643,14.336900,100.718000,51.506800,0.714104,18.000000,96.942013,0.00012013,0.03964632,0.011645,5.286100,5.168750,3.843394,3.881049,16.438954,0.03952619,3.831749,,CO2 below target; MFC adding CO2
2026-05-06 12:26:55,3845.0,447.022,447.245,450.000,2.755,14.334800,100.716000,51.510200,0.719603,18.000000,96.940088,-0.00208283,0.04065387,-0.201910,5.510700,5.300000,3.940989,3.959733,16.482153,0.04273670,4.142899,,CO2 below target; MFC adding CO2
2026-05-06 12:27:06,3856.0,447.319,447.222,450.000,2.778,14.336700,100.716000,51.501900,0.718228,18.000000,96.940088,-0.00328667,0.04233180,-0.318610,5.556300,5.518750,4.103648,4.134382,16.527129,0.04561846,4.422258,,CO2 below target; MFC adding CO2
2026-05-06 12:27:17,3867.0,447.515,447.256,450.000,2.744,14.338600,100.716000,51.511900,0.716234,18.000000,96.940088,-0.00153523,0.04257150,-0.148825,5.488600,5.550000,4.126885,4.165349,16.572590,0.04410673,4.275710,,CO2 below target; MFC adding CO2
2026-05-06 12:27:28,3878.0,447.350,447.311,450.000,2.689,14.345700,100.714000,51.505200,0.717721,18.000000,96.938163,0.00086091,0.04223675,0.083455,5.377900,5.506250,4.094353,4.110730,16.617519,0.04137584,4.010898,,CO2 below target; MFC adding CO2
2026-05-06 12:27:39,3889.0,447.702,447.450,450.000,2.550,14.329300,100.714000,51.506800,0.718899,18.000000,96.938163,0.00492623,0.04122997,0.477539,5.100500,5.375000,3.996758,4.023596,16.661539,0.03630375,3.519219,,CO2 below target; MFC adding CO2
2026-05-06 12:27:50,3900.0,447.637,447.457,450.000,2.543,14.328600,100.713000,51.503500,0.716348,18.000000,96.937201,0.00513671,0.00268477,0.497938,5.086500,0.350000,0.260254,0.182821,16.715047,-0.00245194,-0.237684,,CO2 below target; MFC adding CO2
2026-05-06 12:28:01,3911.0,447.135,447.369,450.000,2.631,14.363800,100.717000,51.501900,0.717750,18.000000,96.941051,0.00095500,0.03892761,0.092579,5.262300,5.075000,3.773683,3.804030,16.752593,0.03797260,3.681104,,CO2 below target; MFC adding CO2
2026-05-06 12:28:12,3922.0,447.529,447.288,450.000,2.712,14.330000,100.717000,51.511800,0.710738,18.000000,96.941051,-0.00102720,0.04041376,-0.099578,5.423200,5.268750,3.917752,3.929889,16.795487,0.04144096,4.017330,,CO2 below target; MFC adding CO2
2026-05-06 12:28:23,3933.0,446.967,447.256,450.000,2.744,14.339600,100.713000,51.506800,0.718427,18.000000,96.937201,-0.00440551,0.04156598,-0.427058,5.487200,5.418750,4.029290,4.053710,16.839790,0.04597149,4.456348,,CO2 below target; MFC adding CO2
2026-05-06 12:28:34,3944.0,447.252,447.198,450.000,2.802,14.334300,100.716000,51.503500,0.717819,18.000000,96.940088,-0.00440970,0.04214003,-0.427477,5.603500,5.493750,4.085058,4.103963,16.884639,0.04654973,4.512535,,CO2 below target; MFC adding CO2
2026-05-06 12:28:45,3955.0,446.990,447.306,450.000,2.694,14.333800,100.717000,51.508500,0.717738,18.000000,96.941051,-0.00100576,0.04295460,-0.097500,5.389000,5.600000,4.164064,4.202326,16.930486,0.04396036,4.261564,,CO2 below target; MFC adding CO2
2026-05-06 12:28:56,3966.0,447.346,447.445,450.000,2.555,14.334300,100.713000,51.503500,0.713963,18.000000,96.937201,0.00350706,0.04123038,0.339965,5.109300,5.375000,3.996758,4.035305,16.974681,0.03772332,3.656793,,CO2 below target; MFC adding CO2
2026-05-06 12:29:07,3977.0,447.760,447.501,450.000,2.499,14.336400,100.714000,51.501800,0.719620,18.000000,96.938163,0.00493262,0.08385026,0.478159,4.997800,10.931250,8.128290,8.314643,17.034851,0.07891765,7.650132,,CO2 below target; MFC adding CO2
2026-05-06 12:29:18,3988.0,447.353,447.443,450.000,2.557,14.336000,100.717000,51.508500,0.715049,18.000000,96.941051,0.00462438,0.03825644,0.448292,5.113800,4.987500,3.708620,3.663836,17.070294,0.03363206,3.260327,,CO2 below target; MFC adding CO2
2026-05-06 12:29:28,3998.0,447.255,447.303,450.000,2.697,14.328600,100.719000,51.506800,0.712262,18.000000,96.942976,-0.00105559,0.03921447,-0.102332,5.394600,5.112500,3.801567,3.831385,17.108190,0.04027006,3.903899,,CO2 below target; MFC adding CO2
2026-05-06 12:29:39,4009.0,447.225,447.207,450.000,2.793,14.335000,100.716000,51.511800,0.717802,18.000000,96.940088,-0.00530448,0.04137298,-0.514217,5.586700,5.393750,4.010700,4.044439,17.152156,0.04667746,4.524917,,CO2 below target; MFC adding CO2
2026-05-06 12:29:50,4020.0,447.119,447.286,450.000,2.714,14.337700,100.720000,51.501900,0.717924,18.000000,96.943938,-0.00369741,0.04280950,-0.358442,5.428800,5.581250,4.150122,4.180545,17.197752,0.04650692,4.508564,,CO2 below target; MFC adding CO2
2026-05-06 12:30:01,4031.0,447.291,447.300,450.000,2.700,14.329900,100.717000,51.506800,0.720183,18.000000,96.941051,-0.00249164,0.04166021,-0.241542,5.399900,5.431250,4.038585,4.071115,17.242257,0.04415185,4.280127,,CO2 below target; MFC adding CO2
2026-05-06 12:30:12,4042.0,447.264,447.362,450.000,2.638,14.332200,100.718000,51.508500,0.720539,18.000000,96.942013,0.00227006,0.04137216,0.220064,5.275300,5.393750,4.010700,4.042021,17.286443,0.03910210,3.790636,,CO2 below target; MFC adding CO2
2026-05-06 12:30:23,4053.0,447.596,447.483,450.000,2.517,14.341500,100.719000,51.500200,0.715203,18.000000,96.942976,0.00609922,0.04046090,0.591276,5.034800,5.275000,3.922400,3.952994,17.329647,0.03436168,3.331123,,CO2 below target; MFC adding CO2
2026-05-06 12:30:34,4064.0,447.667,447.481,450.000,2.519,14.359800,100.720000,51.505200,0.715993,18.000000,96.943938,0.00429794,0.02871545,0.416659,5.038600,3.743750,2.783788,2.848455,17.384697,0.02441751,2.367130,,CO2 below target; MFC adding CO2
2026-05-06 12:30:45,4075.0,447.166,447.333,450.000,2.667,14.345200,100.719000,51.510100,0.715235,18.000000,96.942976,-0.00130763,0.03844744,-0.126766,5.333800,5.012500,3.727209,3.766312,17.416108,0.03975507,3.853975,,CO2 below target; MFC adding CO2
2026-05-06 12:30:56,4086.0,447.354,447.198,450.000,2.802,14.337800,100.719000,51.505200,0.719364,18.000000,96.942976,-0.00523929,0.04094029,-0.507912,5.604300,5.337500,3.968874,3.992394,17.459550,0.04617958,4.476786,,CO2 below target; MFC adding CO2
2026-05-06 12:31:07,4097.0,446.821,447.168,450.000,2.832,14.331100,100.717000,51.498500,0.718184,18.000000,96.941051,-0.00800148,0.04300254,-0.775672,5.663800,5.606250,4.168712,4.214187,17.505285,0.05100402,4.944384,,CO2 below target; MFC adding CO2
2026-05-06 12:31:18,4108.0,447.132,447.198,450.000,2.802,14.333300,100.721000,51.503500,0.717125,18.000000,96.944901,-0.00606900,0.04348022,-0.588359,5.604200,5.668750,4.215185,4.258570,17.551582,0.04954922,4.803544,,CO2 below target; MFC adding CO2
2026-05-06 12:31:29,4119.0,447.563,447.227,450.000,2.773,14.338100,100.717000,51.510200,0.716623,18.000000,96.941051,-0.00129774,0.04300254,-0.125804,5.546100,5.606250,4.168712,4.189365,17.597501,0.04430028,4.294516,,CO2 below target; MFC adding CO2
2026-05-06 12:31:40,4130.0,448.124,447.362,450.000,2.638,14.333600,100.722000,51.503500,0.718208,18.000000,96.945863,0.00479279,0.04247309,0.464641,5.276000,5.537500,4.117590,4.159582,17.642889,0.03768030,3.652949,,CO2 below target; MFC adding CO2
2026-05-06 12:31:51,4141.0,447.187,447.457,450.000,2.543,14.330800,100.720000,51.503500,0.715503,18.000000,96.943938,0.00578962,0.07694205,0.561269,5.085400,10.031250,7.459066,7.661501,17.695797,0.07115243,6.897797,,CO2 below target; MFC adding CO2
2026-05-06 12:32:02,4152.0,446.899,447.423,450.000,2.577,14.345800,100.720000,51.513500,0.720063,18.000000,96.943938,0.00475732,0.03868675,0.461193,5.154100,5.043750,3.750446,3.774005,17.729204,0.03392943,3.289253,,CO2 below target; MFC adding CO2
2026-05-06 12:32:13,4163.0,447.720,447.311,450.000,2.689,14.332800,100.721000,51.505200,0.717889,18.000000,96.944901,0.00047521,0.03950132,0.046069,5.378000,5.150000,3.829452,3.850032,17.771279,0.03902611,3.783383,,CO2 below target; MFC adding CO2
2026-05-06 12:32:24,4174.0,447.533,447.262,450.000,2.738,14.337600,100.720000,51.501900,0.718948,18.000000,96.943938,-0.00217964,0.04117958,-0.211303,5.476900,5.368750,3.992111,4.026526,17.815127,0.04335922,4.203414,,CO2 below target; MFC adding CO2
2026-05-06 12:32:35,4185.0,446.909,447.190,450.000,2.810,14.340400,100.720000,51.498500,0.717508,18.000000,96.943938,-0.00626250,0.04204248,-0.607111,5.620000,5.481250,4.075764,4.118103,17.859852,0.04830498,4.682875,,CO2 below target; MFC adding CO2
2026-05-06 12:32:46,4196.0,446.900,447.152,450.000,2.848,14.335500,100.721000,51.506800,0.720062,18.000000,96.944901,-0.00553163,0.04319259,-0.536263,5.696300,5.631250,4.187301,4.211923,17.905765,0.04872421,4.723564,,CO2 below target; MFC adding CO2
2026-05-06 12:32:57,4207.0,447.609,447.249,450.000,2.751,14.341700,100.719000,51.505200,0.715848,18.000000,96.942976,0.00110375,0.04372078,0.107000,5.502700,5.700000,4.238422,4.261723,17.952285,0.04261703,4.131422,,CO2 below target; MFC adding CO2
2026-05-06 12:33:08,4218.0,447.287,447.406,450.000,2.594,14.325800,100.724000,51.506800,0.717909,18.000000,96.947788,0.00481343,0.04218462,0.466652,5.187400,5.500000,4.089706,4.129526,17.997366,0.03737119,3.623054,,CO2 below target; MFC adding CO2
2026-05-06 12:33:19,4229.0,447.376,447.460,450.000,2.540,14.333600,100.718000,51.505200,0.720480,18.000000,96.942013,0.00563914,0.03983808,0.546670,5.079300,5.193750,3.861984,3.891260,18.039975,0.03419894,3.315314,,CO2 below target; MFC adding CO2
2026-05-06 12:33:30,4240.0,447.180,447.328,450.000,2.672,14.341600,100.723000,51.503500,0.719298,18.000000,96.946826,0.00283843,0.03830210,0.275177,5.344800,4.993750,3.713267,3.731148,18.083656,0.03546367,3.438090,,CO2 below target; MFC adding CO2
2026-05-06 12:33:41,4251.0,447.301,447.250,450.000,2.750,14.329200,100.726000,51.503500,0.718841,18.000000,96.949713,-0.00050648,0.04098538,-0.049103,5.499800,5.343750,3.973521,4.001768,18.127073,0.04149186,4.022624,,CO2 below target; MFC adding CO2
2026-05-06 12:33:52,4262.0,447.697,447.273,450.000,2.727,14.318700,100.723000,51.501800,0.720068,18.000000,96.946826,-0.00430718,0.04218504,-0.417567,5.453700,5.500000,4.089706,4.111677,18.171946,0.04649222,4.507273,,CO2 below target; MFC adding CO2
2026-05-06 12:34:03,4273.0,447.257,447.345,450.000,2.655,14.326900,100.724000,51.510200,0.718919,18.000000,96.947788,-0.00210562,0.04184906,-0.204135,5.310800,5.456250,4.057174,4.027437,18.216551,0.04395468,4.261309,,CO2 below target; MFC adding CO2
2026-05-06 12:34:13,4283.0,447.268,447.352,450.000,2.648,14.328800,100.724000,51.500200,0.718891,18.000000,96.947788,0.00107785,0.04074651,0.104495,5.295800,5.312500,3.950284,3.979400,18.256187,0.03966866,3.845789,,CO2 below target; MFC adding CO2
2026-05-06 12:34:24,4294.0,447.272,447.365,450.000,2.635,14.337100,100.722000,51.501800,0.716428,18.000000,96.945863,0.00190266,0.04050763,0.184455,5.269600,5.281250,3.927047,3.969972,18.299514,0.03860497,3.742592,,CO2 below target; MFC adding CO2
2026-05-06 12:34:35,4305.0,447.356,447.410,450.000,2.590,14.328500,100.723000,51.506800,0.718552,18.000000,96.946826,0.00218266,0.04050723,0.211602,5.179200,5.281250,3.927047,3.937650,18.342591,0.03832457,3.715445,,CO2 below target; MFC adding CO2
2026-05-06 12:34:46,4316.0,448.214,447.449,450.000,2.551,14.327300,100.723000,51.503500,0.716616,18.000000,96.946826,0.00232589,0.03974023,0.225487,5.101900,5.181250,3.852689,3.889680,18.385014,0.03741434,3.627201,,CO2 below target; MFC adding CO2
2026-05-06 12:34:57,4327.0,447.402,447.413,450.000,2.587,14.330500,100.723000,51.510100,0.718197,18.000000,96.946826,0.00346840,0.03858973,0.336251,5.173300,5.031250,3.741151,3.762394,18.430081,0.03512132,3.404901,,CO2 below target; MFC adding CO2
2026-05-06 12:35:08,4338.0,447.351,447.351,450.000,2.649,14.330700,100.726000,51.506800,0.718143,18.000000,96.949713,-0.00055210,0.03978698,-0.053525,5.298700,5.187500,3.857336,3.880697,18.472244,0.04033907,3.910862,,CO2 below target; MFC adding CO2
2026-05-06 12:35:19,4349.0,447.125,447.267,450.000,2.733,14.331800,100.724000,51.498500,0.718271,18.000000,96.947788,-0.00252324,0.04065064,-0.244622,5.466200,5.300000,3.940989,3.964254,18.515549,0.04317387,4.185611,,CO2 below target; MFC adding CO2
2026-05-06 12:35:30,4360.0,447.405,447.126,450.000,2.874,14.328400,100.726000,51.506800,0.715565,18.000000,96.949713,-0.00759665,0.04189617,-0.736493,5.747700,5.462500,4.061821,4.095979,18.560178,0.04949282,4.798315,,CO2 below target; MFC adding CO2
2026-05-06 12:35:41,4371.0,447.312,447.243,450.000,2.757,14.327400,100.722000,51.511800,0.718085,18.000000,96.945863,-0.00413131,0.04410298,-0.400514,5.514000,5.750000,4.275602,4.310740,18.607071,0.04823429,4.676115,,CO2 below target; MFC adding CO2
2026-05-06 12:35:52,4382.0,447.324,447.331,450.000,2.669,14.340500,100.726000,51.500200,0.715719,18.000000,96.949713,-0.00037013,0.04227966,-0.035884,5.337600,5.512500,4.099001,4.133011,18.652272,0.04264979,4.134885,,CO2 below target; MFC adding CO2
2026-05-06 12:36:03,4393.0,447.618,447.346,450.000,2.654,14.334000,100.726000,51.508500,0.717425,18.000000,96.949713,0.00305814,0.04088951,0.296486,5.308600,5.331250,3.964226,3.986930,18.696020,0.03783137,3.667741,,CO2 below target; MFC adding CO2
2026-05-06 12:36:14,4404.0,446.992,447.408,450.000,2.592,14.337500,100.728000,51.506800,0.715491,18.000000,96.951638,0.00489224,0.00460178,0.474310,5.183200,0.600000,0.446150,0.509891,18.753631,-0.00029046,-0.028161,,CO2 below target; MFC adding CO2
2026-05-06 12:36:25,4415.0,447.341,447.320,450.000,2.680,14.331500,100.722000,51.508500,0.714587,18.000000,96.945863,0.00133474,0.03974062,0.129397,5.359500,5.181250,3.852689,3.881828,18.791674,0.03840588,3.723292,,CO2 below target; MFC adding CO2
2026-05-06 12:36:36,4426.0,447.132,447.295,450.000,2.705,14.335100,100.724000,51.510200,0.717747,18.000000,96.947788,-0.00196198,0.04117794,-0.190210,5.409700,5.368750,3.992111,4.026223,18.835426,0.04313992,4.182320,,CO2 below target; MFC adding CO2
2026-05-06 12:36:47,4437.0,447.327,447.276,450.000,2.724,14.334600,100.726000,51.506800,0.715417,18.000000,96.949713,-0.00172234,0.04136887,-0.166981,5.447800,5.393750,4.010700,4.039959,18.879657,0.04309121,4.177681,,CO2 below target; MFC adding CO2
2026-05-06 12:36:58,4448.0,447.355,447.318,450.000,2.682,14.325800,100.725000,51.498500,0.718848,18.000000,96.948751,-0.00048157,0.04189658,-0.046688,5.363800,5.462500,4.061821,4.091588,18.924215,0.04237815,4.108509,,CO2 below target; MFC adding CO2
2026-05-06 12:37:09,4459.0,447.513,447.380,450.000,2.620,14.334500,100.727000,51.500200,0.716535,18.000000,96.950676,0.00024853,0.04112878,0.024095,5.239800,5.362500,3.987463,4.022677,18.968104,0.04088025,3.963368,,CO2 below target; MFC adding CO2
2026-05-06 12:37:20,4470.0,446.707,447.409,450.000,2.591,14.331200,100.728000,51.503500,0.715409,18.000000,96.951638,0.00252455,0.04021761,0.244760,5.181500,5.243750,3.899163,3.925905,19.010980,0.03769305,3.654403,,CO2 below target; MFC adding CO2
2026-05-06 12:37:31,4481.0,447.096,447.291,450.000,2.709,14.337300,100.728000,51.501800,0.717484,18.000000,96.951638,0.00014913,0.04007380,0.014459,5.417400,5.225000,3.885221,3.892116,19.053409,0.03992467,3.870762,,CO2 below target; MFC adding CO2
2026-05-06 12:37:42,4492.0,447.509,447.302,450.000,2.698,14.327500,100.727000,51.506800,0.721412,18.000000,96.950676,-0.00097508,0.04127259,-0.094535,5.396900,5.381250,4.001405,4.028535,19.100347,0.04224767,4.095940,,CO2 below target; MFC adding CO2
2026-05-06 12:37:53,4503.0,447.160,447.313,450.000,2.687,14.325800,100.727000,51.506800,0.714670,18.000000,96.950676,-0.00136746,0.04136846,-0.132576,5.373600,5.393750,4.010700,4.044522,19.144465,0.04273592,4.143276,,CO2 below target; MFC adding CO2
2026-05-06 12:38:04,4514.0,447.387,447.313,450.000,2.687,14.328400,100.730000,51.506800,0.728487,18.000000,96.953563,-0.00171587,0.04107962,-0.166359,5.373200,5.356250,3.982816,4.022821,19.188431,0.04279549,4.149175,,CO2 below target; MFC adding CO2
2026-05-06 12:38:15,4525.0,447.033,447.246,450.000,2.754,14.323300,100.727000,51.506800,0.717098,18.000000,96.950676,-0.00211284,0.04122465,-0.204842,5.507400,5.375000,3.996758,4.022084,19.232400,0.04333750,4.201600,,CO2 below target; MFC adding CO2
2026-05-06 12:38:26,4536.0,447.485,447.245,450.000,2.755,14.330700,100.731000,51.505200,0.720486,18.000000,96.954526,-0.00191215,0.04232549,-0.185391,5.509200,5.518750,4.103648,4.118839,19.277350,0.04423764,4.289039,,CO2 below target; MFC adding CO2
2026-05-06 12:38:37,4547.0,447.914,447.321,450.000,2.679,14.331200,100.731000,51.501900,0.719077,18.000000,96.954526,0.00086087,0.04237343,0.083466,5.357100,5.525000,4.108295,4.115896,19.322368,0.04151255,4.024830,,CO2 below target; MFC adding CO2
2026-05-06 12:38:48,4558.0,447.379,447.384,450.000,2.616,14.326900,100.732000,51.501900,0.716436,18.000000,96.955488,0.00253615,0.04112674,0.245893,5.231600,5.362500,3.987463,4.014306,19.366282,0.03859059,3.741570,,CO2 below target; MFC adding CO2
2026-05-06 12:38:59,4569.0,447.058,447.357,450.000,2.643,14.330500,100.730000,51.511800,0.719181,18.000000,96.953563,0.00345537,0.01160008,0.335011,5.285000,1.512500,1.124669,1.166731,19.421004,0.00814471,0.789658,,CO2 below target; MFC adding CO2
2026-05-06 12:39:10,4580.0,446.696,447.332,450.000,2.668,14.328900,100.734000,51.508500,0.718418,18.000000,96.957413,0.00225580,0.04055074,0.218717,5.336900,5.287500,3.931694,3.957492,19.459522,0.03829493,3.712978,,CO2 below target; MFC adding CO2
2026-05-06 12:39:21,4591.0,446.544,447.190,450.000,2.810,14.325100,100.732000,51.510200,0.714652,18.000000,96.955488,-0.00267237,0.04093501,-0.259101,5.619100,5.337500,3.968874,3.935375,19.503034,0.04360738,4.227975,,CO2 below target; MFC adding CO2
2026-05-06 12:39:31,4601.0,447.552,447.167,450.000,2.833,14.328800,100.728000,51.510200,0.720318,18.000000,96.951638,-0.00561197,0.04304578,-0.544090,5.665300,5.612500,4.173359,4.203852,19.544706,0.04865775,4.717449,,CO2 below target; MFC adding CO2
2026-05-06 12:39:42,4612.0,447.362,447.245,450.000,2.755,14.324800,100.731000,51.501800,0.716407,18.000000,96.954526,-0.00296436,0.04347590,-0.287408,5.510400,5.668750,4.215185,4.234242,19.591009,0.04644026,4.502593,,CO2 below target; MFC adding CO2
2026-05-06 12:39:53,4623.0,446.918,447.319,450.000,2.681,14.322700,100.727000,51.505200,0.715613,18.000000,96.950676,0.00151095,0.04218337,0.146487,5.362200,5.500000,4.089706,4.127289,19.636102,0.04067242,3.943218,,CO2 below target; MFC adding CO2
2026-05-06 12:40:04,4634.0,447.145,447.318,450.000,2.682,14.326600,100.727000,51.505200,0.715315,18.000000,96.950676,0.00230120,0.04103291,0.223103,5.363700,5.350000,3.978168,4.012110,19.680053,0.03873171,3.755066,,CO2 below target; MFC adding CO2
2026-05-06 12:40:15,4645.0,447.571,447.460,450.000,2.540,14.327900,100.728000,51.505200,0.711887,18.000000,96.951638,0.00569536,0.04112837,0.552175,5.080200,5.362500,3.987463,4.000765,19.723924,0.03543301,3.435288,,CO2 below target; MFC adding CO2
2026-05-06 12:40:26,4656.0,447.472,447.474,450.000,2.526,14.321700,100.728000,51.505200,0.718938,18.000000,96.951638,0.00403606,0.01941374,0.391303,5.052600,2.531250,1.882194,1.679536,19.779268,0.01537768,1.490892,,CO2 below target; MFC adding CO2
2026-05-06 12:40:37,4667.0,447.173,447.309,450.000,2.691,14.328800,100.730000,51.505200,0.716325,18.000000,96.953563,-0.00056474,0.03873085,-0.054753,5.382500,5.050000,3.755094,3.777467,19.820180,0.03929559,3.809847,,CO2 below target; MFC adding CO2
2026-05-06 12:40:48,4678.0,446.813,447.199,450.000,2.801,14.328000,100.733000,51.510100,0.716381,18.000000,96.956451,-0.00337826,0.04127013,-0.327544,5.602900,5.381250,4.001405,4.028360,19.864001,0.04464839,4.328949,,CO2 below target; MFC adding CO2
2026-05-06 12:40:59,4689.0,447.281,447.159,450.000,2.841,14.327600,100.735000,51.505200,0.714146,18.000000,96.958376,-0.00679422,0.04294693,-0.658757,5.681600,5.600000,4.164064,4.198088,19.909707,0.04974115,4.822821,,CO2 below target; MFC adding CO2
2026-05-06 12:41:10,4700.0,447.403,447.234,450.000,2.766,14.317000,100.734000,51.506800,0.715328,18.000000,96.957413,-0.00413087,0.04352254,-0.400519,5.531600,5.675000,4.219833,4.258572,19.956115,0.04765341,4.620352,,CO2 below target; MFC adding CO2
2026-05-06 12:41:21,4711.0,447.222,447.376,450.000,2.624,14.322300,100.732000,51.505200,0.715518,18.000000,96.955488,0.00206506,0.04242094,0.200219,5.248700,5.531250,4.112943,4.141209,20.001437,0.04035588,3.912724,,CO2 below target; MFC adding CO2
2026-05-06 12:41:32,4722.0,447.189,447.387,450.000,2.613,14.323600,100.740000,51.501900,0.713984,18.000000,96.963188,0.00466084,0.04016489,0.451930,5.225500,5.237500,3.894515,3.934235,20.044540,0.03550404,3.442585,,CO2 below target; MFC adding CO2
2026-05-06 12:41:43,4733.0,447.208,447.346,450.000,2.654,14.327100,100.736000,51.510200,0.716830,18.000000,96.959338,0.00534368,0.04007062,0.518119,5.307800,5.225000,3.885221,3.845179,20.087268,0.03472694,3.367101,,CO2 below target; MFC adding CO2
2026-05-06 12:41:53,4743.0,447.546,447.433,450.000,2.567,14.322800,100.732000,51.508500,0.718849,18.000000,96.955488,0.00518123,0.05114479,0.502348,5.133900,6.668750,4.958768,5.041124,20.145368,0.04596357,4.456420,,CO2 below target; MFC adding CO2
2026-05-06 12:42:04,4754.0,446.908,447.389,450.000,2.611,14.327700,100.731000,51.501900,0.718717,18.000000,96.954526,-0.00200748,0.03920980,-0.194635,5.222500,5.112500,3.801567,3.832257,20.179234,0.04121728,3.996202,,CO2 below target; MFC adding CO2
2026-05-06 12:42:15,4765.0,447.276,447.280,450.000,2.720,14.319000,100.733000,51.505200,0.717204,18.000000,96.956451,-0.00241516,0.03992801,-0.234166,5.440200,5.206250,3.871278,3.919324,20.221885,0.04234318,4.105444,,CO2 below target; MFC adding CO2
2026-05-06 12:42:26,4776.0,446.629,447.254,450.000,2.746,14.323500,100.736000,51.506800,0.714678,18.000000,96.959338,-0.00330793,0.04174821,-0.320735,5.492700,5.443750,4.047879,4.074914,20.266231,0.04505615,4.368614,,CO2 below target; MFC adding CO2
2026-05-06 12:42:37,4787.0,447.128,447.308,450.000,2.692,14.324700,100.734000,51.508500,0.719906,18.000000,96.957413,-0.00165760,0.04218043,-0.160717,5.384300,5.500000,4.089706,4.116740,20.311127,0.04383803,4.250422,,CO2 below target; MFC adding CO2
2026-05-06 12:42:48,4798.0,447.817,447.333,450.000,2.667,14.320800,100.732000,51.506800,0.719886,18.000000,96.955488,-0.00094238,0.04122261,-0.091369,5.334200,5.375000,3.996758,4.027590,20.355154,0.04216499,4.088127,,CO2 below target; MFC adding CO2
2026-05-06 12:42:59,4809.0,447.287,447.325,450.000,2.675,14.320000,100.734000,51.496900,0.715633,18.000000,96.957413,0.00187350,0.04093419,0.181650,5.350300,5.337500,3.968874,4.002114,20.398795,0.03906069,3.787224,,CO2 below target; MFC adding CO2
2026-05-06 12:43:10,4820.0,447.278,447.375,450.000,2.625,14.326100,100.736000,51.506800,0.713700,18.000000,96.959338,0.00362756,0.04102924,0.351726,5.250700,5.350000,3.978168,4.008429,20.442550,0.03740169,3.626443,,CO2 below target; MFC adding CO2
2026-05-06 12:43:21,4831.0,446.958,447.386,450.000,2.614,14.319000,100.731000,51.501800,0.714684,18.000000,96.954526,0.00101941,0.03983294,0.098836,5.228400,5.193750,3.861984,3.884451,20.491982,0.03881353,3.763147,,CO2 below target; MFC adding CO2
2026-05-06 12:43:32,4842.0,447.136,447.298,450.000,2.702,14.318900,100.731000,51.513500,0.718645,18.000000,96.954526,-0.00087005,0.04002467,-0.084355,5.404000,5.218750,3.880573,3.911949,20.534648,0.04089472,3.964928,,CO2 below target; MFC adding CO2
2026-05-06 12:43:43,4853.0,447.199,447.306,450.000,2.694,14.322600,100.731000,51.503500,0.716325,18.000000,96.954526,-0.00177620,0.04141475,-0.172210,5.388500,5.400000,4.015348,4.046264,20.578781,0.04319095,4.187558,,CO2 below target; MFC adding CO2
2026-05-06 12:43:54,4864.0,447.211,447.216,450.000,2.784,14.331000,100.728000,51.505200,0.716792,18.000000,96.951638,-0.00423555,0.04132011,-0.410643,5.567000,5.387500,4.006053,4.035944,20.622856,0.04555566,4.416696,,CO2 below target; MFC adding CO2
2026-05-06 12:44:05,4875.0,447.274,447.264,450.000,2.736,14.336200,100.726000,51.506800,0.716162,18.000000,96.949713,-0.00181243,0.04271108,-0.175715,5.472900,5.568750,4.140827,4.165361,20.668329,0.04452351,4.316542,,CO2 below target; MFC adding CO2
2026-05-06 12:44:16,4886.0,447.365,447.401,450.000,2.599,14.325800,100.729000,51.508500,0.714801,18.000000,96.952601,0.00500311,0.04194285,0.485065,5.197500,5.468750,4.066469,4.106061,20.713224,0.03693974,3.581404,,CO2 below target; MFC adding CO2
2026-05-06 12:44:27,4897.0,447.589,447.438,450.000,2.562,14.327500,100.723000,51.508500,0.718364,18.000000,96.946826,0.00378622,0.03993198,0.367062,5.124200,5.206250,3.871278,3.908176,20.755916,0.03614576,3.504217,,CO2 below target; MFC adding CO2
2026-05-06 12:44:38,4908.0,447.402,447.477,450.000,2.523,14.313000,100.727000,51.503500,0.719593,18.000000,96.950676,0.00643577,0.03868406,0.623952,5.045300,5.043750,3.750446,3.769623,20.810478,0.03224830,3.126494,,CO2 below target; MFC adding CO2
2026-05-06 12:44:49,4919.0,447.179,447.335,450.000,2.665,14.327800,100.728000,51.501800,0.716552,18.000000,96.951638,0.00002405,0.03853987,0.002331,5.330000,5.025000,3.736504,3.779746,20.851563,0.03851583,3.734173,,CO2 below target; MFC adding CO2
2026-05-06 12:45:00,4930.0,447.058,447.332,450.000,2.668,14.355600,100.725000,51.503500,0.717619,18.000000,96.948751,-0.00198463,0.04084198,-0.192407,5.336100,5.325000,3.959579,3.985518,20.895035,0.04282661,4.151986,,CO2 below target; MFC adding CO2
2026-05-06 12:45:11,4941.0,447.414,447.348,450.000,2.652,14.328500,100.727000,51.505200,0.714584,18.000000,96.950676,-0.00421721,0.04093704,-0.408862,5.304000,5.337500,3.968874,4.004061,20.938632,0.04515425,4.377735,,CO2 below target; MFC adding CO2
2026-05-06 12:45:22,4952.0,447.301,447.275,450.000,2.725,14.327800,100.727000,51.505200,0.717678,18.000000,96.950676,-0.00353866,0.04064943,-0.343075,5.449300,5.300000,3.940989,3.980304,20.982077,0.04418808,4.284064,,CO2 below target; MFC adding CO2
2026-05-06 12:45:33,4963.0,447.438,447.325,450.000,2.675,14.328400,100.727000,51.505200,0.714491,18.000000,96.950676,-0.00062374,0.04189575,-0.060472,5.349900,5.462500,4.061821,4.090812,21.026579,0.04251949,4.122294,,CO2 below target; MFC adding CO2
2026-05-06 12:45:44,4974.0,447.428,447.343,450.000,2.657,14.329200,100.726000,51.506800,0.719438,18.000000,96.949713,-0.00083497,0.04103332,-0.080950,5.313300,5.350000,3.978168,4.012070,21.070404,0.04186829,4.059118,,CO2 below target; MFC adding CO2
2026-05-06 12:45:55,4985.0,447.326,447.368,450.000,2.632,14.333400,100.727000,51.503500,0.717888,18.000000,96.950676,0.00174835,0.03667077,0.169504,5.264000,4.781250,3.555256,3.632399,21.125806,0.03492241,3.385752,,CO2 below target; MFC adding CO2
2026-05-06 12:46:06,4996.0,446.949,447.303,450.000,2.697,14.330400,100.730000,51.503500,0.716016,18.000000,96.953563,-0.00000448,0.04036061,-0.000434,5.394000,5.262500,3.913105,3.926737,21.161721,0.04036509,3.913539,,CO2 below target; MFC adding CO2
2026-05-06 12:46:17,5007.0,447.285,447.281,450.000,2.719,14.334300,100.728000,51.508500,0.715727,18.000000,96.951638,0.00011497,0.04127218,0.011147,5.438300,5.381250,4.001405,3.979450,21.205634,0.04115720,3.990258,,CO2 below target; MFC adding CO2
2026-05-06 12:46:27,5017.0,447.424,447.325,450.000,2.675,14.331500,100.727000,51.508500,0.720571,18.000000,96.950676,-0.00223441,0.04165607,-0.216627,5.349200,5.431250,4.038585,4.068280,21.246054,0.04389048,4.255212,,CO2 below target; MFC adding CO2
2026-05-06 12:46:38,5028.0,447.204,447.254,450.000,2.746,14.329400,100.722000,51.511800,0.719283,18.000000,96.945863,-0.00214437,0.04103495,-0.207888,5.491700,5.350000,3.978168,3.995132,21.289862,0.04317932,4.186057,,CO2 below target; MFC adding CO2
2026-05-06 12:46:49,5039.0,447.626,447.368,450.000,2.632,14.326000,100.728000,51.505200,0.715650,18.000000,96.951638,0.00248702,0.04213501,0.241121,5.264800,5.493750,4.085058,4.117758,21.334715,0.03964799,3.843937,,CO2 below target; MFC adding CO2
2026-05-06 12:47:00,5050.0,446.955,447.336,450.000,2.664,14.331900,100.726000,51.503500,0.716670,18.000000,96.949713,0.00204622,0.04031428,0.198381,5.328200,5.256250,3.908458,3.934992,21.377857,0.03826805,3.710077,,CO2 below target; MFC adding CO2
2026-05-06 12:47:11,5061.0,447.861,447.385,450.000,2.615,14.329000,100.723000,51.506800,0.718929,18.000000,96.946826,0.00336277,0.11068780,0.326010,5.229300,14.431250,10.730830,11.114960,21.428549,0.10732502,10.404820,,CO2 below target; MFC adding CO2
2026-05-06 12:47:22,5072.0,447.314,447.461,450.000,2.539,14.325800,100.725000,51.508500,0.714199,18.000000,96.948751,0.00420961,0.03993118,0.408117,5.078400,5.206250,3.871278,3.891085,21.468738,0.03572157,3.463162,,CO2 below target; MFC adding CO2
2026-05-06 12:47:33,5083.0,447.607,447.508,450.000,2.492,14.357500,100.723000,51.506800,0.718865,18.000000,96.946826,0.00291552,0.03887735,0.282650,4.984800,5.068750,3.769036,3.805130,21.510308,0.03596183,3.486386,,CO2 below target; MFC adding CO2
2026-05-06 12:47:44,5094.0,447.264,447.402,450.000,2.598,14.329400,100.725000,51.500200,0.718694,18.000000,96.948751,0.00060270,0.03806166,0.058431,5.196500,4.962500,3.690030,3.730045,21.551106,0.03745895,3.631599,,CO2 below target; MFC adding CO2
2026-05-06 12:47:55,5105.0,447.535,447.273,450.000,2.727,14.334900,100.726000,51.501900,0.716192,18.000000,96.949713,-0.00290742,0.03983491,-0.281874,5.453400,5.193750,3.861984,3.888619,21.593457,0.04274234,4.143857,,CO2 below target; MFC adding CO2
2026-05-06 12:48:06,5116.0,447.388,447.362,450.000,2.638,14.335700,100.727000,51.508500,0.715466,18.000000,96.950676,-0.00316293,0.04189575,-0.306648,5.276500,5.462500,4.061821,4.094608,21.637966,0.04505868,4.368469,,CO2 below target; MFC adding CO2
2026-05-06 12:48:17,5127.0,447.622,447.360,450.000,2.640,14.337100,100.724000,51.510200,0.714216,18.000000,96.947788,-0.00178526,0.04050682,-0.173077,5.280200,5.281250,3.927047,3.945771,21.681226,0.04229209,4.100124,,CO2 below target; MFC adding CO2
2026-05-06 12:48:28,5138.0,447.269,447.440,450.000,2.560,14.332900,100.722000,51.503500,0.716304,18.000000,96.945863,0.00070376,0.04045969,0.068227,5.119200,5.275000,3.922400,3.960876,21.724424,0.03975593,3.854173,,CO2 below target; MFC adding CO2
2026-05-06 12:48:39,5149.0,447.088,447.377,450.000,2.623,14.333200,100.723000,51.505200,0.722726,18.000000,96.946826,0.00184365,0.03619285,0.178736,5.245900,4.718750,3.508782,3.541276,21.774019,0.03434920,3.330045,,CO2 below target; MFC adding CO2
2026-05-06 12:48:50,5160.0,447.080,447.248,450.000,2.752,14.331300,100.724000,51.501900,0.719768,18.000000,96.947788,-0.00372043,0.04007539,-0.360687,5.504000,5.225000,3.885221,3.917452,21.816595,0.04379582,4.245908,,CO2 below target; MFC adding CO2
2026-05-06 12:49:01,5171.0,446.966,447.214,450.000,2.786,14.328300,100.725000,51.511800,0.718521,18.000000,96.948751,-0.00373739,0.04237595,-0.362336,5.572000,5.525000,4.108295,4.127816,21.861512,0.04611334,4.470631,,CO2 below target; MFC adding CO2
2026-05-06 12:49:12,5182.0,448.059,447.226,450.000,2.774,14.328600,100.724000,51.510200,0.718436,18.000000,96.947788,-0.00452895,0.04275987,-0.439071,5.547800,5.575000,4.145475,4.173504,21.907074,0.04728882,4.584546,,CO2 below target; MFC adding CO2
2026-05-06 12:49:23,5193.0,447.467,447.326,450.000,2.674,14.338800,100.724000,51.501900,0.717719,18.000000,96.947788,-0.00078002,0.04261606,-0.075621,5.347200,5.556250,4.131532,4.156083,21.952492,0.04339608,4.207154,,CO2 below target; MFC adding CO2
2026-05-06 12:49:34,5204.0,447.132,447.338,450.000,2.662,14.324800,100.723000,51.506900,0.717620,18.000000,96.946826,0.00362805,0.04117835,0.351728,5.324200,5.368750,3.992111,4.025607,21.996386,0.03755031,3.640383,,CO2 below target; MFC adding CO2
2026-05-06 12:49:45,5215.0,447.053,447.371,450.000,2.629,14.322900,100.723000,51.506800,0.715195,18.000000,96.946826,0.00421103,0.04079485,0.408246,5.258500,5.318750,3.954931,3.982355,22.039949,0.03658383,3.546686,,CO2 below target; MFC adding CO2
2026-05-06 12:49:56,5226.0,447.281,447.357,450.000,2.643,14.327200,100.725000,51.506800,0.716776,18.000000,96.948751,0.00261930,0.00186953,0.253938,5.285800,0.243750,0.181248,0.392851,22.096444,-0.00074978,-0.072690,,CO2 below target; MFC adding CO2
2026-05-06 12:50:07,5237.0,447.062,447.303,450.000,2.697,14.319100,100.724000,51.508500,0.715275,18.000000,96.947788,-0.00145986,0.04036301,-0.141530,5.393200,5.262500,3.913105,3.949845,22.134780,0.04182288,4.054635,,CO2 below target; MFC adding CO2
2026-05-06 12:50:18,5248.0,447.360,447.213,450.000,2.787,14.333200,100.723000,51.505200,0.716599,18.000000,96.946826,-0.00364772,0.04132217,-0.353635,5.573200,5.387500,4.006053,4.043772,22.178801,0.04496988,4.359687,,CO2 below target; MFC adding CO2
2026-05-06 12:50:29,5259.0,447.195,447.351,450.000,2.649,14.330600,100.721000,51.510200,0.720691,18.000000,96.944901,-0.00151983,0.04276114,-0.147340,5.298700,5.575000,4.145475,4.171908,22.224306,0.04428097,4.292814,,CO2 below target; MFC adding CO2
2026-05-06 12:50:40,5270.0,447.156,447.351,450.000,2.649,14.336800,100.723000,51.506800,0.720753,18.000000,96.946826,-0.00082766,0.04050723,-0.080239,5.297100,5.281250,3.927047,3.968084,22.267767,0.04133489,4.007286,,CO2 below target; MFC adding CO2
2026-05-06 12:50:51,5281.0,447.480,447.255,450.000,2.745,14.329000,100.728000,51.506800,0.716815,18.000000,96.951638,-0.00005398,0.04060109,-0.005234,5.490300,5.293750,3.936342,3.977559,22.311131,0.04065507,3.941576,,CO2 below target; MFC adding CO2
2026-05-06 12:51:02,5292.0,447.685,447.428,450.000,2.572,14.336000,100.726000,51.510200,0.716072,18.000000,96.949713,0.00412816,0.04208791,0.400224,5.144900,5.487500,4.080411,4.100066,22.355919,0.03795975,3.680187,,CO2 below target; MFC adding CO2
2026-05-06 12:51:13,5303.0,447.111,447.408,450.000,2.592,14.336600,100.726000,51.506800,0.717720,18.000000,96.949713,0.00053998,0.03945143,0.052351,5.183500,5.143750,3.824804,3.854040,22.398179,0.03891145,3.772454,,CO2 below target; MFC adding CO2
2026-05-06 12:51:24,5314.0,447.301,447.315,450.000,2.685,14.340600,100.727000,51.500200,0.716939,18.000000,96.950676,-0.00079852,0.00115046,-0.077417,5.370100,0.150000,0.111537,0.121650,22.443413,0.00194898,0.188955,,CO2 below target; MFC adding CO2
2026-05-06 12:51:35,5325.0,447.560,447.329,450.000,2.671,14.322700,100.729000,51.503500,0.719432,18.000000,96.952601,-0.00026748,0.04108003,-0.025933,5.342200,5.356250,3.982816,4.000853,22.486499,0.04134751,4.008748,,CO2 below target; MFC adding CO2
2026-05-06 12:51:46,5336.0,447.881,447.435,450.000,2.565,14.329100,100.729000,51.501800,0.713548,18.000000,96.952601,0.00034196,0.04098416,0.033154,5.129600,5.343750,3.973521,3.997945,22.530201,0.04064220,3.940367,,CO2 below target; MFC adding CO2
2026-05-06 12:51:57,5347.0,446.986,447.327,450.000,2.673,14.340900,100.726000,51.505200,0.717125,18.000000,96.949713,-0.00156133,0.03921175,-0.151371,5.345400,5.112500,3.801567,3.831276,22.572264,0.04077308,3.952938,,CO2 below target; MFC adding CO2
2026-05-06 12:52:08,5358.0,447.534,447.317,450.000,2.683,14.329100,100.725000,51.506800,0.719783,18.000000,96.948751,0.00249774,0.04098579,0.242152,5.366500,5.343750,3.973521,4.003529,22.615849,0.03848805,3.731369,,CO2 below target; MFC adding CO2
2026-05-06 12:52:19,5369.0,447.055,447.414,450.000,2.586,14.335100,100.725000,51.505200,0.715045,18.000000,96.948751,0.00054812,0.04117754,0.053140,5.171100,5.368750,3.992111,4.027612,22.659746,0.04062941,3.938971,,CO2 below target; MFC adding CO2
2026-05-06 12:52:30,5380.0,447.749,447.463,450.000,2.537,14.333800,100.725000,51.508500,0.718087,18.000000,96.948751,0.00208622,0.03964356,0.202256,5.073500,5.168750,3.843394,3.879362,22.702121,0.03755735,3.641138,,CO2 below target; MFC adding CO2
2026-05-06 12:52:41,5391.0,446.914,447.568,450.000,2.432,14.326400,100.728000,51.503500,0.714456,18.000000,96.951638,0.00486311,0.07228623,0.471486,4.864000,9.425000,7.008269,7.133894,22.755208,0.06742312,6.536782,,CO2 below target; MFC adding CO2
2026-05-06 12:52:52,5402.0,447.573,447.433,450.000,2.567,14.327500,100.728000,51.501800,0.716253,18.000000,96.951638,0.00231095,0.03724562,0.224051,5.134500,4.856250,3.611024,3.570405,22.786202,0.03493467,3.386974,,CO2 below target; MFC adding CO2
2026-05-06 12:53:02,5412.0,447.380,447.328,450.000,2.672,14.329700,100.730000,51.505200,0.715930,18.000000,96.953563,-0.00208300,0.03935399,-0.201954,5.343100,5.131250,3.815510,3.839033,22.824247,0.04143699,4.017463,,CO2 below target; MFC adding CO2
2026-05-06 12:53:13,5423.0,447.167,447.235,450.000,2.765,14.324900,100.730000,51.498500,0.717720,18.000000,96.953563,-0.00571071,0.04093582,-0.553673,5.530100,5.337500,3.968874,4.006246,22.867834,0.04664653,4.522547,,CO2 below target; MFC adding CO2
2026-05-06 12:53:24,5434.0,447.468,447.255,450.000,2.745,14.329100,100.727000,51.505200,0.718739,18.000000,96.950676,-0.00704839,0.04242304,-0.683347,5.490800,5.531250,4.112943,4.158063,22.913053,0.04947144,4.796289,,CO2 below target; MFC adding CO2
2026-05-06 12:53:35,5445.0,447.221,447.302,450.000,2.698,14.338500,100.731000,51.510100,0.712323,18.000000,96.954526,-0.00314926,0.04208582,-0.305335,5.395600,5.487500,4.080411,4.113686,22.957974,0.04523509,4.385746,,CO2 below target; MFC adding CO2
2026-05-06 12:53:46,5456.0,447.245,447.326,450.000,2.674,14.332100,100.727000,51.505200,0.717817,18.000000,96.950676,0.00128192,0.04132052,0.124283,5.347800,5.387500,4.006053,4.036196,23.002106,0.04003861,3.881770,,CO2 below target; MFC adding CO2
2026-05-06 12:53:57,5467.0,447.597,447.361,450.000,2.639,14.328800,100.731000,51.505200,0.716106,18.000000,96.954526,0.00240286,0.04112715,0.232968,5.277300,5.362500,3.987463,3.999209,23.045875,0.03872429,3.754495,,CO2 below target; MFC adding CO2
2026-05-06 12:54:08,5478.0,447.502,447.393,450.000,2.607,14.337100,100.728000,51.501800,0.716113,18.000000,96.951638,0.00253141,0.03997793,0.245424,5.214300,5.212500,3.875926,3.906594,23.090153,0.03744652,3.630501,,CO2 below target; MFC adding CO2
2026-05-06 12:54:19,5489.0,447.941,447.346,450.000,2.654,14.328400,100.726000,51.506800,0.721022,18.000000,96.949713,0.00112210,0.03988285,0.108787,5.307600,5.200000,3.866631,3.905367,23.132690,0.03876076,3.757844,,CO2 below target; MFC adding CO2
2026-05-06 12:54:30,5500.0,447.286,447.290,450.000,2.710,14.334100,100.726000,51.508500,0.719024,18.000000,96.949713,0.00025302,0.04069777,0.024530,5.420500,5.306250,3.945637,3.970984,23.176029,0.04044474,3.921106,,CO2 below target; MFC adding CO2
2026-05-06 12:54:41,5511.0,447.388,447.312,450.000,2.688,14.341100,100.728000,51.508500,0.718194,18.000000,96.951638,-0.00118358,0.04151185,-0.114750,5.375300,5.412500,4.024642,4.061720,23.220331,0.04269544,4.139393,,CO2 below target; MFC adding CO2
2026-05-06 12:54:52,5522.0,447.417,447.397,450.000,2.603,14.329500,100.726000,51.505200,0.717301,18.000000,96.949713,0.00047251,0.04132093,0.045809,5.205200,5.387500,4.006053,4.020155,23.264318,0.04084843,3.960243,,CO2 below target; MFC adding CO2
2026-05-06 12:55:03,5533.0,447.467,447.411,450.000,2.589,14.336400,100.725000,51.505200,0.714709,18.000000,96.948751,0.00283277,0.03993118,0.274633,5.178300,5.206250,3.871278,3.905548,23.307005,0.03709842,3.596645,,CO2 below target; MFC adding CO2
2026-05-06 12:55:14,5544.0,447.567,447.455,450.000,2.545,14.333300,100.725000,51.508500,0.717164,18.000000,96.948751,0.00317324,0.03969150,0.307642,5.089300,5.175000,3.848041,3.886596,23.349372,0.03651826,3.540399,,CO2 below target; MFC adding CO2
2026-05-06 12:55:25,5555.0,447.850,447.583,450.000,2.417,14.340500,100.727000,51.500200,0.718272,18.000000,96.950676,0.00674284,0.02866551,0.653723,4.833600,3.737500,2.779141,2.669597,23.402711,0.02192267,2.125418,,CO2 below target; MFC adding CO2
2026-05-06 12:55:36,5566.0,447.285,447.459,450.000,2.541,14.330800,100.726000,51.508500,0.715294,18.000000,96.949713,0.00127867,0.03695875,0.123967,5.081600,4.818750,3.583140,3.616667,23.441890,0.03568007,3.459173,,CO2 below target; MFC adding CO2
2026-05-06 12:55:47,5577.0,447.352,447.297,450.000,2.703,14.334300,100.726000,51.501800,0.718311,18.000000,96.949713,-0.00328757,0.03897206,-0.318729,5.405600,5.081250,3.778331,3.804836,23.483274,0.04225963,4.097059,,CO2 below target; MFC adding CO2
2026-05-06 12:55:58,5588.0,447.548,447.296,450.000,2.704,14.339200,100.732000,51.505200,0.717931,18.000000,96.955488,-0.00434589,0.04136641,-0.421358,5.407400,5.393750,4.010700,4.049807,23.527356,0.04571230,4.432058,,CO2 below target; MFC adding CO2
2026-05-06 12:56:09,5599.0,447.197,447.344,450.000,2.656,14.339500,100.728000,51.506800,0.718463,18.000000,96.951638,-0.00504442,0.04155979,-0.489065,5.312000,5.418750,4.029290,4.043879,23.571593,0.04660421,4.518355,,CO2 below target; MFC adding CO2
2026-05-06 12:56:20,5610.0,447.595,447.212,450.000,2.788,14.339800,100.728000,51.500200,0.717380,18.000000,96.951638,-0.00405714,0.04079283,-0.393346,5.575600,5.318750,3.954931,3.980252,23.615074,0.04484997,4.348278,,CO2 below target; MFC adding CO2
2026-05-06 12:56:31,5621.0,447.325,447.270,450.000,2.730,14.336600,100.728000,51.506800,0.715088,18.000000,96.951638,-0.00003627,0.04275817,-0.003517,5.459900,5.575000,4.145475,4.168632,23.660571,0.04279444,4.148991,,CO2 below target; MFC adding CO2
2026-05-06 12:56:42,5632.0,447.535,447.422,450.000,2.578,14.339700,100.724000,51.500200,0.719447,18.000000,96.947788,0.00254785,0.09194330,0.247009,5.155400,11.987500,8.913700,9.309177,23.719334,0.08939545,8.666691,,CO2 below target; MFC adding CO2
2026-05-06 12:56:53,5643.0,447.025,447.431,450.000,2.569,14.333300,100.726000,51.506900,0.717241,18.000000,96.949713,0.00279419,0.03925968,0.270896,5.137000,5.118750,3.806215,3.839823,23.753685,0.03646549,3.535319,,CO2 below target; MFC adding CO2
2026-05-06 12:57:04,5654.0,447.564,447.319,450.000,2.681,14.336200,100.728000,51.505200,0.719376,18.000000,96.951638,0.00220721,0.03935477,0.213993,5.361200,5.131250,3.815510,3.838017,23.795625,0.03714756,3.601517,,CO2 below target; MFC adding CO2
2026-05-06 12:57:15,5665.0,447.174,447.241,450.000,2.759,14.329900,100.728000,51.508500,0.716509,18.000000,96.951638,-0.00270402,0.04108044,-0.262159,5.517900,5.356250,3.982816,4.021333,23.839377,0.04378446,4.244975,,CO2 below target; MFC adding CO2
2026-05-06 12:57:26,5676.0,446.897,447.154,450.000,2.846,14.339700,100.728000,51.503500,0.715394,18.000000,96.951638,-0.00631957,0.04232675,-0.612693,5.693000,5.518750,4.103648,4.125560,23.884416,0.04864633,4.716341,,CO2 below target; MFC adding CO2
2026-05-06 12:57:37,5687.0,447.376,447.284,450.000,2.716,14.339300,100.729000,51.506800,0.715996,18.000000,96.952601,-0.00165250,0.04366850,-0.160214,5.432400,5.693750,4.233775,4.247562,23.930902,0.04532100,4.393989,,CO2 below target; MFC adding CO2
2026-05-06 12:57:48,5698.0,447.169,447.437,450.000,2.563,14.338700,100.726000,51.505200,0.718314,18.000000,96.949713,0.00260599,0.04160855,0.252650,5.126100,5.425000,4.033937,4.055611,23.975408,0.03900256,3.781287,,CO2 below target; MFC adding CO2
2026-05-06 12:57:59,5709.0,447.359,447.483,450.000,2.517,14.337300,100.728000,51.506800,0.714507,18.000000,96.951638,0.00625512,0.03935477,0.606444,5.034200,5.131250,3.815510,3.855738,24.017489,0.03309965,3.209066,,CO2 below target; MFC adding CO2
2026-05-06 12:58:10,5720.0,447.384,447.552,450.000,2.448,14.338700,100.725000,51.501800,0.721543,18.000000,96.948751,0.00717499,0.00186953,0.695606,4.895500,0.243750,0.181248,0.215377,24.070090,-0.00530546,-0.514358,,CO2 below target; MFC adding CO2
2026-05-06 12:58:21,5731.0,447.362,447.377,450.000,2.623,14.339700,100.728000,51.505200,0.718193,18.000000,96.951638,0.00074971,0.03758117,0.072686,5.245900,4.900000,3.643556,3.595979,24.107155,0.03683146,3.570870,,CO2 below target; MFC adding CO2
2026-05-06 12:58:31,5741.0,447.337,447.246,450.000,2.754,14.325200,100.731000,51.495200,0.714297,18.000000,96.954526,-0.00468392,0.04026434,-0.454127,5.507600,5.250000,3.903810,3.916007,24.145936,0.04494826,4.357937,,CO2 below target; MFC adding CO2
2026-05-06 12:58:42,5752.0,447.289,447.248,450.000,2.752,14.331000,100.731000,51.505200,0.716724,18.000000,96.954526,-0.00597925,0.04232549,-0.579715,5.503800,5.518750,4.103648,4.126293,24.190842,0.04830474,4.683363,,CO2 below target; MFC adding CO2
2026-05-06 12:58:53,5763.0,447.382,447.142,450.000,2.858,14.338500,100.730000,51.505200,0.714675,18.000000,96.953563,-0.00970023,0.04223004,-0.940472,5.715700,5.506250,4.094353,4.109429,24.235900,0.05193027,5.034825,,CO2 below target; MFC adding CO2
2026-05-06 12:59:04,5774.0,447.792,447.219,450.000,2.781,14.341400,100.729000,51.510100,0.715535,18.000000,96.952601,-0.00124534,0.04390818,-0.120739,5.562100,5.725000,4.257012,4.276106,24.282586,0.04515351,4.377751,,CO2 below target; MFC adding CO2
2026-05-06 12:59:15,5785.0,447.610,447.377,450.000,2.623,14.335200,100.729000,51.510200,0.716870,18.000000,96.952601,0.00386024,0.04266188,0.374260,5.245300,5.562500,4.136180,4.160414,24.328163,0.03880164,3.761920,,CO2 below target; MFC adding CO2
2026-05-06 12:59:26,5796.0,446.868,447.459,450.000,2.541,14.335100,100.729000,51.500200,0.718324,18.000000,96.952601,0.00600504,0.04026514,0.582205,5.081600,5.250000,3.903810,3.931897,24.371240,0.03426010,3.321605,,CO2 below target; MFC adding CO2
2026-05-06 12:59:37,5807.0,447.455,447.431,450.000,2.569,14.330100,100.728000,51.501900,0.718584,18.000000,96.951638,0.00546202,0.00867627,0.529552,5.138900,1.131250,0.841178,0.543213,24.414004,0.00321424,0.311626,,CO2 below target; MFC adding CO2
2026-05-06 12:59:48,5818.0,447.471,447.322,450.000,2.678,14.336000,100.728000,51.501900,0.719794,18.000000,96.951638,0.00162700,0.03935477,0.157740,5.356400,5.131250,3.815510,3.846164,24.455625,0.03772778,3.657770,,CO2 below target; MFC adding CO2
2026-05-06 12:59:59,5829.0,447.446,447.283,450.000,2.717,14.334900,100.727000,51.498500,0.721191,18.000000,96.950676,-0.00258434,0.04117672,-0.250554,5.433200,5.368750,3.992111,4.011355,24.499303,0.04376106,4.242664,,CO2 below target; MFC adding CO2
2026-05-06 13:00:10,5840.0,447.282,447.325,450.000,2.675,14.328500,100.728000,51.500200,0.715541,18.000000,96.951638,-0.00269619,0.04155979,-0.261400,5.351000,5.418750,4.029290,4.057803,24.543687,0.04425598,4.290689,,CO2 below target; MFC adding CO2
2026-05-06 13:00:21,5851.0,447.666,447.493,450.000,2.507,14.331900,100.724000,51.508500,0.715753,18.000000,96.947788,0.00368256,0.04113001,0.357016,5.014400,5.362500,3.987463,4.015067,24.587534,0.03744745,3.630447,,CO2 below target; MFC adding CO2
2026-05-06 13:00:32,5862.0,447.423,447.644,450.000,2.356,14.336600,100.727000,51.505200,0.717504,18.000000,96.950676,0.00608969,0.03830058,0.590399,4.712400,4.993750,3.713267,3.765225,24.628678,0.03221089,3.122868,,CO2 below target; MFC adding CO2
2026-05-06 13:00:43,5873.0,447.782,447.540,450.000,2.460,14.336400,100.730000,51.501900,0.720697,18.000000,96.953563,0.00642400,0.03609446,0.622829,4.919200,4.706250,3.499487,3.518659,24.667342,0.02967047,2.876658,,CO2 below target; MFC adding CO2
2026-05-06 13:00:54,5884.0,448.101,447.649,450.000,2.351,14.331000,100.729000,51.500200,0.715448,18.000000,96.952601,0.00634613,0.03782047,0.615274,4.701200,4.931250,3.666793,3.693431,24.707496,0.03147434,3.051519,,CO2 below target; MFC adding CO2
2026-05-06 13:01:05,5895.0,447.439,447.538,450.000,2.462,14.338000,100.729000,51.506800,0.718890,18.000000,96.952601,-0.00089491,0.03494439,-0.086764,4.924500,4.556250,3.387949,3.403395,24.751571,0.03583930,3.474713,,CO2 below target; MFC adding CO2
2026-05-06 13:01:16,5906.0,447.361,447.301,450.000,2.699,14.336900,100.729000,51.500200,0.720834,18.000000,96.952601,-0.00528224,0.03767667,-0.512127,5.398800,4.912500,3.652851,3.670500,24.791534,0.04295891,4.164978,,CO2 below target; MFC adding CO2
2026-05-06 13:01:27,5917.0,447.394,447.228,450.000,2.772,14.350900,100.728000,51.501800,0.714468,18.000000,96.951638,-0.00801257,0.04141598,-0.776832,5.544100,5.400000,4.015348,4.039886,24.835428,0.04942855,4.792179,,CO2 below target; MFC adding CO2
2026-05-06 13:01:38,5928.0,447.187,447.112,450.000,2.888,14.338500,100.725000,51.505200,0.719940,18.000000,96.948751,-0.01143056,0.04251976,-1.108179,5.776000,5.543750,4.122238,4.146994,24.880696,0.05395032,5.230416,,CO2 below target; MFC adding CO2
2026-05-06 13:01:49,5939.0,447.289,447.148,450.000,2.852,14.335200,100.729000,51.496900,0.717212,18.000000,96.952601,-0.00801108,0.04424372,-0.776695,5.704200,5.768750,4.289544,4.333607,24.927818,0.05225480,5.066239,,CO2 below target; MFC adding CO2
2026-05-06 13:02:00,5950.0,447.614,447.369,450.000,2.631,14.355800,100.730000,51.508500,0.715479,18.000000,96.953563,0.00140289,0.04381187,0.136016,5.261300,5.712500,4.247717,4.264291,24.974524,0.04240898,4.111702,,CO2 below target; MFC adding CO2
2026-05-06 13:02:11,5961.0,447.422,447.494,450.000,2.506,14.328700,100.731000,51.496900,0.715288,18.000000,96.954526,0.00733504,0.04031228,0.711165,5.011800,5.256250,3.908458,3.947948,25.017814,0.03297724,3.197292,,CO2 below target; MFC adding CO2
2026-05-06 13:02:22,5972.0,448.103,447.555,450.000,2.445,14.331000,100.733000,51.501900,0.717159,18.000000,96.956451,0.01128326,0.03834623,1.093985,4.890300,5.000000,3.717914,3.760434,25.058953,0.02706297,2.623929,,CO2 below target; MFC adding CO2
2026-05-06 13:02:33,5983.0,447.341,447.578,450.000,2.422,14.341300,100.729000,51.503500,0.716678,18.000000,96.952601,0.00889108,0.03667004,0.862013,4.844400,4.781250,3.555256,3.573176,25.107588,0.02777896,2.693242,,CO2 below target; MFC adding CO2
2026-05-06 13:02:44,5994.0,447.212,447.375,450.000,2.625,14.331600,100.734000,51.500200,0.713565,18.000000,96.957413,-0.00083374,0.03709961,-0.080837,5.249800,4.837500,3.597082,3.629843,25.147051,0.03793335,3.677920,,CO2 below target; MFC adding CO2
2026-05-06 13:02:55,6005.0,447.535,447.407,450.000,2.593,14.337700,100.732000,51.500200,0.714645,18.000000,96.955488,-0.00142548,0.04016808,-0.138208,5.185300,5.237500,3.894515,3.941639,25.189802,0.04159356,4.032724,,CO2 below target; MFC adding CO2
2026-05-06 13:03:06,6016.0,447.163,447.426,450.000,2.574,14.331600,100.733000,51.510100,0.717004,18.000000,96.956451,-0.00445906,0.03983215,-0.432335,5.147300,5.193750,3.861984,3.882137,25.232253,0.04429121,4.294319,,CO2 below target; MFC adding CO2
2026-05-06 13:03:17,6027.0,447.191,447.362,450.000,2.638,14.326400,100.733000,51.511800,0.714395,18.000000,96.956451,-0.00299036,0.03954455,-0.289934,5.276200,5.156250,3.834099,3.850030,25.274405,0.04253491,4.124034,,CO2 below target; MFC adding CO2
2026-05-06 13:03:28,6038.0,447.068,447.451,450.000,2.549,14.330300,100.734000,51.506800,0.718106,18.000000,96.957413,0.00190103,0.04035901,0.184319,5.099000,5.262500,3.913105,3.957522,25.317486,0.03845798,3.728786,,CO2 below target; MFC adding CO2
2026-05-06 13:03:39,6049.0,448.373,447.531,450.000,2.469,14.332800,100.734000,51.503500,0.718097,18.000000,96.957413,0.00343482,0.03906483,0.333031,4.937500,5.093750,3.787625,3.823317,25.359315,0.03563001,3.454594,,CO2 below target; MFC adding CO2
2026-05-06 13:03:50,6060.0,447.919,447.529,450.000,2.471,14.328500,100.732000,51.508500,0.720507,18.000000,96.955488,0.00231217,0.10171439,0.224178,4.941400,13.262500,9.861768,10.129555,25.414151,0.09940221,9.637590,,CO2 below target; MFC adding CO2
2026-05-06 13:04:01,6071.0,447.278,447.492,450.000,2.508,14.333800,100.734000,51.506900,0.715759,18.000000,96.957413,0.00212818,0.03757893,0.206343,5.015300,4.900000,3.643556,3.666133,25.448797,0.03545075,3.437213,,CO2 below target; MFC adding CO2
2026-05-06 13:04:12,6082.0,446.849,447.407,450.000,2.593,14.337500,100.734000,51.508500,0.716571,18.000000,96.957413,-0.00263402,0.03844171,-0.255388,5.186900,5.012500,3.727209,3.752022,25.489638,0.04107574,3.982597,,CO2 below target; MFC adding CO2
2026-05-06 13:04:23,6093.0,447.203,447.308,450.000,2.692,14.325800,100.734000,51.508500,0.719153,18.000000,96.957413,-0.00454309,0.03987968,-0.440486,5.384400,5.200000,3.866631,3.809209,25.531893,0.04442277,4.307117,,CO2 below target; MFC adding CO2
2026-05-06 13:04:33,6103.0,447.248,447.348,450.000,2.652,14.361800,100.735000,51.505200,0.721237,18.000000,96.958376,-0.00435710,0.04136517,-0.422457,5.304200,5.393750,4.010700,4.027248,25.571885,0.04572227,4.433157,,CO2 below target; MFC adding CO2
2026-05-06 13:04:44,6114.0,447.505,447.347,450.000,2.653,14.334200,100.733000,51.510200,0.720167,18.000000,96.956451,-0.00405679,0.04074287,-0.393332,5.305200,5.312500,3.950284,3.977799,25.615350,0.04479966,4.343616,,CO2 below target; MFC adding CO2
2026-05-06 13:04:55,6125.0,447.450,447.299,450.000,2.701,14.336900,100.735000,51.505200,0.715903,18.000000,96.958376,-0.00108090,0.04074206,-0.104802,5.401600,5.312500,3.950284,3.979502,25.658798,0.04182296,4.055086,,CO2 below target; MFC adding CO2
2026-05-06 13:05:06,6136.0,447.219,447.349,450.000,2.651,14.342800,100.734000,51.503500,0.714073,18.000000,96.957413,0.00049779,0.04146145,0.048264,5.301700,5.406250,4.019995,4.040194,25.702946,0.04096366,3.971731,,CO2 below target; MFC adding CO2
2026-05-06 13:05:17,6147.0,447.726,447.436,450.000,2.564,14.333700,100.733000,51.505200,0.717288,18.000000,96.956451,0.00232529,0.04055114,0.225451,5.128500,5.287500,3.931694,3.964449,25.746345,0.03822585,3.706243,,CO2 below target; MFC adding CO2
2026-05-06 13:05:28,6158.0,447.501,447.533,450.000,2.467,14.337100,100.736000,51.508500,0.717098,18.000000,96.959338,0.00574672,0.09591065,0.557198,4.933400,12.506250,9.299433,9.665147,25.794246,0.09016394,8.742236,,CO2 below target; MFC adding CO2
2026-05-06 13:05:39,6169.0,446.971,447.512,450.000,2.488,14.343600,100.737000,51.508500,0.716645,18.000000,96.960301,0.00393235,0.03743402,0.381282,4.975200,4.881250,3.629614,3.644120,25.830860,0.03350167,3.248332,,CO2 below target; MFC adding CO2
2026-05-06 13:05:50,6180.0,447.186,447.387,450.000,2.613,14.343200,100.736000,51.513500,0.717292,18.000000,96.959338,-0.00000973,0.03815336,-0.000944,5.226500,4.975000,3.699325,3.723554,25.871417,0.03816310,3.700269,,CO2 below target; MFC adding CO2
2026-05-06 13:06:01,6191.0,447.559,447.345,450.000,2.655,14.338500,100.735000,51.505200,0.715263,18.000000,96.958376,-0.00299479,0.04007102,-0.290370,5.310200,5.225000,3.885221,3.912123,25.914011,0.04306581,4.175591,,CO2 below target; MFC adding CO2
2026-05-06 13:06:12,6202.0,447.690,447.234,450.000,2.766,14.337700,100.735000,51.505200,0.715910,18.000000,96.958376,-0.00741730,0.04074206,-0.719169,5.531100,5.312500,3.950284,3.980005,25.957421,0.04815936,4.669453,,CO2 below target; MFC adding CO2
2026-05-06 13:06:23,6213.0,447.853,447.314,450.000,2.686,14.343000,100.734000,51.508500,0.713910,18.000000,96.957413,-0.00439980,0.04246803,-0.426593,5.372100,5.537500,4.117590,4.154660,26.002556,0.04686783,4.544183,,CO2 below target; MFC adding CO2
2026-05-06 13:06:34,6224.0,447.701,447.435,450.000,2.565,14.337100,100.731000,51.501900,0.720694,18.000000,96.954526,0.00233108,0.04122302,0.226009,5.129400,5.375000,3.996758,4.033190,26.046653,0.03889193,3.770749,,CO2 below target; MFC adding CO2
2026-05-06 13:06:45,6235.0,447.150,447.397,450.000,2.603,14.343600,100.733000,51.511800,0.717700,18.000000,96.956451,0.00285188,0.03935282,0.276508,5.205700,5.131250,3.815510,3.840400,26.088763,0.03650094,3.539002,,CO2 below target; MFC adding CO2
2026-05-06 13:06:56,6246.0,447.609,447.401,450.000,2.599,14.334800,100.735000,51.501900,0.715208,18.000000,96.958376,0.00601731,0.03987929,0.583428,5.198700,5.200000,3.866631,3.902632,26.131307,0.03386198,3.283203,,CO2 below target; MFC adding CO2
2026-05-06 13:07:07,6257.0,447.578,447.576,450.000,2.424,14.331400,100.736000,51.503500,0.718788,18.000000,96.959338,0.00427786,0.01648839,0.414779,4.848900,2.150000,1.598703,1.661163,26.189832,0.01221052,1.183924,,CO2 below target; MFC adding CO2
2026-05-06 13:07:18,6268.0,447.574,447.515,450.000,2.485,14.335300,100.732000,51.500200,0.719977,18.000000,96.955488,0.00042523,0.03714828,0.041228,4.969200,4.843750,3.601730,3.619998,26.223653,0.03672305,3.560501,,CO2 below target; MFC adding CO2
2026-05-06 13:07:29,6279.0,447.632,447.446,450.000,2.554,14.338400,100.735000,51.505200,0.717329,18.000000,96.958376,0.00132450,0.03805788,0.128421,5.108200,4.962500,3.690030,3.730838,26.264194,0.03673338,3.561609,,CO2 below target; MFC adding CO2
2026-05-06 13:07:40,6290.0,447.848,447.515,450.000,2.485,14.336100,100.736000,51.508500,0.717424,18.000000,96.959338,0.00111280,0.03915992,0.107896,4.971000,5.106250,3.796920,3.819482,26.305856,0.03804712,3.689024,,CO2 below target; MFC adding CO2
2026-05-06 13:07:51,6301.0,447.586,447.473,450.000,2.527,14.338100,100.735000,51.498500,0.714389,18.000000,96.958376,-0.00121288,0.03805788,-0.117599,5.053300,4.962500,3.690030,3.725500,26.346588,0.03927075,3.807629,,CO2 below target; MFC adding CO2
2026-05-06 13:08:02,6312.0,447.395,447.378,450.000,2.622,14.332600,100.736000,51.501800,0.716060,18.000000,96.959338,-0.00251929,0.03868061,-0.244269,5.243900,5.043750,3.750446,3.782879,26.387907,0.04119990,3.994715,,CO2 below target; MFC adding CO2
2026-05-06 13:08:13,6323.0,447.693,447.482,450.000,2.518,14.341700,100.739000,51.511800,0.716571,18.000000,96.962226,0.00113001,0.04021321,0.109568,5.036200,5.243750,3.899163,3.924935,26.430723,0.03908320,3.789594,,CO2 below target; MFC adding CO2
2026-05-06 13:08:24,6334.0,447.569,447.419,450.000,2.581,14.338500,100.742000,51.503500,0.717754,18.000000,96.965113,-0.00290899,0.03867830,-0.282071,5.161500,5.043750,3.750446,3.778688,26.472059,0.04158730,4.032517,,CO2 below target; MFC adding CO2
2026-05-06 13:08:35,6345.0,447.662,447.460,450.000,2.540,14.332100,100.737000,51.501800,0.716297,18.000000,96.960301,0.00115334,0.02401337,0.111829,5.079300,3.131250,2.328344,2.376325,26.523815,0.02286003,2.216515,,CO2 below target; MFC adding CO2
2026-05-06 13:08:46,6356.0,447.915,447.508,450.000,2.492,14.335900,100.739000,51.511800,0.717487,18.000000,96.962226,0.00130297,0.03882325,0.126338,4.984300,5.062500,3.764388,3.808413,26.558999,0.03752028,3.638050,,CO2 below target; MFC adding CO2
2026-05-06 13:08:57,6367.0,446.723,447.291,450.000,2.709,14.341300,100.737000,51.495200,0.716661,18.000000,96.960301,-0.00211425,0.03810505,-0.204998,5.417000,4.968750,3.694677,3.734739,26.599753,0.04021930,3.899675,,CO2 below target; MFC adding CO2
2026-05-06 13:09:08,6378.0,447.335,447.279,450.000,2.721,14.342300,100.738000,51.506800,0.718657,18.000000,96.961263,-0.00381500,0.04155566,-0.369908,5.441500,5.418750,4.029290,4.059013,26.643856,0.04537067,4.399197,,CO2 below target; MFC adding CO2
2026-05-06 13:09:19,6389.0,447.498,447.320,450.000,2.680,14.332400,100.739000,51.506800,0.717471,18.000000,96.962226,-0.00396244,0.04174697,-0.384207,5.359700,5.443750,4.047879,4.080936,26.688359,0.04570941,4.432086,,CO2 below target; MFC adding CO2
2026-05-06 13:09:30,6399.9,447.147,447.385,450.000,2.615,14.337100,100.738000,51.505200,0.714170,18.000000,96.961263,-0.00207013,0.04112429,-0.200722,5.229300,5.362500,3.987463,3.954491,26.732212,0.04319442,4.188185,,CO2 below target; MFC adding CO2
2026-05-06 13:09:40,6410.0,447.518,447.462,450.000,2.538,14.329000,100.742000,51.510200,0.716304,18.000000,96.965113,0.00413044,0.04006823,0.400508,5.076800,5.225000,3.885221,3.915486,26.771198,0.03593780,3.484712,,CO2 below target; MFC adding CO2
2026-05-06 13:09:51,6421.0,447.516,447.526,450.000,2.474,14.336000,100.738000,51.505200,0.720993,18.000000,96.961263,0.00516692,0.03906328,0.500991,4.947100,5.093750,3.787625,3.802610,26.812787,0.03389637,3.286634,,CO2 below target; MFC adding CO2
2026-05-06 13:10:02,6432.0,447.973,447.545,450.000,2.455,14.335800,100.740000,51.503500,0.716021,18.000000,96.963188,0.00596538,0.03796013,0.578423,4.910200,4.950000,3.680735,3.698050,26.853348,0.03199475,3.102313,,CO2 below target; MFC adding CO2
2026-05-06 13:10:13,6443.0,447.836,447.552,450.000,2.448,14.333900,100.743000,51.503500,0.718376,18.000000,96.966076,0.00379186,0.03752765,0.367682,4.895000,4.893750,3.638909,3.725610,26.905547,0.03373579,3.271227,,CO2 below target; MFC adding CO2
2026-05-06 13:10:24,6454.0,447.720,447.490,450.000,2.510,14.334500,100.739000,51.505200,0.714610,18.000000,96.962226,0.00032316,0.03728949,0.031334,5.019800,4.862500,3.615672,3.649103,26.935870,0.03696633,3.584337,,CO2 below target; MFC adding CO2
2026-05-06 13:10:35,6465.0,447.677,447.414,450.000,2.586,14.343400,100.737000,51.506800,0.714423,18.000000,96.960301,-0.00337953,0.03844057,-0.327680,5.171700,5.012500,3.727209,3.750796,26.976825,0.04182010,4.054889,,CO2 below target; MFC adding CO2
2026-05-06 13:10:46,6476.0,447.303,447.458,450.000,2.542,14.337700,100.736000,51.501800,0.715971,18.000000,96.959338,-0.00345282,0.03968717,-0.334783,5.083300,5.175000,3.848041,3.870174,27.019035,0.04313999,4.182825,,CO2 below target; MFC adding CO2
2026-05-06 13:10:57,6487.0,447.039,447.419,450.000,2.581,14.342100,100.737000,51.498500,0.716266,18.000000,96.960301,-0.00432203,0.03896781,-0.419065,5.162300,5.081250,3.778331,3.798469,27.060633,0.04328984,4.197396,,CO2 below target; MFC adding CO2
2026-05-06 13:11:08,6498.0,447.705,447.460,450.000,2.540,14.341200,100.738000,51.495200,0.715455,18.000000,96.961263,-0.00073860,0.03968638,-0.071615,5.080800,5.175000,3.848041,3.859245,27.102810,0.04042497,3.919657,,CO2 below target; MFC adding CO2
2026-05-06 13:11:19,6509.0,448.007,447.535,450.000,2.465,14.342900,100.735000,51.510100,0.717465,18.000000,96.958376,0.00296497,0.03892065,0.287479,4.929700,5.075000,3.773683,3.808619,27.144407,0.03595568,3.486204,,CO2 below target; MFC adding CO2
2026-05-06 13:11:30,6520.0,447.324,447.465,450.000,2.535,14.339300,100.736000,51.505200,0.716525,18.000000,96.959338,0.00054800,0.03791371,0.053133,5.069300,4.943750,3.676088,3.689609,27.184824,0.03736571,3.622955,,CO2 below target; MFC adding CO2
2026-05-06 13:11:41,6531.0,448.029,447.549,450.000,2.451,14.344000,100.736000,51.503500,0.717491,18.000000,96.959338,0.00276953,0.00153380,0.268532,4.902300,0.200000,0.148717,0.187545,27.232884,-0.00123573,-0.119815,,CO2 below target; MFC adding CO2
2026-05-06 13:11:52,6542.0,447.178,447.555,450.000,2.445,14.342000,100.737000,51.506800,0.718897,18.000000,96.960301,0.00108951,0.03743402,0.105640,4.890300,4.881250,3.629614,3.659051,27.272269,0.03634451,3.523974,,CO2 below target; MFC adding CO2
2026-05-06 13:12:03,6553.0,447.357,447.411,450.000,2.589,14.340900,100.737000,51.503500,0.718121,18.000000,96.960301,-0.00144709,0.03748195,-0.140311,5.178600,4.887500,3.634261,3.663851,27.312227,0.03892905,3.774572,,CO2 below target; MFC adding CO2
2026-05-06 13:12:14,6564.0,447.242,447.511,450.000,2.489,14.336000,100.737000,51.501900,0.717335,18.000000,96.960301,0.00031467,0.03954298,0.030511,4.978600,5.156250,3.834099,3.874959,27.354462,0.03922831,3.803589,,CO2 below target; MFC adding CO2
2026-05-06 13:12:25,6575.0,447.199,447.502,450.000,2.498,14.338900,100.736000,51.510200,0.713801,18.000000,96.959338,-0.00080634,0.03824923,-0.078182,4.995500,4.987500,3.708620,3.728352,27.395299,0.03905557,3.786802,,CO2 below target; MFC adding CO2
2026-05-06 13:12:36,6586.0,447.197,447.458,450.000,2.542,14.346100,100.732000,51.506800,0.720242,18.000000,96.955488,-0.00196855,0.03825074,-0.190862,5.084000,4.987500,3.708620,3.739957,27.436114,0.04021930,3.899481,,CO2 below target; MFC adding CO2
2026-05-06 13:12:47,6597.0,447.529,447.500,450.000,2.500,14.350200,100.733000,51.503500,0.719127,18.000000,96.956451,0.00043039,0.03887349,0.041729,4.999600,5.068750,3.769036,3.810246,27.477634,0.03844310,3.727307,,CO2 below target; MFC adding CO2
2026-05-06 13:12:58,6608.0,448.001,447.591,450.000,2.409,14.344900,100.733000,51.506800,0.718007,18.000000,96.956451,0.00226553,0.11863365,0.219658,4.818900,15.468750,11.502298,11.697667,27.526507,0.11636812,11.282640,,CO2 below target; MFC adding CO2
2026-05-06 13:13:09,6619.0,447.484,447.611,450.000,2.389,14.339700,100.736000,51.505200,0.716320,18.000000,96.959338,0.00313494,0.03676335,0.303961,4.777500,4.793750,3.564550,3.590429,27.561711,0.03362842,3.260589,,CO2 below target; MFC adding CO2
2026-05-06 13:13:20,6630.0,447.371,447.473,450.000,2.527,14.338100,100.733000,51.498500,0.718109,18.000000,96.956451,0.00066976,0.03662065,0.064938,5.054100,4.775000,3.550608,3.579666,27.600725,0.03595089,3.485671,,CO2 below target; MFC adding CO2
2026-05-06 13:13:31,6641.0,447.334,447.407,450.000,2.593,14.341000,100.734000,51.501800,0.718433,18.000000,96.957413,-0.00322284,0.03872931,-0.312479,5.185100,5.050000,3.755094,3.781492,27.641939,0.04195215,4.067572,,CO2 below target; MFC adding CO2
2026-05-06 13:13:42,6652.0,447.144,447.398,450.000,2.602,14.340800,100.736000,51.503500,0.717813,18.000000,96.959338,-0.00362225,0.03983096,-0.351211,5.203000,5.193750,3.861984,3.895155,27.684284,0.04345321,4.213195,,CO2 below target; MFC adding CO2
2026-05-06 13:13:53,6663.0,447.357,447.490,450.000,2.510,14.335700,100.735000,51.500200,0.717809,18.000000,96.958376,-0.00141061,0.03992722,-0.136770,5.019600,5.206250,3.871278,3.911376,27.726842,0.04133783,4.008049,,CO2 below target; MFC adding CO2
2026-05-06 13:14:04,6674.0,447.420,447.507,450.000,2.493,14.345300,100.736000,51.501900,0.716249,18.000000,96.959338,0.00135409,0.03848888,0.131292,4.986500,5.018750,3.731857,3.756096,27.767977,0.03713479,3.600565,,CO2 below target; MFC adding CO2
2026-05-06 13:14:15,6685.0,447.931,447.480,450.000,2.520,14.341200,100.738000,51.503500,0.716197,18.000000,96.961263,0.00195334,0.03829640,0.189398,5.039400,4.993750,3.713267,3.737418,27.808783,0.03634306,3.523869,,CO2 below target; MFC adding CO2
2026-05-06 13:14:26,6696.0,447.392,447.573,450.000,2.427,14.341200,100.737000,51.503500,0.715514,18.000000,96.960301,0.00317406,0.03705057,0.307758,4.854800,4.831250,3.592435,3.620912,27.856934,0.03387652,3.284677,,CO2 below target; MFC adding CO2
2026-05-06 13:14:37,6707.0,447.677,447.523,450.000,2.477,14.342400,100.731000,51.513500,0.716424,18.000000,96.954526,0.00109856,0.03719658,0.106511,4.953800,4.850000,3.606377,3.638786,27.896445,0.03609802,3.499866,,CO2 below target; MFC adding CO2
2026-05-06 13:14:48,6717.9,447.674,447.527,450.000,2.473,14.342500,100.733000,51.510200,0.713087,18.000000,96.956451,-0.00029115,0.03801070,-0.028229,4.946700,4.956250,3.685383,3.647398,27.936856,0.03830185,3.713612,,CO2 below target; MFC adding CO2
2026-05-06 13:14:58,6727.9,447.479,447.496,450.000,2.504,14.336000,100.737000,51.510200,0.717413,18.000000,96.960301,-0.00184753,0.03781747,-0.179137,5.007600,4.931250,3.666793,3.695904,27.973641,0.03966500,3.845930,,CO2 below target; MFC adding CO2
2026-05-06 13:15:09,6738.9,447.652,447.484,450.000,2.516,14.340100,100.736000,51.506800,0.715192,18.000000,96.959338,-0.00141088,0.03834509,-0.136798,5.032700,5.000000,3.717914,3.741337,28.014562,0.03975596,3.854712,,CO2 below target; MFC adding CO2
2026-05-06 13:15:20,6749.9,447.725,447.600,450.000,2.400,14.338600,100.735000,51.505200,0.718840,18.000000,96.958376,0.00074521,0.03858513,0.072254,4.799300,5.031250,3.741151,3.771570,28.055724,0.03783992,3.668897,,CO2 below target; MFC adding CO2
2026-05-06 13:15:31,6760.9,447.447,447.538,450.000,2.462,14.335400,100.735000,51.503500,0.715464,18.000000,96.958376,0.00014230,0.03685958,0.013797,4.923500,4.806250,3.573845,3.593598,28.095092,0.03671728,3.560048,,CO2 below target; MFC adding CO2
2026-05-06 13:15:42,6771.9,447.268,447.511,450.000,2.489,14.340500,100.733000,51.506800,0.715550,18.000000,96.956451,0.00122832,0.03772310,0.119094,4.978600,4.918750,3.657498,3.696577,28.135318,0.03649478,3.538405,,CO2 below target; MFC adding CO2
2026-05-06 13:15:53,6782.9,447.840,447.470,450.000,2.530,14.331500,100.732000,51.501900,0.716107,18.000000,96.955488,-0.00037263,0.03489542,-0.036128,5.060400,4.550000,3.383302,3.520831,28.191061,0.03526804,3.419430,,CO2 below target; MFC adding CO2
2026-05-06 13:16:04,6793.9,447.440,447.515,450.000,2.485,14.341600,100.732000,51.506900,0.717977,18.000000,96.955488,-0.00272159,0.03868214,-0.263873,4.970900,5.043750,3.750446,3.780110,28.222348,0.04140373,4.014319,,CO2 below target; MFC adding CO2
2026-05-06 13:16:15,6804.9,446.912,447.325,450.000,2.675,14.341100,100.731000,51.503500,0.718442,18.000000,96.954526,-0.00522051,0.03810732,-0.506152,5.349100,4.968750,3.694677,3.724402,28.263003,0.04332783,4.200829,,CO2 below target; MFC adding CO2
2026-05-06 13:16:26,6815.9,446.728,447.303,450.000,2.697,14.337100,100.732000,51.500200,0.716023,18.000000,96.955488,-0.00641011,0.04098294,-0.621495,5.393100,5.343750,3.973521,4.009474,28.306594,0.04739305,4.595016,,CO2 below target; MFC adding CO2
2026-05-06 13:16:37,6826.9,447.158,447.335,450.000,2.665,14.331000,100.731000,51.510200,0.719293,18.000000,96.954526,-0.00259055,0.04131888,-0.251165,5.329100,5.387500,4.006053,4.045912,28.350697,0.04390943,4.257218,,CO2 below target; MFC adding CO2
2026-05-06 13:16:48,6837.9,447.581,447.427,450.000,2.573,14.337200,100.734000,51.501900,0.716271,18.000000,96.957413,-0.00050058,0.04088626,-0.048534,5.146000,5.331250,3.964226,3.990737,28.394326,0.04138684,4.012761,,CO2 below target; MFC adding CO2
2026-05-06 13:16:59,6848.9,447.715,447.532,450.000,2.468,14.333000,100.733000,51.508500,0.719580,18.000000,96.956451,0.00586984,0.03944868,0.569119,4.935900,5.143750,3.824804,3.848542,28.436518,0.03357884,3.255685,,CO2 below target; MFC adding CO2
2026-05-06 13:17:10,6859.9,447.277,447.527,450.000,2.473,14.346100,100.734000,51.506800,0.719523,18.000000,96.957413,0.00559344,0.03791446,0.542326,4.946100,4.943750,3.676088,3.708438,28.477010,0.03232102,3.133762,,CO2 below target; MFC adding CO2
2026-05-06 13:17:21,6870.9,447.920,447.602,450.000,2.398,14.337400,100.736000,51.501800,0.717670,18.000000,96.959338,0.00597641,0.00311554,0.579469,4.795600,0.406250,0.302081,0.299660,28.519246,-0.00286087,-0.277389,,CO2 below target; MFC adding CO2
2026-05-06 13:17:32,6881.9,447.561,447.573,450.000,2.427,14.342600,100.733000,51.508500,0.717781,18.000000,96.956451,0.00140499,0.03681238,0.136223,4.854600,4.800000,3.569198,3.584340,28.557939,0.03540739,3.432975,,CO2 below target; MFC adding CO2
2026-05-06 13:17:43,6892.9,447.756,447.396,450.000,2.604,14.340200,100.734000,51.498500,0.719229,18.000000,96.957413,-0.00382304,0.03714754,-0.370672,5.208900,4.843750,3.601730,3.628416,28.597598,0.04097059,3.972402,,CO2 below target; MFC adding CO2
2026-05-06 13:17:54,6903.9,447.232,447.415,450.000,2.585,14.337700,100.735000,51.503500,0.715238,18.000000,96.958376,-0.00347509,0.04002308,-0.336939,5.169600,5.218750,3.880573,3.909854,28.640019,0.04349818,4.217512,,CO2 below target; MFC adding CO2
2026-05-06 13:18:05,6914.9,447.990,447.432,450.000,2.568,14.348300,100.735000,51.498500,0.715185,18.000000,96.958376,-0.00228096,0.03959170,-0.221158,5.135800,5.162500,3.838747,3.871396,28.682299,0.04187265,4.059905,,CO2 below target; MFC adding CO2
2026-05-06 13:18:16,6925.9,447.418,447.566,450.000,2.434,14.343200,100.731000,51.511800,0.720622,18.000000,96.954526,0.00201991,0.03935360,0.195839,4.867900,5.131250,3.815510,3.848771,28.724309,0.03733369,3.619671,,CO2 below target; MFC adding CO2
2026-05-06 13:18:27,6936.9,447.710,447.589,450.000,2.411,14.343200,100.732000,51.506900,0.714499,18.000000,96.955488,0.00618205,0.03734001,0.599384,4.821500,4.868750,3.620319,3.640330,28.764218,0.03115796,3.020936,,CO2 below target; MFC adding CO2
2026-05-06 13:18:38,6947.9,447.358,447.613,450.000,2.387,14.331300,100.734000,51.500200,0.714184,18.000000,96.957413,0.00457467,0.03695581,0.443548,4.775000,4.818750,3.583140,3.612705,28.803669,0.03238114,3.139592,,CO2 below target; MFC adding CO2
2026-05-06 13:18:49,6958.9,447.616,447.662,450.000,2.338,14.339800,100.733000,51.506800,0.715507,18.000000,96.956451,0.00541556,0.03455954,0.525074,4.676800,4.506250,3.350770,3.380911,28.843716,0.02914398,2.825697,,CO2 below target; MFC adding CO2
2026-05-06 13:19:00,6969.9,447.366,447.653,450.000,2.347,14.335500,100.730000,51.500200,0.717680,18.000000,96.953563,0.00073812,0.03590273,0.071564,4.694100,4.681250,3.480897,3.503419,28.881723,0.03516461,3.409334,,CO2 below target; MFC adding CO2
2026-05-06 13:19:11,6980.9,447.379,447.594,450.000,2.406,14.349100,100.729000,51.510200,0.716900,18.000000,96.952601,-0.00005207,0.03604689,-0.005048,4.811300,4.700000,3.494840,3.511577,28.920068,0.03609896,3.499888,,CO2 below target; MFC adding CO2
2026-05-06 13:19:22,6991.9,447.634,447.498,450.000,2.502,14.345100,100.734000,51.505200,0.720263,18.000000,96.957413,-0.00408010,0.03695581,-0.395596,5.004000,4.818750,3.583140,3.610253,28.959342,0.04103592,3.978736,,CO2 below target; MFC adding CO2
2026-05-06 13:19:33,7002.9,447.594,447.461,450.000,2.539,14.345300,100.734000,51.506800,0.716386,18.000000,96.957413,-0.00444110,0.03834585,-0.430598,5.078000,5.000000,3.717914,3.734756,29.000132,0.04278695,4.148512,,CO2 below target; MFC adding CO2
2026-05-06 13:19:44,7013.9,447.399,447.468,450.000,2.532,14.342000,100.734000,51.501800,0.715447,18.000000,96.957413,-0.00437338,0.03896897,-0.424031,5.063900,5.081250,3.778331,3.811670,29.041652,0.04334235,4.202362,,CO2 below target; MFC adding CO2
2026-05-06 13:19:55,7024.9,447.135,447.539,450.000,2.461,14.348600,100.735000,51.503500,0.715058,18.000000,96.958376,-0.00060843,0.03877686,-0.058992,4.921600,5.056250,3.759741,3.801628,29.083051,0.03938528,3.818733,,CO2 below target; MFC adding CO2
2026-05-06 13:20:06,7035.9,447.414,447.530,450.000,2.470,14.345700,100.731000,51.501800,0.717888,18.000000,96.954526,0.00021469,0.03781972,0.020816,4.939300,4.931250,3.666793,3.688139,29.123400,0.03760503,3.645978,,CO2 below target; MFC adding CO2
2026-05-06 13:20:17,7046.9,447.375,447.571,450.000,2.429,14.345700,100.733000,51.500200,0.717394,18.000000,96.956451,0.00329780,0.03729171,0.319743,4.858400,4.862500,3.615672,3.637397,29.165056,0.03399391,3.295929,,CO2 below target; MFC adding CO2
2026-05-06 13:20:28,7057.9,447.083,447.584,450.000,2.416,14.344500,100.734000,51.505200,0.718196,18.000000,96.957413,0.00070379,0.03729134,0.068238,4.832600,4.862500,3.615672,3.631330,29.204681,0.03658755,3.547434,,CO2 below target; MFC adding CO2
2026-05-06 13:20:39,7068.9,447.208,447.444,450.000,2.556,14.342200,100.736000,51.508500,0.715920,18.000000,96.959338,-0.00340850,0.03709887,-0.330486,5.112000,4.837500,3.597082,3.628690,29.244209,0.04050737,3.927568,,CO2 below target; MFC adding CO2
2026-05-06 13:20:50,7079.9,447.216,447.459,450.000,2.541,14.340900,100.737000,51.503500,0.714860,18.000000,96.960301,-0.00125944,0.03925539,-0.122116,5.081500,5.118750,3.806215,3.832422,29.285881,0.04051484,3.928331,,CO2 below target; MFC adding CO2
2026-05-06 13:21:01,7090.9,447.523,447.406,450.000,2.594,14.341200,100.733000,51.511800,0.717536,18.000000,96.956451,-0.00416772,0.03892142,-0.404088,5.187200,5.075000,3.773683,3.803231,29.327460,0.04308915,4.177771,,CO2 below target; MFC adding CO2
2026-05-06 13:21:12,7101.9,447.743,447.553,450.000,2.447,14.346700,100.737000,51.505200,0.717362,18.000000,96.960301,0.00126292,0.03978263,0.122453,4.893900,5.187500,3.857336,3.872979,29.369843,0.03851972,3.734883,,CO2 below target; MFC adding CO2
2026-05-06 13:21:23,7112.9,447.293,447.587,450.000,2.413,14.343500,100.735000,51.503500,0.716062,18.000000,96.958376,0.00261633,0.03753063,0.253675,4.826400,4.893750,3.638909,3.665511,29.409985,0.03491430,3.385234,,CO2 below target; MFC adding CO2
2026-05-06 13:21:34,7123.9,448.070,447.619,450.000,2.381,14.373200,100.733000,51.503500,0.716750,18.000000,96.956451,0.00578744,0.09361273,0.561130,4.762900,12.206250,9.076359,9.005650,29.465170,0.08782529,8.515229,,CO2 below target; MFC adding CO2
2026-05-06 13:21:45,7134.9,447.250,447.625,450.000,2.375,14.344200,100.737000,51.501800,0.713799,18.000000,96.960301,0.00199208,0.03637954,0.193153,4.749500,4.743750,3.527371,3.557148,29.497491,0.03438746,3.334219,,CO2 below target; MFC adding CO2
2026-05-06 13:21:56,7145.9,447.276,447.374,450.000,2.626,14.347900,100.738000,51.506800,0.719330,18.000000,96.961263,-0.00519771,0.03642711,-0.503977,5.252900,4.750000,3.532019,3.566117,29.536312,0.04162482,4.035995,,CO2 below target; MFC adding CO2
2026-05-06 13:22:07,7156.9,446.982,447.229,450.000,2.771,14.343600,100.735000,51.508500,0.718013,18.000000,96.958376,-0.00908847,0.04031067,-0.881203,5.542600,5.256250,3.908458,3.939043,29.578978,0.04939914,4.789661,,CO2 below target; MFC adding CO2
2026-05-06 13:22:18,7167.9,447.413,447.377,450.000,2.623,14.346400,100.737000,51.505200,0.717421,18.000000,96.960301,-0.00457630,0.04246676,-0.443720,5.246800,5.537500,4.117590,4.155470,29.624194,0.04704307,4.561310,,CO2 below target; MFC adding CO2
2026-05-06 13:22:29,7178.9,447.630,447.546,450.000,2.454,14.342400,100.737000,51.511800,0.718833,18.000000,96.960301,-0.00234745,0.04021401,-0.227609,4.908600,5.243750,3.899163,3.927376,29.667232,0.04256146,4.126772,,CO2 below target; MFC adding CO2
2026-05-06 13:22:40,7189.9,447.414,447.467,450.000,2.533,14.345600,100.733000,51.508500,0.718774,18.000000,96.956451,0.00283778,0.03757931,0.275141,5.065700,4.900000,3.643556,3.668182,29.707527,0.03474152,3.368415,,CO2 below target; MFC adding CO2
2026-05-06 13:22:51,7200.9,447.817,447.475,450.000,2.525,14.341200,100.736000,51.503500,0.716131,18.000000,96.959338,0.00538108,0.03877647,0.521746,5.050500,5.056250,3.759741,3.725889,29.748804,0.03339539,3.237995,,CO2 below target; MFC adding CO2
2026-05-06 13:23:01,7210.9,447.857,447.648,450.000,2.352,14.348100,100.736000,51.503500,0.717358,18.000000,96.959338,0.00529330,0.01581735,0.513234,4.703500,2.062500,1.533640,1.584390,29.795363,0.01052405,1.020405,,CO2 below target; MFC adding CO2
2026-05-06 13:23:12,7221.9,447.438,447.587,450.000,2.413,14.343900,100.734000,51.500200,0.713321,18.000000,96.957413,0.00151232,0.03614096,0.146631,4.825600,4.712500,3.504134,3.519473,29.827319,0.03462864,3.357504,,CO2 below target; MFC adding CO2
2026-05-06 13:23:23,7232.9,447.186,447.477,450.000,2.523,14.353000,100.732000,51.510200,0.719130,18.000000,96.955488,0.00122348,0.03695655,0.118623,5.045200,4.818750,3.583140,3.615719,29.866699,0.03573307,3.464517,,CO2 below target; MFC adding CO2
2026-05-06 13:23:34,7243.9,447.351,447.373,450.000,2.627,14.347200,100.734000,51.511800,0.718718,18.000000,96.957413,-0.00400706,0.03868138,-0.388514,5.253700,5.043750,3.750446,3.774317,29.907850,0.04268844,4.138960,,CO2 below target; MFC adding CO2
2026-05-06 13:23:45,7254.9,447.457,447.365,450.000,2.635,14.354700,100.733000,51.510200,0.716141,18.000000,96.956451,-0.00774946,0.04021561,-0.751360,5.269500,5.243750,3.899163,3.932152,29.950711,0.04796507,4.650523,,CO2 below target; MFC adding CO2
2026-05-06 13:23:56,7265.9,447.374,447.440,450.000,2.560,14.335700,100.734000,51.500200,0.715183,18.000000,96.957413,-0.00274486,0.04045487,-0.266135,5.119200,5.275000,3.922400,3.955456,29.993839,0.04319974,4.188535,,CO2 below target; MFC adding CO2
2026-05-06 13:24:07,7276.9,447.336,447.553,450.000,2.447,14.372200,100.738000,51.508500,0.713258,18.000000,96.961263,0.00315430,0.03930294,0.305845,4.893200,5.125000,3.810862,3.828584,30.035795,0.03614863,3.505017,,CO2 below target; MFC adding CO2
2026-05-06 13:24:18,7287.9,447.377,447.599,450.000,2.401,14.345300,100.737000,51.500200,0.716575,18.000000,96.960301,0.00617406,0.03752988,0.598639,4.802200,4.893750,3.638909,3.665439,30.075933,0.03135582,3.040270,,CO2 below target; MFC adding CO2
2026-05-06 13:24:29,7298.9,447.863,447.672,450.000,2.328,14.344200,100.740000,51.506800,0.717506,18.000000,96.963188,0.00843886,0.00191718,0.818259,4.656400,0.250000,0.185896,0.257705,30.127152,-0.00652168,-0.632363,,CO2 below target; MFC adding CO2
2026-05-06 13:24:40,7309.9,447.562,447.755,450.000,2.245,14.346900,100.736000,51.501800,0.713632,18.000000,96.959338,0.00660747,0.03566093,0.640656,4.490000,4.650000,3.457660,3.479341,30.163003,0.02905346,2.817004,,CO2 below target; MFC adding CO2
2026-05-06 13:24:51,7320.9,447.291,447.672,450.000,2.328,14.349100,100.738000,51.505200,0.718284,18.000000,96.961263,0.00124492,0.03441403,0.120709,4.656100,4.487500,3.336828,3.354107,30.199774,0.03316912,3.216119,,CO2 below target; MFC adding CO2
2026-05-06 13:25:02,7331.9,447.536,447.575,450.000,2.425,14.348100,100.741000,51.506800,0.715832,18.000000,96.964151,-0.00213917,0.03570709,-0.207423,4.850500,4.656250,3.462308,3.484916,30.237784,0.03784626,3.669731,,CO2 below target; MFC adding CO2
2026-05-06 13:25:13,7342.9,447.226,447.443,450.000,2.557,14.352100,100.739000,51.503500,0.714599,18.000000,96.962226,-0.00690943,0.03719363,-0.669953,5.113700,4.850000,3.606377,3.620285,30.277367,0.04410305,4.276330,,CO2 below target; MFC adding CO2
2026-05-06 13:25:24,7353.9,447.372,447.441,450.000,2.559,14.343600,100.738000,51.503500,0.718825,18.000000,96.961263,-0.00662314,0.03915914,-0.642188,5.117700,5.106250,3.796920,3.839672,30.319096,0.04578229,4.439108,,CO2 below target; MFC adding CO2
2026-05-06 13:25:35,7364.9,447.869,447.492,450.000,2.508,14.347600,100.735000,51.506800,0.721123,18.000000,96.958376,-0.00447120,0.03920824,-0.433520,5.015800,5.112500,3.801567,3.822918,30.360987,0.04367944,4.235088,,CO2 below target; MFC adding CO2
2026-05-06 13:25:46,7375.9,447.759,447.587,450.000,2.413,14.346700,100.739000,51.500200,0.718013,18.000000,96.962226,0.00161685,0.03843981,0.156773,4.826100,5.012500,3.727209,3.762117,30.402105,0.03682296,3.570436,,CO2 below target; MFC adding CO2
2026-05-06 13:25:57,7386.9,447.465,447.724,450.000,2.276,14.347200,100.740000,51.506800,0.719092,18.000000,96.963188,0.00553449,0.00230061,0.536641,4.551200,0.300000,0.223075,0.266712,30.446411,-0.00323387,-0.313567,,CO2 below target; MFC adding CO2
2026-05-06 13:26:08,7397.9,447.331,447.547,450.000,2.453,14.348600,100.739000,51.498500,0.718420,18.000000,96.962226,0.00319794,0.03484506,0.310079,4.905900,4.543750,3.378655,3.411038,30.482994,0.03164712,3.068575,,CO2 below target; MFC adding CO2
2026-05-06 13:26:19,7408.9,447.781,447.554,450.000,2.446,14.347500,100.740000,51.505200,0.716768,18.000000,96.963188,0.00161498,0.03781634,0.156593,4.892300,4.931250,3.666793,3.679887,30.522912,0.03620137,3.510200,,CO2 below target; MFC adding CO2
2026-05-06 13:26:30,7419.9,447.669,447.511,450.000,2.489,14.345500,100.736000,51.505200,0.716234,18.000000,96.959338,-0.00220707,0.03753026,-0.213996,4.978000,4.893750,3.638909,3.607478,30.562861,0.03973732,3.852905,,CO2 below target; MFC adding CO2
2026-05-06 13:26:40,7429.9,447.371,447.521,450.000,2.479,14.358100,100.738000,51.501900,0.716147,18.000000,96.961263,-0.00321942,0.03815261,-0.312159,4.957700,4.975000,3.699325,3.734339,30.599850,0.04137202,4.011484,,CO2 below target; MFC adding CO2
2026-05-06 13:26:51,7440.9,447.467,447.563,450.000,2.437,14.340100,100.735000,51.508500,0.716862,18.000000,96.958376,-0.00076776,0.03805788,-0.074441,4.874300,4.962500,3.690030,3.719232,30.640390,0.03882564,3.764471,,CO2 below target; MFC adding CO2
2026-05-06 13:27:02,7451.9,447.393,447.521,450.000,2.479,14.337000,100.739000,51.505200,0.717406,18.000000,96.962226,-0.00018375,0.03738535,-0.017817,4.957500,4.875000,3.624967,3.659754,30.680299,0.03756910,3.642783,,CO2 below target; MFC adding CO2
2026-05-06 13:27:13,7462.9,447.689,447.636,450.000,2.364,14.343700,100.737000,51.505200,0.716966,18.000000,96.960301,0.00291283,0.03805712,0.282429,4.727800,4.962500,3.690030,3.716812,30.720808,0.03514430,3.407601,,CO2 below target; MFC adding CO2
2026-05-06 13:27:24,7473.9,447.670,447.729,450.000,2.271,14.348300,100.737000,51.506800,0.719050,18.000000,96.960301,0.00436426,0.00210896,0.423160,4.541600,0.275000,0.204485,0.234066,30.767001,-0.00225530,-0.218674,,CO2 below target; MFC adding CO2
2026-05-06 13:27:35,7484.9,447.606,447.563,450.000,2.437,14.344400,100.740000,51.503500,0.718686,18.000000,96.963188,-0.00068414,0.03470093,-0.066337,4.874900,4.525000,3.364713,3.403265,30.803317,0.03538507,3.431049,,CO2 below target; MFC adding CO2
2026-05-06 13:27:46,7495.9,447.897,447.516,450.000,2.484,14.340400,100.740000,51.503500,0.715519,18.000000,96.963188,-0.00074613,0.03733705,-0.072347,4.967600,4.868750,3.620319,3.656107,30.843010,0.03808318,3.692666,,CO2 below target; MFC adding CO2
2026-05-06 13:27:57,7506.9,447.588,447.518,450.000,2.482,14.349500,100.740000,51.511800,0.717058,18.000000,96.963188,-0.00332954,0.03815185,-0.322843,4.964100,4.975000,3.699325,3.721374,30.883616,0.04148139,4.022168,,CO2 below target; MFC adding CO2
2026-05-06 13:28:08,7517.9,447.406,447.472,450.000,2.528,14.353400,100.743000,51.501800,0.717617,18.000000,96.966076,-0.00406926,0.03815071,-0.394580,5.055200,4.975000,3.699325,3.709354,30.924214,0.04221997,4.093905,,CO2 below target; MFC adding CO2
2026-05-06 13:28:19,7528.9,447.798,447.572,450.000,2.428,14.340700,100.739000,51.501800,0.718148,18.000000,96.962226,0.00128088,0.03863153,0.124197,4.855500,5.037500,3.745799,3.798318,30.965537,0.03735065,3.621602,,CO2 below target; MFC adding CO2
2026-05-06 13:28:30,7539.9,447.416,447.577,450.000,2.423,14.341500,100.737000,51.496900,0.715920,18.000000,96.960301,0.00301076,0.03724230,0.291924,4.846300,4.856250,3.611024,3.631993,31.005386,0.03423154,3.319100,,CO2 below target; MFC adding CO2
2026-05-06 13:28:41,7550.9,447.876,447.606,450.000,2.394,14.342800,100.736000,51.503500,0.715980,18.000000,96.959338,0.00360809,0.03709887,0.349838,4.787900,4.837500,3.597082,3.626040,31.045036,0.03349079,3.247244,,CO2 below target; MFC adding CO2
2026-05-06 13:28:52,7561.9,447.116,447.597,450.000,2.403,14.350900,100.740000,51.501800,0.716426,18.000000,96.963188,0.00034925,0.03067485,0.033864,4.806300,4.000000,2.974332,2.936121,31.090091,0.03032561,2.940467,,CO2 below target; MFC adding CO2
2026-05-06 13:29:03,7572.9,447.522,447.367,450.000,2.633,14.346000,100.735000,51.501800,0.718562,18.000000,96.958376,-0.00509453,0.03671579,-0.493958,5.265500,4.787500,3.559903,3.595817,31.129079,0.04181032,4.053861,,CO2 below target; MFC adding CO2
2026-05-06 13:29:14,7583.9,446.956,447.400,450.000,2.600,14.361500,100.740000,51.505200,0.717829,18.000000,96.963188,-0.00560612,0.04035660,-0.543588,5.199300,5.262500,3.913105,3.946833,31.171911,0.04596273,4.456692,,CO2 below target; MFC adding CO2
2026-05-06 13:29:25,7594.9,447.611,447.399,450.000,2.601,14.350400,100.738000,51.513500,0.718042,18.000000,96.961263,-0.00644619,0.03983017,-0.625031,5.201500,5.193750,3.861984,3.883535,31.214417,0.04627636,4.487014,,CO2 below target; MFC adding CO2
2026-05-06 13:29:36,7605.9,447.432,447.384,450.000,2.616,14.349100,100.739000,51.508500,0.716269,18.000000,96.962226,-0.00345059,0.03992563,-0.334577,5.232800,5.206250,3.871278,3.887650,31.256963,0.04337623,4.205856,,CO2 below target; MFC adding CO2
2026-05-06 13:29:47,7616.9,447.562,447.487,450.000,2.513,14.346700,100.738000,51.506800,0.715903,18.000000,96.961263,0.00305797,0.04011775,0.296505,5.026000,5.231250,3.889868,3.916181,31.299732,0.03705978,3.593363,,CO2 below target; MFC adding CO2
2026-05-06 13:29:58,7627.9,447.527,447.556,450.000,2.444,14.346200,100.741000,51.503500,0.713116,18.000000,96.964151,0.00465062,0.03848697,0.450943,4.889000,5.018750,3.731857,3.775266,31.340944,0.03383635,3.280913,,CO2 below target; MFC adding CO2
2026-05-06 13:30:09,7638.9,447.928,447.617,450.000,2.383,14.351400,100.740000,51.511800,0.715894,18.000000,96.963188,0.00515386,0.03738498,0.499734,4.766100,4.875000,3.624967,3.654610,31.381020,0.03223112,3.125232,,CO2 below target; MFC adding CO2
2026-05-06 13:30:20,7649.9,447.529,447.668,450.000,2.332,14.347600,100.741000,51.505200,0.714448,18.000000,96.964151,0.00619071,0.03594674,0.600277,4.664300,4.687500,3.485545,3.506038,31.421428,0.02975602,2.885267,,CO2 below target; MFC adding CO2
2026-05-06 13:30:31,7660.9,447.739,447.567,450.000,2.433,14.344600,100.740000,51.508500,0.717168,18.000000,96.963188,0.00159100,0.03580330,0.154268,4.865900,4.668750,3.471603,3.485793,31.459461,0.03421230,3.317334,,CO2 below target; MFC adding CO2
2026-05-06 13:30:42,7671.9,447.534,447.536,450.000,2.464,14.345900,100.739000,51.503500,0.719345,18.000000,96.962226,-0.00072672,0.03733742,-0.070464,4.928800,4.868750,3.620319,3.585704,31.499125,0.03806413,3.690783,,CO2 below target; MFC adding CO2
2026-05-06 13:30:52,7681.9,448.439,447.642,450.000,2.358,14.338800,100.737000,51.498500,0.718012,18.000000,96.960301,0.00072577,0.03781747,0.070370,4.716400,4.931250,3.666793,3.695423,31.535809,0.03709170,3.596423,,CO2 below target; MFC adding CO2
2026-05-06 13:31:02,7691.9,447.171,447.615,450.000,2.385,14.338800,100.742000,51.501800,0.706426,18.000000,96.965113,-0.00115551,0.03628188,-0.112044,4.769300,4.731250,3.518076,3.536891,31.571029,0.03743739,3.630121,,CO2 below target; MFC adding CO2
2026-05-06 13:31:13,7702.9,447.906,447.511,450.000,2.489,14.343100,100.739000,51.511800,0.720570,18.000000,96.962226,0.00042250,0.03642675,0.040967,4.977000,4.750000,3.532019,3.519820,31.609929,0.03600425,3.491052,,CO2 below target; MFC adding CO2
2026-05-06 13:31:23,7712.9,447.498,447.577,450.000,2.423,14.345600,100.742000,51.506800,0.720535,18.000000,96.965113,0.00028138,0.03819902,0.027284,4.845100,4.981250,3.703972,3.719616,31.646871,0.03791764,3.676688,,CO2 below target; MFC adding CO2
2026-05-06 13:31:34,7723.9,447.975,447.593,450.000,2.407,14.336900,100.745000,51.510200,0.718146,18.000000,96.968001,0.00077856,0.03704763,0.075495,4.813400,4.831250,3.592435,3.624471,31.686559,0.03626907,3.516940,,CO2 below target; MFC adding CO2
2026-05-06 13:31:45,7734.9,447.169,447.599,450.000,2.401,14.351000,100.742000,51.500200,0.714952,18.000000,96.965113,-0.00036219,0.00273192,-0.035120,4.801400,0.356250,0.264901,0.303853,31.737036,0.00309412,0.300021,,CO2 below target; MFC adding CO2
2026-05-06 13:31:56,7745.9,448.078,447.491,450.000,2.509,14.346300,100.740000,51.508500,0.716913,18.000000,96.963188,0.00003995,0.03676189,0.003874,5.018300,4.793750,3.564550,3.588638,31.773937,0.03672195,3.560677,,CO2 below target; MFC adding CO2
2026-05-06 13:32:07,7756.9,447.538,447.420,450.000,2.580,14.340500,100.743000,51.496900,0.714182,18.000000,96.966076,-0.00356945,0.03843828,-0.346116,5.159500,5.012500,3.727209,3.766819,31.814861,0.04200773,4.073325,,CO2 below target; MFC adding CO2
2026-05-06 13:32:18,7767.9,447.162,447.421,450.000,2.579,14.343000,100.742000,51.498500,0.716672,18.000000,96.965113,-0.00427204,0.03963687,-0.414239,5.158800,5.168750,3.843394,3.871616,31.857047,0.04390892,4.257633,,CO2 below target; MFC adding CO2
2026-05-06 13:32:29,7778.9,447.283,447.426,450.000,2.574,14.337900,100.738000,51.503500,0.719257,18.000000,96.961263,-0.00389450,0.03954259,-0.377616,5.147600,5.156250,3.834099,3.868845,31.899227,0.04343709,4.211715,,CO2 below target; MFC adding CO2
2026-05-06 13:32:40,7789.9,447.267,447.421,450.000,2.579,14.344800,100.739000,51.505200,0.716137,18.000000,96.962226,-0.00112703,0.03954219,-0.109279,5.157200,5.156250,3.834099,3.857609,31.941377,0.04066922,3.943378,,CO2 below target; MFC adding CO2
2026-05-06 13:32:51,7800.9,447.504,447.452,450.000,2.548,14.348000,100.740000,51.505200,0.719313,18.000000,96.963188,-0.00052280,0.03958973,-0.050692,5.095400,5.162500,3.838747,3.867045,31.983537,0.04011253,3.889439,,CO2 below target; MFC adding CO2
2026-05-06 13:33:02,7811.9,447.507,447.421,450.000,2.579,14.349600,100.739000,51.498500,0.716601,18.000000,96.962226,-0.00014754,0.03911083,-0.014306,5.157700,5.100000,3.792273,3.813487,32.025196,0.03925836,3.806578,,CO2 below target; MFC adding CO2
2026-05-06 13:33:13,7822.9,447.492,447.570,450.000,2.430,14.349400,100.736000,51.511800,0.719669,18.000000,96.959338,0.00250757,0.03959130,0.243132,4.859200,5.162500,3.838747,3.865134,32.067330,0.03708373,3.595614,,CO2 below target; MFC adding CO2
2026-05-06 13:33:24,7833.9,448.079,447.614,450.000,2.386,14.340500,100.739000,51.505200,0.718234,18.000000,96.962226,0.00446752,0.03666640,0.433181,4.771800,4.781250,3.555256,3.572289,32.119031,0.03219887,3.122074,,CO2 below target; MFC adding CO2
2026-05-06 13:33:35,7844.9,447.365,447.522,450.000,2.478,14.350700,100.738000,51.506800,0.721013,18.000000,96.961263,0.00238378,0.03666676,0.231134,4.955100,4.781250,3.555256,3.567500,32.157933,0.03428298,3.324121,,CO2 below target; MFC adding CO2
2026-05-06 13:33:46,7855.9,447.179,447.391,450.000,2.609,14.346200,100.739000,51.510200,0.717909,18.000000,96.962226,0.00085098,0.03791258,0.082513,5.218100,4.943750,3.676088,3.704055,32.198371,0.03706160,3.593575,,CO2 below target; MFC adding CO2
2026-05-06 13:33:57,7866.9,447.151,447.480,450.000,2.520,14.350700,100.740000,51.505200,0.714950,18.000000,96.963188,-0.00338998,0.04006903,-0.328703,5.040900,5.225000,3.885221,3.900578,32.240907,0.04345900,4.213923,,CO2 below target; MFC adding CO2
2026-05-06 13:34:08,7877.9,447.383,447.470,450.000,2.530,14.352000,100.742000,51.505200,0.713355,18.000000,96.965113,-0.00254013,0.03872623,-0.246304,5.059700,5.050000,3.755094,3.784459,32.282255,0.04126637,4.001398,,CO2 below target; MFC adding CO2
2026-05-06 13:34:19,7888.9,447.606,447.606,450.000,2.394,14.340500,100.740000,51.510100,0.720737,18.000000,96.963188,0.00135281,0.03887079,0.131173,4.787900,5.068750,3.769036,3.736254,32.323593,0.03751798,3.637863,,CO2 below target; MFC adding CO2
2026-05-06 13:34:29,7898.9,447.655,447.661,450.000,2.339,14.349500,100.740000,51.503500,0.718095,18.000000,96.963188,0.00630484,0.03671396,0.611337,4.677900,4.787500,3.559903,3.584459,32.359353,0.03040912,2.948566,,CO2 below target; MFC adding CO2
2026-05-06 13:34:40,7909.9,447.671,447.596,450.000,2.404,14.347700,100.742000,51.500200,0.716067,18.000000,96.965113,0.00307212,0.17330948,0.297889,4.807000,22.600000,16.804973,13.062795,32.407209,0.17023736,16.507084,,CO2 below target; MFC adding CO2
2026-05-06 13:34:51,7920.9,447.573,447.529,450.000,2.471,14.354700,100.740000,51.505200,0.716498,18.000000,96.963188,0.00152727,0.03657018,0.148089,4.942800,4.768750,3.545961,3.548136,32.445939,0.03504290,3.397871,,CO2 below target; MFC adding CO2
2026-05-06 13:35:02,7931.9,447.196,447.488,450.000,2.512,14.347800,100.743000,51.508500,0.716238,18.000000,96.966076,-0.00297643,0.03786314,-0.288613,5.023100,4.937500,3.671440,3.705339,32.486234,0.04083957,3.960053,,CO2 below target; MFC adding CO2
2026-05-06 13:35:13,7942.9,447.039,447.409,450.000,2.591,14.357300,100.741000,51.503500,0.716579,18.000000,96.964151,-0.00660182,0.03853490,-0.640139,5.181600,5.025000,3.736504,3.760127,32.527278,0.04513672,4.376643,,CO2 below target; MFC adding CO2
2026-05-06 13:35:24,7953.9,447.828,447.406,450.000,2.594,14.345700,100.741000,51.501800,0.718009,18.000000,96.964151,-0.00512851,0.03978105,-0.497282,5.187700,5.187500,3.857336,3.882816,32.569587,0.04490957,4.354618,,CO2 below target; MFC adding CO2
2026-05-06 13:35:35,7964.9,447.414,447.444,450.000,2.556,14.343500,100.743000,51.505200,0.718396,18.000000,96.966076,-0.00129454,0.03982819,-0.125526,5.111600,5.193750,3.861984,3.896125,32.612046,0.04112273,3.987510,,CO2 below target; MFC adding CO2
2026-05-06 13:35:46,7975.9,447.551,447.550,450.000,2.450,14.342400,100.740000,51.505200,0.716649,18.000000,96.963188,0.00183878,0.03925423,0.178294,4.899000,5.118750,3.806215,3.832772,32.653877,0.03741545,3.627921,,CO2 below target; MFC adding CO2
2026-05-06 13:35:57,7986.9,448.195,447.651,450.000,2.349,14.347100,100.740000,51.510200,0.715632,18.000000,96.963188,0.00702364,0.03772048,0.681035,4.697300,4.918750,3.657498,3.667779,32.694068,0.03069684,2.976464,,CO2 below target; MFC adding CO2
2026-05-06 13:36:08,7997.9,447.807,447.619,450.000,2.381,14.344200,100.744000,51.503500,0.714951,18.000000,96.967038,0.00643258,0.16947183,0.623748,4.761400,22.100000,16.433182,17.379353,32.746466,0.16303925,15.809433,,CO2 below target; MFC adding CO2
2026-05-06 13:36:19,8008.9,447.289,447.538,450.000,2.462,14.344100,100.740000,51.506800,0.716593,18.000000,96.963188,0.00165470,0.03618674,0.160445,4.924000,4.718750,3.508782,3.535513,32.783714,0.03453204,3.348337,,CO2 below target; MFC adding CO2
2026-05-06 13:36:30,8019.9,447.073,447.418,450.000,2.582,14.348400,100.739000,51.501800,0.717250,18.000000,96.962226,-0.00438801,0.03767293,-0.425471,5.163700,4.912500,3.652851,3.678854,32.823799,0.04206094,4.078322,,CO2 below target; MFC adding CO2
2026-05-06 13:36:41,8030.9,447.412,447.332,450.000,2.668,14.342500,100.741000,51.505200,0.715802,18.000000,96.964151,-0.00765479,0.03963727,-0.742240,5.335400,5.168750,3.843394,3.867202,32.865918,0.04729206,4.585634,,CO2 below target; MFC adding CO2
2026-05-06 13:36:52,8041.9,447.932,447.406,450.000,2.594,14.343300,100.739000,51.501900,0.717214,18.000000,96.962226,-0.00530212,0.04093216,-0.514105,5.187000,5.337500,3.968874,3.996997,32.909494,0.04623428,4.482979,,CO2 below target; MFC adding CO2
2026-05-06 13:37:03,8052.9,447.481,447.437,450.000,2.563,14.350700,100.743000,51.510200,0.718520,18.000000,96.966076,-0.00180411,0.03973234,-0.174938,5.126300,5.181250,3.852689,3.890557,32.951981,0.04153645,4.027626,,CO2 below target; MFC adding CO2
2026-05-06 13:37:14,8063.9,447.355,447.475,450.000,2.525,14.352400,100.744000,51.503500,0.714683,18.000000,96.967038,0.00264961,0.03934852,0.256925,5.049600,5.131250,3.815510,3.831620,32.993901,0.03669891,3.558585,,CO2 below target; MFC adding CO2
2026-05-06 13:37:25,8074.9,447.753,447.518,450.000,2.482,14.337300,100.744000,51.508500,0.718138,18.000000,96.967038,0.00631219,0.03882132,0.612074,4.963100,5.062500,3.764388,3.785259,33.035276,0.03250913,3.152314,,CO2 below target; MFC adding CO2
2026-05-06 13:37:36,8085.9,447.944,447.589,450.000,2.411,14.346800,100.746000,51.505200,0.714737,18.000000,96.968964,0.00503923,0.10409658,0.488649,4.821100,13.575000,10.094138,10.349942,33.089269,0.09905735,9.605489,,CO2 below target; MFC adding CO2
2026-05-06 13:37:47,8096.9,447.617,447.640,450.000,2.360,14.338600,100.742000,51.500200,0.716511,18.000000,96.965113,0.00418648,0.03666531,0.405942,4.720200,4.781250,3.555256,3.596436,33.121669,0.03247883,3.149313,,CO2 below target; MFC adding CO2
2026-05-06 13:37:58,8107.9,447.309,447.545,450.000,2.455,14.345600,100.747000,51.501800,0.715367,18.000000,96.969926,0.00137776,0.03608837,0.133601,4.910600,4.706250,3.499487,3.532724,33.160238,0.03471061,3.365885,,CO2 below target; MFC adding CO2
2026-05-06 13:38:09,8118.9,447.674,447.484,450.000,2.516,14.340400,100.745000,51.506800,0.715298,18.000000,96.968001,-0.00200630,0.03762276,-0.194547,5.031300,4.906250,3.648204,3.677575,33.200311,0.03962906,3.842751,,CO2 below target; MFC adding CO2
2026-05-06 13:38:20,8129.9,447.650,447.448,450.000,2.552,14.342100,100.745000,51.501800,0.716477,18.000000,96.968001,-0.00424502,0.03858130,-0.411631,5.103600,5.031250,3.741151,3.765279,33.241413,0.04282632,4.152783,,CO2 below target; MFC adding CO2
2026-05-06 13:38:31,8140.9,447.047,447.478,450.000,2.522,14.338700,100.744000,51.501900,0.715554,18.000000,96.967038,-0.00393313,0.03920474,-0.381384,5.044800,5.112500,3.801567,3.838550,33.283190,0.04313787,4.182951,,CO2 below target; MFC adding CO2
2026-05-06 13:38:42,8151.9,447.272,447.527,450.000,2.473,14.337500,100.743000,51.506800,0.717424,18.000000,96.966076,0.00095322,0.03858206,0.092430,4.945400,5.031250,3.741151,3.768094,33.324465,0.03762884,3.648721,,CO2 below target; MFC adding CO2
2026-05-06 13:38:53,8162.9,447.684,447.589,450.000,2.411,14.341000,100.742000,51.503500,0.716671,18.000000,96.965113,0.00319756,0.03795938,0.310051,4.822500,4.950000,3.680735,3.711782,33.364961,0.03476182,3.370684,,CO2 below target; MFC adding CO2
2026-05-06 13:39:04,8173.9,447.368,447.572,450.000,2.428,14.343700,100.744000,51.508500,0.715616,18.000000,96.967038,0.00297326,0.12202355,0.288308,4.856500,15.912500,11.832263,12.129607,33.413019,0.11905029,11.543954,,CO2 below target; MFC adding CO2
2026-05-06 13:39:15,8184.9,447.836,447.572,450.000,2.428,14.343800,100.748000,51.506800,0.714555,18.000000,96.970889,0.00275999,0.03699860,0.267639,4.855600,4.825000,3.587787,3.544448,33.449051,0.03423861,3.320148,,CO2 below target; MFC adding CO2
2026-05-06 13:39:25,8194.9,447.306,447.572,450.000,2.428,14.333400,100.747000,51.503500,0.714534,18.000000,96.969926,-0.00018056,0.03714275,-0.017509,4.855400,4.843750,3.601730,3.625073,33.485136,0.03732331,3.619239,,CO2 below target; MFC adding CO2
2026-05-06 13:39:36,8205.9,447.603,447.485,450.000,2.515,14.343200,100.745000,51.508500,0.714984,18.000000,96.968001,-0.00280791,0.03728727,-0.272277,5.029400,4.862500,3.615672,3.633474,33.524807,0.04009517,3.887949,,CO2 below target; MFC adding CO2
2026-05-06 13:39:47,8216.9,447.418,447.428,450.000,2.572,14.343600,100.747000,51.501800,0.713873,18.000000,96.969926,-0.00326121,0.03853261,-0.316239,5.143100,5.025000,3.736504,3.771219,33.565899,0.04179381,4.052743,,CO2 below target; MFC adding CO2
2026-05-06 13:39:58,8227.9,447.087,447.349,450.000,2.651,14.342100,100.747000,51.500200,0.714910,18.000000,96.969926,-0.00557500,0.03944320,-0.540608,5.302500,5.143750,3.824804,3.849909,33.607958,0.04501821,4.365412,,CO2 below target; MFC adding CO2
2026-05-06 13:40:09,8238.9,447.291,447.339,450.000,2.661,14.340700,100.751000,51.505200,0.718721,18.000000,96.973776,-0.00510209,0.04073559,-0.494769,5.322000,5.312500,3.950284,3.973028,33.651246,0.04583768,4.445053,,CO2 below target; MFC adding CO2
2026-05-06 13:40:20,8249.9,447.751,447.562,450.000,2.438,14.335200,100.749000,51.500200,0.718757,18.000000,96.971851,0.00223499,0.04073640,0.216731,4.876200,5.312500,3.950284,3.977417,33.694797,0.03850141,3.733553,,CO2 below target; MFC adding CO2
2026-05-06 13:40:31,8260.9,447.890,447.631,450.000,2.369,14.338700,100.748000,51.510200,0.716665,18.000000,96.970889,0.00628820,0.03834052,0.609773,4.739000,5.000000,3.717914,3.792911,33.754126,0.03205232,3.108142,,CO2 below target; MFC adding CO2
2026-05-06 13:40:42,8271.9,447.398,447.581,450.000,2.419,14.348400,100.751000,51.508500,0.717455,18.000000,96.973776,0.00532596,0.03618279,0.516478,4.838700,4.718750,3.508782,3.540857,33.782348,0.03085683,2.992304,,CO2 below target; MFC adding CO2
2026-05-06 13:40:53,8282.9,447.388,447.441,450.000,2.559,14.346800,100.751000,51.506800,0.714255,18.000000,96.973776,0.00128658,0.03699750,0.124765,5.118900,4.825000,3.587787,3.610914,33.821816,0.03571092,3.463023,,CO2 below target; MFC adding CO2
2026-05-06 13:41:04,8293.9,447.337,447.381,450.000,2.619,14.337000,100.750000,51.496900,0.716107,18.000000,96.972814,-0.00455762,0.03915448,-0.441966,5.237200,5.106250,3.796920,3.824887,33.863563,0.04371210,4.238886,,CO2 below target; MFC adding CO2
2026-05-06 13:41:15,8304.9,447.859,447.421,450.000,2.579,14.331700,100.745000,51.508500,0.718288,18.000000,96.968001,-0.00446612,0.04030667,-0.433071,5.157600,5.256250,3.908458,3.916282,33.906311,0.04477280,4.341529,,CO2 below target; MFC adding CO2
2026-05-06 13:41:26,8315.9,447.395,447.394,450.000,2.606,14.334800,100.747000,51.501900,0.714448,18.000000,96.969926,-0.00400953,0.03953905,-0.388804,5.212500,5.156250,3.834099,3.852301,33.948555,0.04354859,4.222904,,CO2 below target; MFC adding CO2
2026-05-06 13:41:37,8326.9,447.259,447.406,450.000,2.594,14.346000,100.748000,51.503500,0.713052,18.000000,96.970889,0.00072763,0.04006584,0.070559,5.188900,5.225000,3.885221,3.899989,33.991141,0.03933822,3.814662,,CO2 below target; MFC adding CO2
2026-05-06 13:41:48,8337.9,447.416,447.555,450.000,2.445,14.342300,100.746000,51.508500,0.715350,18.000000,96.968964,0.00472811,0.03973115,0.458480,4.889600,5.181250,3.852689,3.890016,34.033617,0.03500304,3.394209,,CO2 below target; MFC adding CO2
2026-05-06 13:41:59,8348.9,447.658,447.664,450.000,2.336,14.346300,100.748000,51.501800,0.715460,18.000000,96.970889,0.00523629,0.00254006,0.507768,4.672600,0.331250,0.246312,0.233801,34.086503,-0.00269623,-0.261456,,CO2 below target; MFC adding CO2
2026-05-06 13:42:10,8359.9,447.384,447.598,450.000,2.402,14.341500,100.749000,51.508500,0.714565,18.000000,96.971851,0.00352301,0.03570426,0.341633,4.803200,4.656250,3.462308,3.500362,34.117579,0.03218125,3.120675,,CO2 below target; MFC adding CO2
2026-05-06 13:42:21,8370.9,447.451,447.489,450.000,2.511,14.345300,100.747000,51.508500,0.716030,18.000000,96.969926,0.00224167,0.03690312,0.217375,5.021200,4.812500,3.578493,3.596640,34.156825,0.03466145,3.361118,,CO2 below target; MFC adding CO2
2026-05-06 13:42:32,8381.9,447.516,447.440,450.000,2.560,14.333200,100.746000,51.508500,0.716151,18.000000,96.968964,-0.00437466,0.03858092,-0.424206,5.119600,5.031250,3.741151,3.759069,34.197800,0.04295557,4.165358,,CO2 below target; MFC adding CO2
2026-05-06 13:42:43,8392.9,447.481,447.412,450.000,2.588,14.342700,100.747000,51.508500,0.720800,18.000000,96.969926,-0.00500643,0.03925150,-0.485473,5.175300,5.118750,3.806215,3.834426,34.239633,0.04425793,4.291688,,CO2 below target; MFC adding CO2
2026-05-06 13:42:54,8403.9,447.286,447.463,450.000,2.537,14.341300,100.749000,51.503500,0.716843,18.000000,96.971851,-0.00240504,0.03968205,-0.233221,5.074500,5.175000,3.848041,3.888338,34.281966,0.04208708,4.081262,,CO2 below target; MFC adding CO2
2026-05-06 13:43:05,8414.9,447.442,447.450,450.000,2.550,14.337000,100.751000,51.511800,0.712711,18.000000,96.973776,0.00007680,0.03891447,0.007448,5.100300,5.075000,3.773683,3.787457,34.323532,0.03883767,3.766235,,CO2 below target; MFC adding CO2
2026-05-06 13:43:16,8425.9,447.290,447.505,450.000,2.495,14.341000,100.754000,51.501800,0.718086,18.000000,96.976664,0.00085029,0.03910500,0.082459,4.990900,5.100000,3.792273,3.814443,34.365203,0.03825471,3.709814,,CO2 below target; MFC adding CO2
2026-05-06 13:43:27,8436.9,447.394,447.474,450.000,2.526,14.335200,100.755000,51.506800,0.715669,18.000000,96.977626,0.00149547,0.03661265,0.145027,5.051100,4.775000,3.550608,3.512584,34.406569,0.03511719,3.405581,,CO2 below target; MFC adding CO2
2026-05-06 13:43:37,8446.9,447.123,447.472,450.000,2.528,14.345900,100.753000,51.503500,0.716658,18.000000,96.975701,-0.00125055,0.03872200,-0.121273,5.055500,5.050000,3.755094,3.787581,34.443928,0.03997256,3.876367,,CO2 below target; MFC adding CO2
2026-05-06 13:43:48,8457.9,447.405,447.415,450.000,2.585,14.338500,100.752000,51.505200,0.717285,18.000000,96.974739,-0.00199726,0.03872239,-0.193683,5.170900,5.050000,3.755094,3.799231,34.485282,0.04071964,3.948777,,CO2 below target; MFC adding CO2
2026-05-06 13:43:59,8468.9,447.293,447.405,450.000,2.595,14.342100,100.751000,51.505200,0.715863,18.000000,96.973776,-0.00212921,0.03953749,-0.206478,5.189800,5.156250,3.834099,3.870869,34.527489,0.04166670,4.040577,,CO2 below target; MFC adding CO2
2026-05-06 13:44:10,8479.9,447.529,447.464,450.000,2.536,14.330000,100.752000,51.506800,0.716456,18.000000,96.974739,0.00126375,0.03982464,0.122552,5.071700,5.193750,3.861984,3.872645,34.569913,0.03856088,3.739432,,CO2 below target; MFC adding CO2
2026-05-06 13:44:21,8490.9,447.144,447.537,450.000,2.463,14.338300,100.750000,51.510200,0.716604,18.000000,96.972814,0.00116569,0.03881901,0.113040,4.925700,5.062500,3.764388,3.802934,34.611464,0.03765332,3.651348,,CO2 below target; MFC adding CO2
2026-05-06 13:44:32,8501.9,447.321,447.601,450.000,2.399,14.340900,100.748000,51.505200,0.716935,18.000000,96.970889,0.00372999,0.03776541,0.361701,4.798400,4.925000,3.662146,3.684267,34.651796,0.03403542,3.300445,,CO2 below target; MFC adding CO2
2026-05-06 13:44:43,8512.9,447.898,447.622,450.000,2.378,14.329800,100.751000,51.505200,0.718292,18.000000,96.973776,0.00488227,0.03680580,0.473452,4.755900,4.800000,3.569198,3.588683,34.691117,0.03192353,3.095745,,CO2 below target; MFC adding CO2
2026-05-06 13:44:54,8523.9,447.599,447.654,450.000,2.346,14.334000,100.750000,51.510200,0.718520,18.000000,96.972814,0.00409550,0.03460163,0.397152,4.692000,4.512500,3.355418,3.374481,34.742136,0.03050614,2.958266,,CO2 below target; MFC adding CO2
2026-05-06 13:45:05,8534.9,447.648,447.558,450.000,2.442,14.333900,100.748000,51.500200,0.718587,18.000000,96.970889,0.00032386,0.03589631,0.031405,4.884600,4.681250,3.480897,3.508478,34.780265,0.03557245,3.449492,,CO2 below target; MFC adding CO2
2026-05-06 13:45:16,8545.9,447.344,447.446,450.000,2.554,14.333300,100.749000,51.501800,0.719776,18.000000,96.971851,-0.00403577,0.03747749,-0.391356,5.107100,4.887500,3.634261,3.668890,34.820133,0.04151326,4.025618,,CO2 below target; MFC adding CO2
2026-05-06 13:45:27,8556.9,447.468,447.404,450.000,2.596,14.337300,100.749000,51.503500,0.713467,18.000000,96.971851,-0.00367716,0.03920279,-0.356581,5.192400,5.112500,3.801567,3.837756,34.861837,0.04287996,4.158149,,CO2 below target; MFC adding CO2
2026-05-06 13:45:38,8567.9,447.086,447.316,450.000,2.684,14.342900,100.747000,51.505200,0.714688,18.000000,96.969926,-0.00825597,0.03973076,-0.800580,5.367800,5.181250,3.852689,3.893812,34.904248,0.04798672,4.653269,,CO2 below target; MFC adding CO2
2026-05-06 13:45:49,8578.9,447.660,447.398,450.000,2.602,14.336700,100.748000,51.510200,0.715631,18.000000,96.970889,-0.00185686,0.04112021,-0.180061,5.204500,5.362500,3.987463,4.023404,34.948081,0.04297707,4.167524,,CO2 below target; MFC adding CO2
2026-05-06 13:46:00,8589.9,447.364,447.579,450.000,2.421,14.337300,100.750000,51.508500,0.713531,18.000000,96.972814,0.00258814,0.04001712,0.250979,4.842400,5.218750,3.880573,3.902070,34.990744,0.03742898,3.629594,,CO2 below target; MFC adding CO2
2026-05-06 13:46:11,8600.9,448.049,447.702,450.000,2.298,14.364500,100.748000,51.510200,0.717077,18.000000,96.970889,0.00906536,0.03719031,0.879076,4.595000,4.850000,3.606377,3.641941,35.030571,0.02812495,2.727301,,CO2 below target; MFC adding CO2
2026-05-06 13:46:22,8611.9,447.558,447.715,450.000,2.285,14.337500,100.747000,51.511800,0.716738,18.000000,96.969926,0.00769115,0.03445889,0.745811,4.569200,4.493750,3.341476,3.356184,35.075080,0.02676773,2.595665,,CO2 below target; MFC adding CO2
2026-05-06 13:46:33,8622.9,447.779,447.614,450.000,2.386,14.338900,100.746000,51.510200,0.717733,18.000000,96.968964,0.00534789,0.03489057,0.518579,4.771800,4.550000,3.383302,3.430007,35.112299,0.02954268,2.864723,,CO2 below target; MFC adding CO2
2026-05-06 13:46:44,8633.9,447.127,447.464,450.000,2.536,14.334900,100.744000,51.496900,0.720077,18.000000,96.967038,-0.00419779,0.03652080,-0.407047,5.072700,4.762500,3.541313,3.568426,35.151158,0.04071858,3.948360,,CO2 below target; MFC adding CO2
2026-05-06 13:46:55,8644.9,447.394,447.339,450.000,2.661,14.339900,100.744000,51.508500,0.718785,18.000000,96.967038,-0.00839262,0.03896510,-0.813808,5.321400,5.081250,3.778331,3.796087,35.192501,0.04735772,4.592138,,CO2 below target; MFC adding CO2
2026-05-06 13:47:06,8655.9,447.261,447.409,450.000,2.591,14.337800,100.743000,51.510200,0.718444,18.000000,96.966076,-0.00766669,0.04083468,-0.743409,5.181400,5.325000,3.959579,3.992146,35.235887,0.04850137,4.702988,,CO2 below target; MFC adding CO2
2026-05-06 13:47:17,8666.9,447.410,447.418,450.000,2.582,14.337900,100.745000,51.505200,0.714821,18.000000,96.968001,-0.00440678,0.03973155,-0.427317,5.164400,5.181250,3.852689,3.885691,35.278333,0.04413833,4.280006,,CO2 below target; MFC adding CO2
2026-05-06 13:47:28,8677.9,447.456,447.374,450.000,2.626,14.333400,100.747000,51.510200,0.714887,18.000000,96.969926,-0.00090850,0.03963491,-0.088097,5.252500,5.168750,3.843394,3.855650,35.320555,0.04054341,3.931491,,CO2 below target; MFC adding CO2
2026-05-06 13:47:39,8688.9,447.537,447.465,450.000,2.535,14.338800,100.742000,51.503500,0.716667,18.000000,96.965113,0.00235270,0.04030787,0.228130,5.069000,5.256250,3.908458,3.928875,35.363479,0.03795517,3.680328,,CO2 below target; MFC adding CO2
2026-05-06 13:47:50,8699.9,448.275,447.553,450.000,2.447,14.336300,100.746000,51.506800,0.713824,18.000000,96.968964,0.00441589,0.03129607,0.428204,4.893300,4.081250,3.034748,2.933794,35.412247,0.02688018,2.606543,,CO2 below target; MFC adding CO2
2026-05-06 13:48:00,8709.9,447.141,447.463,450.000,2.537,14.343700,100.746000,51.501800,0.716653,18.000000,96.968964,0.00199012,0.03738275,0.192980,5.074100,4.875000,3.624967,3.655160,35.448314,0.03539263,3.431987,,CO2 below target; MFC adding CO2
2026-05-06 13:48:11,8720.9,447.317,447.292,450.000,2.708,14.332300,100.743000,51.505200,0.723447,18.000000,96.966076,-0.00032227,0.03886963,-0.031250,5.415700,5.068750,3.769036,3.803715,35.489715,0.03919191,3.800285,,CO2 below target; MFC adding CO2
2026-05-06 13:48:22,8731.9,447.063,447.315,450.000,2.685,14.340500,100.745000,51.505200,0.713431,18.000000,96.968001,-0.00527381,0.04155278,-0.511391,5.369100,5.418750,4.029290,4.060840,35.533890,0.04682659,4.540681,,CO2 below target; MFC adding CO2
2026-05-06 13:48:33,8742.9,447.138,447.377,450.000,2.623,14.339800,100.744000,51.506800,0.719166,18.000000,96.967038,-0.00232329,0.04107391,-0.225283,5.245000,5.356250,3.982816,4.013979,35.577807,0.04339721,4.208099,,CO2 below target; MFC adding CO2
2026-05-06 13:48:44,8753.9,447.512,447.601,450.000,2.399,14.351400,100.746000,51.500200,0.719094,18.000000,96.968964,0.00300981,0.04030627,0.291858,4.799000,5.256250,3.908458,3.938924,35.620766,0.03729647,3.616600,,CO2 below target; MFC adding CO2
2026-05-06 13:48:55,8764.9,447.082,447.572,450.000,2.428,14.339500,100.744000,51.501900,0.716054,18.000000,96.967038,0.00561180,0.03676043,0.544159,4.856800,4.793750,3.564550,3.605163,35.660286,0.03114864,3.020391,,CO2 below target; MFC adding CO2
2026-05-06 13:49:06,8775.9,447.313,447.508,450.000,2.492,14.337300,100.747000,51.508500,0.716758,18.000000,96.969926,0.00443760,0.03733445,0.430314,4.983300,4.868750,3.620319,3.634784,35.699968,0.03289685,3.190005,,CO2 below target; MFC adding CO2
2026-05-06 13:49:17,8786.9,447.749,447.545,450.000,2.455,14.335200,100.746000,51.498500,0.711221,18.000000,96.968964,0.00127504,0.11037497,0.123639,4.910900,14.393750,10.702946,10.854773,35.747777,0.10909992,10.579307,,CO2 below target; MFC adding CO2
2026-05-06 13:49:28,8797.9,447.210,447.543,450.000,2.457,14.330900,100.749000,51.500200,0.718166,18.000000,96.971851,-0.00122227,0.03728579,-0.118526,4.913700,4.862500,3.615672,3.644937,35.784227,0.03850806,3.734198,,CO2 below target; MFC adding CO2
2026-05-06 13:49:39,8808.9,447.220,447.445,450.000,2.555,14.335100,100.743000,51.501900,0.714337,18.000000,96.966076,-0.00479000,0.03757558,-0.464468,5.110200,4.900000,3.643556,3.683681,35.824342,0.04236558,4.108024,,CO2 below target; MFC adding CO2
2026-05-06 13:49:50,8819.9,447.457,447.435,450.000,2.565,14.330700,100.745000,51.505200,0.715349,18.000000,96.968001,-0.00110218,0.03920435,-0.106877,5.129000,5.112500,3.801567,3.833394,35.866060,0.04030653,3.908444,,CO2 below target; MFC adding CO2
2026-05-06 13:50:01,8830.9,447.565,447.372,450.000,2.628,14.328800,100.747000,51.505200,0.715761,18.000000,96.969926,-0.00303955,0.03925150,-0.294745,5.256000,5.118750,3.806215,3.850188,35.907988,0.04229105,4.100960,,CO2 below target; MFC adding CO2
2026-05-06 13:50:12,8841.9,447.782,447.401,450.000,2.599,14.328000,100.744000,51.510100,0.717957,18.000000,96.967038,-0.00285011,0.04030707,-0.276367,5.197600,5.256250,3.908458,3.934862,35.950924,0.04315718,4.184824,,CO2 below target; MFC adding CO2
2026-05-06 13:50:23,8852.9,448.236,447.509,450.000,2.491,14.332900,100.748000,51.511800,0.720877,18.000000,96.970889,0.00368786,0.03987414,0.357615,4.982800,5.200000,3.866631,3.890110,35.993474,0.03618628,3.509016,,CO2 below target; MFC adding CO2
2026-05-06 13:50:34,8863.9,447.610,447.533,450.000,2.467,14.324700,100.746000,51.505200,0.716690,18.000000,96.968964,0.00345649,0.03814958,0.335173,4.933300,4.975000,3.699325,3.732313,36.034321,0.03469308,3.364152,,CO2 below target; MFC adding CO2
2026-05-06 13:50:45,8874.9,447.492,447.579,450.000,2.421,14.326500,100.745000,51.501900,0.716741,18.000000,96.968001,0.00530060,0.08823375,0.513989,4.842900,11.506250,8.555851,8.420827,36.092036,0.08293315,8.041862,,CO2 below target; MFC adding CO2
2026-05-06 13:50:56,8885.9,447.578,447.590,450.000,2.410,14.331400,100.746000,51.500200,0.718327,18.000000,96.968964,0.00501571,0.03695141,0.486368,4.819200,4.818750,3.583140,3.598271,36.121175,0.03193570,3.096772,,CO2 below target; MFC adding CO2
2026-05-06 13:51:07,8896.9,447.556,447.496,450.000,2.504,14.338000,100.745000,51.513500,0.721543,18.000000,96.968001,-0.00061011,0.03685592,-0.059161,5.008500,4.806250,3.573845,3.597686,36.160531,0.03746604,3.633007,,CO2 below target; MFC adding CO2
2026-05-06 13:51:18,8907.9,447.267,447.478,450.000,2.522,14.325500,100.746000,51.513500,0.715531,18.000000,96.968964,-0.00342123,0.03843714,-0.331753,5.044100,5.012500,3.727209,3.756274,36.201412,0.04185837,4.058963,,CO2 below target; MFC adding CO2
2026-05-06 13:51:29,8918.9,447.012,447.385,450.000,2.615,14.337300,100.745000,51.505200,0.717350,18.000000,96.968001,-0.00508586,0.03858130,-0.493165,5.229100,5.031250,3.741151,3.733282,36.242605,0.04366715,4.234317,,CO2 below target; MFC adding CO2
2026-05-06 13:51:39,8928.9,447.724,447.393,450.000,2.607,14.335900,100.746000,51.510100,0.715332,18.000000,96.968964,-0.00444359,0.04011457,-0.430890,5.214000,5.231250,3.889868,3.907606,36.281415,0.04455816,4.320758,,CO2 below target; MFC adding CO2
2026-05-06 13:51:50,8939.9,447.419,447.510,450.000,2.490,14.335900,100.745000,51.503500,0.717408,18.000000,96.968001,-0.00001734,0.03997118,-0.001681,4.980700,5.212500,3.875926,3.897336,36.324034,0.03998852,3.877607,,CO2 below target; MFC adding CO2
2026-05-06 13:52:01,8950.9,447.506,447.537,450.000,2.463,14.327300,100.746000,51.505200,0.715544,18.000000,96.968964,0.00108701,0.03824543,0.105406,4.926800,4.987500,3.708620,3.735215,36.364923,0.03715842,3.603213,,CO2 below target; MFC adding CO2
2026-05-06 13:52:12,8961.9,447.638,447.562,450.000,2.438,14.338400,100.745000,51.505200,0.714569,18.000000,96.968001,0.00501170,0.17723434,0.485975,4.875600,23.112500,17.186059,17.393030,36.418935,0.17222263,16.700084,,CO2 below target; MFC adding CO2
2026-05-06 13:52:23,8972.9,447.626,447.561,450.000,2.439,14.345800,100.745000,51.501800,0.718147,18.000000,96.968001,0.00379969,0.03704763,0.368448,4.878500,4.831250,3.592435,3.633437,36.459411,0.03324794,3.223987,,CO2 below target; MFC adding CO2
2026-05-06 13:52:34,8983.9,447.217,447.454,450.000,2.546,14.334300,100.746000,51.505200,0.720090,18.000000,96.968964,-0.00192141,0.03738275,-0.186317,5.092300,4.875000,3.624967,3.663231,36.499249,0.03930416,3.811283,,CO2 below target; MFC adding CO2
2026-05-06 13:52:45,8994.9,447.524,447.387,450.000,2.613,14.336800,100.745000,51.506800,0.715522,18.000000,96.968001,-0.00501405,0.03910850,-0.486202,5.226600,5.100000,3.792273,3.804949,36.540762,0.04412255,4.278475,,CO2 below target; MFC adding CO2
2026-05-06 13:52:56,9005.9,448.345,447.448,450.000,2.552,14.325600,100.746000,51.506900,0.715713,18.000000,96.968964,-0.00417741,0.03992286,-0.405079,5.103700,5.206250,3.871278,3.890551,36.583416,0.04410027,4.276358,,CO2 below target; MFC adding CO2
2026-05-06 13:53:07,9016.9,447.634,447.421,450.000,2.579,14.334400,100.744000,51.505200,0.715978,18.000000,96.967038,-0.00164562,0.03920474,-0.159571,5.157300,5.112500,3.801567,3.828937,36.625282,0.04085036,3.961138,,CO2 below target; MFC adding CO2
2026-05-06 13:53:18,9027.9,447.899,447.366,450.000,2.634,14.334400,100.744000,51.505200,0.716969,18.000000,96.967038,0.00092139,0.03954023,0.089344,5.267600,5.156250,3.834099,3.847068,36.667392,0.03861885,3.744755,,CO2 below target; MFC adding CO2
2026-05-06 13:53:29,9038.9,447.250,447.414,450.000,2.586,14.335000,100.747000,51.501900,0.715445,18.000000,96.969926,0.00114078,0.04040173,0.110621,5.171700,5.268750,3.917752,3.944098,36.710429,0.03926095,3.807131,,CO2 below target; MFC adding CO2
2026-05-06 13:53:40,9049.9,447.606,447.483,450.000,2.517,14.322700,100.745000,51.503500,0.716546,18.000000,96.968001,0.00254614,0.01020847,0.246894,5.034700,1.331250,0.989895,1.025187,36.766100,0.00766233,0.743001,,CO2 below target; MFC adding CO2
2026-05-06 13:53:51,9060.9,447.800,447.508,450.000,2.492,14.323900,100.745000,51.500200,0.713450,18.000000,96.968001,0.00107512,0.03853337,0.104253,4.983500,5.025000,3.736504,3.758140,36.805222,0.03745825,3.632251,,CO2 below target; MFC adding CO2
2026-05-06 13:54:02,9071.9,447.588,447.380,450.000,2.620,14.327700,100.744000,51.510200,0.716336,18.000000,96.967038,0.00048600,0.03815033,0.047126,5.240900,4.975000,3.699325,3.730971,36.845920,0.03766433,3.652199,,CO2 below target; MFC adding CO2
2026-05-06 13:54:13,9082.9,447.409,447.420,450.000,2.580,14.331400,100.747000,51.500200,0.716317,18.000000,96.969926,-0.00061348,0.04025795,-0.059489,5.160800,5.250000,3.903810,3.926943,36.888632,0.04087143,3.963299,,CO2 below target; MFC adding CO2
2026-05-06 13:54:24,9093.9,447.118,447.441,450.000,2.559,14.329300,100.746000,51.511800,0.720765,18.000000,96.968964,-0.00112916,0.03963530,-0.109494,5.117700,5.168750,3.843394,3.864877,36.930900,0.04076446,3.952888,,CO2 below target; MFC adding CO2
2026-05-06 13:54:35,9104.9,447.405,447.429,450.000,2.571,14.327700,100.746000,51.510200,0.718800,18.000000,96.968964,-0.00117668,0.03939567,-0.114101,5.142600,5.137500,3.820157,3.850188,36.972800,0.04057234,3.934258,,CO2 below target; MFC adding CO2
2026-05-06 13:54:46,9115.9,447.526,447.462,450.000,2.538,14.324700,100.747000,51.505200,0.717117,18.000000,96.969926,0.00098356,0.03949113,0.095376,5.075300,5.150000,3.829452,3.850525,37.014900,0.03850757,3.734076,,CO2 below target; MFC adding CO2
2026-05-06 13:54:57,9126.9,447.412,447.547,450.000,2.453,14.334700,100.747000,51.500200,0.715488,18.000000,96.969926,0.00356941,0.03886809,0.346125,4.905200,5.068750,3.769036,3.804348,37.056453,0.03529868,3.422910,,CO2 below target; MFC adding CO2
2026-05-06 13:55:08,9137.9,447.599,447.643,450.000,2.357,14.328500,100.746000,51.511800,0.718630,18.000000,96.968964,0.00432226,0.00215670,0.419125,4.713700,0.281250,0.209133,0.163903,37.100227,-0.00216557,-0.209993,,CO2 below target; MFC adding CO2
2026-05-06 13:55:19,9148.9,447.503,447.527,450.000,2.473,14.334600,100.746000,51.508500,0.716964,18.000000,96.968964,0.00182245,0.03608873,0.176721,4.946000,4.706250,3.499487,3.457471,37.137194,0.03426628,3.322766,,CO2 below target; MFC adding CO2
2026-05-06 13:55:29,9158.9,448.221,447.463,450.000,2.537,14.332100,100.748000,51.505200,0.717545,18.000000,96.970889,-0.00041772,0.03781334,-0.040506,5.074700,4.931250,3.666793,3.697160,37.173834,0.03823106,3.707300,,CO2 below target; MFC adding CO2
2026-05-06 13:55:40,9169.9,447.547,447.496,450.000,2.504,14.341000,100.750000,51.506800,0.718039,18.000000,96.972814,-0.00159979,0.03881901,-0.155136,5.008200,5.062500,3.764388,3.795681,37.215261,0.04041880,3.919525,,CO2 below target; MFC adding CO2
2026-05-06 13:55:51,9180.9,447.573,447.446,450.000,2.554,14.334800,100.746000,51.501900,0.720069,18.000000,96.968964,-0.00392613,0.03843714,-0.380713,5.108700,5.012500,3.727209,3.752103,37.256242,0.04236327,4.107922,,CO2 below target; MFC adding CO2
2026-05-06 13:56:02,9191.9,447.851,447.417,450.000,2.583,14.330000,100.747000,51.506800,0.716579,18.000000,96.969926,-0.00066872,0.03910772,-0.064846,5.165100,5.100000,3.792273,3.829455,37.297984,0.03977644,3.857119,,CO2 below target; MFC adding CO2
2026-05-06 13:56:13,9202.9,447.093,447.460,450.000,2.540,14.333500,100.746000,51.505200,0.715141,18.000000,96.968964,-0.00064357,0.03949152,-0.062406,5.079200,5.150000,3.829452,3.867326,37.340216,0.04013509,3.891858,,CO2 below target; MFC adding CO2
2026-05-06 13:56:24,9213.9,447.583,447.537,450.000,2.463,14.333900,100.747000,51.510200,0.717408,18.000000,96.969926,0.00191701,0.03886809,0.185892,4.925700,5.068750,3.769036,3.806529,37.381805,0.03695108,3.583143,,CO2 below target; MFC adding CO2
2026-05-06 13:56:35,9224.9,447.622,447.630,450.000,2.370,14.334400,100.748000,51.498500,0.714510,18.000000,96.970889,0.00522502,0.00958513,0.506674,4.740400,1.250000,0.929479,0.963853,37.433561,0.00436011,0.422804,,CO2 below target; MFC adding CO2
2026-05-06 13:56:46,9235.9,447.015,447.517,450.000,2.483,14.339800,100.746000,51.505200,0.715752,18.000000,96.968964,0.00123047,0.03628044,0.119317,4.965700,4.731250,3.518076,3.535817,37.466898,0.03504997,3.398759,,CO2 below target; MFC adding CO2
2026-05-06 13:56:57,9246.9,447.032,447.407,450.000,2.593,14.334000,100.747000,51.500200,0.720227,18.000000,96.969926,-0.00236503,0.03805334,-0.229337,5.186400,4.962500,3.690030,3.721116,37.507386,0.04041838,3.919367,,CO2 below target; MFC adding CO2
2026-05-06 13:57:08,9257.9,448.089,447.429,450.000,2.571,14.338400,100.746000,51.506800,0.719309,18.000000,96.968964,-0.00429367,0.03977908,-0.416352,5.141900,5.187500,3.857336,3.884330,37.549693,0.04407275,4.273689,,CO2 below target; MFC adding CO2
2026-05-06 13:57:19,9268.9,447.571,447.490,450.000,2.510,14.336000,100.748000,51.506800,0.717289,18.000000,96.970889,-0.00149719,0.03949074,-0.145183,5.020800,5.150000,3.829452,3.850321,37.591791,0.04098792,3.974635,,CO2 below target; MFC adding CO2
2026-05-06 13:57:30,9279.9,447.514,447.469,450.000,2.531,14.344600,100.750000,51.503500,0.717747,18.000000,96.972814,-0.00161202,0.03848353,-0.156322,5.062400,5.018750,3.731857,3.766062,37.632894,0.04009556,3.888179,,CO2 below target; MFC adding CO2
2026-05-06 13:57:41,9290.9,447.299,447.532,450.000,2.468,14.329300,100.748000,51.501800,0.716208,18.000000,96.970889,0.00227681,0.03872393,0.220785,4.935400,5.050000,3.755094,3.783698,37.674278,0.03644711,3.534309,,CO2 below target; MFC adding CO2
2026-05-06 13:57:52,9301.9,447.733,447.606,450.000,2.394,14.334800,100.747000,51.503500,0.717339,18.000000,96.969926,0.00441027,0.03786164,0.427663,4.788000,4.937500,3.671440,3.699423,37.714718,0.03345137,3.243777,,CO2 below target; MFC adding CO2
2026-05-06 13:58:03,9312.9,447.736,447.689,450.000,2.311,14.329800,100.751000,51.510200,0.716061,18.000000,96.973776,0.00416943,0.03460129,0.404326,4.621900,4.512500,3.355418,3.442119,37.774306,0.03043186,2.951092,,CO2 below target; MFC adding CO2
2026-05-06 13:58:14,9323.9,447.731,447.613,450.000,2.387,14.327400,100.746000,51.503500,0.716931,18.000000,96.968964,0.00238253,0.03527398,0.231032,4.774900,4.600000,3.420481,3.447015,37.801753,0.03289145,3.189450,,CO2 below target; MFC adding CO2
2026-05-06 13:58:25,9334.9,447.530,447.515,450.000,2.485,14.328800,100.749000,51.503500,0.717893,18.000000,96.971851,0.00002982,0.03656691,0.002891,4.970500,4.768750,3.545961,3.561549,37.840639,0.03653709,3.543069,,CO2 below target; MFC adding CO2
2026-05-06 13:58:36,9345.9,446.835,447.447,450.000,2.553,14.330100,100.752000,51.501900,0.713997,18.000000,96.974739,-0.00357833,0.03805146,-0.347008,5.105600,4.962500,3.690030,3.716815,37.881179,0.04162979,4.037038,,CO2 below target; MFC adding CO2
2026-05-06 13:58:47,9356.9,447.636,447.383,450.000,2.617,14.333900,100.750000,51.498500,0.720940,18.000000,96.972814,-0.00652292,0.03920240,-0.632546,5.233800,5.112500,3.801567,3.827077,37.922892,0.04572533,4.434114,,CO2 below target; MFC adding CO2
2026-05-06 13:58:58,9367.9,447.647,447.431,450.000,2.569,14.329900,100.751000,51.505200,0.716852,18.000000,96.973776,-0.00449078,0.04011258,-0.435488,5.138500,5.231250,3.889868,3.917803,37.965651,0.04460336,4.325356,,CO2 below target; MFC adding CO2
2026-05-06 13:59:09,9378.9,447.982,447.500,450.000,2.500,14.330600,100.748000,51.506800,0.714657,18.000000,96.970889,-0.00040623,0.03944281,-0.039392,4.999300,5.143750,3.824804,3.848808,38.007708,0.03984904,3.864197,,CO2 below target; MFC adding CO2
2026-05-06 13:59:20,9389.9,447.225,447.492,450.000,2.508,14.333400,100.747000,51.501900,0.715378,18.000000,96.969926,0.00139675,0.03843675,0.135442,5.015100,5.012500,3.727209,3.749722,38.048681,0.03704001,3.591767,,CO2 below target; MFC adding CO2
2026-05-06 13:59:31,9400.9,447.424,447.551,450.000,2.449,14.335100,100.751000,51.498500,0.715788,18.000000,96.973776,0.00337417,0.02338702,0.327206,4.897400,3.050000,2.267928,2.329162,38.105986,0.02001286,1.940722,,CO2 below target; MFC adding CO2
2026-05-06 13:59:41,9410.9,447.578,447.429,450.000,2.571,14.327500,100.753000,51.510200,0.712228,18.000000,96.975701,-0.00025787,0.03742808,-0.025007,5.141900,4.881250,3.629614,3.650347,38.133654,0.03768594,3.654621,,CO2 below target; MFC adding CO2
2026-05-06 13:59:52,9421.9,447.692,447.362,450.000,2.638,14.331400,100.749000,51.505200,0.717514,18.000000,96.971851,-0.00392060,0.03944242,-0.380188,5.275100,5.143750,3.824804,3.848134,38.175568,0.04336302,4.204993,,CO2 below target; MFC adding CO2
2026-05-06 14:00:03,9432.9,447.140,447.318,450.000,2.682,14.337600,100.750000,51.505200,0.716226,18.000000,96.972814,-0.00440661,0.04049637,-0.427321,5.364700,5.281250,3.927047,3.954551,38.218647,0.04490298,4.354368,,CO2 below target; MFC adding CO2
2026-05-06 14:00:14,9443.9,447.523,447.372,450.000,2.628,14.329500,100.749000,51.501900,0.715124,18.000000,96.971851,-0.00267907,0.04121565,-0.259794,5.255300,5.375000,3.996758,4.031526,38.262505,0.04389472,4.256552,,CO2 below target; MFC adding CO2
2026-05-06 14:00:25,9454.9,447.565,447.435,450.000,2.565,14.325100,100.751000,51.506800,0.717159,18.000000,96.973776,0.00035272,0.04030427,0.034205,5.130200,5.256250,3.908458,3.932481,38.305530,0.03995155,3.874253,,CO2 below target; MFC adding CO2
2026-05-06 14:00:36,9465.9,447.138,447.393,450.000,2.607,14.325100,100.754000,51.505200,0.716201,18.000000,96.976664,0.00059341,0.03939254,0.057547,5.215000,5.137500,3.820157,3.848530,38.347578,0.03879913,3.762610,,CO2 below target; MFC adding CO2
2026-05-06 14:00:47,9476.9,447.593,447.495,450.000,2.505,14.338400,100.750000,51.508500,0.719239,18.000000,96.972814,0.00523189,0.03996920,0.507351,5.010100,5.212500,3.875926,3.903599,38.390182,0.03473731,3.368575,,CO2 below target; MFC adding CO2
2026-05-06 14:00:58,9487.9,447.727,447.672,450.000,2.328,14.327500,100.751000,51.501800,0.715041,18.000000,96.973776,0.00617395,0.00230036,0.598711,4.656100,0.300000,0.223075,0.084288,38.446240,-0.00387359,-0.375637,,CO2 below target; MFC adding CO2
2026-05-06 14:01:09,9498.9,447.671,447.578,450.000,2.422,14.333500,100.750000,51.505200,0.717863,18.000000,96.972814,0.00224876,0.03560805,0.218069,4.843500,4.643750,3.453013,3.471008,38.480104,0.03335929,3.234944,,CO2 below target; MFC adding CO2
2026-05-06 14:01:20,9509.9,447.548,447.454,450.000,2.546,14.335600,100.749000,51.511800,0.717530,18.000000,96.971851,0.00144357,0.03699824,0.139986,5.091800,4.825000,3.587787,3.624973,38.519622,0.03555467,3.447802,,CO2 below target; MFC adding CO2
2026-05-06 14:01:31,9520.9,447.031,447.476,450.000,2.524,14.328900,100.750000,51.505200,0.718197,18.000000,96.972814,-0.00212083,0.03901071,-0.205663,5.048100,5.087500,3.782978,3.809617,38.561172,0.04113154,3.988641,,CO2 below target; MFC adding CO2
2026-05-06 14:01:42,9531.9,447.026,447.405,450.000,2.595,14.331500,100.752000,51.506800,0.718036,18.000000,96.974739,-0.00604656,0.03872239,-0.586364,5.189300,5.050000,3.755094,3.788870,38.602512,0.04476895,4.341458,,CO2 below target; MFC adding CO2
2026-05-06 14:01:53,9542.9,447.806,447.484,450.000,2.516,14.336200,100.753000,51.510200,0.716351,18.000000,96.975701,-0.00168809,0.03968047,-0.163703,5.032100,5.175000,3.848041,3.883718,38.644881,0.04136856,4.011745,,CO2 below target; MFC adding CO2
2026-05-06 14:02:04,9553.9,447.623,447.543,450.000,2.457,14.330600,100.751000,51.508500,0.717730,18.000000,96.973776,0.00070795,0.03857900,0.068653,4.914900,5.031250,3.741151,3.764276,38.686125,0.03787105,3.672499,,CO2 below target; MFC adding CO2
2026-05-06 14:02:15,9564.9,447.449,447.496,450.000,2.504,14.326800,100.752000,51.505200,0.713834,18.000000,96.974739,0.00295646,0.03766807,0.286702,5.007500,4.912500,3.652851,3.684531,38.726405,0.03471160,3.366149,,CO2 below target; MFC adding CO2
2026-05-06 14:02:26,9575.9,447.472,447.620,450.000,2.380,14.332900,100.754000,51.501900,0.715614,18.000000,96.976664,0.00570008,0.03714017,0.552775,4.759000,4.843750,3.601730,3.635990,38.782461,0.03144009,3.048955,,CO2 below target; MFC adding CO2
2026-05-06 14:02:37,9586.9,447.632,447.551,450.000,2.449,14.326500,100.756000,51.501800,0.715469,18.000000,96.978589,0.00270758,0.03642060,0.262577,4.898500,4.750000,3.532019,3.562643,38.821266,0.03371303,3.269442,,CO2 below target; MFC adding CO2
2026-05-06 14:02:48,9597.9,447.524,447.488,450.000,2.512,14.326400,100.755000,51.511800,0.718414,18.000000,96.977626,-0.00116374,0.03752318,-0.112857,5.024000,4.893750,3.638909,3.671433,38.861255,0.03868692,3.751765,,CO2 below target; MFC adding CO2
2026-05-06 14:02:59,9608.9,447.141,447.380,450.000,2.620,14.331300,100.756000,51.506800,0.713556,18.000000,96.978589,-0.00379750,0.03848124,-0.368276,5.239100,5.018750,3.731857,3.754974,38.902302,0.04227874,4.100132,,CO2 below target; MFC adding CO2
2026-05-06 14:03:10,9619.9,447.596,447.473,450.000,2.527,14.344500,100.754000,51.500200,0.719055,18.000000,96.976664,-0.00260680,0.04015930,-0.252799,5.054100,5.237500,3.894515,3.920170,38.944999,0.04276611,4.147315,,CO2 below target; MFC adding CO2
2026-05-06 14:03:21,9630.9,447.461,447.583,450.000,2.417,14.337800,100.751000,51.505200,0.714874,18.000000,96.973776,0.00124162,0.03881862,0.120404,4.834900,5.062500,3.764388,3.782025,38.986451,0.03757700,3.643984,,CO2 below target; MFC adding CO2
2026-05-06 14:03:32,9641.9,447.440,447.532,450.000,2.468,14.332900,100.756000,51.506800,0.714163,18.000000,96.978589,0.00190759,0.03694774,0.184996,4.935000,4.818750,3.583140,3.612334,39.026116,0.03504015,3.398144,,CO2 below target; MFC adding CO2
2026-05-06 14:03:43,9652.9,447.696,447.563,450.000,2.437,14.336900,100.754000,51.503500,0.713498,18.000000,96.976664,0.00251516,0.03795486,0.243912,4.874500,4.950000,3.680735,3.709497,39.066504,0.03543970,3.436824,,CO2 below target; MFC adding CO2
2026-05-06 14:03:54,9663.9,447.617,447.601,450.000,2.399,14.327300,100.752000,51.500200,0.719921,18.000000,96.974739,0.00185829,0.03666167,0.180207,4.797400,4.781250,3.555256,3.528996,39.110079,0.03480338,3.375049,,CO2 below target; MFC adding CO2
2026-05-06 14:04:04,9673.9,447.256,447.536,450.000,2.464,14.336200,100.755000,51.498500,0.715207,18.000000,96.977626,-0.00164605,0.03675642,-0.159630,4.927000,4.793750,3.564550,3.573353,39.145655,0.03840247,3.724181,,CO2 below target; MFC adding CO2
2026-05-06 14:04:15,9684.9,447.556,447.414,450.000,2.586,14.339100,100.754000,51.510200,0.716842,18.000000,96.976664,-0.00195114,0.03776316,-0.189215,5.171700,4.925000,3.662146,3.688758,39.185855,0.03971431,3.851361,,CO2 below target; MFC adding CO2
2026-05-06 14:04:26,9695.9,447.176,447.444,450.000,2.556,14.331100,100.755000,51.506800,0.720152,18.000000,96.977626,-0.00300667,0.03963176,-0.291579,5.112500,5.168750,3.843394,3.876794,39.228010,0.04263843,4.134973,,CO2 below target; MFC adding CO2
2026-05-06 14:04:37,9706.9,447.620,447.433,450.000,2.567,14.333200,100.755000,51.506800,0.717871,18.000000,96.977626,-0.00293045,0.03920046,-0.284188,5.134000,5.112500,3.801567,3.832545,39.269873,0.04213091,4.085755,,CO2 below target; MFC adding CO2
2026-05-06 14:04:48,9717.9,447.378,447.439,450.000,2.561,14.332800,100.753000,51.506800,0.715171,18.000000,96.975701,-0.00186871,0.03948878,-0.181220,5.122100,5.150000,3.829452,3.857944,39.311878,0.04135749,4.010672,,CO2 below target; MFC adding CO2
2026-05-06 14:04:59,9728.9,447.382,447.467,450.000,2.533,14.320100,100.754000,51.498500,0.713144,18.000000,96.976664,0.00230271,0.03929669,0.223309,5.066000,5.125000,3.810862,3.839847,39.353813,0.03699398,3.587553,,CO2 below target; MFC adding CO2
2026-05-06 14:05:10,9739.9,447.525,447.525,450.000,2.475,14.334800,100.754000,51.510200,0.710695,18.000000,96.976664,0.00367138,0.03891331,0.356038,4.950600,5.075000,3.773683,3.784714,39.395292,0.03524193,3.417645,,CO2 below target; MFC adding CO2
2026-05-06 14:05:21,9750.9,447.515,447.568,450.000,2.432,14.332100,100.751000,51.505200,0.719299,18.000000,96.973776,0.00320421,0.03704543,0.310724,4.864900,4.831250,3.592435,3.631029,39.441653,0.03384122,3.281711,,CO2 below target; MFC adding CO2
2026-05-06 14:05:32,9761.9,446.993,447.464,450.000,2.536,14.330300,100.754000,51.500200,0.714328,18.000000,96.976664,-0.00060538,0.03718809,-0.058708,5.072100,4.850000,3.606377,3.644205,39.481301,0.03779347,3.665084,,CO2 below target; MFC adding CO2
2026-05-06 14:05:43,9772.9,446.746,447.415,450.000,2.585,14.332600,100.756000,51.508500,0.716040,18.000000,96.978589,-0.00213410,0.03881670,-0.206962,5.170400,5.062500,3.764388,3.794930,39.522717,0.04095079,3.971350,,CO2 below target; MFC adding CO2
2026-05-06 14:05:54,9783.9,447.522,447.481,450.000,2.519,14.335200,100.754000,51.501900,0.719388,18.000000,96.976664,-0.00239392,0.03963215,-0.232154,5.038000,5.168750,3.843394,3.864311,39.564910,0.04202607,4.075548,,CO2 below target; MFC adding CO2
2026-05-06 14:06:05,9794.9,447.575,447.525,450.000,2.475,14.323800,100.753000,51.501800,0.717479,18.000000,96.975701,0.00041216,0.03853031,0.039969,4.950500,5.025000,3.736504,3.784559,39.606165,0.03811815,3.696535,,CO2 below target; MFC adding CO2
2026-05-06 14:06:16,9805.9,447.344,447.552,450.000,2.448,14.325900,100.756000,51.508500,0.717056,18.000000,96.978589,0.00190179,0.03790618,0.184432,4.896000,4.943750,3.676088,3.708993,39.646709,0.03600439,3.491655,,CO2 below target; MFC adding CO2
2026-05-06 14:06:27,9816.9,447.470,447.588,450.000,2.412,14.324900,100.755000,51.501900,0.716748,18.000000,96.977626,0.00310418,0.03747526,0.301036,4.823200,4.887500,3.634261,3.663682,39.686742,0.03437108,3.333225,,CO2 below target; MFC adding CO2
2026-05-06 14:06:38,9827.9,447.568,447.548,450.000,2.452,14.329300,100.759000,51.506800,0.716313,18.000000,96.981476,0.00109996,0.04729745,0.106676,4.903200,6.168750,4.586977,4.697606,39.748552,0.04619749,4.480301,,CO2 below target; MFC adding CO2
2026-05-06 14:06:49,9838.9,447.858,447.476,450.000,2.524,14.331200,100.758000,51.506900,0.717467,18.000000,96.980514,-0.00084596,0.03742622,-0.082042,5.047300,4.881250,3.629614,3.679827,39.778525,0.03827218,3.711656,,CO2 below target; MFC adding CO2
2026-05-06 14:07:00,9849.9,447.726,447.483,450.000,2.517,14.333600,100.752000,51.508500,0.717737,18.000000,96.974739,-0.00238547,0.03867447,-0.231330,5.034300,5.043750,3.750446,3.783694,39.819679,0.04105994,3.981777,,CO2 below target; MFC adding CO2
2026-05-06 14:07:11,9860.9,447.061,447.457,450.000,2.543,14.331400,100.753000,51.508500,0.715786,18.000000,96.975701,-0.00371454,0.03848239,-0.360220,5.085200,5.018750,3.731857,3.764102,39.860812,0.04219693,4.092077,,CO2 below target; MFC adding CO2
2026-05-06 14:07:22,9871.9,447.311,447.322,450.000,2.678,14.337600,100.756000,51.498500,0.718540,18.000000,96.978589,-0.00407935,0.03905630,-0.395609,5.356900,5.093750,3.787625,3.808716,39.902405,0.04313565,4.183235,,CO2 below target; MFC adding CO2
2026-05-06 14:07:33,9882.9,447.044,447.373,450.000,2.627,14.338800,100.756000,51.508500,0.722164,18.000000,96.978589,-0.00299111,0.04102110,-0.290074,5.254900,5.350000,3.978168,4.019881,39.946101,0.04401221,4.268242,,CO2 below target; MFC adding CO2
2026-05-06 14:07:44,9893.9,447.662,447.510,450.000,2.490,14.339300,100.757000,51.501800,0.715665,18.000000,96.979551,0.00218073,0.04030187,0.211486,4.980700,5.256250,3.908458,3.925457,39.989133,0.03812114,3.696971,,CO2 below target; MFC adding CO2
2026-05-06 14:07:55,9904.9,447.666,447.548,450.000,2.452,14.331300,100.753000,51.501800,0.719721,18.000000,96.975701,0.00291515,0.03819485,0.282699,4.904400,4.981250,3.703972,3.725095,40.029991,0.03527970,3.421273,,CO2 below target; MFC adding CO2
2026-05-06 14:08:06,9915.9,447.399,447.516,450.000,2.484,14.336200,100.756000,51.510200,0.715150,18.000000,96.978589,0.00354607,0.04964703,0.343892,4.968600,6.475000,4.814699,4.929019,40.084327,0.04610097,4.470807,,CO2 below target; MFC adding CO2
2026-05-06 14:08:17,9926.9,447.505,447.503,450.000,2.497,14.359900,100.757000,51.500200,0.718032,18.000000,96.979551,0.00242699,0.03790580,0.235369,4.994100,4.943750,3.676088,3.714361,40.114072,0.03547881,3.440719,,CO2 below target; MFC adding CO2
2026-05-06 14:08:28,9937.9,447.410,447.505,450.000,2.495,14.333500,100.757000,51.501900,0.719331,18.000000,96.979551,-0.00059381,0.03809749,-0.057588,4.989300,4.968750,3.694677,3.728964,40.154831,0.03869130,3.752265,,CO2 below target; MFC adding CO2
2026-05-06 14:08:39,9948.9,447.713,447.418,450.000,2.582,14.333800,100.758000,51.501900,0.716703,18.000000,96.980514,-0.00223865,0.03814503,-0.217106,5.163800,4.975000,3.699325,3.725683,40.195591,0.04038368,3.916430,,CO2 below target; MFC adding CO2
2026-05-06 14:08:50,9959.9,447.335,447.409,450.000,2.591,14.332800,100.759000,51.505200,0.717497,18.000000,96.981476,-0.00413442,0.03963019,-0.400962,5.182500,5.168750,3.843394,3.858897,40.237752,0.04376461,4.244356,,CO2 below target; MFC adding CO2
2026-05-06 14:09:01,9970.9,447.599,447.413,450.000,2.587,14.332700,100.756000,51.506800,0.713792,18.000000,96.978589,-0.00274298,0.03963137,-0.266010,5.174000,5.168750,3.843394,3.886470,40.280129,0.04237434,4.109404,,CO2 below target; MFC adding CO2
2026-05-06 14:09:12,9981.9,447.552,447.477,450.000,2.523,14.332400,100.757000,51.498500,0.714075,18.000000,96.979551,0.00091358,0.03967889,0.088599,5.047000,5.175000,3.848041,3.876832,40.322479,0.03876531,3.759443,,CO2 below target; MFC adding CO2
2026-05-06 14:09:23,9992.9,447.314,447.559,450.000,2.441,14.339000,100.757000,51.508500,0.717878,18.000000,96.979551,0.00355379,0.03881631,0.344645,4.881800,5.062500,3.764388,3.791048,40.363887,0.03526252,3.419743,,CO2 below target; MFC adding CO2
2026-05-06 14:09:34,10003.9,447.727,447.566,450.000,2.434,14.335000,100.753000,51.503500,0.716317,18.000000,96.975701,0.00438696,0.02755588,0.425429,4.868900,3.593750,2.672251,2.740557,40.424121,0.02316892,2.246822,,CO2 below target; MFC adding CO2
2026-05-06 14:09:45,10014.9,447.190,447.493,450.000,2.507,14.336500,100.756000,51.503500,0.715221,18.000000,96.978589,0.00022482,0.03728320,0.021803,5.014400,4.862500,3.615672,3.569244,40.454430,0.03705838,3.593869,,CO2 below target; MFC adding CO2
2026-05-06 14:09:55,10024.9,447.383,447.307,450.000,2.693,14.334800,100.754000,51.506800,0.720633,18.000000,96.976664,-0.00511260,0.03833824,-0.495803,5.386100,5.000000,3.717914,3.744066,40.491639,0.04345084,4.213717,,CO2 below target; MFC adding CO2
2026-05-06 14:10:06,10035.9,447.486,447.474,450.000,2.526,14.328600,100.755000,51.501900,0.716639,18.000000,96.977626,0.00013698,0.04135696,0.013284,5.051900,5.393750,4.010700,4.039933,40.535535,0.04121998,3.997416,,CO2 below target; MFC adding CO2
2026-05-06 14:10:17,10046.9,447.497,447.526,450.000,2.474,14.334900,100.757000,51.505200,0.711554,18.000000,96.979551,-0.00041913,0.03876839,-0.040647,4.948600,5.056250,3.759741,3.780472,40.577014,0.03918752,3.800388,,CO2 below target; MFC adding CO2
2026-05-06 14:10:28,10057.9,447.549,447.449,450.000,2.551,14.337200,100.756000,51.501900,0.715412,18.000000,96.978589,0.00055501,0.03800202,0.053824,5.101100,4.956250,3.685383,3.714318,40.617602,0.03744702,3.631559,,CO2 below target; MFC adding CO2
2026-05-06 14:10:39,10068.9,447.647,447.473,450.000,2.527,14.332900,100.755000,51.505200,0.717338,18.000000,96.977626,0.00331408,0.03915254,0.321391,5.055000,5.106250,3.796920,3.830990,40.659248,0.03583846,3.475529,,CO2 below target; MFC adding CO2
2026-05-06 14:10:50,10079.9,447.944,447.649,450.000,2.351,14.363600,100.756000,51.510200,0.714791,18.000000,96.978589,0.00336822,0.03886462,0.326646,4.701300,5.068750,3.769036,3.781238,40.700638,0.03549639,3.442390,,CO2 below target; MFC adding CO2
2026-05-06 14:11:01,10090.9,447.443,447.697,450.000,2.303,14.330000,100.757000,51.503500,0.715626,18.000000,96.979551,0.00436143,0.08611470,0.422969,4.606700,11.231250,8.351365,8.190796,40.750745,0.08175328,7.928396,,CO2 below target; MFC adding CO2
2026-05-06 14:11:12,10101.9,447.613,447.577,450.000,2.423,14.346900,100.753000,51.510200,0.714685,18.000000,96.975701,0.00235870,0.03493607,0.228736,4.845900,4.556250,3.387949,3.421888,40.782443,0.03257737,3.159213,,CO2 below target; MFC adding CO2
2026-05-06 14:11:23,10112.9,447.539,447.462,450.000,2.538,14.342100,100.755000,51.508500,0.715512,18.000000,96.977626,-0.00050843,0.03704395,-0.049306,5.075700,4.831250,3.592435,3.624533,40.821816,0.03755238,3.641741,,CO2 below target; MFC adding CO2
2026-05-06 14:11:34,10123.9,447.298,447.476,450.000,2.524,14.334700,100.757000,51.501900,0.717505,18.000000,96.979551,-0.00555599,0.03886423,-0.538818,5.047500,5.068750,3.769036,3.800921,40.863222,0.04442023,4.307854,,CO2 below target; MFC adding CO2
2026-05-06 14:11:45,10134.9,447.527,447.476,450.000,2.524,14.340000,100.757000,51.503500,0.715120,18.000000,96.979551,-0.00473781,0.03876839,-0.459471,5.047100,5.056250,3.759741,3.783393,40.904567,0.04350620,4.219212,,CO2 below target; MFC adding CO2
2026-05-06 14:11:56,10145.9,447.677,447.560,450.000,2.440,14.341600,100.755000,51.505200,0.715331,18.000000,96.977626,-0.00091401,0.03872124,-0.088638,4.880400,5.050000,3.755094,3.774907,40.945919,0.03963524,3.843732,,CO2 below target; MFC adding CO2
2026-05-06 14:12:07,10156.9,447.452,447.530,450.000,2.470,14.337400,100.755000,51.505200,0.717636,18.000000,96.977626,0.00103695,0.03733149,0.100561,4.940700,4.868750,3.620319,3.657946,40.985922,0.03629454,3.519759,,CO2 below target; MFC adding CO2
2026-05-06 14:12:18,10167.9,447.342,447.507,450.000,2.493,14.337100,100.758000,51.503500,0.714697,18.000000,96.980514,0.00152864,0.03785751,0.148248,4.985500,4.937500,3.671440,3.709490,41.026347,0.03632887,3.523192,,CO2 below target; MFC adding CO2
2026-05-06 14:12:29,10178.9,448.843,447.602,450.000,2.398,14.335100,100.752000,51.505200,0.721513,18.000000,96.974739,0.00362772,0.03824315,0.351797,4.795300,4.987500,3.708620,3.737531,41.067135,0.03461543,3.356822,,CO2 below target; MFC adding CO2
2026-05-06 14:12:40,10189.9,447.418,447.501,450.000,2.499,14.343400,100.757000,51.506900,0.717389,18.000000,96.979551,-0.00038841,0.00349826,-0.037668,4.998000,0.456250,0.339260,0.192233,41.115172,0.00388667,0.376928,,CO2 below target; MFC adding CO2
2026-05-06 14:12:51,10200.9,447.140,447.274,450.000,2.726,14.340300,100.754000,51.500200,0.718299,18.000000,96.976664,-0.00504367,0.03829032,-0.489118,5.451200,4.993750,3.713267,3.744985,41.152270,0.04333399,4.202386,,CO2 below target; MFC adding CO2
2026-05-06 14:13:02,10211.9,447.633,447.315,450.000,2.685,14.330000,100.755000,51.508500,0.718984,18.000000,96.977626,-0.00382650,0.04178826,-0.371085,5.370400,5.450000,4.052527,4.078311,41.196610,0.04561476,4.423611,,CO2 below target; MFC adding CO2
2026-05-06 14:13:13,10222.9,447.492,447.444,450.000,2.556,14.335700,100.756000,51.500200,0.719277,18.000000,96.978589,-0.00289731,0.04116487,-0.280977,5.112300,5.368750,3.992111,4.022284,41.240556,0.04406218,4.273088,,CO2 below target; MFC adding CO2
2026-05-06 14:13:24,10233.9,447.384,447.513,450.000,2.487,14.327000,100.756000,51.500200,0.715413,18.000000,96.978589,0.00147607,0.03929591,0.143147,4.973200,5.125000,3.810862,3.832483,41.282512,0.03781985,3.667715,,CO2 below target; MFC adding CO2
2026-05-06 14:13:35,10244.9,447.194,447.570,450.000,2.430,14.335100,100.755000,51.503500,0.714587,18.000000,96.977626,0.00624468,0.03814617,0.605595,4.859400,4.975000,3.699325,3.669169,41.323235,0.03190149,3.093730,,CO2 below target; MFC adding CO2
2026-05-06 14:13:45,10254.9,448.057,447.458,450.000,2.542,14.346200,100.755000,51.510200,0.716070,18.000000,96.977626,0.00295010,0.03728357,0.286094,5.084500,4.862500,3.615672,3.651511,41.359496,0.03433347,3.329578,,CO2 below target; MFC adding CO2
2026-05-06 14:13:56,10265.9,447.507,447.479,450.000,2.521,14.329200,100.754000,51.508500,0.718522,18.000000,96.976664,-0.00013750,0.03900916,-0.013334,5.041900,5.087500,3.782978,3.806197,41.401013,0.03914666,3.796312,,CO2 below target; MFC adding CO2
2026-05-06 14:14:07,10276.9,447.394,447.536,450.000,2.464,14.326600,100.757000,51.510200,0.718013,18.000000,96.979551,-0.00009114,0.02587754,-0.008839,4.927600,3.375000,2.509592,2.572737,41.457377,0.02596868,2.518431,,CO2 below target; MFC adding CO2
2026-05-06 14:14:18,10287.9,446.875,447.527,450.000,2.473,14.345800,100.756000,51.500200,0.716175,18.000000,96.978589,-0.00175529,0.03761865,-0.170225,4.946200,4.906250,3.648204,3.686591,41.490654,0.03937394,3.818429,,CO2 below target; MFC adding CO2
2026-05-06 14:14:29,10298.9,447.681,447.511,450.000,2.489,14.327500,100.754000,51.511800,0.718425,18.000000,96.976664,-0.00036957,0.03785901,-0.035840,4.978800,4.937500,3.671440,3.697773,41.531043,0.03822858,3.707281,,CO2 below target; MFC adding CO2
2026-05-06 14:14:40,10309.9,447.450,447.448,450.000,2.552,14.331000,100.756000,51.510200,0.712222,18.000000,96.978589,-0.00210918,0.03800202,-0.204545,5.104300,4.956250,3.685383,3.733661,41.571742,0.04011120,3.889928,,CO2 below target; MFC adding CO2
2026-05-06 14:14:51,10320.9,447.297,447.433,450.000,2.567,14.336500,100.754000,51.503500,0.716462,18.000000,96.976664,-0.00324330,0.03920085,-0.314525,5.133000,5.112500,3.801567,3.830231,41.613491,0.04244415,4.116092,,CO2 below target; MFC adding CO2
2026-05-06 14:15:02,10331.9,448.341,447.442,450.000,2.558,14.328600,100.756000,51.510200,0.715783,18.000000,96.978589,-0.00037495,0.03929591,-0.036362,5.115700,5.125000,3.810862,3.844473,41.655482,0.03967087,3.847225,,CO2 below target; MFC adding CO2
2026-05-06 14:15:13,10342.9,447.481,447.494,450.000,2.506,14.329900,100.759000,51.505200,0.717663,18.000000,96.981476,0.00098271,0.03924682,0.095304,5.011700,5.118750,3.806215,3.830119,41.697361,0.03826412,3.710911,,CO2 below target; MFC adding CO2
2026-05-06 14:15:24,10353.9,447.477,447.417,450.000,2.583,14.332800,100.757000,51.510200,0.715289,18.000000,96.979551,0.00025236,0.03843294,0.024474,5.165800,5.012500,3.727209,3.751873,41.738390,0.03818058,3.702735,,CO2 below target; MFC adding CO2
2026-05-06 14:15:35,10364.9,447.544,447.513,450.000,2.487,14.329200,100.753000,51.503500,0.716440,18.000000,96.975701,0.00256986,0.00206070,0.249214,4.974400,0.268750,0.199838,0.234138,41.784566,-0.00050916,-0.049376,,CO2 below target; MFC adding CO2
2026-05-06 14:15:46,10375.9,447.433,447.523,450.000,2.477,14.330500,100.755000,51.510200,0.715777,18.000000,96.977626,0.00216305,0.03805032,0.209767,4.953200,4.962500,3.690030,3.718369,41.823716,0.03588727,3.480263,,CO2 below target; MFC adding CO2
2026-05-06 14:15:57,10386.9,447.422,447.598,450.000,2.402,14.330500,100.756000,51.508500,0.714421,18.000000,96.978589,0.00242609,0.03785826,0.235279,4.803500,4.937500,3.671440,3.720457,41.864272,0.03543216,3.436161,,CO2 below target; MFC adding CO2
2026-05-06 14:16:08,10397.9,447.291,447.514,450.000,2.486,14.341400,100.759000,51.508500,0.714257,18.000000,96.981476,0.00042289,0.03685080,0.041013,4.972300,4.806250,3.573845,3.604490,41.903671,0.03642791,3.532832,,CO2 below target; MFC adding CO2
2026-05-06 14:16:19,10408.9,447.529,447.402,450.000,2.598,14.338200,100.756000,51.506800,0.715175,18.000000,96.978589,-0.00301785,0.03824163,-0.292667,5.195700,4.987500,3.708620,3.740022,41.944322,0.04125948,4.001287,,CO2 below target; MFC adding CO2
2026-05-06 14:16:30,10419.9,447.401,447.439,450.000,2.561,14.335700,100.756000,51.500200,0.716199,18.000000,96.978589,-0.00335150,0.03967929,-0.325024,5.122400,5.175000,3.848041,3.884752,41.986667,0.04303079,4.173065,,CO2 below target; MFC adding CO2
2026-05-06 14:16:41,10430.9,447.800,447.531,450.000,2.469,14.332600,100.753000,51.503500,0.715914,18.000000,96.975701,-0.00047942,0.03929708,-0.046492,4.937800,5.125000,3.810862,3.836250,42.028608,0.03977651,3.857355,,CO2 below target; MFC adding CO2
2026-05-06 14:16:52,10441.9,447.652,447.674,450.000,2.326,14.331500,100.757000,51.505200,0.713243,18.000000,96.979551,0.00414993,0.03790580,0.402458,4.651000,4.943750,3.676088,3.701228,42.069069,0.03375587,3.273630,,CO2 below target; MFC adding CO2
2026-05-06 14:17:03,10452.9,447.551,447.641,450.000,2.359,14.343600,100.758000,51.505200,0.717005,18.000000,96.980514,0.00414089,0.03474265,0.401586,4.718400,4.531250,3.369360,3.381460,42.110143,0.03060175,2.967774,,CO2 below target; MFC adding CO2
2026-05-06 14:17:14,10463.9,447.484,447.478,450.000,2.522,14.339800,100.755000,51.500200,0.714510,18.000000,96.977626,0.00105349,0.03622928,0.102165,5.043900,4.725000,3.513429,3.540113,42.148539,0.03517578,3.411264,,CO2 below target; MFC adding CO2
2026-05-06 14:17:25,10474.9,447.183,447.425,450.000,2.575,14.342700,100.755000,51.505200,0.720317,18.000000,96.977626,-0.00349189,0.03862539,-0.338635,5.150500,5.037500,3.745799,3.789394,42.189648,0.04211728,4.084434,,CO2 below target; MFC adding CO2
2026-05-06 14:17:36,10485.9,447.927,447.498,450.000,2.502,14.338700,100.759000,51.505200,0.713915,18.000000,96.981476,-0.00333919,0.03943851,-0.323839,5.003600,5.143750,3.824804,3.853345,42.231740,0.04277769,4.148644,,CO2 below target; MFC adding CO2
2026-05-06 14:17:47,10496.9,447.593,447.506,450.000,2.494,14.331000,100.759000,51.506800,0.716497,18.000000,96.981476,-0.00209809,0.03833634,-0.203476,4.988500,5.000000,3.717914,3.759149,42.272758,0.04043443,3.921390,,CO2 below target; MFC adding CO2
2026-05-06 14:17:58,10507.9,447.493,447.514,450.000,2.486,14.345400,100.757000,51.511800,0.717705,18.000000,96.979551,0.00224806,0.03828918,0.218016,4.971900,4.993750,3.713267,3.738631,42.313583,0.03604111,3.495251,,CO2 below target; MFC adding CO2
2026-05-06 14:18:09,10518.9,447.324,447.478,450.000,2.522,14.337400,100.756000,51.511800,0.719242,18.000000,96.978589,0.00113481,0.03819371,0.110052,5.044800,4.981250,3.703972,3.735426,42.354317,0.03705890,3.593920,,CO2 below target; MFC adding CO2
2026-05-06 14:18:20,10529.9,447.550,447.537,450.000,2.463,14.335900,100.757000,51.506800,0.716397,18.000000,96.979551,0.00215304,0.08175386,0.208800,4.925300,10.662500,7.928452,8.118708,42.405530,0.07960082,7.719652,,CO2 below target; MFC adding CO2
2026-05-06 14:18:31,10540.9,447.356,447.614,450.000,2.386,14.333500,100.756000,51.501800,0.719248,18.000000,96.978589,0.00086357,0.03757073,0.083748,4.772700,4.900000,3.643556,3.669725,42.438555,0.03670715,3.559808,,CO2 below target; MFC adding CO2
2026-05-06 14:18:42,10551.9,447.437,447.552,450.000,2.448,14.338400,100.758000,51.506900,0.718866,18.000000,96.980514,0.00052934,0.03661156,0.051336,4.896400,4.775000,3.550608,3.579147,42.477623,0.03608222,3.499273,,CO2 below target; MFC adding CO2
2026-05-06 14:18:53,10562.9,447.419,447.440,450.000,2.560,14.337900,100.760000,51.503500,0.716373,18.000000,96.982439,-0.00229401,0.03742548,-0.222479,5.120600,4.881250,3.629614,3.590083,42.517494,0.03971949,3.852093,,CO2 below target; MFC adding CO2
2026-05-06 14:19:03,10572.9,447.643,447.378,450.000,2.622,14.345000,100.760000,51.500200,0.716501,18.000000,96.982439,-0.00417197,0.03924643,-0.404608,5.244700,5.118750,3.806215,3.825190,42.555460,0.04341840,4.210823,,CO2 below target; MFC adding CO2
2026-05-06 14:19:14,10583.9,446.892,447.382,450.000,2.618,14.340700,100.758000,51.503500,0.718230,18.000000,96.980514,-0.00552865,0.04025355,-0.536172,5.236000,5.250000,3.903810,3.913879,42.598298,0.04578220,4.439982,,CO2 below target; MFC adding CO2
2026-05-06 14:19:25,10594.9,447.505,447.487,450.000,2.513,14.329500,100.759000,51.500200,0.712084,18.000000,96.981476,0.00015765,0.04006147,0.015289,5.026000,5.225000,3.885221,3.912471,42.641111,0.03990382,3.869931,,CO2 below target; MFC adding CO2
2026-05-06 14:19:36,10605.9,447.398,447.553,450.000,2.447,14.332500,100.756000,51.500200,0.717213,18.000000,96.978589,0.00224998,0.03848124,0.218200,4.893400,5.018750,3.731857,3.758069,42.682296,0.03623127,3.513657,,CO2 below target; MFC adding CO2
2026-05-06 14:19:47,10616.9,447.373,447.490,450.000,2.510,14.337300,100.757000,51.511800,0.716719,18.000000,96.979551,0.00211519,0.03752243,0.205130,5.021000,4.893750,3.638909,3.672686,42.722388,0.03540724,3.433778,,CO2 below target; MFC adding CO2
2026-05-06 14:19:58,10627.9,447.271,447.527,450.000,2.473,14.342000,100.754000,51.503500,0.719936,18.000000,96.976664,0.00214041,0.03766732,0.207570,4.946700,4.912500,3.652851,3.679828,42.764985,0.03552691,3.445281,,CO2 below target; MFC adding CO2
2026-05-06 14:20:09,10638.9,447.814,447.535,450.000,2.465,14.326600,100.756000,51.496900,0.715740,18.000000,96.978589,0.00175668,0.03781034,0.170361,4.930300,4.931250,3.666793,3.693460,42.805303,0.03605365,3.496432,,CO2 below target; MFC adding CO2
2026-05-06 14:20:20,10649.9,447.394,447.439,450.000,2.561,14.335500,100.756000,51.505200,0.716293,18.000000,96.978589,-0.00137000,0.03790618,-0.132860,5.121400,4.943750,3.676088,3.689979,42.845593,0.03927618,3.808948,,CO2 below target; MFC adding CO2
2026-05-06 14:20:31,10660.9,447.208,447.407,450.000,2.593,14.335700,100.755000,51.513500,0.716745,18.000000,96.977626,-0.00153390,0.03915254,-0.148754,5.185900,5.106250,3.796920,3.835478,42.887372,0.04068644,3.945674,,CO2 below target; MFC adding CO2
2026-05-06 14:20:42,10671.9,447.331,447.421,450.000,2.579,14.333300,100.760000,51.513500,0.717947,18.000000,96.982439,-0.00320748,0.03972563,-0.311069,5.158400,5.181250,3.852689,3.895869,42.929823,0.04293311,4.163758,,CO2 below target; MFC adding CO2
2026-05-06 14:20:53,10682.9,447.214,447.391,450.000,2.609,14.336700,100.757000,51.506900,0.716415,18.000000,96.979551,-0.00275682,0.03953513,-0.267355,5.217200,5.156250,3.834099,3.853734,42.972030,0.04229195,4.101455,,CO2 below target; MFC adding CO2
2026-05-06 14:21:04,10693.9,447.427,447.529,450.000,2.471,14.338400,100.757000,51.510100,0.716284,18.000000,96.979551,0.00072294,0.04011019,0.070110,4.942000,5.231250,3.889868,3.909210,43.014707,0.03938725,3.819758,,CO2 below target; MFC adding CO2
2026-05-06 14:21:15,10704.9,447.898,447.614,450.000,2.386,14.341300,100.757000,51.503500,0.718695,18.000000,96.979551,0.00447590,0.03785788,0.434071,4.771900,4.937500,3.671440,3.685899,43.055268,0.03338198,3.237370,,CO2 below target; MFC adding CO2
2026-05-06 14:21:26,10715.9,447.712,447.612,450.000,2.388,14.337600,100.758000,51.505200,0.714565,18.000000,96.980514,0.00541935,0.03598859,0.525571,4.776000,4.693750,3.490192,3.517777,43.100337,0.03056924,2.964621,,CO2 below target; MFC adding CO2
2026-05-06 14:21:37,10726.9,447.602,447.548,450.000,2.452,14.329200,100.757000,51.508500,0.716782,18.000000,96.979551,0.00166625,0.03661193,0.161592,4.904200,4.775000,3.550608,3.564053,43.139280,0.03494568,3.389016,,CO2 below target; MFC adding CO2
2026-05-06 14:21:48,10737.8,447.234,447.473,450.000,2.527,14.331300,100.757000,51.503500,0.718858,18.000000,96.979551,-0.00269404,0.03766620,-0.261267,5.054200,4.912500,3.652851,3.614372,43.179267,0.04036024,3.914118,,CO2 below target; MFC adding CO2
2026-05-06 14:21:58,10747.9,447.497,447.403,450.000,2.597,14.340200,100.753000,51.508500,0.718105,18.000000,96.975701,-0.00570230,0.03876993,-0.552984,5.193500,5.056250,3.759741,3.781732,43.216804,0.04447223,4.312725,,CO2 below target; MFC adding CO2
2026-05-06 14:22:09,10758.9,447.575,447.434,450.000,2.566,14.340200,100.756000,51.510200,0.720699,18.000000,96.978589,-0.00345780,0.03982305,-0.335332,5.132000,5.193750,3.861984,3.888318,43.259214,0.04328085,4.197316,,CO2 below target; MFC adding CO2
2026-05-06 14:22:20,10769.9,447.477,447.460,450.000,2.540,14.334000,100.757000,51.508500,0.716425,18.000000,96.979551,-0.00246499,0.03929552,-0.239054,5.079900,5.125000,3.810862,3.832302,43.301223,0.04176052,4.049916,,CO2 below target; MFC adding CO2
2026-05-06 14:22:31,10780.9,447.362,447.441,450.000,2.559,14.332900,100.759000,51.501800,0.715348,18.000000,96.981476,0.00053132,0.03900722,0.051528,5.117700,5.087500,3.782978,3.807491,43.342815,0.03847590,3.731449,,CO2 below target; MFC adding CO2
2026-05-06 14:22:42,10791.9,448.249,447.494,450.000,2.506,14.333000,100.755000,51.503500,0.719550,18.000000,96.977626,0.00164919,0.03929630,0.159935,5.013000,5.125000,3.810862,3.831259,43.384695,0.03764711,3.650928,,CO2 below target; MFC adding CO2
2026-05-06 14:22:53,10802.9,447.088,447.467,450.000,2.533,14.328700,100.758000,51.506800,0.713992,18.000000,96.980514,0.00132302,0.03780959,0.128308,5.066800,4.931250,3.666793,3.684037,43.437016,0.03648656,3.538486,,CO2 below target; MFC adding CO2
2026-05-06 14:23:04,10813.9,447.469,447.418,450.000,2.582,14.333200,100.754000,51.511800,0.719749,18.000000,96.976664,-0.00076343,0.03881747,-0.074035,5.163100,5.062500,3.764388,3.798580,43.478270,0.03958090,3.838423,,CO2 below target; MFC adding CO2
2026-05-06 14:23:15,10824.9,447.535,447.452,450.000,2.548,14.336000,100.756000,51.506800,0.715256,18.000000,96.978589,0.00058381,0.03967929,0.056617,5.095600,5.175000,3.848041,3.879598,43.520440,0.03909548,3.791424,,CO2 below target; MFC adding CO2
2026-05-06 14:23:26,10835.9,447.506,447.428,450.000,2.572,14.348200,100.756000,51.511800,0.716361,18.000000,96.978589,-0.00072039,0.03900838,-0.069862,5.143400,5.087500,3.782978,3.809800,43.562118,0.03972877,3.852840,,CO2 below target; MFC adding CO2
2026-05-06 14:23:37,10846.9,447.578,447.495,450.000,2.505,14.330600,100.757000,51.508500,0.721980,18.000000,96.979551,0.00024958,0.03948721,0.024204,5.010300,5.150000,3.829452,3.863918,43.604194,0.03923763,3.805248,,CO2 below target; MFC adding CO2
2026-05-06 14:23:48,10857.9,447.264,447.575,450.000,2.425,14.334100,100.757000,51.498500,0.716655,18.000000,96.979551,0.00383143,0.03843294,0.371570,4.849400,5.012500,3.727209,3.757178,43.645266,0.03460151,3.355639,,CO2 below target; MFC adding CO2
2026-05-06 14:23:59,10868.9,447.499,447.546,450.000,2.454,14.330300,100.758000,51.498500,0.717736,18.000000,96.980514,0.00164977,0.03723454,0.159995,4.908100,4.856250,3.611024,3.642885,43.685072,0.03558477,3.451029,,CO2 below target; MFC adding CO2
2026-05-06 14:24:10,10879.9,447.368,447.555,450.000,2.445,14.332500,100.758000,51.511800,0.718972,18.000000,96.980514,0.00336830,0.03761790,0.326660,4.889300,4.906250,3.648204,3.677588,43.725150,0.03424960,3.321544,,CO2 below target; MFC adding CO2
2026-05-06 14:24:21,10890.9,447.206,447.560,450.000,2.440,14.342200,100.757000,51.511800,0.715454,18.000000,96.979551,0.00060820,0.03699530,0.058983,4.879700,4.825000,3.587787,3.623065,43.773434,0.03638709,3.528804,,CO2 below target; MFC adding CO2
2026-05-06 14:24:32,10901.9,447.547,447.546,450.000,2.454,14.338300,100.755000,51.505200,0.715666,18.000000,96.977626,-0.00001894,0.03733149,-0.001837,4.907900,4.868750,3.620319,3.655885,43.813235,0.03735043,3.622156,,CO2 below target; MFC adding CO2
2026-05-06 14:24:43,10912.9,447.091,447.381,450.000,2.619,14.337500,100.755000,51.505200,0.719993,18.000000,96.977626,-0.00414367,0.03757110,-0.401843,5.238500,4.900000,3.643556,3.679525,43.853386,0.04171477,4.045399,,CO2 below target; MFC adding CO2
2026-05-06 14:24:54,10923.9,447.368,447.368,450.000,2.632,14.338700,100.754000,51.501900,0.718812,18.000000,96.976664,-0.00449513,0.04006346,-0.435923,5.263800,5.225000,3.885221,3.915631,43.896030,0.04455859,4.321143,,CO2 below target; MFC adding CO2
2026-05-06 14:25:05,10934.9,447.469,447.377,450.000,2.623,14.345800,100.756000,51.506800,0.720752,18.000000,96.978589,-0.00471773,0.04035019,-0.457518,5.246100,5.262500,3.913105,3.950956,43.939074,0.04506792,4.370623,,CO2 below target; MFC adding CO2
2026-05-06 14:25:16,10945.9,447.280,447.431,450.000,2.569,14.343000,100.759000,51.503500,0.714948,18.000000,96.981476,-0.00092605,0.04030107,-0.089810,5.139000,5.256250,3.908458,3.916318,43.981983,0.04122713,3.998268,,CO2 below target; MFC adding CO2
2026-05-06 14:25:27,10956.9,447.822,447.582,450.000,2.418,14.339000,100.755000,51.501900,0.716691,18.000000,96.977626,0.00546194,0.03944007,0.529686,4.835000,5.143750,3.824804,3.850418,44.024046,0.03397813,3.295118,,CO2 below target; MFC adding CO2
2026-05-06 14:25:38,10967.9,447.757,447.623,450.000,2.377,14.335300,100.756000,51.503500,0.717843,18.000000,96.978589,0.00716851,0.08175467,0.695192,4.754100,10.662500,7.928452,8.132156,44.077176,0.07458616,7.233260,,CO2 below target; MFC adding CO2
2026-05-06 14:25:49,10978.9,447.496,447.586,450.000,2.414,14.336800,100.758000,51.500200,0.715561,18.000000,96.980514,0.00549498,0.03627612,0.532906,4.828600,4.731250,3.518076,3.537378,44.105351,0.03078114,2.985171,,CO2 below target; MFC adding CO2
2026-05-06 14:26:00,10989.8,447.439,447.529,450.000,2.471,14.339400,100.756000,51.500200,0.717454,18.000000,96.978589,0.00052192,0.03699567,0.050615,4.941400,4.825000,3.587787,3.554199,44.144688,0.03647374,3.537172,,CO2 below target; MFC adding CO2
2026-05-06 14:26:10,10999.9,447.432,447.485,450.000,2.515,14.330500,100.758000,51.501800,0.716177,18.000000,96.980514,-0.00409823,0.03785751,-0.397448,5.029400,4.937500,3.671440,3.704990,44.181434,0.04195573,4.068888,,CO2 below target; MFC adding CO2
2026-05-06 14:26:21,11010.9,447.265,447.350,450.000,2.650,14.339600,100.758000,51.503500,0.712961,18.000000,96.980514,-0.00641509,0.03867216,-0.622139,5.300100,5.043750,3.750446,3.763913,44.222536,0.04508726,4.372585,,CO2 below target; MFC adding CO2
2026-05-06 14:26:32,11021.9,447.356,447.378,450.000,2.622,14.337400,100.753000,51.506800,0.713643,18.000000,96.975701,-0.00432757,0.04063894,-0.419670,5.243700,5.300000,3.940989,3.972382,44.265764,0.04496651,4.360659,,CO2 below target; MFC adding CO2
2026-05-06 14:26:43,11032.9,447.516,447.464,450.000,2.536,14.338500,100.754000,51.505200,0.717945,18.000000,96.976664,-0.00186317,0.04020723,-0.180684,5.071600,5.243750,3.899163,3.929624,44.308703,0.04207040,4.079847,,CO2 below target; MFC adding CO2
2026-05-06 14:26:54,11043.9,447.718,447.542,450.000,2.458,14.339100,100.752000,51.501900,0.716530,18.000000,96.974739,0.00257299,0.03896201,0.249515,4.916500,5.081250,3.778331,3.816838,44.350259,0.03638902,3.528816,,CO2 below target; MFC adding CO2
2026-05-06 14:27:05,11054.9,447.374,447.668,450.000,2.332,14.334900,100.753000,51.501800,0.718565,18.000000,96.975701,0.00688620,0.06263572,0.667794,4.663700,8.168750,6.074143,6.231940,44.403868,0.05574952,5.406349,,CO2 below target; MFC adding CO2
2026-05-06 14:27:16,11065.9,447.572,447.650,450.000,2.350,14.339800,100.754000,51.506800,0.715264,18.000000,96.976664,0.00473603,0.03570248,0.459284,4.700500,4.656250,3.462308,3.483816,44.431965,0.03096646,3.003024,,CO2 below target; MFC adding CO2
2026-05-06 14:27:27,11076.9,447.627,447.585,450.000,2.415,14.342000,100.753000,51.503500,0.715068,18.000000,96.975701,0.00234829,0.03594245,0.227727,4.830900,4.687500,3.485545,3.529905,44.470333,0.03359416,3.257817,,CO2 below target; MFC adding CO2
2026-05-06 14:27:38,11087.9,447.633,447.458,450.000,2.542,14.339700,100.759000,51.508500,0.715587,18.000000,96.981476,-0.00349729,0.03699456,-0.339172,5.083700,4.825000,3.587787,3.619439,44.509768,0.04049185,3.926960,,CO2 below target; MFC adding CO2
2026-05-06 14:27:49,11098.9,447.141,447.533,450.000,2.467,14.340300,100.754000,51.510100,0.715284,18.000000,96.976664,-0.00315064,0.03900916,-0.305539,4.933100,5.087500,3.782978,3.807322,44.551186,0.04215980,4.088516,,CO2 below target; MFC adding CO2
2026-05-06 14:28:00,11109.9,447.490,447.542,450.000,2.458,14.343400,100.750000,51.496900,0.717275,18.000000,96.972814,-0.00246335,0.03781259,-0.238878,4.916400,4.931250,3.666793,3.690564,44.591587,0.04027594,3.905671,,CO2 below target; MFC adding CO2
2026-05-06 14:28:11,11120.9,447.415,447.509,450.000,2.491,14.336600,100.750000,51.498500,0.713721,18.000000,96.972814,0.00075170,0.03766881,0.072894,4.981600,4.912500,3.652851,3.671877,44.631814,0.03691712,3.579957,,CO2 below target; MFC adding CO2
2026-05-06 14:28:22,11131.9,447.782,447.635,450.000,2.365,14.337200,100.750000,51.506800,0.717853,18.000000,96.972814,0.00406747,0.03810014,0.394434,4.730400,4.968750,3.694677,3.725025,44.672541,0.03403267,3.300243,,CO2 below target; MFC adding CO2
2026-05-06 14:28:33,11142.9,447.579,447.573,450.000,2.427,14.343800,100.750000,51.503500,0.717051,18.000000,96.972814,0.00025869,0.12551479,0.025085,4.854400,16.368750,12.171522,12.837433,44.720672,0.12525610,12.146437,,CO2 below target; MFC adding CO2
2026-05-06 14:28:44,11153.9,447.454,447.553,450.000,2.447,14.338400,100.754000,51.506800,0.716893,18.000000,96.976664,0.00061757,0.03670886,0.059890,4.894400,4.787500,3.559903,3.574106,44.759801,0.03609129,3.500013,,CO2 below target; MFC adding CO2
2026-05-06 14:28:55,11164.9,447.338,447.521,450.000,2.479,14.342300,100.752000,51.500200,0.720311,18.000000,96.974739,-0.00161901,0.03747637,-0.157003,4.957300,4.887500,3.634261,3.658030,44.799649,0.03909538,3.791264,,CO2 below target; MFC adding CO2
2026-05-06 14:29:06,11175.9,447.802,447.502,450.000,2.498,14.346000,100.756000,51.506800,0.715130,18.000000,96.978589,-0.00163827,0.03804995,-0.158877,4.996300,4.962500,3.690030,3.718408,44.840154,0.03968821,3.848907,,CO2 below target; MFC adding CO2
2026-05-06 14:29:17,11186.9,447.572,447.505,450.000,2.495,14.349300,100.751000,51.506800,0.718247,18.000000,96.973776,-0.00207119,0.03819561,-0.200851,4.990900,4.981250,3.703972,3.728125,44.880917,0.04026680,3.904824,,CO2 below target; MFC adding CO2
2026-05-06 14:29:28,11197.8,447.869,447.492,450.000,2.508,14.342600,100.751000,51.506800,0.717319,18.000000,96.973776,0.00016220,0.03833938,0.015729,5.016400,5.000000,3.717914,3.723581,44.921729,0.03817718,3.702186,,CO2 below target; MFC adding CO2
2026-05-06 14:29:39,11208.9,447.763,447.536,450.000,2.464,14.347200,100.753000,51.508500,0.717576,18.000000,96.975701,0.00214374,0.03853031,0.207891,4.927000,5.025000,3.736504,3.772323,44.962771,0.03638657,3.528613,,CO2 below target; MFC adding CO2
2026-05-06 14:29:50,11219.8,447.520,447.510,450.000,2.490,14.347800,100.756000,51.501800,0.718694,18.000000,96.978589,-0.00001060,0.03785826,-0.001028,4.980500,4.937500,3.671440,3.687920,45.003099,0.03786886,3.672468,,CO2 below target; MFC adding CO2
2026-05-06 14:30:01,11230.9,447.182,447.462,450.000,2.538,14.342300,100.754000,51.505200,0.720573,18.000000,96.976664,-0.00047388,0.03824239,-0.045956,5.075000,4.987500,3.708620,3.732724,45.043754,0.03871628,3.754575,,CO2 below target; MFC adding CO2
2026-05-06 14:30:12,11241.8,447.328,447.557,450.000,2.443,14.338000,100.756000,51.506800,0.716062,18.000000,96.978589,0.00170476,0.01078242,0.165326,4.885700,1.406250,1.045663,1.091505,45.092712,0.00907765,0.880338,,CO2 below target; MFC adding CO2
2026-05-06 14:30:23,11252.9,447.436,447.604,450.000,2.396,14.366600,100.756000,51.503500,0.713832,18.000000,96.978589,0.00038845,0.03737904,0.037671,4.791100,4.875000,3.624967,3.642168,45.128301,0.03699059,3.587296,,CO2 below target; MFC adding CO2
2026-05-06 14:30:34,11263.8,447.517,447.584,450.000,2.416,14.337200,100.756000,51.508500,0.717902,18.000000,96.978589,0.00024884,0.03661229,0.024133,4.832100,4.775000,3.550608,3.591786,45.167494,0.03636345,3.526476,,CO2 below target; MFC adding CO2
2026-05-06 14:30:45,11274.8,447.381,447.488,450.000,2.512,14.336000,100.753000,51.505200,0.718373,18.000000,96.975701,-0.00044455,0.03704469,-0.043110,5.024100,4.831250,3.592435,3.618689,45.206995,0.03748924,3.635545,,CO2 below target; MFC adding CO2
2026-05-06 14:30:56,11285.9,447.494,447.486,450.000,2.514,14.350600,100.752000,51.511800,0.718259,18.000000,96.974739,-0.00192331,0.03853069,-0.186513,5.027100,5.025000,3.736504,3.758176,45.247987,0.04045401,3.923017,,CO2 below target; MFC adding CO2
2026-05-06 14:31:07,11296.9,448.107,447.523,450.000,2.477,14.350400,100.749000,51.498500,0.716614,18.000000,96.971851,-0.00215621,0.03857977,-0.209092,4.953600,5.031250,3.741151,3.780482,45.289098,0.04073598,3.950243,,CO2 below target; MFC adding CO2
2026-05-06 14:31:18,11307.9,447.555,447.534,450.000,2.466,14.342900,100.749000,51.505200,0.716718,18.000000,96.971851,-0.00001492,0.03805259,-0.001447,4.931200,4.962500,3.690030,3.714335,45.329692,0.03806751,3.691477,,CO2 below target; MFC adding CO2
2026-05-06 14:31:29,11318.8,447.595,447.605,450.000,2.395,14.338300,100.751000,51.503500,0.714337,18.000000,96.973776,0.00339463,0.03781221,0.329190,4.791000,4.931250,3.666793,3.640933,45.370002,0.03441758,3.337603,,CO2 below target; MFC adding CO2
2026-05-06 14:31:39,11328.8,447.422,447.570,450.000,2.430,14.338700,100.750000,51.506800,0.714883,18.000000,96.972814,0.00144525,0.03474541,0.140150,4.859500,4.531250,3.369360,3.393557,45.414043,0.03330015,3.229210,,CO2 below target; MFC adding CO2
2026-05-06 14:31:50,11339.8,447.666,447.493,450.000,2.507,14.343100,100.752000,51.505200,0.717194,18.000000,96.974739,-0.00047968,0.03733260,-0.046517,5.013300,4.868750,3.620319,3.640331,45.453501,0.03781228,3.666836,,CO2 below target; MFC adding CO2
2026-05-06 14:32:01,11350.8,447.614,447.418,450.000,2.582,14.337400,100.752000,51.505200,0.717022,18.000000,96.974739,-0.00337702,0.03833900,-0.327486,5.163800,5.000000,3.717914,3.745135,45.494401,0.04171602,4.045400,,CO2 below target; MFC adding CO2
2026-05-06 14:32:12,11361.8,447.662,447.402,450.000,2.598,14.336400,100.753000,51.511800,0.718558,18.000000,96.975701,-0.00506122,0.03968047,-0.490816,5.196500,5.175000,3.848041,3.883714,45.536591,0.04474169,4.338857,,CO2 below target; MFC adding CO2
2026-05-06 14:32:23,11372.8,447.228,447.367,450.000,2.633,14.343200,100.752000,51.503500,0.717585,18.000000,96.974739,-0.00347245,0.03982464,-0.336740,5.266000,5.193750,3.861984,3.884637,45.579032,0.04329709,4.198724,,CO2 below target; MFC adding CO2
2026-05-06 14:32:34,11383.8,447.572,447.507,450.000,2.493,14.347900,100.756000,51.510200,0.716523,18.000000,96.978589,0.00161360,0.04044604,0.156485,4.986200,5.275000,3.922400,3.936841,45.622091,0.03883243,3.765915,,CO2 below target; MFC adding CO2
2026-05-06 14:32:45,11394.8,447.436,447.561,450.000,2.439,14.348600,100.754000,51.511800,0.715388,18.000000,96.976664,0.00274633,0.03838616,0.266330,4.878100,5.006250,3.722562,3.739391,45.663014,0.03563983,3.456232,,CO2 below target; MFC adding CO2
2026-05-06 14:32:56,11405.8,447.730,447.613,450.000,2.387,14.375800,100.751000,51.506800,0.715670,18.000000,96.973776,0.00684107,0.03738089,0.663404,4.773500,4.875000,3.624967,3.651075,45.702950,0.03053983,2.961562,,CO2 below target; MFC adding CO2
2026-05-06 14:33:07,11416.8,447.526,447.668,450.000,2.332,14.334600,100.749000,51.506800,0.718808,18.000000,96.971851,0.00568492,0.02051198,0.551278,4.663200,2.675000,1.989084,1.792627,45.749982,0.01482705,1.437807,,CO2 below target; MFC adding CO2
2026-05-06 14:33:18,11427.8,447.538,447.510,450.000,2.490,14.343600,100.753000,51.508500,0.719909,18.000000,96.975701,-0.00114306,0.03560699,-0.110849,4.980700,4.643750,3.453013,3.480054,45.787686,0.03675005,3.563862,,CO2 below target; MFC adding CO2
2026-05-06 14:33:29,11438.8,447.424,447.442,450.000,2.558,14.342200,100.754000,51.505200,0.716110,18.000000,96.976664,-0.00370870,0.03824239,-0.359657,5.116500,4.987500,3.708620,3.739307,45.828227,0.04195109,4.068277,,CO2 below target; MFC adding CO2
2026-05-06 14:33:40,11449.8,447.372,447.503,450.000,2.497,14.335300,100.752000,51.505200,0.718204,18.000000,96.974739,-0.00242436,0.03929747,-0.235102,4.994100,5.125000,3.810862,3.831780,45.869978,0.04172183,4.045964,,CO2 below target; MFC adding CO2
2026-05-06 14:33:51,11460.8,447.351,447.542,450.000,2.458,14.346400,100.751000,51.506800,0.715826,18.000000,96.973776,-0.00196945,0.03824353,-0.190985,4.916000,4.987500,3.708620,3.737733,45.910884,0.04021298,3.899605,,CO2 below target; MFC adding CO2
2026-05-06 14:34:02,11471.8,447.867,447.584,450.000,2.416,14.348900,100.752000,51.503500,0.717640,18.000000,96.974739,0.00184453,0.03766807,0.178873,4.832600,4.912500,3.652851,3.677704,45.951155,0.03582354,3.473978,,CO2 below target; MFC adding CO2
2026-05-06 14:34:13,11482.8,447.738,447.671,450.000,2.329,14.354200,100.752000,51.506800,0.717867,18.000000,96.974739,0.00549263,0.03709298,0.532646,4.657300,4.837500,3.597082,3.619782,45.990725,0.03160035,3.064436,,CO2 below target; MFC adding CO2
2026-05-06 14:34:24,11493.8,447.637,447.680,450.000,2.320,14.346000,100.752000,51.506800,0.720490,18.000000,96.974739,0.00393068,0.03575112,0.381177,4.639300,4.662500,3.466955,3.504259,46.028892,0.03182044,3.085779,,CO2 below target; MFC adding CO2
2026-05-06 14:34:35,11504.8,448.851,447.707,450.000,2.293,14.341600,100.752000,51.501800,0.717195,18.000000,96.974739,0.00397241,0.03560735,0.385223,4.586500,4.643750,3.453013,3.413688,46.066731,0.03163493,3.067790,,CO2 below target; MFC adding CO2
2026-05-06 14:34:45,11514.8,447.812,447.738,450.000,2.262,14.347200,100.754000,51.506900,0.717587,18.000000,96.976664,0.00425448,0.03507949,0.412585,4.524100,4.575000,3.401892,3.444444,46.100919,0.03082501,2.989307,,CO2 below target; MFC adding CO2
2026-05-06 14:34:56,11525.8,447.381,447.603,450.000,2.397,14.344500,100.749000,51.505200,0.716677,18.000000,96.971851,-0.00083087,0.03407480,-0.080571,4.794000,4.443750,3.304296,3.326401,46.152673,0.03490567,3.384867,,CO2 below target; MFC adding CO2
2026-05-06 14:35:07,11536.8,447.574,447.610,450.000,2.390,14.343000,100.753000,51.501900,0.714639,18.000000,96.975701,-0.00209068,0.03675715,-0.202745,4.780000,4.793750,3.564550,3.588912,46.191616,0.03884783,3.767295,,CO2 below target; MFC adding CO2
2026-05-06 14:35:18,11547.8,447.637,447.555,450.000,2.445,14.348100,100.752000,51.501800,0.718633,18.000000,96.974739,-0.00424852,0.03666167,-0.412000,4.890300,4.781250,3.555256,3.579182,46.230652,0.04091019,3.967255,,CO2 below target; MFC adding CO2
2026-05-06 14:35:29,11558.8,447.361,447.486,450.000,2.514,14.368800,100.755000,51.503500,0.714545,18.000000,96.977626,-0.00510731,0.03742733,-0.495294,5.027200,4.881250,3.629614,3.662938,46.270580,0.04253464,4.124908,,CO2 below target; MFC adding CO2
2026-05-06 14:35:40,11569.8,447.518,447.525,450.000,2.475,14.347300,100.754000,51.508500,0.715314,18.000000,96.976664,-0.00283839,0.03852993,-0.275257,4.950200,5.025000,3.736504,3.763074,46.311589,0.04136832,4.011761,,CO2 below target; MFC adding CO2
2026-05-06 14:35:51,11580.8,447.467,447.553,450.000,2.447,14.353500,100.755000,51.510200,0.717682,18.000000,96.977626,-0.00104324,0.03800240,-0.101171,4.894800,4.956250,3.685383,3.710067,46.352139,0.03904564,3.786554,,CO2 below target; MFC adding CO2
2026-05-06 14:36:02,11591.8,447.596,447.524,450.000,2.476,14.334800,100.751000,51.511800,0.716228,18.000000,96.973776,0.00079457,0.03752467,0.077052,4.952600,4.893750,3.638909,3.657479,46.392186,0.03673010,3.561856,,CO2 below target; MFC adding CO2
2026-05-06 14:36:13,11602.8,447.332,447.518,450.000,2.482,14.348400,100.752000,51.508500,0.717232,18.000000,96.974739,-0.00033794,0.10078364,-0.032772,4.963400,13.143750,9.773467,10.080327,46.439073,0.10112158,9.806239,,CO2 below target; MFC adding CO2
2026-05-06 14:36:24,11613.8,447.380,447.549,450.000,2.451,14.350200,100.751000,51.503500,0.714204,18.000000,96.973776,-0.00027869,0.03786014,-0.027026,4.902500,4.937500,3.671440,3.702375,46.477979,0.03813883,3.698466,,CO2 below target; MFC adding CO2
2026-05-06 14:36:35,11624.8,447.531,447.638,450.000,2.362,14.342700,100.752000,51.505200,0.716128,18.000000,96.974739,0.00227826,0.03757222,0.220934,4.723800,4.900000,3.643556,3.661985,46.518004,0.03529396,3.422622,,CO2 below target; MFC adding CO2
2026-05-06 14:36:46,11635.8,447.156,447.577,450.000,2.423,14.342900,100.754000,51.508500,0.715058,18.000000,96.976664,0.00053129,0.03622963,0.051523,4.847000,4.725000,3.513429,3.535762,46.556702,0.03569834,3.461906,,CO2 below target; MFC adding CO2
2026-05-06 14:36:57,11646.8,447.478,447.541,450.000,2.459,14.343300,100.753000,51.500200,0.715457,18.000000,96.975701,0.00007937,0.03723638,0.007697,4.917600,4.856250,3.611024,3.648252,46.596321,0.03715701,3.603327,,CO2 below target; MFC adding CO2
2026-05-06 14:37:08,11657.8,448.757,447.579,450.000,2.421,14.341500,100.751000,51.501900,0.717341,18.000000,96.973776,0.00139739,0.03776429,0.135510,4.842700,4.925000,3.662146,3.681650,46.636556,0.03636690,3.526636,,CO2 below target; MFC adding CO2
2026-05-06 14:37:19,11668.8,447.516,447.632,450.000,2.368,14.337000,100.753000,51.501900,0.715078,18.000000,96.975701,0.00261616,0.03728431,0.253704,4.735600,4.862500,3.615672,3.631051,46.676205,0.03466814,3.361967,,CO2 below target; MFC adding CO2
2026-05-06 14:37:30,11679.8,447.348,447.574,450.000,2.426,14.342600,100.750000,51.506800,0.718437,18.000000,96.972814,-0.00017306,0.03632692,-0.016782,4.851700,4.737500,3.522724,3.552801,46.715013,0.03649998,3.539506,,CO2 below target; MFC adding CO2
2026-05-06 14:37:41,11690.8,447.808,447.610,450.000,2.390,14.337100,100.750000,51.503500,0.716751,18.000000,96.972814,0.00235636,0.05664700,0.228503,4.780700,7.387500,5.493219,5.629203,46.770374,0.05429063,5.264715,,CO2 below target; MFC adding CO2
2026-05-06 14:37:52,11701.8,447.527,447.593,450.000,2.407,14.337200,100.754000,51.500200,0.714267,18.000000,96.976664,-0.00045961,0.03646925,-0.044571,4.813600,4.756250,3.536666,3.575023,46.799667,0.03692885,3.581237,,CO2 below target; MFC adding CO2
2026-05-06 14:38:03,11712.8,447.494,447.511,450.000,2.489,14.335600,100.751000,51.510200,0.712058,18.000000,96.973776,-0.00168873,0.03685373,-0.163763,4.977500,4.806250,3.573845,3.603766,46.838934,0.03854246,3.737608,,CO2 below target; MFC adding CO2
2026-05-06 14:38:14,11723.8,447.609,447.533,450.000,2.467,14.341500,100.753000,51.510100,0.715624,18.000000,96.975701,-0.00284441,0.03814693,-0.275839,4.933400,4.975000,3.699325,3.734380,46.879552,0.04099134,3.975164,,CO2 below target; MFC adding CO2
2026-05-06 14:38:25,11734.8,447.483,447.526,450.000,2.474,14.335500,100.751000,51.501900,0.716389,18.000000,96.973776,-0.00149841,0.03786014,-0.145306,4.947100,4.937500,3.671440,3.691139,46.919940,0.03935854,3.816747,,CO2 below target; MFC adding CO2
2026-05-06 14:38:36,11745.8,447.421,447.472,450.000,2.528,14.336200,100.755000,51.505200,0.714646,18.000000,96.977626,-0.00237377,0.03790656,-0.230202,5.056700,4.943750,3.676088,3.698664,46.960465,0.04028032,3.906290,,CO2 below target; MFC adding CO2
2026-05-06 14:38:47,11756.8,447.180,447.501,450.000,2.499,14.341000,100.756000,51.505200,0.717226,18.000000,96.978589,-0.00011630,0.03872085,-0.011279,4.998400,5.050000,3.755094,3.780732,47.001762,0.03883716,3.766373,,CO2 below target; MFC adding CO2
2026-05-06 14:38:58,11767.8,447.716,447.578,450.000,2.422,14.343300,100.757000,51.498500,0.720238,18.000000,96.979551,0.00085015,0.03833710,0.082447,4.843600,5.000000,3.717914,3.746556,47.042709,0.03748694,3.635467,,CO2 below target; MFC adding CO2
2026-05-06 14:39:09,11778.8,447.741,447.765,450.000,2.235,14.332400,100.755000,51.500200,0.717106,18.000000,96.977626,0.00561901,0.12819221,0.544918,4.469600,16.718750,12.431776,12.823287,47.091609,0.12257320,11.886858,,CO2 below target; MFC adding CO2
2026-05-06 14:39:20,11789.8,447.581,447.766,450.000,2.234,14.337800,100.760000,51.510200,0.714139,18.000000,96.982439,0.00591935,0.03378356,0.574073,4.467500,4.406250,3.276412,3.306056,47.125169,0.02786422,2.702340,,CO2 below target; MFC adding CO2
2026-05-06 14:39:31,11800.8,447.475,447.585,450.000,2.415,14.340200,100.756000,51.503500,0.717267,18.000000,96.978589,0.00091308,0.03416828,0.088549,4.829100,4.456250,3.313591,3.349930,47.161617,0.03325520,3.225042,,CO2 below target; MFC adding CO2
2026-05-06 14:39:42,11811.8,448.058,447.545,450.000,2.455,14.334900,100.758000,51.503500,0.716349,18.000000,96.980514,-0.00236034,0.03718661,-0.228907,4.910700,4.850000,3.606377,3.623171,47.200914,0.03954696,3.835284,,CO2 below target; MFC adding CO2
2026-05-06 14:39:53,11822.8,447.419,447.567,450.000,2.433,14.337600,100.757000,51.505200,0.712199,18.000000,96.979551,-0.00411929,0.03761828,-0.399487,4.865500,4.906250,3.648204,3.681315,47.241059,0.04173757,4.047691,,CO2 below target; MFC adding CO2
2026-05-06 14:40:04,11833.8,447.369,447.515,450.000,2.485,14.338400,100.756000,51.510100,0.721111,18.000000,96.978589,-0.00384166,0.03723527,-0.372559,4.969300,4.856250,3.611024,3.650329,47.280866,0.04107693,3.983583,,CO2 below target; MFC adding CO2
2026-05-06 14:40:15,11844.8,447.317,447.518,450.000,2.482,14.339100,100.756000,51.505200,0.716126,18.000000,96.978589,-0.00100937,0.03800202,-0.097887,4.963800,4.956250,3.685383,3.661718,47.321401,0.03901139,3.783270,,CO2 below target; MFC adding CO2
2026-05-06 14:40:25,11854.8,447.729,447.538,450.000,2.462,14.344200,100.757000,51.508500,0.719291,18.000000,96.979551,0.00062929,0.03814541,0.061028,4.923800,4.975000,3.699325,3.713756,47.358294,0.03751612,3.638297,,CO2 below target; MFC adding CO2
2026-05-06 14:40:36,11865.8,447.862,447.664,450.000,2.336,14.328500,100.754000,51.498500,0.721643,18.000000,96.976664,0.00189986,0.03781109,0.184242,4.671400,4.931250,3.666793,3.700579,47.398593,0.03591123,3.482551,,CO2 below target; MFC adding CO2
2026-05-06 14:40:47,11876.8,448.083,447.700,450.000,2.300,14.340200,100.755000,51.501800,0.716525,18.000000,96.977626,0.00380788,0.03469576,0.369279,4.600700,4.525000,3.364713,3.382216,47.440565,0.03088788,2.995434,,CO2 below target; MFC adding CO2
2026-05-06 14:40:58,11887.8,447.518,447.605,450.000,2.395,14.340800,100.755000,51.506800,0.714767,18.000000,96.977626,0.00265918,0.03522291,0.257881,4.789900,4.593750,3.415834,3.426351,47.478035,0.03256373,3.157953,,CO2 below target; MFC adding CO2
2026-05-06 14:41:09,11898.8,447.255,447.480,450.000,2.520,14.342500,100.755000,51.501800,0.716536,18.000000,96.977626,-0.00246321,0.03666058,-0.238877,5.039200,4.781250,3.555256,3.582808,47.517052,0.03912379,3.794132,,CO2 below target; MFC adding CO2
2026-05-06 14:41:20,11909.8,447.242,447.395,450.000,2.605,14.339600,100.755000,51.506800,0.717127,18.000000,96.977626,-0.00693262,0.03852955,-0.672309,5.210900,5.025000,3.736504,3.761938,47.558121,0.04546216,4.408813,,CO2 below target; MFC adding CO2
2026-05-06 14:41:31,11920.8,447.148,447.448,450.000,2.552,14.342700,100.752000,51.506800,0.719395,18.000000,96.974739,-0.00811208,0.03996841,-0.786666,5.103700,5.212500,3.875926,3.898244,47.600676,0.04808048,4.662592,,CO2 below target; MFC adding CO2
2026-05-06 14:41:42,11931.8,447.245,447.515,450.000,2.485,14.345400,100.752000,51.508500,0.717283,18.000000,96.974739,-0.00182989,0.03920163,-0.177453,4.969000,5.112500,3.801567,3.823805,47.642503,0.04103151,3.979020,,CO2 below target; MFC adding CO2
2026-05-06 14:41:53,11942.8,447.595,447.519,450.000,2.481,14.341600,100.756000,51.498500,0.715122,18.000000,96.978589,0.00089655,0.03800202,0.086946,4.961600,4.956250,3.685383,3.727416,47.683256,0.03710548,3.598437,,CO2 below target; MFC adding CO2
2026-05-06 14:42:04,11953.8,447.438,447.561,450.000,2.439,14.341800,100.759000,51.506800,0.715605,18.000000,96.981476,0.00365931,0.08894030,0.354885,4.877100,11.600000,8.625561,8.796172,47.734998,0.08528099,8.270676,,CO2 below target; MFC adding CO2
2026-05-06 14:42:15,11964.8,447.770,447.717,450.000,2.283,14.345800,100.755000,51.505200,0.714938,18.000000,96.977626,0.00639899,0.03713980,0.620559,4.566800,4.843750,3.601730,3.635012,47.766736,0.03074081,2.981171,,CO2 below target; MFC adding CO2
2026-05-06 14:42:26,11975.8,447.482,447.656,450.000,2.344,14.343100,100.755000,51.500200,0.718470,18.000000,96.977626,0.00449677,0.03507914,0.436086,4.688100,4.575000,3.401892,3.430734,47.804201,0.03058237,2.965806,,CO2 below target; MFC adding CO2
2026-05-06 14:42:37,11986.8,447.348,447.533,450.000,2.467,14.338600,100.755000,51.511800,0.715515,18.000000,96.977626,0.00007669,0.03594174,0.007437,4.933500,4.687500,3.485545,3.508615,47.842472,0.03586505,3.478107,,CO2 below target; MFC adding CO2
2026-05-06 14:42:48,11997.8,447.001,447.455,450.000,2.545,14.348100,100.758000,51.508500,0.715163,18.000000,96.980514,-0.00418622,0.03780959,-0.405982,5.089500,4.931250,3.666793,3.694338,47.882717,0.04199581,4.072775,,CO2 below target; MFC adding CO2
2026-05-06 14:42:59,12008.8,447.916,447.536,450.000,2.464,14.334200,100.756000,51.503500,0.714608,18.000000,96.978589,-0.00377112,0.03900838,-0.365718,4.928500,5.087500,3.782978,3.808496,47.924265,0.04277950,4.148696,,CO2 below target; MFC adding CO2
2026-05-06 14:43:10,12019.8,447.664,447.704,450.000,2.296,14.340500,100.757000,51.503500,0.716312,18.000000,96.979551,0.00142683,0.03780996,0.138373,4.592200,4.931250,3.666793,3.710294,47.964721,0.03638313,3.528420,,CO2 below target; MFC adding CO2
2026-05-06 14:43:21,12030.8,447.408,447.643,450.000,2.357,14.336700,100.759000,51.508500,0.718140,18.000000,96.981476,0.00284294,0.03517359,0.275713,4.713800,4.587500,3.411186,3.426758,48.002407,0.03233064,3.135473,,CO2 below target; MFC adding CO2
2026-05-06 14:43:32,12041.8,447.411,447.477,450.000,2.523,14.339700,100.758000,51.505200,0.715451,18.000000,96.980514,0.00058733,0.12123986,0.056960,5.045600,15.812500,11.757904,12.094978,48.049455,0.12065253,11.700945,,CO2 below target; MFC adding CO2
2026-05-06 14:43:43,12052.8,447.406,447.468,450.000,2.532,14.341700,100.759000,51.508500,0.715602,18.000000,96.981476,-0.00204041,0.03857594,-0.197882,5.063800,5.031250,3.741151,3.687574,48.087935,0.04061635,3.939033,,CO2 below target; MFC adding CO2
2026-05-06 14:43:53,12062.8,447.552,447.501,450.000,2.499,14.329300,100.757000,51.496900,0.713304,18.000000,96.979551,-0.00434640,0.03876839,-0.421512,4.998200,5.056250,3.759741,3.794975,48.125509,0.04311479,4.181253,,CO2 below target; MFC adding CO2
2026-05-06 14:44:04,12073.8,447.221,447.513,450.000,2.487,14.334200,100.757000,51.506800,0.717255,18.000000,96.979551,-0.00345319,0.03819333,-0.334889,4.973200,4.981250,3.703972,3.747162,48.166413,0.04164652,4.038861,,CO2 below target; MFC adding CO2
2026-05-06 14:44:15,12084.8,447.412,447.466,450.000,2.534,14.329600,100.755000,51.506800,0.717869,18.000000,96.977626,0.00065208,0.03809825,0.063237,5.067400,4.968750,3.694677,3.718878,48.207082,0.03744616,3.631440,,CO2 below target; MFC adding CO2
2026-05-06 14:44:26,12095.8,447.879,447.573,450.000,2.427,14.342400,100.758000,51.505200,0.714913,18.000000,96.980514,0.00234539,0.03881592,0.227457,4.853100,5.062500,3.764388,3.789992,48.248480,0.03647054,3.536932,,CO2 below target; MFC adding CO2
2026-05-06 14:44:37,12106.8,447.403,447.671,450.000,2.329,14.338400,100.758000,51.503500,0.717485,18.000000,96.980514,0.00414912,0.03718661,0.402384,4.657600,4.850000,3.606377,3.641304,48.288290,0.03303750,3.203993,,CO2 below target; MFC adding CO2
2026-05-06 14:44:48,12117.8,447.314,447.672,450.000,2.328,14.339900,100.756000,51.508500,0.718808,18.000000,96.978589,0.00342297,0.03565385,0.331954,4.656000,4.650000,3.457660,3.479620,48.326448,0.03223089,3.125706,,CO2 below target; MFC adding CO2
2026-05-06 14:44:59,12128.8,447.362,447.651,450.000,2.349,14.331300,100.767000,51.498500,0.714976,18.000000,96.989176,0.00417528,0.01442290,0.404957,4.698500,1.881250,1.398865,1.462454,48.381284,0.01024762,0.993909,,CO2 below target; MFC adding CO2
2026-05-06 14:45:10,12139.8,447.398,447.584,450.000,2.416,14.335400,100.756000,51.505200,0.717178,18.000000,96.978589,-0.00005876,0.03589346,-0.005698,4.832100,4.681250,3.480897,3.510783,48.411436,0.03595222,3.486595,,CO2 below target; MFC adding CO2
2026-05-06 14:45:21,12150.8,447.646,447.506,450.000,2.494,14.330500,100.761000,51.500200,0.719406,18.000000,96.983401,-0.00337285,0.03699383,-0.327110,4.988500,4.825000,3.587787,3.620750,48.450886,0.04036668,3.914898,,CO2 below target; MFC adding CO2
2026-05-06 14:45:32,12161.8,447.800,447.511,450.000,2.489,14.337400,100.758000,51.506800,0.715912,18.000000,96.980514,-0.00411362,0.03828880,-0.398941,4.978400,4.993750,3.713267,3.733426,48.491630,0.04240242,4.112208,,CO2 below target; MFC adding CO2
2026-05-06 14:45:43,12172.8,447.605,447.510,450.000,2.490,14.335400,100.758000,51.503500,0.718374,18.000000,96.980514,-0.00483696,0.03814503,-0.469091,4.980100,4.975000,3.699325,3.723191,48.532312,0.04298199,4.168416,,CO2 below target; MFC adding CO2
2026-05-06 14:45:54,12183.8,447.198,447.551,450.000,2.449,14.328600,100.761000,51.500200,0.714302,18.000000,96.983401,-0.00043475,0.03819182,-0.042163,4.898100,4.981250,3.703972,3.742429,48.573056,0.03862656,3.746136,,CO2 below target; MFC adding CO2
2026-05-06 14:46:05,12194.8,447.203,447.556,450.000,2.444,14.329700,100.759000,51.505200,0.715018,18.000000,96.981476,0.00163086,0.03752169,0.158163,4.888800,4.893750,3.638909,3.665717,48.613148,0.03589083,3.480746,,CO2 below target; MFC adding CO2
2026-05-06 14:46:16,12205.8,447.729,447.660,450.000,2.340,14.330100,100.757000,51.501900,0.717291,18.000000,96.979551,0.00305191,0.03737867,0.295973,4.680700,4.875000,3.624967,3.665504,48.653124,0.03432676,3.328994,,CO2 below target; MFC adding CO2
2026-05-06 14:46:27,12216.8,447.289,447.688,450.000,2.312,14.336200,100.757000,51.501900,0.716659,18.000000,96.979551,0.00397746,0.01691624,0.385732,4.623100,2.206250,1.640530,1.707686,48.709702,0.01293879,1.254798,,CO2 below target; MFC adding CO2
2026-05-06 14:46:38,12227.8,447.258,447.577,450.000,2.423,14.339200,100.757000,51.503500,0.718828,18.000000,96.979551,0.00150393,0.03531805,0.145851,4.845600,4.606250,3.425129,3.439254,48.738121,0.03381412,3.279278,,CO2 below target; MFC adding CO2
2026-05-06 14:46:49,12238.8,447.359,447.368,450.000,2.632,14.346700,100.757000,51.506800,0.722026,18.000000,96.979551,-0.00308640,0.03709114,-0.299317,5.264800,4.837500,3.597082,3.614587,48.777589,0.04017754,3.896400,,CO2 below target; MFC adding CO2
2026-05-06 14:47:00,12249.8,447.603,447.409,450.000,2.591,14.335900,100.755000,51.511800,0.717549,18.000000,96.977626,-0.00625906,0.04030267,-0.606989,5.182500,5.256250,3.908458,3.948301,48.820435,0.04656174,4.515447,,CO2 below target; MFC adding CO2
2026-05-06 14:47:11,12260.8,447.800,447.463,450.000,2.537,14.341100,100.755000,51.506800,0.720900,18.000000,96.977626,-0.00501721,0.03967968,-0.486557,5.073700,5.175000,3.848041,3.812660,48.862776,0.04469690,4.334599,,CO2 below target; MFC adding CO2
2026-05-06 14:47:21,12270.8,447.376,447.589,450.000,2.411,14.338800,100.757000,51.501800,0.716825,18.000000,96.979551,0.00133742,0.03891215,0.129703,4.821600,5.075000,3.773683,3.807403,48.900627,0.03757473,3.643980,,CO2 below target; MFC adding CO2
2026-05-06 14:47:32,12281.8,447.819,447.660,450.000,2.340,14.321900,100.756000,51.506800,0.719420,18.000000,96.978589,0.00586910,0.03704359,0.569177,4.679800,4.831250,3.592435,3.615479,48.940186,0.03117448,3.023257,,CO2 below target; MFC adding CO2
2026-05-06 14:47:43,12292.8,447.809,447.640,450.000,2.360,14.331000,100.760000,51.500200,0.715896,18.000000,96.982439,0.00598126,0.03589204,0.580077,4.719500,4.681250,3.480897,3.507521,48.978589,0.02991078,2.900820,,CO2 below target; MFC adding CO2
2026-05-06 14:47:54,12303.8,447.953,447.636,450.000,2.364,14.340000,100.756000,51.506800,0.717344,18.000000,96.978589,0.00352850,0.05257027,0.342189,4.728100,6.856250,5.098190,5.210850,49.034023,0.04904176,4.756001,,CO2 below target; MFC adding CO2
2026-05-06 14:48:05,12314.8,447.427,447.585,450.000,2.415,14.336600,100.757000,51.506800,0.722268,18.000000,96.979551,-0.00151403,0.03608479,-0.146830,4.829200,4.706250,3.499487,3.517905,49.063872,0.03759883,3.646317,,CO2 below target; MFC adding CO2
2026-05-06 14:48:16,12325.8,447.340,447.620,450.000,2.380,14.334100,100.759000,51.513500,0.717258,18.000000,96.981476,-0.00119883,0.03694664,-0.116264,4.759300,4.818750,3.583140,3.606007,49.103267,0.03814547,3.699404,,CO2 below target; MFC adding CO2
2026-05-06 14:48:27,12336.8,447.654,447.643,450.000,2.357,14.328600,100.757000,51.513500,0.719178,18.000000,96.979551,-0.00026739,0.03646816,-0.025932,4.713300,4.756250,3.536666,3.556333,49.142193,0.03673556,3.562598,,CO2 below target; MFC adding CO2
2026-05-06 14:48:38,12347.8,447.681,447.600,450.000,2.400,14.329600,100.760000,51.506800,0.714672,18.000000,96.982439,0.00002514,0.03622748,0.002438,4.800900,4.725000,3.513429,3.532538,49.180769,0.03620234,3.510991,,CO2 below target; MFC adding CO2
2026-05-06 14:48:49,12358.8,447.482,447.529,450.000,2.471,14.324800,100.759000,51.508500,0.716395,18.000000,96.981476,-0.00315689,0.03680288,-0.306160,4.942500,4.800000,3.569198,3.597828,49.220002,0.03995977,3.875358,,CO2 below target; MFC adding CO2
2026-05-06 14:49:00,12369.8,448.006,447.610,450.000,2.390,14.326900,100.758000,51.510200,0.716531,18.000000,96.980514,0.00013660,0.03795335,0.013247,4.780200,4.950000,3.680735,3.710040,49.260331,0.03781675,3.667488,,CO2 below target; MFC adding CO2
2026-05-06 14:49:11,12380.8,447.458,447.677,450.000,2.323,14.325700,100.756000,51.501900,0.716212,18.000000,96.978589,0.00250346,0.03670813,0.242782,4.646800,4.787500,3.559903,3.583227,49.299522,0.03420467,3.317121,,CO2 below target; MFC adding CO2
2026-05-06 14:49:22,12391.8,447.850,447.619,450.000,2.381,14.329600,100.760000,51.503500,0.717667,18.000000,96.982439,0.00193420,0.06047497,0.187583,4.762800,7.887500,5.865010,5.956482,49.357604,0.05854077,5.677427,,CO2 below target; MFC adding CO2
2026-05-06 14:49:33,12402.8,447.515,447.536,450.000,2.464,14.324700,100.757000,51.500200,0.717796,18.000000,96.979551,0.00039482,0.03632440,0.038290,4.928600,4.737500,3.522724,3.545744,49.386216,0.03592958,3.484434,,CO2 below target; MFC adding CO2
2026-05-06 14:49:44,12413.8,447.680,447.490,450.000,2.510,14.322700,100.760000,51.503500,0.716631,18.000000,96.982439,-0.00338114,0.03780884,-0.327911,5.019000,4.931250,3.666793,3.695511,49.426433,0.04118997,3.994704,,CO2 below target; MFC adding CO2
2026-05-06 14:49:55,12424.8,447.608,447.531,450.000,2.469,14.364000,100.759000,51.503500,0.715937,18.000000,96.981476,-0.00391444,0.03838426,-0.379628,4.937100,5.006250,3.722562,3.754737,49.467402,0.04229870,4.102190,,CO2 below target; MFC adding CO2
2026-05-06 14:50:06,12435.8,447.298,447.512,450.000,2.488,14.337300,100.763000,51.503500,0.716855,18.000000,96.985326,-0.00288199,0.03780771,-0.279511,4.976900,4.931250,3.666793,3.687351,49.507797,0.04068970,3.946304,,CO2 below target; MFC adding CO2
2026-05-06 14:50:17,12446.8,447.375,447.489,450.000,2.511,14.337500,100.763000,51.506800,0.715376,18.000000,96.985326,-0.00212557,0.03823898,-0.206149,5.022800,4.987500,3.708620,3.725515,49.548462,0.04036454,3.914768,,CO2 below target; MFC adding CO2
2026-05-06 14:50:28,12457.8,447.419,447.538,450.000,2.462,14.336700,100.758000,51.505200,0.716873,18.000000,96.980514,0.00103988,0.03852840,0.100849,4.923500,5.025000,3.736504,3.750281,49.589509,0.03748852,3.635655,,CO2 below target; MFC adding CO2
2026-05-06 14:50:39,12468.8,447.589,447.629,450.000,2.371,14.334600,100.759000,51.498500,0.717056,18.000000,96.981476,0.00292623,0.03776129,0.283790,4.741400,4.925000,3.662146,3.692889,49.629823,0.03483506,3.378356,,CO2 below target; MFC adding CO2
2026-05-06 14:50:50,12479.8,447.241,447.655,450.000,2.345,14.329800,100.760000,51.503500,0.720496,18.000000,96.982439,0.00332689,0.08462662,0.322650,4.689600,11.037500,8.207296,8.261123,49.681122,0.08129973,7.884646,,CO2 below target; MFC adding CO2
2026-05-06 14:51:01,12490.8,447.234,447.587,450.000,2.413,14.341100,100.758000,51.513500,0.718488,18.000000,96.980514,0.00150799,0.03570107,0.146246,4.826700,4.656250,3.462308,3.429578,49.711669,0.03419307,3.316062,,CO2 below target; MFC adding CO2
2026-05-06 14:51:11,12500.8,447.355,447.486,450.000,2.514,14.329900,100.760000,51.506800,0.716612,18.000000,96.982439,-0.00219871,0.03694628,-0.213236,5.028600,4.818750,3.583140,3.603528,49.747448,0.03914498,3.796376,,CO2 below target; MFC adding CO2
2026-05-06 14:51:22,12511.8,447.578,447.514,450.000,2.486,14.330500,100.760000,51.510200,0.716929,18.000000,96.982439,-0.00258350,0.03852763,-0.250554,4.971100,5.025000,3.736504,3.758589,49.788494,0.04111113,3.987058,,CO2 below target; MFC adding CO2
2026-05-06 14:51:33,12522.8,447.536,447.505,450.000,2.495,14.335300,100.759000,51.501800,0.719004,18.000000,96.981476,-0.00408814,0.03814465,-0.396474,4.989200,4.975000,3.699325,3.727391,49.829182,0.04223280,4.095799,,CO2 below target; MFC adding CO2
2026-05-06 14:51:44,12533.8,447.274,447.560,450.000,2.440,14.330400,100.759000,51.498500,0.717048,18.000000,96.981476,0.00093227,0.03819257,0.090413,4.879400,4.981250,3.703972,3.743114,49.869998,0.03726030,3.613559,,CO2 below target; MFC adding CO2
2026-05-06 14:51:55,12544.8,447.809,447.567,450.000,2.433,14.331200,100.757000,51.505200,0.717435,18.000000,96.979551,0.00255395,0.03737867,0.247681,4.865600,4.875000,3.624967,3.656787,49.909993,0.03482472,3.377286,,CO2 below target; MFC adding CO2
2026-05-06 14:52:06,12555.8,447.532,447.611,450.000,2.389,14.332900,100.760000,51.510200,0.715372,18.000000,96.982439,0.00273459,0.03728172,0.265207,4.777200,4.862500,3.615672,3.639032,49.949789,0.03454713,3.350465,,CO2 below target; MFC adding CO2
2026-05-06 14:52:17,12566.8,447.641,447.576,450.000,2.424,14.329500,100.757000,51.511800,0.717645,18.000000,96.979551,0.00150630,0.11074629,0.146080,4.847800,14.443750,10.740125,11.139216,49.996483,0.10923999,10.594045,,CO2 below target; MFC adding CO2
2026-05-06 14:52:28,12577.8,447.404,447.660,450.000,2.340,14.356800,100.759000,51.508500,0.715774,18.000000,96.981476,0.00290096,0.03689872,0.281339,4.680700,4.812500,3.578493,3.602426,50.034317,0.03399776,3.297153,,CO2 below target; MFC adding CO2
2026-05-06 14:52:39,12588.8,447.557,447.640,450.000,2.360,14.333000,100.761000,51.505200,0.714537,18.000000,96.983401,0.00031577,0.03579584,0.030625,4.721000,4.668750,3.471603,3.501934,50.072575,0.03548007,3.440978,,CO2 below target; MFC adding CO2
2026-05-06 14:52:50,12599.8,446.996,447.526,450.000,2.474,14.338400,100.755000,51.513500,0.716748,18.000000,96.977626,-0.00118409,0.03613343,-0.114830,4.948200,4.712500,3.504134,3.525918,50.111157,0.03731752,3.618964,,CO2 below target; MFC adding CO2
2026-05-06 14:53:01,12610.8,447.785,447.498,450.000,2.502,14.332200,100.756000,51.508500,0.715302,18.000000,96.978589,-0.00339518,0.03804995,-0.329259,5.003300,4.962500,3.690030,3.706081,50.151566,0.04144512,4.019290,,CO2 below target; MFC adding CO2
2026-05-06 14:53:12,12621.8,447.897,447.519,450.000,2.481,14.330600,100.754000,51.505200,0.720279,18.000000,96.976664,-0.00211645,0.03843408,-0.205246,4.962800,5.012500,3.727209,3.751058,50.192514,0.04055053,3.932455,,CO2 below target; MFC adding CO2
2026-05-06 14:53:23,12632.8,447.386,447.489,450.000,2.511,14.341500,100.757000,51.505200,0.716566,18.000000,96.979551,-0.00333053,0.03819333,-0.322993,5.022700,4.981250,3.703972,3.713458,50.233142,0.04152386,4.026965,,CO2 below target; MFC adding CO2
2026-05-06 14:53:34,12643.8,447.344,447.350,450.000,2.650,14.340200,100.756000,51.505200,0.714890,18.000000,96.978589,-0.00491938,0.03848124,-0.477074,5.299900,5.018750,3.731857,3.768799,50.274203,0.04340062,4.208931,,CO2 below target; MFC adding CO2
2026-05-06 14:53:45,12654.8,447.644,447.469,450.000,2.531,14.340500,100.755000,51.498500,0.718226,18.000000,96.977626,-0.00062105,0.04073397,-0.060228,5.061800,5.312500,3.950284,3.975043,50.317424,0.04135503,4.010512,,CO2 below target; MFC adding CO2
2026-05-06 14:53:56,12665.8,447.344,447.601,450.000,2.399,14.338200,100.756000,51.503500,0.717324,18.000000,96.978589,0.00156670,0.00474426,0.151936,4.797900,0.618750,0.460092,0.425645,50.368631,0.00317757,0.308156,,CO2 below target; MFC adding CO2
2026-05-06 14:54:07,12676.8,448.208,447.562,450.000,2.438,14.333400,100.759000,51.508500,0.715849,18.000000,96.981476,0.00335586,0.03680288,0.325456,4.875000,4.800000,3.569198,3.589806,50.407386,0.03344703,3.243742,,CO2 below target; MFC adding CO2
2026-05-06 14:54:18,12687.8,447.505,447.487,450.000,2.513,14.330000,100.759000,51.503500,0.717324,18.000000,96.981476,0.00270963,0.03733001,0.262784,5.026900,4.868750,3.620319,3.657199,50.447189,0.03462038,3.357535,,CO2 below target; MFC adding CO2
2026-05-06 14:54:29,12698.8,447.402,447.500,450.000,2.500,14.340100,100.761000,51.511800,0.713596,18.000000,96.983401,-0.00029160,0.03847933,-0.028281,5.000700,5.018750,3.731857,3.753799,50.488185,0.03877094,3.760137,,CO2 below target; MFC adding CO2
2026-05-06 14:54:40,12709.8,447.538,447.569,450.000,2.431,14.341700,100.760000,51.503500,0.717764,18.000000,96.982439,-0.00052699,0.03843179,-0.051109,4.862900,5.012500,3.727209,3.745172,50.529083,0.03895879,3.778318,,CO2 below target; MFC adding CO2
2026-05-06 14:54:51,12720.8,447.801,447.613,450.000,2.387,14.338000,100.764000,51.506800,0.718821,18.000000,96.986289,0.00248494,0.03723232,0.241005,4.773700,4.856250,3.611024,3.640633,50.568960,0.03474738,3.370020,,CO2 below target; MFC adding CO2
2026-05-06 14:55:02,12731.8,447.387,447.633,450.000,2.367,14.326800,100.763000,51.501900,0.714721,18.000000,96.985326,0.00383516,0.03651391,0.371955,4.734400,4.762500,3.541313,3.577326,50.608090,0.03267875,3.169359,,CO2 below target; MFC adding CO2
2026-05-06 14:55:13,12742.8,447.481,447.619,450.000,2.381,14.338900,100.764000,51.508500,0.718217,18.000000,96.986289,0.00256097,0.03632188,0.248379,4.762300,4.737500,3.522724,3.540070,50.646851,0.03376090,3.274344,,CO2 below target; MFC adding CO2
2026-05-06 14:55:24,12753.8,447.453,447.556,450.000,2.444,14.338900,100.768000,51.513500,0.717347,18.000000,96.990139,-0.00026670,0.03646418,-0.025867,4.888900,4.756250,3.536666,3.572221,50.685836,0.03673088,3.562533,,CO2 below target; MFC adding CO2
2026-05-06 14:55:35,12764.8,447.858,447.609,450.000,2.391,14.333800,100.767000,51.506800,0.711370,18.000000,96.989176,-0.00061382,0.04044162,-0.059534,4.782000,5.275000,3.922400,3.928339,50.741877,0.04105545,3.981934,,CO2 below target; MFC adding CO2
2026-05-06 14:55:45,12774.8,447.567,447.624,450.000,2.376,14.331500,100.768000,51.510200,0.714991,18.000000,96.990139,0.00032074,0.03641627,0.031109,4.752600,4.750000,3.532019,3.545607,50.767864,0.03609552,3.500910,,CO2 below target; MFC adding CO2
2026-05-06 14:55:56,12785.8,447.603,447.599,450.000,2.401,14.335300,100.768000,51.501900,0.717610,18.000000,96.990139,-0.00064751,0.03636835,-0.062802,4.801900,4.743750,3.527371,3.549533,50.806695,0.03701586,3.590173,,CO2 below target; MFC adding CO2
2026-05-06 14:56:07,12796.8,447.328,447.458,450.000,2.542,14.337500,100.766000,51.505200,0.718639,18.000000,96.988214,-0.00257833,0.03675241,-0.250068,5.083500,4.793750,3.564550,3.578943,50.845899,0.03933074,3.814618,,CO2 below target; MFC adding CO2
2026-05-06 14:56:18,12807.8,447.449,447.487,450.000,2.513,14.325800,100.767000,51.506800,0.715669,18.000000,96.989176,-0.00227936,0.03900412,-0.221073,5.026400,5.087500,3.782978,3.812816,50.887299,0.04128348,4.004051,,CO2 below target; MFC adding CO2
2026-05-06 14:56:29,12818.8,447.746,447.555,450.000,2.445,14.333600,100.765000,51.501800,0.722202,18.000000,96.987251,-0.00205624,0.03852572,-0.199429,4.890800,5.025000,3.736504,3.758817,50.928421,0.04058196,3.935933,,CO2 below target; MFC adding CO2
2026-05-06 14:56:40,12829.8,447.945,447.555,450.000,2.445,14.339400,100.767000,51.506800,0.715824,18.000000,96.989176,0.00145140,0.03761454,0.140770,4.889400,4.906250,3.648204,3.662899,50.968474,0.03616314,3.507433,,CO2 below target; MFC adding CO2
2026-05-06 14:56:51,12840.8,447.676,447.615,450.000,2.385,14.332900,100.769000,51.510200,0.717291,18.000000,96.991101,0.00455731,0.03737422,0.442018,4.769200,4.875000,3.624967,3.646708,51.008435,0.03281691,3.182948,,CO2 below target; MFC adding CO2
2026-05-06 14:57:02,12851.8,447.110,447.570,450.000,2.430,14.333800,100.771000,51.505200,0.714891,18.000000,96.993026,0.00137525,0.03665476,0.133389,4.859200,4.781250,3.555256,3.569479,51.047466,0.03527951,3.421866,,CO2 below target; MFC adding CO2
2026-05-06 14:57:13,12862.8,447.535,447.502,450.000,2.498,14.326200,100.770000,51.505200,0.715845,18.000000,96.992064,-0.00077246,0.03584056,-0.074923,4.996600,4.675000,3.476250,3.495462,51.101455,0.03661303,3.551173,,CO2 below target; MFC adding CO2
2026-05-06 14:57:24,12873.8,447.681,447.452,450.000,2.548,14.326600,100.768000,51.508500,0.718004,18.000000,96.990139,-0.00205010,0.03809333,-0.198840,5.095800,4.968750,3.694677,3.723432,51.141972,0.04014343,3.893517,,CO2 below target; MFC adding CO2
2026-05-06 14:57:35,12884.8,447.373,447.428,450.000,2.572,14.326000,100.768000,51.501900,0.717931,18.000000,96.990139,-0.00595893,0.03905165,-0.577958,5.143000,5.093750,3.787625,3.818019,51.183529,0.04501059,4.365583,,CO2 below target; MFC adding CO2
2026-05-06 14:57:46,12895.8,447.442,447.461,450.000,2.539,14.326800,100.769000,51.506800,0.718853,18.000000,96.991101,-0.00324354,0.03938668,-0.314594,5.078300,5.137500,3.820157,3.856475,51.225570,0.04263021,4.134751,,CO2 below target; MFC adding CO2
2026-05-06 14:57:57,12906.8,447.425,447.527,450.000,2.473,14.320300,100.768000,51.500200,0.715967,18.000000,96.990139,0.00125964,0.03895582,0.122173,4.946000,5.081250,3.778331,3.791669,51.267139,0.03769618,3.656158,,CO2 below target; MFC adding CO2
2026-05-06 14:58:08,12917.8,447.887,447.490,450.000,2.510,14.331800,100.766000,51.508500,0.717202,18.000000,96.988214,0.00096725,0.03790242,0.093812,5.019800,4.943750,3.676088,3.704076,51.307673,0.03693517,3.582276,,CO2 below target; MFC adding CO2
2026-05-06 14:58:19,12928.8,447.356,447.568,450.000,2.432,14.326600,100.771000,51.498500,0.714031,18.000000,96.993026,0.00252509,0.03857134,0.244916,4.864000,5.031250,3.741151,3.749170,51.348696,0.03604625,3.496235,,CO2 below target; MFC adding CO2
2026-05-06 14:58:30,12939.8,447.857,447.615,450.000,2.385,14.336000,100.770000,51.511800,0.716011,18.000000,96.992064,0.00455908,0.03727802,0.442194,4.769900,4.862500,3.615672,3.642393,51.388587,0.03271894,3.173477,,CO2 below target; MFC adding CO2
2026-05-06 14:58:41,12950.8,447.222,447.534,450.000,2.466,14.338000,100.764000,51.506800,0.716669,18.000000,96.986289,-0.00090678,0.03565102,-0.087945,4.932500,4.650000,3.457660,3.482721,51.435592,0.03655780,3.545605,,CO2 below target; MFC adding CO2
2026-05-06 14:58:52,12961.8,447.229,447.418,450.000,2.582,14.325700,100.763000,51.505200,0.720384,18.000000,96.985326,-0.00182641,0.03775979,-0.177135,5.164400,4.925000,3.662146,3.701881,51.475668,0.03958620,3.839280,,CO2 below target; MFC adding CO2
2026-05-06 14:59:03,12972.8,447.834,447.565,450.000,2.435,14.333900,100.766000,51.510200,0.717219,18.000000,96.988214,-0.00103096,0.03957952,-0.099991,4.870800,5.162500,3.838747,3.866462,51.517797,0.04061048,3.938738,,CO2 below target; MFC adding CO2
2026-05-06 14:59:14,12983.8,446.844,447.554,450.000,2.446,14.340900,100.763000,51.506800,0.720544,18.000000,96.985326,-0.00050208,0.03737644,-0.048694,4.891800,4.875000,3.624967,3.647596,51.557745,0.03787852,3.673661,,CO2 below target; MFC adding CO2
2026-05-06 14:59:25,12994.8,447.396,447.361,450.000,2.639,14.332900,100.766000,51.505200,0.718505,18.000000,96.988214,-0.00447737,0.03747116,-0.434252,5.278400,4.887500,3.634261,3.662128,51.597717,0.04194854,4.068514,,CO2 below target; MFC adding CO2
2026-05-06 14:59:36,13005.8,447.650,447.414,450.000,2.586,14.329500,100.761000,51.506800,0.718827,18.000000,96.983401,0.00011855,0.04053987,0.011498,5.172300,5.287500,3.931694,3.946741,51.640694,0.04042132,3.920197,,CO2 below target; MFC adding CO2
2026-05-06 14:59:47,13016.8,447.586,447.652,450.000,2.348,14.325800,100.765000,51.510200,0.716959,18.000000,96.987251,0.00131595,0.03972366,0.127630,4.696400,5.181250,3.852689,3.811670,51.683020,0.03840772,3.725059,,CO2 below target; MFC adding CO2
2026-05-06 14:59:57,13026.8,448.085,447.653,450.000,2.347,14.323300,100.762000,51.508500,0.719109,18.000000,96.984364,0.00447908,0.03589133,0.434401,4.693200,4.681250,3.480897,3.514394,51.718183,0.03141224,3.046496,,CO2 below target; MFC adding CO2
2026-05-06 15:00:08,13037.8,447.330,447.696,450.000,2.304,14.331900,100.762000,51.506800,0.716376,18.000000,96.984364,0.00755864,0.03469335,0.733070,4.607300,4.525000,3.364713,3.381751,51.762622,0.02713471,2.631643,,CO2 below target; MFC adding CO2
2026-05-06 15:00:19,13048.8,447.647,447.619,450.000,2.381,14.322700,100.763000,51.506800,0.718678,18.000000,96.985326,0.00518398,0.03526803,0.502770,4.761900,4.600000,3.420481,3.438705,51.800129,0.03008405,2.917711,,CO2 below target; MFC adding CO2
2026-05-06 15:00:30,13059.8,446.995,447.414,450.000,2.586,14.326500,100.766000,51.508500,0.716837,18.000000,96.988214,-0.00577507,0.03646491,-0.560114,5.171200,4.756250,3.536666,3.563253,51.838997,0.04223998,4.096780,,CO2 below target; MFC adding CO2
2026-05-06 15:00:41,13070.8,447.588,447.463,450.000,2.537,14.326000,100.764000,51.508500,0.715350,18.000000,96.986289,-0.00420586,0.03967614,-0.407911,5.073900,5.175000,3.848041,3.878217,51.881087,0.04388200,4.255952,,CO2 below target; MFC adding CO2
2026-05-06 15:00:52,13081.8,447.766,447.517,450.000,2.483,14.326000,100.767000,51.503500,0.714563,18.000000,96.989176,-0.00556838,0.03890829,-0.540073,4.965200,5.075000,3.773683,3.801279,51.922635,0.04447667,4.313756,,CO2 below target; MFC adding CO2
2026-05-06 15:01:03,13092.8,447.794,447.632,450.000,2.368,14.329100,100.768000,51.503500,0.716994,18.000000,96.990139,0.00341452,0.03804541,0.331174,4.736900,4.962500,3.690030,3.723122,51.963300,0.03463090,3.358856,,CO2 below target; MFC adding CO2
2026-05-06 15:01:14,13103.8,447.565,447.624,450.000,2.376,14.329900,100.767000,51.510200,0.716447,18.000000,96.989176,0.00466553,0.03632079,0.452506,4.751200,4.737500,3.522724,3.549249,52.002148,0.03165527,3.070218,,CO2 below target; MFC adding CO2
2026-05-06 15:01:25,13114.8,447.371,447.592,450.000,2.408,14.334400,100.768000,51.505200,0.716396,18.000000,96.990139,0.00251860,0.03646418,0.244279,4.815700,4.756250,3.536666,3.563214,52.041041,0.03394558,3.292387,,CO2 below target; MFC adding CO2
2026-05-06 15:01:36,13125.8,447.977,447.494,450.000,2.506,14.334400,100.772000,51.510200,0.715107,18.000000,96.993989,-0.00170687,0.00268320,-0.165557,5.011000,0.350000,0.260254,0.379261,52.089301,0.00439007,0.425811,,CO2 below target; MFC adding CO2
2026-05-06 15:01:47,13136.8,447.686,447.408,450.000,2.592,14.338700,100.770000,51.511800,0.714611,18.000000,96.992064,-0.00562642,0.03828424,-0.545718,5.184700,4.993750,3.713267,3.732797,52.124828,0.04391065,4.258985,,CO2 below target; MFC adding CO2
2026-05-06 15:01:58,13147.8,447.137,447.337,450.000,2.663,14.333000,100.772000,51.510200,0.712258,18.000000,96.993989,-0.00523832,0.03976882,-0.508085,5.326600,5.187500,3.857336,3.887748,52.167123,0.04500713,4.365421,,CO2 below target; MFC adding CO2
2026-05-06 15:02:09,13158.8,447.681,447.400,450.000,2.600,14.329200,100.770000,51.503500,0.717059,18.000000,96.992064,-0.00366222,0.04091957,-0.355206,5.200300,5.337500,3.968874,3.987975,52.210645,0.04458179,4.324080,,CO2 below target; MFC adding CO2
2026-05-06 15:02:20,13169.8,447.783,447.465,450.000,2.535,14.341300,100.770000,51.515200,0.715509,18.000000,96.992064,-0.00136827,0.03991335,-0.132711,5.070300,5.206250,3.871278,3.899231,52.253239,0.04128162,4.003989,,CO2 below target; MFC adding CO2
2026-05-06 15:02:31,13180.8,447.467,447.474,450.000,2.526,14.329200,100.769000,51.508500,0.717536,18.000000,96.991101,0.00123088,0.03885960,0.119385,5.052000,5.068750,3.769036,3.791724,52.294754,0.03762872,3.649651,,CO2 below target; MFC adding CO2
2026-05-06 15:02:42,13191.8,448.046,447.551,450.000,2.449,14.336400,100.772000,51.506800,0.719575,18.000000,96.993989,0.00580970,0.03866679,0.563506,4.898800,5.043750,3.750446,3.784160,52.336114,0.03285709,3.186940,,CO2 below target; MFC adding CO2
2026-05-06 15:02:53,13202.8,447.673,447.548,450.000,2.452,14.334100,100.770000,51.508500,0.717114,18.000000,96.992064,0.00328329,0.03746968,0.318454,4.904100,4.887500,3.634261,3.660529,52.376270,0.03418638,3.315808,,CO2 below target; MFC adding CO2
2026-05-06 15:03:04,13213.8,447.589,447.614,450.000,2.386,14.331200,100.770000,51.506800,0.718625,18.000000,96.992064,0.00373528,0.00757060,0.362292,4.772300,0.987500,0.734288,0.772709,52.432564,0.00383532,0.371996,,CO2 below target; MFC adding CO2
2026-05-06 15:03:15,13224.8,447.614,447.551,450.000,2.449,14.333300,100.768000,51.505200,0.715686,18.000000,96.990139,-0.00120245,0.03656001,-0.116626,4.898300,4.768750,3.545961,3.555510,52.464360,0.03776246,3.662586,,CO2 below target; MFC adding CO2
2026-05-06 15:03:26,13235.8,447.365,447.363,450.000,2.637,14.341100,100.769000,51.506800,0.715341,18.000000,96.991101,-0.00372761,0.03761380,-0.361545,5.274700,4.906250,3.648204,3.668210,52.504354,0.04134141,4.009749,,CO2 below target; MFC adding CO2
2026-05-06 15:03:37,13246.8,447.419,447.334,450.000,2.666,14.333400,100.770000,51.500200,0.713962,18.000000,96.992064,-0.00468087,0.04048833,-0.454007,5.331300,5.281250,3.927047,3.879739,52.547231,0.04516921,4.381055,,CO2 below target; MFC adding CO2
2026-05-06 15:03:47,13256.8,447.178,447.316,450.000,2.684,14.324000,100.770000,51.508500,0.718023,18.000000,96.992064,-0.00509901,0.04091957,-0.494563,5.367400,5.337500,3.968874,3.986708,52.586870,0.04601858,4.463437,,CO2 below target; MFC adding CO2
2026-05-06 15:03:58,13267.8,447.415,447.401,450.000,2.599,14.334000,100.772000,51.501800,0.715351,18.000000,96.993989,-0.00268142,0.04111042,-0.260082,5.198300,5.362500,3.987463,4.016109,52.630771,0.04379184,4.247545,,CO2 below target; MFC adding CO2
2026-05-06 15:04:09,13278.8,447.343,447.606,450.000,2.394,14.329800,100.772000,51.503500,0.713805,18.000000,96.993989,0.00587643,0.03986465,0.569979,4.788500,5.200000,3.866631,3.900515,52.673381,0.03398821,3.296652,,CO2 below target; MFC adding CO2
2026-05-06 15:04:20,13289.8,447.299,447.634,450.000,2.366,14.360400,100.770000,51.503500,0.718964,18.000000,96.992064,0.00672170,0.03665512,0.651951,4.732300,4.781250,3.555256,3.575707,52.712742,0.02993342,2.903304,,CO2 below target; MFC adding CO2
2026-05-06 15:04:31,13300.8,447.664,447.588,450.000,2.412,14.335400,100.768000,51.510200,0.718522,18.000000,96.990139,0.00566699,0.01408734,0.549642,4.823700,1.837500,1.366334,1.440390,52.766055,0.00842036,0.816692,,CO2 below target; MFC adding CO2
2026-05-06 15:04:42,13311.8,447.802,447.645,450.000,2.355,14.332500,100.771000,51.510200,0.716002,18.000000,96.993026,0.00352878,0.03689433,0.342267,4.710000,4.812500,3.578493,3.605346,52.794802,0.03336555,3.236225,,CO2 below target; MFC adding CO2
2026-05-06 15:04:53,13322.8,447.408,447.528,450.000,2.472,14.326900,100.775000,51.510100,0.716706,18.000000,96.996876,-0.00192642,0.03603043,-0.186857,4.944500,4.700000,3.494840,3.529620,52.833362,0.03795685,3.681696,,CO2 below target; MFC adding CO2
2026-05-06 15:05:04,13333.8,447.397,447.386,450.000,2.614,14.329800,100.773000,51.505200,0.718650,18.000000,96.994951,-0.00341877,0.03785187,-0.331603,5.228800,4.937500,3.671440,3.690470,52.873661,0.04127064,4.003044,,CO2 below target; MFC adding CO2
2026-05-06 15:05:15,13344.8,447.777,447.549,450.000,2.451,14.324900,100.772000,51.501800,0.715379,18.000000,96.993989,-0.00289478,0.04015213,-0.280776,4.901300,5.237500,3.894515,3.910600,52.916317,0.04304691,4.175291,,CO2 below target; MFC adding CO2
2026-05-06 15:05:26,13355.8,447.432,447.597,450.000,2.403,14.332500,100.771000,51.508500,0.720943,18.000000,96.993026,0.00000022,0.03756513,0.000021,4.805500,4.900000,3.643556,3.664281,52.956549,0.03756492,3.643535,,CO2 below target; MFC adding CO2
2026-05-06 15:05:37,13366.8,447.863,447.551,450.000,2.449,14.330500,100.774000,51.510100,0.717652,18.000000,96.995914,0.00092841,0.03684532,0.090052,4.898900,4.806250,3.573845,3.591413,52.995900,0.03591691,3.483794,,CO2 below target; MFC adding CO2
2026-05-06 15:05:48,13377.8,447.387,447.559,450.000,2.441,14.328500,100.778000,51.496900,0.718294,18.000000,96.999764,0.00350155,0.03756253,0.339650,4.881600,4.900000,3.643556,3.678397,53.035953,0.03406097,3.303906,,CO2 below target; MFC adding CO2
2026-05-06 15:05:59,13388.8,447.614,447.540,450.000,2.460,14.323100,100.775000,51.503500,0.715135,18.000000,96.996876,-0.00047887,0.09381328,-0.046449,4.920200,12.237500,9.099595,9.090716,53.092557,0.09429215,9.146044,,CO2 below target; MFC adding CO2
2026-05-06 15:06:10,13399.8,447.209,447.570,450.000,2.430,14.323000,100.779000,51.501900,0.717295,18.000000,97.000726,0.00040864,0.03756215,0.039639,4.859300,4.900000,3.643556,3.673962,53.126217,0.03715351,3.603918,,CO2 below target; MFC adding CO2
2026-05-06 15:06:21,13410.8,447.426,447.484,450.000,2.516,14.327000,100.780000,51.510200,0.721639,18.000000,97.001689,-0.00198666,0.03722641,-0.192709,5.031700,4.856250,3.611024,3.633463,53.165890,0.03921306,3.803733,,CO2 below target; MFC adding CO2
2026-05-06 15:06:32,13421.8,447.260,447.438,450.000,2.562,14.323200,100.783000,51.513500,0.715926,18.000000,97.004576,-0.00239710,0.03866257,-0.232529,5.124800,5.043750,3.750446,3.758525,53.206917,0.04105967,3.982975,,CO2 below target; MFC adding CO2
2026-05-06 15:06:43,13432.8,447.564,447.473,450.000,2.527,14.333100,100.777000,51.503500,0.718922,18.000000,96.998801,-0.00117592,0.03928773,-0.114063,5.054500,5.125000,3.810862,3.835911,53.248793,0.04046364,3.924925,,CO2 below target; MFC adding CO2
2026-05-06 15:06:54,13443.8,447.828,447.592,450.000,2.408,14.318800,100.780000,51.500200,0.719635,18.000000,97.001689,0.00175689,0.03880745,0.170421,4.816500,5.062500,3.764388,3.783089,53.290218,0.03705056,3.593967,,CO2 below target; MFC adding CO2
2026-05-06 15:07:05,13454.8,447.693,447.698,450.000,2.302,14.331900,100.779000,51.508500,0.715206,18.000000,97.000726,0.00614578,0.03708304,0.596145,4.604600,4.837500,3.597082,3.604786,53.329765,0.03093726,3.000937,,CO2 below target; MFC adding CO2
2026-05-06 15:07:16,13465.8,447.983,447.636,450.000,2.364,14.333500,100.778000,51.508500,0.715225,18.000000,96.999764,0.00484495,0.03540651,0.469959,4.727500,4.618750,3.434423,3.449499,53.367556,0.03056157,2.964465,,CO2 below target; MFC adding CO2
2026-05-06 15:07:27,13476.8,447.509,447.606,450.000,2.394,14.322700,100.777000,51.503500,0.716457,18.000000,96.998801,0.00350556,0.07057417,0.340036,4.787000,9.206250,6.845610,7.009484,53.430761,0.06706861,6.505574,,CO2 below target; MFC adding CO2
2026-05-06 15:07:38,13487.8,447.411,447.531,450.000,2.469,14.327300,100.779000,51.503500,0.718500,18.000000,97.000726,-0.00332374,0.03636438,-0.322406,4.938600,4.743750,3.527371,3.556049,53.460263,0.03968812,3.849777,,CO2 below target; MFC adding CO2
2026-05-06 15:07:49,13498.8,446.992,447.411,450.000,2.589,14.334400,100.776000,51.508500,0.716479,18.000000,96.997839,-0.00696797,0.03785075,-0.675878,5.177000,4.937500,3.671440,3.684748,53.500481,0.04481872,4.347319,,CO2 below target; MFC adding CO2
2026-05-06 15:08:00,13509.8,447.762,447.368,450.000,2.632,14.325600,100.776000,51.500200,0.718772,18.000000,96.997839,-0.00652365,0.03971933,-0.632780,5.263300,5.181250,3.852689,3.863744,53.542668,0.04624297,4.485468,,CO2 below target; MFC adding CO2
2026-05-06 15:08:11,13520.8,447.226,447.433,450.000,2.567,14.329200,100.779000,51.495200,0.715751,18.000000,97.000726,-0.00453724,0.04038890,-0.440115,5.134600,5.268750,3.917752,3.933731,53.585662,0.04492613,4.357867,,CO2 below target; MFC adding CO2
2026-05-06 15:08:22,13531.8,447.115,447.445,450.000,2.555,14.333300,100.779000,51.506900,0.715381,18.000000,97.000726,-0.00022732,0.03928695,-0.022050,5.110500,5.125000,3.810862,3.839002,53.627703,0.03951427,3.832913,,CO2 below target; MFC adding CO2
2026-05-06 15:08:33,13542.8,447.743,447.478,450.000,2.522,14.326400,100.781000,51.508500,0.716196,18.000000,97.002651,0.00277609,0.03914244,0.269288,5.044100,5.106250,3.796920,3.834724,53.669524,0.03636634,3.527632,,CO2 below target; MFC adding CO2
2026-05-06 15:08:44,13553.8,447.672,447.480,450.000,2.520,14.328600,100.781000,51.505200,0.719559,18.000000,97.002651,0.00307171,0.03861543,0.297964,5.039800,5.037500,3.745799,3.780388,53.710815,0.03554372,3.447835,,CO2 below target; MFC adding CO2
2026-05-06 15:08:55,13564.8,447.519,447.524,450.000,2.476,14.324600,100.782000,51.505200,0.714541,18.000000,97.003614,0.00285253,0.03861504,0.276705,4.951500,5.037500,3.745799,3.778601,53.752032,0.03576252,3.469093,,CO2 below target; MFC adding CO2
2026-05-06 15:09:06,13575.8,447.335,447.566,450.000,2.434,14.334400,100.787000,51.506800,0.717625,18.000000,97.008426,0.00421516,0.03789452,0.408906,4.867800,4.943750,3.676088,3.713045,53.792573,0.03367937,3.267182,,CO2 below target; MFC adding CO2
2026-05-06 15:09:17,13586.8,447.218,447.616,450.000,2.384,14.330100,100.783000,51.508500,0.716927,18.000000,97.004576,0.00421545,0.03626712,0.408918,4.767600,4.731250,3.518076,3.491049,53.835631,0.03205166,3.109158,,CO2 below target; MFC adding CO2
2026-05-06 15:09:27,13596.8,447.613,447.561,450.000,2.439,14.316600,100.781000,51.510200,0.715533,18.000000,97.002651,0.00112385,0.03650739,0.109017,4.877100,4.762500,3.541313,3.572005,53.870961,0.03538353,3.432297,,CO2 below target; MFC adding CO2
2026-05-06 15:09:38,13607.8,447.610,447.486,450.000,2.514,14.331400,100.785000,51.505200,0.715593,18.000000,97.006501,-0.00221091,0.03732038,-0.214472,5.029000,4.868750,3.620319,3.645127,53.910729,0.03953128,3.834792,,CO2 below target; MFC adding CO2
2026-05-06 15:09:49,13618.8,447.228,447.488,450.000,2.512,14.323600,100.784000,51.496900,0.718479,18.000000,97.005539,-0.00334916,0.03851846,-0.324887,5.024800,5.025000,3.736504,3.777409,53.951833,0.04186762,4.061391,,CO2 below target; MFC adding CO2
2026-05-06 15:10:00,13629.8,447.590,447.428,450.000,2.572,14.329400,100.787000,51.505200,0.715418,18.000000,97.008426,-0.00446265,0.03842150,-0.432915,5.143000,5.012500,3.727209,3.771465,53.992922,0.04288415,4.160124,,CO2 below target; MFC adding CO2
2026-05-06 15:10:11,13640.8,447.667,447.427,450.000,2.573,14.324600,100.785000,51.506800,0.719006,18.000000,97.006501,-0.00230230,0.03942833,-0.223338,5.145000,5.143750,3.824804,3.866068,54.034924,0.04173063,4.048142,,CO2 below target; MFC adding CO2
2026-05-06 15:10:22,13651.8,447.203,447.570,450.000,2.430,14.321300,100.782000,51.508500,0.716878,18.000000,97.003614,0.00117539,0.03942950,0.114017,4.859100,5.143750,3.824804,3.851075,54.077008,0.03825411,3.710787,,CO2 below target; MFC adding CO2
2026-05-06 15:10:33,13662.8,447.225,447.512,450.000,2.488,14.332300,100.782000,51.508500,0.715473,18.000000,97.003614,0.00075531,0.03722567,0.073268,4.976400,4.856250,3.611024,3.631589,54.116879,0.03647036,3.537757,,CO2 below target; MFC adding CO2
2026-05-06 15:10:44,13673.8,447.368,447.486,450.000,2.514,14.333300,100.784000,51.506800,0.717336,18.000000,97.005539,0.00215536,0.03827892,0.209082,5.027600,4.993750,3.713267,3.741384,54.157543,0.03612356,3.504185,,CO2 below target; MFC adding CO2
2026-05-06 15:10:55,13684.8,447.745,447.529,450.000,2.471,14.328600,100.786000,51.510200,0.718279,18.000000,97.007464,0.00143197,0.03808653,0.138912,4.943000,4.968750,3.694677,3.717725,54.202146,0.03665455,3.555765,,CO2 below target; MFC adding CO2
2026-05-06 15:11:06,13695.8,447.388,447.490,450.000,2.510,14.326500,100.787000,51.505200,0.717609,18.000000,97.008426,-0.00182099,0.03789452,-0.176651,5.019300,4.943750,3.676088,3.698536,54.242515,0.03971551,3.852739,,CO2 below target; MFC adding CO2
2026-05-06 15:11:17,13706.8,447.639,447.538,450.000,2.462,14.326900,100.781000,51.508500,0.718381,18.000000,97.002651,0.00189514,0.03832797,0.183833,4.923100,5.000000,3.717914,3.759881,54.283537,0.03643283,3.534081,,CO2 below target; MFC adding CO2
2026-05-06 15:11:28,13717.8,447.091,447.535,450.000,2.465,14.331200,100.786000,51.513500,0.716377,18.000000,97.007464,-0.00027270,0.03765536,-0.026454,4.930000,4.912500,3.652851,3.694126,54.323872,0.03792806,3.679305,,CO2 below target; MFC adding CO2
2026-05-06 15:11:39,13728.8,447.827,447.520,450.000,2.480,14.329500,100.783000,51.508500,0.714597,18.000000,97.004576,0.00108276,0.03784812,0.105033,4.960700,4.937500,3.671440,3.705100,54.364231,0.03676535,3.566408,,CO2 below target; MFC adding CO2
2026-05-06 15:11:50,13739.8,447.083,447.589,450.000,2.411,14.331700,100.785000,51.511800,0.719780,18.000000,97.006501,0.00157990,0.03808691,0.153260,4.821100,4.968750,3.694677,3.717536,54.404786,0.03650701,3.541417,,CO2 below target; MFC adding CO2
2026-05-06 15:12:01,13750.8,447.536,447.569,450.000,2.431,14.334900,100.784000,51.503500,0.717289,18.000000,97.005539,0.00087206,0.03698539,0.084594,4.861500,4.825000,3.587787,3.613496,54.444273,0.03611333,3.503193,,CO2 below target; MFC adding CO2
2026-05-06 15:12:12,13761.8,447.856,447.590,450.000,2.410,14.333000,100.784000,51.501900,0.718806,18.000000,97.005539,0.00081057,0.03732075,0.078630,4.819600,4.868750,3.620319,3.644781,54.484033,0.03651018,3.541690,,CO2 below target; MFC adding CO2
2026-05-06 15:12:23,13772.8,447.462,447.606,450.000,2.394,14.327000,100.784000,51.508500,0.720063,18.000000,97.005539,0.00033825,0.03588349,0.032813,4.788900,4.681250,3.480897,3.515281,54.527254,0.03554524,3.448085,,CO2 below target; MFC adding CO2
2026-05-06 15:12:34,13783.8,447.054,447.417,450.000,2.583,14.330700,100.786000,51.500200,0.714394,18.000000,97.007464,-0.00393812,0.03669721,-0.382027,5.165600,4.787500,3.559903,3.532688,54.566170,0.04063532,3.941930,,CO2 below target; MFC adding CO2
2026-05-06 15:12:44,13793.8,447.218,447.342,450.000,2.658,14.323900,100.784000,51.505200,0.717697,18.000000,97.005539,-0.00570363,0.03947663,-0.553284,5.316500,5.150000,3.829452,3.871526,54.604392,0.04518027,4.382736,,CO2 below target; MFC adding CO2
2026-05-06 15:12:55,13804.8,447.287,447.444,450.000,2.556,14.325800,100.783000,51.506800,0.714023,18.000000,97.004576,-0.00416750,0.04077057,-0.404267,5.111300,5.318750,3.954931,3.975676,54.647809,0.04493807,4.359198,,CO2 below target; MFC adding CO2
2026-05-06 15:13:06,13815.8,447.659,447.554,450.000,2.446,14.333500,100.781000,51.506800,0.716584,18.000000,97.002651,-0.00078628,0.03914244,-0.076271,4.891700,5.106250,3.796920,3.831861,54.689761,0.03992871,3.873191,,CO2 below target; MFC adding CO2
2026-05-06 15:13:17,13826.8,447.662,447.584,450.000,2.416,14.327100,100.781000,51.505200,0.718835,18.000000,97.002651,0.00480791,0.03765723,0.466380,4.831600,4.912500,3.652851,3.659945,54.729833,0.03284932,3.186471,,CO2 below target; MFC adding CO2
2026-05-06 15:13:28,13837.8,447.541,447.544,450.000,2.456,14.329700,100.783000,51.503500,0.718284,18.000000,97.004576,0.00404892,0.03703366,0.392764,4.911800,4.831250,3.592435,3.613723,54.769377,0.03298474,3.199671,,CO2 below target; MFC adding CO2
2026-05-06 15:13:39,13848.8,447.438,447.624,450.000,2.376,14.321100,100.785000,51.501900,0.721160,18.000000,97.006501,0.00434217,0.03775155,0.421218,4.752400,4.925000,3.662146,3.682150,54.809511,0.03340938,3.240927,,CO2 below target; MFC adding CO2
2026-05-06 15:13:50,13859.8,447.411,447.596,450.000,2.404,14.327500,100.784000,51.505200,0.711503,18.000000,97.005539,0.00125902,0.03578767,0.122132,4.807500,4.668750,3.471603,3.497943,54.850474,0.03452866,3.349471,,CO2 below target; MFC adding CO2
2026-05-06 15:14:01,13870.8,447.223,447.449,450.000,2.551,14.336700,100.787000,51.500200,0.716820,18.000000,97.008426,-0.00246728,0.03674475,-0.239347,5.101300,4.793750,3.564550,3.604435,54.889620,0.03921203,3.803898,,CO2 below target; MFC adding CO2
2026-05-06 15:14:12,13881.8,447.296,447.402,450.000,2.598,14.334400,100.781000,51.505200,0.719364,18.000000,97.002651,-0.00452440,0.03904662,-0.438878,5.196300,5.093750,3.787625,3.814637,54.931175,0.04357101,4.226504,,CO2 below target; MFC adding CO2
2026-05-06 15:14:23,13892.8,447.354,447.403,450.000,2.597,14.329400,100.787000,51.508500,0.718343,18.000000,97.008426,-0.00501117,0.03981081,-0.486126,5.194800,5.193750,3.861984,3.888258,54.973613,0.04482198,4.348109,,CO2 below target; MFC adding CO2
2026-05-06 15:14:34,13903.8,447.698,447.463,450.000,2.537,14.333200,100.785000,51.511800,0.714679,18.000000,97.006501,-0.00309817,0.03976369,-0.300543,5.074600,5.187500,3.857336,3.884474,55.016085,0.04286186,4.157879,,CO2 below target; MFC adding CO2
2026-05-06 15:14:45,13914.8,447.572,447.582,450.000,2.418,14.332000,100.787000,51.505200,0.716046,18.000000,97.008426,0.00317248,0.03890057,0.307757,4.835100,5.075000,3.773683,3.819028,55.057694,0.03572810,3.465926,,CO2 below target; MFC adding CO2
2026-05-06 15:14:56,13925.8,447.772,447.631,450.000,2.369,14.329300,100.785000,51.511800,0.714204,18.000000,97.006501,0.00662486,0.03708084,0.642654,4.738600,4.837500,3.597082,3.613509,55.097358,0.03045598,2.954428,,CO2 below target; MFC adding CO2
2026-05-06 15:15:07,13936.8,447.499,447.610,450.000,2.390,14.328900,100.787000,51.510100,0.720175,18.000000,97.008426,0.00308785,0.03636149,0.299548,4.780800,4.743750,3.527371,3.543538,55.136165,0.03327364,3.227824,,CO2 below target; MFC adding CO2
2026-05-06 15:15:18,13947.8,447.914,447.582,450.000,2.418,14.327900,100.785000,51.500200,0.719764,18.000000,97.006501,0.00200483,0.02443311,0.194482,4.835100,3.187500,2.370170,2.130240,55.178415,0.02242828,2.175689,,CO2 below target; MFC adding CO2
2026-05-06 15:15:29,13958.8,447.206,447.632,450.000,2.368,14.326100,100.784000,51.505200,0.719105,18.000000,97.005539,0.00132435,0.03698539,0.128469,4.736600,4.825000,3.587787,3.618353,55.217561,0.03566104,3.459318,,CO2 below target; MFC adding CO2
2026-05-06 15:15:40,13969.8,447.433,447.545,450.000,2.455,14.331400,100.786000,51.506800,0.717754,18.000000,97.007464,-0.00155486,0.03631395,-0.150833,4.909100,4.737500,3.522724,3.495426,55.256305,0.03786881,3.673557,,CO2 below target; MFC adding CO2
2026-05-06 15:15:50,13979.8,447.254,447.458,450.000,2.542,14.335300,100.788000,51.503500,0.717687,18.000000,97.009389,-0.00494614,0.03755880,-0.479822,5.084800,4.900000,3.643556,3.677269,55.292701,0.04250494,4.123378,,CO2 below target; MFC adding CO2
2026-05-06 15:16:01,13990.8,447.139,447.465,450.000,2.535,14.327700,100.784000,51.505200,0.717407,18.000000,97.005539,-0.00288671,0.03894964,-0.280027,5.070000,5.081250,3.778331,3.796382,55.334212,0.04183635,4.058357,,CO2 below target; MFC adding CO2
2026-05-06 15:16:12,14001.8,447.472,447.521,450.000,2.479,14.352200,100.782000,51.511800,0.719563,18.000000,97.003614,-0.00262021,0.03885459,-0.254169,4.957700,5.068750,3.769036,3.796393,55.375660,0.04147480,4.023205,,CO2 below target; MFC adding CO2
2026-05-06 15:16:23,14012.8,447.322,447.493,450.000,2.507,14.330700,100.782000,51.506800,0.717960,18.000000,97.003614,-0.00125856,0.03808804,-0.122085,5.013700,4.968750,3.694677,3.718282,55.416258,0.03934660,3.816762,,CO2 below target; MFC adding CO2
2026-05-06 15:16:34,14023.8,447.369,447.472,450.000,2.528,14.325500,100.785000,51.508500,0.717102,18.000000,97.006501,-0.00001717,0.03842226,-0.001666,5.055800,5.012500,3.727209,3.758090,55.457229,0.03843944,3.728875,,CO2 below target; MFC adding CO2
2026-05-06 15:16:45,14034.8,447.832,447.525,450.000,2.475,14.323600,100.786000,51.505200,0.718829,18.000000,97.007464,0.00034634,0.00847964,0.033598,4.950300,1.106250,0.822589,0.851050,55.511808,0.00813330,0.788991,,CO2 below target; MFC adding CO2
2026-05-06 15:16:56,14045.8,447.334,447.563,450.000,2.437,14.318700,100.783000,51.500200,0.718546,18.000000,97.004576,-0.00024751,0.03784812,-0.024009,4.874200,4.937500,3.671440,3.699358,55.545510,0.03809562,3.695450,,CO2 below target; MFC adding CO2
2026-05-06 15:17:07,14056.8,448.109,447.628,450.000,2.372,14.317000,100.785000,51.510200,0.717052,18.000000,97.006501,0.00472595,0.03736828,0.458448,4.744500,4.875000,3.624967,3.647405,55.585417,0.03264233,3.166518,,CO2 below target; MFC adding CO2
2026-05-06 15:17:18,14067.8,447.548,447.612,450.000,2.388,14.316100,100.786000,51.506800,0.711502,18.000000,97.007464,0.00295298,0.03631395,0.286461,4.775300,4.737500,3.522724,3.565037,55.624274,0.03336097,3.236263,,CO2 below target; MFC adding CO2
2026-05-06 15:17:29,14078.8,447.436,447.490,450.000,2.510,14.325000,100.785000,51.503500,0.715792,18.000000,97.006501,0.00078307,0.03655385,0.075962,5.020700,4.768750,3.545961,3.576777,55.663314,0.03577078,3.469998,,CO2 below target; MFC adding CO2
2026-05-06 15:17:40,14089.8,447.893,447.570,450.000,2.430,14.320400,100.784000,51.506800,0.722042,18.000000,97.005539,-0.00060815,0.03847055,-0.058994,4.859200,5.018750,3.731857,3.755927,55.704276,0.03907870,3.790851,,CO2 below target; MFC adding CO2
2026-05-06 15:17:51,14100.8,447.204,447.654,450.000,2.346,14.327500,100.784000,51.501800,0.717465,18.000000,97.005539,0.00144421,0.03717702,0.140097,4.691400,4.850000,3.606377,3.631424,55.744069,0.03573281,3.466280,,CO2 below target; MFC adding CO2
2026-05-06 15:18:02,14111.8,447.484,447.617,450.000,2.383,14.321300,100.786000,51.498500,0.714778,18.000000,97.007464,0.00215482,0.03607441,0.209034,4.766300,4.706250,3.499487,3.520438,55.782512,0.03391959,3.290453,,CO2 below target; MFC adding CO2
2026-05-06 15:18:13,14122.8,447.524,447.620,450.000,2.380,14.321800,100.786000,51.506800,0.716921,18.000000,97.007464,0.00217663,0.06180078,0.211149,4.759000,8.062500,5.995137,6.243442,55.842220,0.05962415,5.783988,,CO2 below target; MFC adding CO2
2026-05-06 15:18:24,14133.8,447.391,447.563,450.000,2.437,14.323200,100.787000,51.500200,0.719225,18.000000,97.008426,-0.00158825,0.03631359,-0.154074,4.873100,4.737500,3.522724,3.546719,55.870509,0.03790184,3.676798,,CO2 below target; MFC adding CO2
2026-05-06 15:18:35,14144.8,447.698,447.494,450.000,2.506,14.323200,100.784000,51.511800,0.716266,18.000000,97.005539,-0.00347682,0.03727284,-0.337271,5.011400,4.862500,3.615672,3.654479,55.910243,0.04074966,3.952942,,CO2 below target; MFC adding CO2
2026-05-06 15:18:46,14155.8,447.727,447.468,450.000,2.532,14.322200,100.784000,51.503500,0.720400,18.000000,97.005539,-0.00337142,0.03842264,-0.327046,5.064200,5.012500,3.727209,3.746444,55.951140,0.04179406,4.054256,,CO2 below target; MFC adding CO2
2026-05-06 15:18:57,14166.8,447.606,447.453,450.000,2.547,14.326700,100.787000,51.506800,0.718034,18.000000,97.008426,-0.00428271,0.03885266,-0.415459,5.093600,5.068750,3.769036,3.797819,55.992524,0.04313537,4.184495,,CO2 below target; MFC adding CO2
2026-05-06 15:19:08,14177.8,447.337,447.484,450.000,2.516,14.337600,100.786000,51.503500,0.714111,18.000000,97.007464,-0.00117454,0.03904468,-0.113939,5.032900,5.093750,3.787625,3.818268,56.034181,0.04021922,3.901565,,CO2 below target; MFC adding CO2
2026-05-06 15:19:19,14188.8,447.601,447.571,450.000,2.429,14.325300,100.788000,51.506800,0.716190,18.000000,97.009389,0.00190757,0.03846902,0.185052,4.857800,5.018750,3.731857,3.764144,56.075346,0.03656146,3.546804,,CO2 below target; MFC adding CO2
2026-05-06 15:19:30,14199.8,447.949,447.657,450.000,2.343,14.329700,100.788000,51.513500,0.715893,18.000000,97.009389,0.00411391,0.03722345,0.399088,4.685200,4.856250,3.611024,3.645339,56.115160,0.03310954,3.211937,,CO2 below target; MFC adding CO2
2026-05-06 15:19:41,14210.8,447.475,447.648,450.000,2.352,14.328100,100.785000,51.506900,0.715802,18.000000,97.006501,0.00486070,0.02088791,0.471520,4.704900,2.725000,2.026263,2.178292,56.175652,0.01602721,1.554744,,CO2 below target; MFC adding CO2
2026-05-06 15:19:51,14220.8,447.322,447.605,450.000,2.395,14.323000,100.785000,51.503500,0.717305,18.000000,97.006501,0.00184200,0.03583523,0.178686,4.790300,4.675000,3.476250,3.504870,56.199748,0.03399323,3.297564,,CO2 below target; MFC adding CO2
2026-05-06 15:20:02,14231.8,447.408,447.443,450.000,2.557,14.317500,100.784000,51.510200,0.718232,18.000000,97.005539,-0.00286867,0.03665003,-0.278277,5.114800,4.781250,3.555256,3.585213,56.238786,0.03951870,3.833533,,CO2 below target; MFC adding CO2
2026-05-06 15:20:13,14242.8,447.331,447.377,450.000,2.623,14.316400,100.786000,51.505200,0.715573,18.000000,97.007464,-0.00648621,0.03928422,-0.629211,5.245000,5.125000,3.810862,3.830197,56.280423,0.04577043,4.440073,,CO2 below target; MFC adding CO2
2026-05-06 15:20:24,14253.8,447.554,447.367,450.000,2.633,14.318500,100.788000,51.505200,0.715382,18.000000,97.009389,-0.00638784,0.04009785,-0.619680,5.266900,5.231250,3.889868,3.922957,56.323248,0.04648569,4.509548,,CO2 below target; MFC adding CO2
2026-05-06 15:20:35,14264.8,447.866,447.528,450.000,2.472,14.323100,100.787000,51.501900,0.716432,18.000000,97.008426,-0.00092871,0.04028988,-0.090093,4.944800,5.256250,3.908458,3.944344,56.366320,0.04121859,3.998551,,CO2 below target; MFC adding CO2
2026-05-06 15:20:46,14275.8,447.512,447.622,450.000,2.378,14.318600,100.790000,51.501800,0.713841,18.000000,97.011314,0.00472725,0.03794130,0.458597,4.756800,4.950000,3.680735,3.710272,56.406906,0.03321405,3.222138,,CO2 below target; MFC adding CO2
2026-05-06 15:20:57,14286.8,447.853,447.600,450.000,2.400,14.326600,100.790000,51.510200,0.714411,18.000000,97.011314,0.00515353,0.03645622,0.499951,4.799300,4.756250,3.536666,3.557043,56.445905,0.03130269,3.036715,,CO2 below target; MFC adding CO2
2026-05-06 15:21:08,14297.8,447.334,447.624,450.000,2.376,14.327400,100.791000,51.506800,0.715169,18.000000,97.012276,0.00560313,0.03674329,0.543572,4.751300,4.793750,3.564550,3.594689,56.485162,0.03114016,3.020978,,CO2 below target; MFC adding CO2
2026-05-06 15:21:19,14308.8,447.350,447.685,450.000,2.315,14.329300,100.790000,51.508500,0.718949,18.000000,97.011314,0.00359079,0.03578554,0.348348,4.629300,4.668750,3.471603,3.504171,56.531207,0.03219475,3.123255,,CO2 below target; MFC adding CO2
2026-05-06 15:21:30,14319.8,447.822,447.559,450.000,2.441,14.329800,100.790000,51.510200,0.713016,18.000000,97.011314,0.00029198,0.03545020,0.028326,4.881600,4.625000,3.439071,3.461281,56.568986,0.03515822,3.410745,,CO2 below target; MFC adding CO2
2026-05-06 15:21:41,14330.8,447.135,447.475,450.000,2.525,14.326300,100.787000,51.503500,0.718157,18.000000,97.008426,-0.00488602,0.03741545,-0.473985,5.049200,4.881250,3.629614,3.665550,56.608760,0.04230147,4.103599,,CO2 below target; MFC adding CO2
2026-05-06 15:21:52,14341.8,447.442,447.489,450.000,2.511,14.327400,100.787000,51.501800,0.718535,18.000000,97.008426,-0.00399551,0.03885266,-0.387598,5.021600,5.068750,3.769036,3.781980,56.650000,0.04284817,4.156634,,CO2 below target; MFC adding CO2
2026-05-06 15:22:03,14352.8,447.566,447.496,450.000,2.504,14.357700,100.790000,51.508500,0.715901,18.000000,97.011314,-0.00521527,0.03851617,-0.505940,5.007400,5.025000,3.736504,3.748247,56.691073,0.04373143,4.242444,,CO2 below target; MFC adding CO2
2026-05-06 15:22:14,14363.8,447.929,447.536,450.000,2.464,14.328500,100.784000,51.515200,0.716351,18.000000,97.005539,0.00139053,0.03842264,0.134889,4.928000,5.012500,3.727209,3.762484,56.732057,0.03703211,3.592320,,CO2 below target; MFC adding CO2
2026-05-06 15:22:25,14374.8,447.348,447.629,450.000,2.371,14.323800,100.787000,51.510200,0.717602,18.000000,97.008426,0.00269414,0.03779871,0.261354,4.742100,4.931250,3.666793,3.694103,56.772385,0.03510457,3.405439,,CO2 below target; MFC adding CO2
2026-05-06 15:22:36,14385.8,447.388,447.653,450.000,2.347,14.329500,100.787000,51.503500,0.719056,18.000000,97.008426,0.00525696,0.03645731,0.509970,4.694000,4.756250,3.536666,3.566423,56.811299,0.03120035,3.026697,,CO2 below target; MFC adding CO2
2026-05-06 15:22:47,14396.8,447.635,447.656,450.000,2.344,14.328500,100.789000,51.505200,0.718116,18.000000,97.010351,0.00356802,0.02596514,0.346135,4.688900,3.387500,2.518887,2.462293,56.855111,0.02239712,2.172752,,CO2 below target; MFC adding CO2
2026-05-06 15:22:58,14407.8,447.634,447.521,450.000,2.479,14.328400,100.789000,51.508500,0.717890,18.000000,97.010351,-0.00237435,0.03592962,-0.230336,4.957300,4.687500,3.485545,3.515016,56.893115,0.03830396,3.715881,,CO2 below target; MFC adding CO2
2026-05-06 15:23:09,14418.8,447.278,447.478,450.000,2.522,14.325200,100.788000,51.500200,0.718400,18.000000,97.009389,-0.00362847,0.03798996,-0.351996,5.044800,4.956250,3.685383,3.715204,56.933527,0.04161843,4.037378,,CO2 below target; MFC adding CO2
2026-05-06 15:23:20,14429.8,447.563,447.468,450.000,2.532,14.325900,100.791000,51.503500,0.716350,18.000000,97.012276,-0.00473575,0.03865950,-0.459426,5.064300,5.043750,3.750446,3.770133,56.974756,0.04339525,4.209872,,CO2 below target; MFC adding CO2
2026-05-06 15:23:31,14440.8,447.863,447.509,450.000,2.491,14.328900,100.789000,51.506800,0.718222,18.000000,97.010351,-0.00126044,0.03880399,-0.122276,4.981700,5.062500,3.764388,3.801421,57.016179,0.04006443,3.886664,,CO2 below target; MFC adding CO2
2026-05-06 15:23:42,14451.8,447.112,447.590,450.000,2.410,14.322100,100.786000,51.503500,0.722097,18.000000,97.007464,0.00162714,0.03823025,0.157845,4.819600,4.987500,3.708620,3.726273,57.056948,0.03660311,3.550774,,CO2 below target; MFC adding CO2
2026-05-06 15:23:53,14462.8,447.625,447.586,450.000,2.414,14.330400,100.785000,51.506800,0.716330,18.000000,97.006501,0.00319771,0.03679339,0.310199,4.828000,4.800000,3.569198,3.617615,57.096432,0.03359568,3.258999,,CO2 below target; MFC adding CO2
2026-05-06 15:24:04,14473.8,447.510,447.571,450.000,2.429,14.326100,100.788000,51.505200,0.717677,18.000000,97.009389,0.00267900,0.03698392,0.259888,4.857100,4.825000,3.587787,3.561099,57.135860,0.03430492,3.327899,,CO2 below target; MFC adding CO2
2026-05-06 15:24:14,14483.8,447.552,447.588,450.000,2.412,14.325300,100.789000,51.501800,0.715960,18.000000,97.010351,0.00035679,0.00215578,0.034612,4.824700,0.281250,0.209133,0.229228,57.173723,0.00179899,0.174520,,CO2 below target; MFC adding CO2
2026-05-06 15:24:25,14494.8,447.653,447.559,450.000,2.441,14.329300,100.789000,51.510200,0.715762,18.000000,97.010351,-0.00171332,0.03688774,-0.166210,4.881900,4.812500,3.578493,3.599097,57.212215,0.03860106,3.744703,,CO2 below target; MFC adding CO2
2026-05-06 15:24:36,14505.8,447.239,447.513,450.000,2.487,14.327100,100.787000,51.505200,0.720975,18.000000,97.008426,-0.00249105,0.03746336,-0.241653,4.974200,4.887500,3.634261,3.665067,57.252075,0.03995441,3.875914,,CO2 below target; MFC adding CO2
2026-05-06 15:24:47,14516.8,447.753,447.469,450.000,2.531,14.327700,100.789000,51.503500,0.713578,18.000000,97.010351,-0.00243095,0.03808539,-0.235827,5.061800,4.968750,3.694677,3.728037,57.292716,0.04051634,3.930505,,CO2 below target; MFC adding CO2
2026-05-06 15:24:58,14527.8,447.758,447.558,450.000,2.442,14.328800,100.792000,51.506800,0.716906,18.000000,97.013239,0.00037109,0.03870702,0.036000,4.884600,5.050000,3.755094,3.788766,57.334078,0.03833594,3.719093,,CO2 below target; MFC adding CO2
2026-05-06 15:25:09,14538.8,447.663,447.495,450.000,2.505,14.342000,100.789000,51.500200,0.715676,18.000000,97.010351,-0.00132127,0.03755843,-0.128177,5.009000,4.900000,3.643556,3.651365,57.374125,0.03887969,3.771733,,CO2 below target; MFC adding CO2
2026-05-06 15:25:20,14549.8,447.630,447.500,450.000,2.500,14.337400,100.789000,51.501800,0.714802,18.000000,97.010351,0.00068105,0.03842074,0.066069,4.999300,5.012500,3.727209,3.747940,57.415040,0.03773968,3.661140,,CO2 below target; MFC adding CO2
2026-05-06 15:25:31,14560.8,447.293,447.551,450.000,2.449,14.335200,100.787000,51.503500,0.717766,18.000000,97.008426,0.00082605,0.03827778,0.080134,4.897900,4.993750,3.713267,3.746149,57.455940,0.03745173,3.633133,,CO2 below target; MFC adding CO2
2026-05-06 15:25:42,14571.8,447.674,447.630,450.000,2.370,14.328400,100.787000,51.503500,0.714238,18.000000,97.008426,0.00387128,0.03382242,0.375547,4.739100,4.412500,3.281059,3.317869,57.507766,0.02995114,2.905513,,CO2 below target; MFC adding CO2
2026-05-06 15:25:53,14582.8,447.454,447.612,450.000,2.388,14.340600,100.787000,51.501900,0.719785,18.000000,97.008426,0.00071759,0.03616987,0.069612,4.776900,4.718750,3.508782,3.535134,57.537213,0.03545228,3.439170,,CO2 below target; MFC adding CO2
2026-05-06 15:26:04,14593.8,447.542,447.446,450.000,2.554,14.336900,100.788000,51.501900,0.717166,18.000000,97.009389,-0.00081629,0.03660067,-0.079188,5.108800,4.775000,3.550608,3.568599,57.576212,0.03741696,3.629796,,CO2 below target; MFC adding CO2
2026-05-06 15:26:15,14604.8,447.438,447.530,450.000,2.470,14.337000,100.786000,51.505200,0.715931,18.000000,97.007464,-0.00240190,0.03914049,-0.233002,4.939100,5.106250,3.796920,3.822606,57.617784,0.04154239,4.029922,,CO2 below target; MFC adding CO2
2026-05-06 15:26:26,14615.8,447.149,447.478,450.000,2.522,14.333500,100.783000,51.513500,0.718374,18.000000,97.004576,-0.00360699,0.03784812,-0.349894,5.044200,4.937500,3.671440,3.699644,57.658212,0.04145511,4.021335,,CO2 below target; MFC adding CO2
2026-05-06 15:26:37,14626.8,447.734,447.491,450.000,2.509,14.329600,100.790000,51.505200,0.717145,18.000000,97.011314,-0.00227661,0.03870779,-0.220857,5.017300,5.050000,3.755094,3.779529,57.699433,0.04098440,3.975950,,CO2 below target; MFC adding CO2
2026-05-06 15:26:48,14637.8,447.184,447.540,450.000,2.460,14.336900,100.785000,51.503500,0.716514,18.000000,97.006501,0.00130070,0.03851808,0.126176,4.919400,5.025000,3.736504,3.765462,57.740525,0.03721738,3.610328,,CO2 below target; MFC adding CO2
2026-05-06 15:26:59,14648.8,447.613,447.590,450.000,2.410,14.328300,100.789000,51.505200,0.717531,18.000000,97.010351,0.00283898,0.03775005,0.275410,4.820300,4.925000,3.662146,3.689166,57.780806,0.03491107,3.386735,,CO2 below target; MFC adding CO2
2026-05-06 15:27:10,14659.8,447.902,447.652,450.000,2.348,14.328400,100.787000,51.508500,0.715651,18.000000,97.008426,0.00491516,0.03684056,0.476812,4.696800,4.806250,3.573845,3.619557,57.820311,0.03192540,3.097033,,CO2 below target; MFC adding CO2
2026-05-06 15:27:21,14670.8,447.681,447.652,450.000,2.348,14.324800,100.787000,51.506800,0.716499,18.000000,97.008426,0.00386546,0.03607405,0.374982,4.697000,4.706250,3.499487,3.510447,57.858741,0.03220859,3.124504,,CO2 below target; MFC adding CO2
2026-05-06 15:27:32,14681.8,447.486,447.652,450.000,2.348,14.336900,100.788000,51.510200,0.715858,18.000000,97.009389,0.00168991,0.03291186,0.163937,4.695300,4.293750,3.192759,3.191847,57.911273,0.03122194,3.028822,,CO2 below target; MFC adding CO2
2026-05-06 15:27:43,14692.8,447.122,447.554,450.000,2.446,14.337300,100.788000,51.505200,0.714188,18.000000,97.009389,-0.00152504,0.03583416,-0.147943,4.892700,4.675000,3.476250,3.454066,57.949283,0.03735920,3.624193,,CO2 below target; MFC adding CO2
2026-05-06 15:27:53,14702.8,447.827,447.591,450.000,2.409,14.327300,100.786000,51.501900,0.715799,18.000000,97.007464,-0.00144870,0.03755954,-0.140535,4.817500,4.900000,3.643556,3.670055,57.985601,0.03900825,3.784091,,CO2 below target; MFC adding CO2
2026-05-06 15:28:04,14713.8,447.854,447.660,450.000,2.340,14.334300,100.789000,51.503500,0.716497,18.000000,97.010351,-0.00147210,0.03693565,-0.142809,4.680900,4.818750,3.583140,3.609796,58.025049,0.03840775,3.725949,,CO2 below target; MFC adding CO2
2026-05-06 15:28:15,14724.8,447.686,447.577,450.000,2.423,14.337000,100.788000,51.510200,0.716556,18.000000,97.009389,-0.00257358,0.03588207,-0.249662,4.846000,4.681250,3.480897,3.506423,58.063378,0.03845565,3.730559,,CO2 below target; MFC adding CO2
2026-05-06 15:28:26,14735.8,447.691,447.532,450.000,2.468,14.332000,100.793000,51.503500,0.717654,18.000000,97.014201,-0.00090547,0.03717370,-0.087844,4.936600,4.850000,3.606377,3.629555,58.102888,0.03807918,3.694221,,CO2 below target; MFC adding CO2
2026-05-06 15:28:37,14746.8,447.978,447.710,450.000,2.290,14.321500,100.788000,51.498500,0.716604,18.000000,97.009389,0.00283270,0.03775043,0.274799,4.579600,4.925000,3.662146,3.710304,58.143223,0.03491772,3.387347,,CO2 below target; MFC adding CO2
2026-05-06 15:28:48,14757.8,447.775,447.731,450.000,2.269,14.331200,100.791000,51.503500,0.715854,18.000000,97.012276,0.00229039,0.03516242,0.222196,4.538200,4.587500,3.411186,3.437115,58.180910,0.03287203,3.188990,,CO2 below target; MFC adding CO2
2026-05-06 15:28:59,14768.8,447.604,447.582,450.000,2.418,14.334100,100.789000,51.505200,0.718482,18.000000,97.010351,0.00238884,0.02826463,0.231743,4.835800,3.687500,2.741962,2.815770,58.237108,0.02587579,2.510219,,CO2 below target; MFC adding CO2
2026-05-06 15:29:10,14779.8,447.623,447.564,450.000,2.436,14.323500,100.787000,51.500200,0.715477,18.000000,97.008426,-0.00067610,0.03703219,-0.065587,4.871600,4.831250,3.592435,3.611185,58.266642,0.03770829,3.658022,,CO2 below target; MFC adding CO2
2026-05-06 15:29:21,14790.8,447.577,447.527,450.000,2.473,14.334700,100.789000,51.508500,0.717908,18.000000,97.010351,-0.00322825,0.03727099,-0.313174,4.945100,4.862500,3.615672,3.639716,58.306410,0.04049924,3.928846,,CO2 below target; MFC adding CO2
2026-05-06 15:29:32,14801.8,447.283,447.505,450.000,2.495,14.331300,100.789000,51.503500,0.718122,18.000000,97.010351,-0.00543162,0.03798958,-0.526923,4.990500,4.956250,3.685383,3.704249,58.346803,0.04342120,4.212306,,CO2 below target; MFC adding CO2
2026-05-06 15:29:43,14812.8,447.498,447.363,450.000,2.637,14.335000,100.787000,51.505200,0.718571,18.000000,97.008426,-0.00501488,0.03827778,-0.486486,5.274600,4.993750,3.713267,3.728037,58.387594,0.04329266,4.199753,,CO2 below target; MFC adding CO2
2026-05-06 15:29:54,14823.8,447.572,447.378,450.000,2.622,14.337400,100.787000,51.501800,0.719473,18.000000,97.008426,-0.00379417,0.04048150,-0.368066,5.244700,5.281250,3.927047,3.948973,58.430617,0.04427567,4.295113,,CO2 below target; MFC adding CO2
2026-05-06 15:30:05,14834.8,447.839,447.530,450.000,2.470,14.329800,100.788000,51.501800,0.716082,18.000000,97.009389,0.00045166,0.04019366,0.043815,4.940700,5.243750,3.899163,3.925916,58.473515,0.03974201,3.855348,,CO2 below target; MFC adding CO2
2026-05-06 15:30:16,14845.8,447.904,447.703,450.000,2.297,14.337600,100.786000,51.505200,0.718377,18.000000,97.007464,0.00623659,0.03784699,0.604995,4.593100,4.937500,3.671440,3.650229,58.514071,0.03161040,3.066445,,CO2 below target; MFC adding CO2
2026-05-06 15:30:26,14855.8,447.823,447.754,450.000,2.246,14.332200,100.788000,51.505200,0.718262,18.000000,97.009389,0.00891576,0.05777540,0.864912,4.491200,7.537500,5.604756,5.666455,58.566577,0.04885964,4.739844,,CO2 below target; MFC adding CO2
2026-05-06 15:30:37,14866.8,447.476,447.627,450.000,2.373,14.329400,100.788000,51.508500,0.720154,18.000000,97.009389,0.00573968,0.03406161,0.556803,4.746700,4.443750,3.304296,3.320260,58.596776,0.02832194,2.747494,,CO2 below target; MFC adding CO2
2026-05-06 15:30:48,14877.8,447.540,447.523,450.000,2.477,14.333000,100.788000,51.503500,0.716684,18.000000,97.009389,0.00022058,0.03636113,0.021398,4.953800,4.743750,3.527371,3.541328,58.635355,0.03614056,3.505973,,CO2 below target; MFC adding CO2
2026-05-06 15:30:59,14888.8,447.281,447.471,450.000,2.529,14.336500,100.789000,51.500200,0.716992,18.000000,97.010351,-0.00657423,0.03798958,-0.637769,5.059000,4.956250,3.685383,3.719574,58.675770,0.04456381,4.323151,,CO2 below target; MFC adding CO2
2026-05-06 15:31:10,14899.8,447.491,447.512,450.000,2.488,14.365500,100.787000,51.508500,0.720396,18.000000,97.008426,-0.00536103,0.03870894,-0.520065,4.976600,5.050000,3.755094,3.785683,58.717076,0.04406997,4.275159,,CO2 below target; MFC adding CO2
2026-05-06 15:31:21,14910.8,447.455,447.557,450.000,2.443,14.330400,100.787000,51.500200,0.717108,18.000000,97.008426,-0.00209375,0.03813406,-0.203111,4.885333,4.975000,3.699325,3.730808,58.757807,0.04022780,3.902436,,CO2 below target; MFC adding CO2
2026-05-06 15:31:32,14921.8,447.416,447.557,450.000,2.443,14.337100,100.785000,51.503500,0.719120,18.000000,97.006501,0.00127669,0.03755992,0.123847,4.885600,4.900000,3.643556,3.657911,58.797823,0.03628323,3.519709,,CO2 below target; MFC adding CO2
2026-05-06 15:31:43,14932.8,447.505,447.580,450.000,2.420,14.332300,100.786000,51.498500,0.717910,18.000000,97.007464,0.00265034,0.03746373,0.257103,4.839500,4.887500,3.634261,3.658056,58.837821,0.03481339,3.377159,,CO2 below target; MFC adding CO2
2026-05-06 15:31:54,14943.8,448.198,447.748,450.000,2.252,14.331300,100.788000,51.503500,0.715386,18.000000,97.009389,0.00525576,0.03703183,0.509858,4.504400,4.831250,3.592435,3.615543,58.877391,0.03177606,3.082577,,CO2 below target; MFC adding CO2
2026-05-06 15:32:05,14954.8,447.287,447.823,450.000,2.177,14.337100,100.787000,51.498500,0.714041,18.000000,97.008426,0.00610117,0.00340140,0.591865,4.353500,0.443750,0.329965,0.384140,58.930242,-0.00269977,-0.261900,,CO2 below target; MFC adding CO2
2026-05-06 15:32:16,14965.8,447.062,447.682,450.000,2.318,14.334700,100.788000,51.500200,0.719518,18.000000,97.009389,0.00255186,0.03334302,0.247555,4.635100,4.350000,3.234586,3.267829,58.960274,0.03079115,2.987031,,CO2 below target; MFC adding CO2
2026-05-06 15:32:27,14976.8,447.617,447.533,450.000,2.467,14.332900,100.787000,51.503500,0.719173,18.000000,97.008426,-0.00333198,0.03549917,-0.323230,4.933700,4.631250,3.443718,3.471519,58.998010,0.03883114,3.766948,,CO2 below target; MFC adding CO2
2026-05-06 15:32:38,14987.8,447.452,447.609,450.000,2.391,14.334000,100.790000,51.501900,0.717102,18.000000,97.011314,-0.00528866,0.03779758,-0.513059,4.782000,4.931250,3.666793,3.684257,59.038194,0.04308624,4.179852,,CO2 below target; MFC adding CO2
2026-05-06 15:32:49,14998.8,447.402,447.606,450.000,2.394,14.375900,100.788000,51.508500,0.716137,18.000000,97.009389,-0.00472126,0.03660067,-0.458007,4.787100,4.775000,3.550608,3.580194,59.077365,0.04132193,4.008615,,CO2 below target; MFC adding CO2
2026-05-06 15:33:00,15009.8,447.438,447.523,450.000,2.477,14.336900,100.789000,51.510200,0.715738,18.000000,97.010351,-0.00284096,0.03669612,-0.275602,4.953600,4.787500,3.559903,3.577271,59.116519,0.03953707,3.835505,,CO2 below target; MFC adding CO2
2026-05-06 15:33:11,15020.8,447.447,447.405,450.000,2.595,14.336100,100.785000,51.505200,0.716964,18.000000,97.006501,-0.00228894,0.03808691,-0.222042,5.189200,4.968750,3.694677,3.711021,59.156957,0.04037584,3.916719,,CO2 below target; MFC adding CO2
2026-05-06 15:33:22,15031.8,447.460,447.534,450.000,2.466,14.338200,100.786000,51.501800,0.715502,18.000000,97.007464,-0.00209582,0.03985911,-0.203310,4.931700,5.200000,3.866631,3.883221,59.199268,0.04195493,4.069941,,CO2 below target; MFC adding CO2
2026-05-06 15:33:33,15042.8,447.898,447.643,450.000,2.357,14.337200,100.787000,51.503500,0.715810,18.000000,97.008426,0.00192591,0.04326012,0.186829,4.714500,5.643750,4.196596,3.850675,59.239907,0.04133421,4.009767,,CO2 below target; MFC adding CO2
2026-05-06 15:33:44,15053.8,447.490,447.701,450.000,2.299,14.334000,100.787000,51.503500,0.717996,18.000000,97.008426,0.00565662,0.03573870,0.548740,4.598800,4.662500,3.466955,3.494948,59.280733,0.03008208,2.918215,,CO2 below target; MFC adding CO2
2026-05-06 15:33:55,15064.8,447.306,447.589,450.000,2.411,14.333700,100.787000,51.505200,0.717050,18.000000,97.008426,0.00217169,0.03516382,0.210673,4.822300,4.587500,3.411186,3.450041,59.318288,0.03299212,3.200514,,CO2 below target; MFC adding CO2
2026-05-06 15:34:06,15075.8,447.308,447.517,450.000,2.483,14.342000,100.783000,51.501800,0.720244,18.000000,97.004576,-0.00143032,0.03708157,-0.138747,4.966800,4.837500,3.597082,3.617287,59.357652,0.03851189,3.735829,,CO2 below target; MFC adding CO2
2026-05-06 15:34:17,15086.8,447.688,447.518,450.000,2.482,14.337800,100.788000,51.505200,0.717882,18.000000,97.009389,-0.00416887,0.03822949,-0.404419,4.963900,4.987500,3.708620,3.729450,59.398193,0.04239836,4.113039,,CO2 below target; MFC adding CO2
2026-05-06 15:34:28,15097.8,447.101,447.519,450.000,2.481,14.339900,100.786000,51.510200,0.716635,18.000000,97.007464,-0.00283173,0.03808653,-0.274699,4.961400,4.968750,3.694677,3.721416,59.438783,0.04091826,3.969377,,CO2 below target; MFC adding CO2
2026-05-06 15:34:39,15108.8,447.526,447.590,450.000,2.410,14.339000,100.787000,51.501900,0.717248,18.000000,97.008426,0.00012089,0.03803824,0.011727,4.819000,4.962500,3.690030,3.715799,59.479385,0.03791735,3.678303,,CO2 below target; MFC adding CO2
2026-05-06 15:34:50,15119.8,447.826,447.627,450.000,2.373,14.345000,100.786000,51.503500,0.716514,18.000000,97.007464,0.00286643,0.03693675,0.278066,4.746100,4.818750,3.583140,3.609109,59.518875,0.03407031,3.305074,,CO2 below target; MFC adding CO2
2026-05-06 15:35:01,15130.7,447.635,447.661,450.000,2.339,14.335400,100.785000,51.500200,0.716214,18.000000,97.006501,0.00377838,0.03631431,0.366528,4.678200,4.737500,3.522724,3.498758,59.557646,0.03253592,3.156196,,CO2 below target; MFC adding CO2
2026-05-06 15:35:11,15140.8,447.884,447.693,450.000,2.307,14.336600,100.788000,51.501900,0.717798,18.000000,97.009389,0.00395204,0.00239533,0.383385,4.614700,0.312500,0.232370,0.192360,59.600467,-0.00155671,-0.151015,,CO2 below target; MFC adding CO2
2026-05-06 15:35:22,15151.8,447.268,447.647,450.000,2.353,14.339200,100.788000,51.506800,0.716286,18.000000,97.009389,0.00026740,0.03530719,0.025940,4.705700,4.606250,3.425129,3.443700,59.636061,0.03503979,3.399188,,CO2 below target; MFC adding CO2
2026-05-06 15:35:33,15162.8,447.502,447.579,450.000,2.421,14.338800,100.786000,51.505200,0.715699,18.000000,97.007464,-0.00237922,0.03607441,-0.230802,4.842200,4.706250,3.499487,3.518860,59.674460,0.03845363,3.730289,,CO2 below target; MFC adding CO2
2026-05-06 15:35:44,15173.8,447.127,447.460,450.000,2.540,14.341300,100.787000,51.511800,0.715910,18.000000,97.008426,-0.00566617,0.03717591,-0.549666,5.080200,4.850000,3.606377,3.630463,59.713996,0.04284209,4.156043,,CO2 below target; MFC adding CO2
2026-05-06 15:35:55,15184.8,447.699,447.497,450.000,2.503,14.339000,100.785000,51.510200,0.718593,18.000000,97.006501,-0.00434746,0.03890134,-0.421732,5.006400,5.075000,3.773683,3.807638,59.755423,0.04324880,4.195415,,CO2 below target; MFC adding CO2
2026-05-06 15:36:06,15195.8,447.865,447.568,450.000,2.432,14.334200,100.785000,51.501800,0.717582,18.000000,97.006501,-0.00229430,0.03837435,-0.222562,4.864700,5.006250,3.722562,3.745322,59.796416,0.04066866,3.945124,,CO2 below target; MFC adding CO2
2026-05-06 15:36:17,15206.8,447.449,447.551,450.000,2.449,14.344300,100.786000,51.508500,0.716413,18.000000,97.007464,0.00175881,0.03732001,0.170618,4.897500,4.868750,3.620319,3.635029,59.836264,0.03556120,3.449702,,CO2 below target; MFC adding CO2
2026-05-06 15:36:28,15217.8,447.862,447.619,450.000,2.381,14.338300,100.785000,51.500200,0.716575,18.000000,97.006501,0.00387393,0.03746410,0.375796,4.761800,4.887500,3.634261,3.670409,59.876343,0.03359018,3.258465,,CO2 below target; MFC adding CO2
2026-05-06 15:36:39,15228.8,447.310,447.604,450.000,2.396,14.334100,100.784000,51.505200,0.715725,18.000000,97.005539,0.00208607,0.03655421,0.202361,4.791100,4.768750,3.545961,3.557058,59.915363,0.03446814,3.343600,,CO2 below target; MFC adding CO2
2026-05-06 15:36:50,15239.8,447.450,447.531,450.000,2.469,14.333400,100.783000,51.501900,0.714773,18.000000,97.004576,-0.00005551,0.03540476,-0.005385,4.937100,4.618750,3.434423,3.457853,59.966366,0.03546027,3.439808,,CO2 below target; MFC adding CO2
2026-05-06 15:37:01,15250.8,447.585,447.552,450.000,2.448,14.332000,100.783000,51.501900,0.716128,18.000000,97.004576,-0.00157796,0.03784812,-0.153070,4.896000,4.937500,3.671440,3.682979,60.006413,0.03942608,3.824510,,CO2 below target; MFC adding CO2
2026-05-06 15:37:12,15261.8,447.268,447.513,450.000,2.487,14.338500,100.783000,51.506800,0.715248,18.000000,97.004576,-0.00315649,0.03746484,-0.306194,4.973600,4.887500,3.634261,3.663988,60.046420,0.04062133,3.940455,,CO2 below target; MFC adding CO2
2026-05-06 15:37:23,15272.8,447.497,447.503,450.000,2.497,14.334000,100.782000,51.506800,0.715640,18.000000,97.003614,-0.00273884,0.03804013,-0.265677,4.994900,4.962500,3.690030,3.738529,60.087070,0.04077897,3.955707,,CO2 below target; MFC adding CO2
2026-05-06 15:37:34,15283.8,447.609,447.561,450.000,2.439,14.336100,100.780000,51.505200,0.717671,18.000000,97.001689,0.00059316,0.03828044,0.057538,4.878700,4.993750,3.713267,3.734941,60.127873,0.03768727,3.655729,,CO2 below target; MFC adding CO2
2026-05-06 15:37:45,15294.8,448.306,447.652,450.000,2.348,14.332000,100.783000,51.508500,0.720734,18.000000,97.004576,0.00307606,0.03736903,0.298392,4.696200,4.875000,3.624967,3.651606,60.167818,0.03429297,3.326575,,CO2 below target; MFC adding CO2
2026-05-06 15:37:56,15305.8,447.516,447.611,450.000,2.389,14.344900,100.788000,51.510200,0.717766,18.000000,97.009389,0.00234647,0.03607369,0.227629,4.778800,4.706250,3.499487,3.517071,60.206308,0.03372723,3.271858,,CO2 below target; MFC adding CO2
2026-05-06 15:38:07,15316.8,447.763,447.626,450.000,2.374,14.323800,100.783000,51.501800,0.717392,18.000000,97.004576,0.00258400,0.03665039,0.250660,4.748100,4.781250,3.555256,3.577751,60.245353,0.03406639,3.304596,,CO2 below target; MFC adding CO2
2026-05-06 15:38:18,15327.8,447.773,447.640,450.000,2.360,14.337100,100.787000,51.501800,0.718445,18.000000,97.008426,0.00084557,0.05197921,0.082027,4.719600,6.781250,5.042421,5.114825,60.302390,0.05113364,4.960394,,CO2 below target; MFC adding CO2
2026-05-06 15:38:29,15338.8,447.415,447.586,450.000,2.414,14.341500,100.788000,51.503500,0.720796,18.000000,97.009389,-0.00113414,0.03592997,-0.110022,4.827700,4.687500,3.485545,3.519961,60.330548,0.03706412,3.595567,,CO2 below target; MFC adding CO2
2026-05-06 15:38:40,15349.8,447.682,447.542,450.000,2.458,14.326300,100.785000,51.496900,0.714623,18.000000,97.006501,-0.00336513,0.03698502,-0.326439,4.916400,4.825000,3.587787,3.605627,60.369872,0.04035015,3.914227,,CO2 below target; MFC adding CO2
2026-05-06 15:38:51,15360.8,447.810,447.516,450.000,2.484,14.331500,100.783000,51.508500,0.716692,18.000000,97.004576,-0.00254050,0.03751275,-0.246440,4.967800,4.893750,3.638909,3.685677,60.410065,0.04005326,3.885349,,CO2 below target; MFC adding CO2
2026-05-06 15:39:02,15371.8,447.414,447.514,450.000,2.486,14.333100,100.785000,51.501800,0.714948,18.000000,97.006501,-0.00205805,0.03813481,-0.199644,4.971800,4.975000,3.699325,3.724932,60.450660,0.04019286,3.898969,,CO2 below target; MFC adding CO2
2026-05-06 15:39:13,15382.7,447.495,447.490,450.000,2.510,14.333500,100.783000,51.503500,0.716958,18.000000,97.004576,-0.00272354,0.03808766,-0.264196,5.020500,4.968750,3.694677,3.656439,60.491204,0.04081120,3.958873,,CO2 below target; MFC adding CO2
2026-05-06 15:39:23,15392.7,447.527,447.488,450.000,2.512,14.339000,100.786000,51.505200,0.717280,18.000000,97.007464,-0.00098533,0.03842188,-0.095584,5.024100,5.012500,3.727209,3.744106,60.528521,0.03940721,3.822794,,CO2 below target; MFC adding CO2
2026-05-06 15:39:34,15403.8,447.844,447.602,450.000,2.398,14.337000,100.786000,51.510200,0.718953,18.000000,97.007464,0.00427960,0.03851770,0.415153,4.796900,5.025000,3.736504,3.765084,60.569613,0.03423810,3.321351,,CO2 below target; MFC adding CO2
2026-05-06 15:39:45,15414.8,447.485,447.668,450.000,2.332,14.331600,100.787000,51.505200,0.715000,18.000000,97.008426,0.00379079,0.03688847,0.367738,4.664900,4.812500,3.578493,3.599760,60.608950,0.03309769,3.210754,,CO2 below target; MFC adding CO2
2026-05-06 15:39:56,15425.8,448.077,447.780,450.000,2.220,14.336700,100.785000,51.508500,0.715147,18.000000,97.006501,0.00670164,0.00766529,0.650103,4.440300,1.000000,0.743583,0.778194,60.663306,0.00096365,0.093480,,CO2 below target; MFC adding CO2
2026-05-06 15:40:07,15436.8,447.575,447.757,450.000,2.243,14.330500,100.783000,51.501800,0.718782,18.000000,97.004576,0.00590222,0.03396749,0.572542,4.485700,4.431250,3.295002,3.315975,60.692602,0.02806527,2.722460,,CO2 below target; MFC adding CO2
2026-05-06 15:40:18,15447.8,447.381,447.664,450.000,2.336,14.338300,100.784000,51.510200,0.716022,18.000000,97.005539,0.00097737,0.03439833,0.094810,4.671900,4.487500,3.336828,3.368403,60.729276,0.03342095,3.242018,,CO2 below target; MFC adding CO2
2026-05-06 15:40:29,15458.8,447.199,447.507,450.000,2.493,14.334900,100.784000,51.508500,0.718834,18.000000,97.005539,-0.00591773,0.03583558,-0.574053,4.986600,4.675000,3.476250,3.499605,60.767394,0.04175332,4.050303,,CO2 below target; MFC adding CO2
2026-05-06 15:40:40,15469.8,447.538,447.468,450.000,2.532,14.342300,100.783000,51.500200,0.716556,18.000000,97.004576,-0.00710626,0.03813557,-0.689340,5.063800,4.975000,3.699325,3.726369,60.808087,0.04524183,4.388665,,CO2 below target; MFC adding CO2
2026-05-06 15:40:51,15480.8,447.195,447.595,450.000,2.405,14.339200,100.784000,51.503500,0.718676,18.000000,97.005539,-0.00372306,0.03885382,-0.361158,4.810700,5.068750,3.769036,3.790911,60.849458,0.04257688,4.130193,,CO2 below target; MFC adding CO2
2026-05-06 15:41:02,15491.8,447.883,447.641,450.000,2.359,14.337800,100.783000,51.506800,0.716460,18.000000,97.004576,0.00060701,0.03684203,0.058883,4.718800,4.806250,3.573845,3.595425,60.888920,0.03623502,3.514962,,CO2 below target; MFC adding CO2
2026-05-06 15:41:13,15502.8,447.451,447.672,450.000,2.328,14.334100,100.787000,51.506800,0.718411,18.000000,97.008426,0.00459196,0.03616987,0.445459,4.656500,4.718750,3.508782,3.535461,60.927586,0.03157790,3.063323,,CO2 below target; MFC adding CO2
2026-05-06 15:41:24,15513.8,448.312,447.744,450.000,2.256,14.337600,100.790000,51.510200,0.716950,18.000000,97.011314,0.00725234,0.11971630,0.703559,4.511200,15.618750,11.613835,12.001960,60.974201,0.11246396,10.910276,,CO2 below target; MFC adding CO2
2026-05-06 15:41:35,15524.8,447.608,447.687,450.000,2.313,14.344900,100.792000,51.508500,0.716878,18.000000,97.013239,0.00230878,0.03401236,0.223983,4.626100,4.437500,3.299649,3.320552,61.009129,0.03170358,3.075667,,CO2 below target; MFC adding CO2
2026-05-06 15:41:46,15535.8,447.407,447.531,450.000,2.469,14.342500,100.789000,51.506800,0.717231,18.000000,97.010351,-0.00251270,0.03535474,-0.243758,4.938100,4.612500,3.429776,3.458260,61.046744,0.03786745,3.673534,,CO2 below target; MFC adding CO2
2026-05-06 15:41:57,15546.8,446.909,447.523,450.000,2.477,14.337500,100.788000,51.510200,0.717897,18.000000,97.009389,-0.00487158,0.03779833,-0.472589,4.953500,4.931250,3.666793,3.694169,61.086970,0.04266991,4.139382,,CO2 below target; MFC adding CO2
2026-05-06 15:42:08,15557.7,447.570,447.480,450.000,2.520,14.338100,100.785000,51.506800,0.715675,18.000000,97.006501,-0.00546253,0.03789527,-0.529901,5.040700,4.943750,3.676088,3.704452,61.127485,0.04335781,4.205989,,CO2 below target; MFC adding CO2
2026-05-06 15:42:19,15568.7,447.272,447.462,450.000,2.538,14.340600,100.790000,51.503500,0.717452,18.000000,97.011314,-0.00590181,0.03865988,-0.572542,5.077000,5.043750,3.750446,3.782502,61.168700,0.04456169,4.322988,,CO2 below target; MFC adding CO2
2026-05-06 15:42:30,15579.8,447.416,447.472,450.000,2.528,14.338400,100.787000,51.505200,0.716890,18.000000,97.008426,-0.00130498,0.03880476,-0.126594,5.056000,5.062500,3.764388,3.803077,61.210207,0.04010974,3.890983,,CO2 below target; MFC adding CO2
2026-05-06 15:42:41,15590.8,447.913,447.603,450.000,2.397,14.334600,100.791000,51.510100,0.716401,18.000000,97.012276,0.00225375,0.03865950,0.218641,4.794900,5.043750,3.750446,3.788399,61.251629,0.03640575,3.531805,,CO2 below target; MFC adding CO2
2026-05-06 15:42:52,15601.8,447.695,447.776,450.000,2.224,14.337300,100.789000,51.506800,0.714970,18.000000,97.010351,0.00712547,0.03679193,0.691245,4.449000,4.800000,3.569198,3.590295,61.290970,0.02966646,2.877953,,CO2 below target; MFC adding CO2
2026-05-06 15:43:03,15612.7,447.571,447.738,450.000,2.262,14.341100,100.788000,51.506800,0.716065,18.000000,97.009389,0.00723732,0.00608414,0.702088,4.524200,0.793750,0.590219,0.603612,61.347403,-0.00115318,-0.111869,,CO2 below target; MFC adding CO2
2026-05-06 15:43:14,15623.8,447.489,447.695,450.000,2.305,14.339900,100.795000,51.506800,0.713957,18.000000,97.016126,0.00346387,0.03449038,0.336051,4.609800,4.500000,3.346123,3.378862,61.379970,0.03102651,3.010072,,CO2 below target; MFC adding CO2
2026-05-06 15:43:25,15634.7,447.459,447.556,450.000,2.444,14.343900,100.788000,51.503500,0.720091,18.000000,97.009389,-0.00243038,0.03545091,-0.235770,4.887300,4.625000,3.439071,3.402576,61.417538,0.03788129,3.674840,,CO2 below target; MFC adding CO2
2026-05-06 15:43:35,15644.7,447.474,447.536,450.000,2.464,14.357500,100.785000,51.508500,0.718547,18.000000,97.006501,-0.00588007,0.03746410,-0.570405,4.928800,4.887500,3.634261,3.667791,61.453801,0.04334417,4.204667,,CO2 below target; MFC adding CO2
2026-05-06 15:43:46,15655.7,447.567,447.497,450.000,2.503,14.334900,100.789000,51.506800,0.715670,18.000000,97.010351,-0.00585676,0.03775005,-0.568167,5.005900,4.925000,3.662146,3.684245,61.494123,0.04360682,4.230313,,CO2 below target; MFC adding CO2
2026-05-06 15:43:57,15666.7,447.512,447.510,450.000,2.490,14.338000,100.784000,51.505200,0.716922,18.000000,97.005539,-0.00405408,0.03823101,-0.393268,4.979300,4.987500,3.708620,3.752908,61.535041,0.04228509,4.101888,,CO2 below target; MFC adding CO2
2026-05-06 15:44:08,15677.7,447.951,447.606,450.000,2.394,14.337400,100.785000,51.498500,0.718289,18.000000,97.006501,0.00043016,0.03818272,0.041728,4.787200,4.981250,3.703972,3.734576,61.575778,0.03775257,3.662244,,CO2 below target; MFC adding CO2
2026-05-06 15:44:19,15688.7,447.270,447.548,450.000,2.452,14.341100,100.781000,51.500200,0.716738,18.000000,97.002651,0.00196717,0.03669903,0.190821,4.903900,4.787500,3.559903,3.600973,61.615050,0.03473186,3.369082,,CO2 below target; MFC adding CO2
2026-05-06 15:44:30,15699.7,447.400,447.629,450.000,2.371,14.337200,100.786000,51.516800,0.716848,18.000000,97.007464,0.00325535,0.04661408,0.315793,4.742000,6.081250,4.521913,4.570265,61.663205,0.04335873,4.206120,,CO2 below target; MFC adding CO2
2026-05-06 15:44:41,15710.7,447.679,447.604,450.000,2.396,14.342200,100.787000,51.503500,0.721549,18.000000,97.008426,0.00087450,0.03616987,0.084834,4.792800,4.718750,3.508782,3.532036,61.694352,0.03529536,3.423948,,CO2 below target; MFC adding CO2
2026-05-06 15:44:52,15721.7,447.572,447.549,450.000,2.451,14.336300,100.788000,51.498500,0.717450,18.000000,97.009389,0.00008123,0.03669648,0.007880,4.901900,4.787500,3.559903,3.595858,61.733471,0.03661525,3.552023,,CO2 below target; MFC adding CO2
2026-05-06 15:45:03,15732.7,447.420,447.477,450.000,2.523,14.342900,100.786000,51.515200,0.716727,18.000000,97.007464,-0.00408446,0.03746373,-0.396223,5.045100,4.887500,3.634261,3.671863,61.773485,0.04154819,4.030485,,CO2 below target; MFC adding CO2
2026-05-06 15:45:14,15743.7,447.700,447.525,450.000,2.475,14.361900,100.787000,51.500200,0.712509,18.000000,97.008426,-0.00204380,0.03870894,-0.198265,4.950700,5.050000,3.755094,3.798184,61.814709,0.04075274,3.953359,,CO2 below target; MFC adding CO2
2026-05-06 15:45:25,15754.7,447.666,447.623,450.000,2.377,14.338900,100.789000,51.505200,0.712700,18.000000,97.010351,-0.00062847,0.03798958,-0.060969,4.754500,4.956250,3.685383,3.714961,61.855289,0.03861806,3.746351,,CO2 below target; MFC adding CO2
2026-05-06 15:45:36,15765.7,447.715,447.550,450.000,2.450,14.347800,100.786000,51.501900,0.717723,18.000000,97.007464,0.00145444,0.03650558,0.141091,4.900100,4.762500,3.541313,3.550766,61.894308,0.03505114,3.400222,,CO2 below target; MFC adding CO2
2026-05-06 15:45:47,15776.7,447.956,447.622,450.000,2.378,14.342200,100.790000,51.505200,0.718191,18.000000,97.011314,0.00386461,0.03755805,0.374911,4.755900,4.900000,3.643556,3.666794,61.934330,0.03369345,3.268645,,CO2 below target; MFC adding CO2
2026-05-06 15:45:58,15787.7,447.511,447.760,450.000,2.240,14.339900,100.785000,51.511800,0.716676,18.000000,97.006501,0.00450015,0.09538494,0.436544,4.479400,12.443750,9.252959,9.144422,61.983512,0.09088479,8.816416,,CO2 below target; MFC adding CO2
2026-05-06 15:46:09,15798.7,447.350,447.708,450.000,2.292,14.336900,100.785000,51.503500,0.719925,18.000000,97.006501,0.00165245,0.03401472,0.160299,4.583400,4.437500,3.299649,3.314839,62.016084,0.03236227,3.139350,,CO2 below target; MFC adding CO2
2026-05-06 15:46:20,15809.7,447.794,447.604,450.000,2.396,14.333600,100.788000,51.503500,0.714555,18.000000,97.009389,0.00049390,0.03501975,0.047913,4.791200,4.568750,3.397244,3.420923,62.053410,0.03452584,3.349331,,CO2 below target; MFC adding CO2
2026-05-06 15:46:31,15820.7,447.951,447.522,450.000,2.478,14.328500,100.796000,51.508500,0.717055,18.000000,97.017089,-0.00260549,0.03669357,-0.252777,4.956500,4.787500,3.559903,3.581482,62.092502,0.03929906,3.812680,,CO2 below target; MFC adding CO2
2026-05-06 15:46:42,15831.7,447.468,447.487,450.000,2.513,14.332200,100.788000,51.501800,0.715075,18.000000,97.009389,-0.00546631,0.03794205,-0.530284,5.026500,4.950000,3.680735,3.710927,62.133012,0.04340836,4.211019,,CO2 below target; MFC adding CO2
2026-05-06 15:46:53,15842.7,447.773,447.531,450.000,2.469,14.374100,100.784000,51.508500,0.718012,18.000000,97.005539,-0.00292931,0.03842264,-0.284159,4.937800,5.012500,3.727209,3.760871,62.174082,0.04135195,4.011369,,CO2 below target; MFC adding CO2
2026-05-06 15:47:04,15853.7,447.473,447.581,450.000,2.419,14.332200,100.787000,51.503500,0.716496,18.000000,97.008426,0.00113275,0.03794243,0.109887,4.838800,4.950000,3.680735,3.697612,62.214505,0.03680968,3.570849,,CO2 below target; MFC adding CO2
2026-05-06 15:47:15,15864.7,447.609,447.555,450.000,2.445,14.337500,100.787000,51.501900,0.718465,18.000000,97.008426,0.00081570,0.03712801,0.079130,4.890500,4.843750,3.601730,3.623350,62.254119,0.03631231,3.522600,,CO2 below target; MFC adding CO2
2026-05-06 15:47:26,15875.7,447.535,447.534,450.000,2.466,14.337600,100.789000,51.501900,0.718057,18.000000,97.010351,0.00215613,0.03741471,0.209167,4.931400,4.881250,3.629614,3.660347,62.294086,0.03525857,3.420447,,CO2 below target; MFC adding CO2
2026-05-06 15:47:37,15886.7,447.644,447.592,450.000,2.408,14.336800,100.787000,51.503500,0.715953,18.000000,97.008426,0.00043826,0.03636149,0.042514,4.815500,4.743750,3.527371,3.552373,62.349672,0.03592324,3.484857,,CO2 below target; MFC adding CO2
2026-05-06 15:47:48,15897.7,447.371,447.599,450.000,2.401,14.334100,100.787000,51.503500,0.715094,18.000000,97.008426,-0.00041787,0.03688847,-0.040537,4.801900,4.812500,3.578493,3.584869,62.388875,0.03730634,3.619030,,CO2 below target; MFC adding CO2
2026-05-06 15:47:59,15908.7,447.526,447.574,450.000,2.426,14.329700,100.785000,51.505200,0.714606,18.000000,97.006501,0.00104833,0.03674548,0.101695,4.852500,4.793750,3.564550,3.581412,62.428131,0.03569715,3.462855,,CO2 below target; MFC adding CO2
2026-05-06 15:48:10,15919.7,447.820,447.591,450.000,2.409,14.331200,100.786000,51.503500,0.714124,18.000000,97.007464,0.00032524,0.03717628,0.031550,4.817900,4.850000,3.606377,3.636538,62.467790,0.03685105,3.574827,,CO2 below target; MFC adding CO2
2026-05-06 15:48:21,15930.7,447.820,447.581,450.000,2.419,14.337400,100.787000,51.501800,0.718387,18.000000,97.008426,-0.00020641,0.03703219,-0.020023,4.837100,4.831250,3.592435,3.621444,62.507233,0.03723860,3.612458,,CO2 below target; MFC adding CO2
2026-05-06 15:48:32,15941.7,447.820,447.550,450.000,2.450,14.332500,100.791000,51.511800,0.714643,18.000000,97.012276,-0.00073091,0.03698282,-0.070907,4.899900,4.825000,3.587787,3.623461,62.546777,0.03771373,3.658695,,CO2 below target; MFC adding CO2
2026-05-06 15:48:43,15952.7,447.784,447.622,450.000,2.378,14.335700,100.787000,51.516800,0.716782,18.000000,97.008426,0.00037364,0.03760708,0.036246,4.755400,4.906250,3.648204,3.677429,62.586829,0.03723344,3.611957,,CO2 below target; MFC adding CO2
2026-05-06 15:48:54,15963.7,447.819,447.673,450.000,2.327,14.337300,100.789000,51.501900,0.716643,18.000000,97.010351,0.00261155,0.03645658,0.253347,4.653500,4.756250,3.536666,3.508675,62.625743,0.03384503,3.283319,,CO2 below target; MFC adding CO2
