timestamp,elapsed_s,li850_co2_ppm,co2_avg_ppm,target_co2_ppm,co2_error_ppm,li850_h2o_mmol_mol,li850_cellpres_kpa,li850_celltemp_c,li850_flowrate,chamber_air_temp_c,chamber_air_mol,mfc_raw_requested_mln_min,mfc_rate_limited_mln_min,mfc_setpoint_mln_min,mfc_actual_mln_min,mfc_flow_used_mln_min,co2_supply_inst_umol_s,co2_supply_avg_umol_s,A_MFC_only_umol_s,A_MFC_only_smoothed_umol_s,co2_supplied_umol_step,co2_supplied_mmol_total,feedforward_flow_mln_min,raw_feedforward_flow_mln_min,dCdt_simple_ppm_s,dCdt_regression_ppm_s,dCdt_regression_short_ppm_s,storage_simple_umol_s,storage_regression_umol_s,storage_regression_short_umol_s,A_inst_umol_s,A_from_avg_supply_umol_s,A_regression_umol_s,A_regression_short_umol_s,A_smoothed_umol_s,A_regression_smoothed_umol_s,A_inst_umol_m2_s,A_from_avg_supply_umol_m2_s,A_MFC_only_umol_m2_s,A_regression_umol_m2_s,A_smoothed_umol_m2_s,control_note
2026-05-06 18:11:15,0.0,434.381,434.381,450.000,15.619,14.299900,100.831000,51.506800,0.722608,18.000000,97.050777,15.619000,3.000000,0.000000,0.000000,0.000000,0.000000,0.000000,0.000000,0.000000,0.000000,0.000000,0.000000,0.000000,,,,,,,,,,,,,,,,,,below deadband; feedforward + feedback
2026-05-06 18:11:21,5.9,434.227,434.369,450.000,15.631,14.296300,100.829000,51.498500,0.716977,18.000000,97.048852,16.176672,3.000000,0.000000,0.000000,0.000000,0.000000,0.000000,0.000000,0.000000,0.000000,0.000000,0.545386,2.726930,-0.02566725,-0.02089359,-0.02089359,-2.490977,-2.027699,-2.027699,2.490977,2.490977,2.027699,2.027699,2.490977,2.027699,,,,,,below deadband; feedforward + feedback
2026-05-06 18:11:26,10.9,434.084,434.227,450.000,15.773,14.301100,100.832000,51.501800,0.718840,18.000000,97.051739,17.111860,3.000000,0.000000,0.000000,0.000000,0.000000,0.000000,0.000000,0.000000,0.000000,0.000000,1.339110,4.514006,-0.02700044,-0.04827709,-0.04827709,-2.620439,-4.685376,-4.685376,2.620439,2.620439,4.685376,4.685376,2.555708,3.356537,,,,,,below deadband; feedforward + feedback
2026-05-06 18:11:31,15.9,433.715,434.161,450.000,15.839,14.297100,100.831000,51.506800,0.716732,18.000000,97.050777,17.815961,3.000000,0.000000,0.000000,0.000000,0.000000,0.000000,0.000000,0.000000,0.000000,0.000000,1.976549,4.526307,-0.04162580,-0.03486813,-0.03486813,-4.039816,-3.383979,-3.383979,4.039816,4.039816,3.383979,3.383979,3.050411,3.365685,,,,,,below deadband; feedforward + feedback
2026-05-06 18:11:36,20.9,433.607,434.015,450.000,15.985,14.295400,100.832000,51.506800,0.712635,18.000000,97.051739,18.500894,3.000000,3.000000,0.000000,0.000000,0.000000,0.000000,0.000000,0.000000,0.000000,0.000000,2.515794,4.672770,-0.03685705,-0.03916789,-0.03916789,-3.577041,-3.801312,-3.801312,3.577041,3.577041,3.801312,3.801312,3.182068,3.474592,,,,,,below deadband; feedforward + feedback
2026-05-06 18:11:42,26.9,433.568,433.773,450.000,16.227,14.299500,100.831000,51.501800,0.719524,18.000000,97.050777,19.186002,6.000000,6.000000,2.862500,2.862500,2.123859,0.000000,0.000000,0.000000,2.139598,0.011239,2.959452,4.734085,-0.03011126,-0.03815071,-0.03815071,-2.922321,-3.702556,-3.702556,5.046180,2.922321,3.702556,3.702556,3.130119,3.520184,,,,,,below deadband; feedforward + feedback
2026-05-06 18:11:47,31.9,433.690,433.651,450.000,16.349,14.297700,100.830000,51.506800,0.717963,18.000000,97.049814,19.656300,9.000000,9.000000,5.931250,5.931250,4.410376,0.067286,0.067286,0.009612,4.441105,0.032936,3.307450,4.699444,-0.02159463,-0.03398611,-0.03398611,-2.095755,-3.298346,-3.298346,6.506131,2.163041,3.365632,3.365632,2.968939,3.494426,,,,,,below deadband; feedforward + feedback
2026-05-06 18:11:53,37.9,433.580,433.523,450.000,16.477,14.285400,100.832000,51.508500,0.715126,18.000000,97.051739,20.054220,12.000000,12.000000,8.981250,8.981250,6.701541,0.530604,0.530604,0.074736,6.734035,0.086283,3.577570,4.658048,-0.02107950,-0.02831847,-0.02831847,-2.045802,-2.748357,-2.748357,8.747343,2.576406,3.278961,3.278961,2.912863,3.463645,,,,,,below deadband; feedforward + feedback
2026-05-06 18:11:58,42.9,433.144,433.467,450.000,16.533,14.291600,100.832000,51.508500,0.715761,18.000000,97.051739,20.330730,15.000000,15.000000,11.943750,11.943750,8.895110,1.159661,1.159661,0.195283,8.958415,0.124515,3.797780,4.678622,-0.02876823,-0.02500080,-0.02500080,-2.792006,-2.426372,-2.426372,11.687117,3.951668,3.586033,3.586033,3.042714,3.478943,,,,,,below deadband; feedforward + feedback
2026-05-06 18:12:04,48.9,434.202,433.459,450.000,16.541,14.283000,100.830000,51.498500,0.719164,18.000000,97.049814,20.538436,18.000000,18.000000,14.968750,14.968750,11.135154,2.243878,2.243878,0.400143,11.200154,0.191045,3.997586,4.796806,-0.00365314,-0.02087570,-0.02087570,-0.354537,-2.025983,-2.025983,11.489691,2.598414,4.269861,4.269861,2.993347,3.566823,,,,,,below deadband; feedforward + feedback
2026-05-06 18:12:09,53.9,433.820,433.461,450.000,16.539,14.299100,100.832000,51.501800,0.715812,18.000000,97.051739,20.727761,20.727761,20.727761,17.993750,17.993750,13.370550,3.012130,3.012130,0.637596,13.475077,0.257774,4.188461,4.951963,-0.01038912,-0.01760312,-0.01760312,-1.008283,-1.708413,-1.708413,14.378832,4.020413,4.720543,4.720543,3.096054,3.682195,,,,,,below deadband; feedforward + feedback
2026-05-06 18:12:15,59.9,434.117,433.652,450.000,16.348,14.296100,100.830000,51.500200,0.720955,18.000000,97.049814,20.719032,20.719032,20.719032,20.706250,20.706250,15.392166,4.007329,4.007329,0.918407,15.527423,0.349800,4.371532,5.103815,-0.00501707,-0.00944799,-0.00885051,-0.486905,-0.916926,-0.858941,15.879071,4.494234,4.924254,4.866269,3.223161,3.795110,,,,,,below deadband; feedforward + feedback
2026-05-06 18:12:20,64.9,435.493,433.983,450.000,16.017,14.292400,100.835000,51.503500,0.713404,18.000000,97.054627,20.561516,20.561516,20.561516,20.706250,20.706250,15.401460,4.874866,4.874866,1.222750,15.528765,0.426850,4.544266,5.235201,0.02145795,-0.00095412,0.00501653,2.082593,-0.092602,0.486878,13.318867,2.792273,4.967468,4.387989,3.187254,3.892806,,,,,,below deadband; feedforward + feedback
2026-05-06 18:12:26,70.9,435.368,434.521,450.000,15.479,14.289300,100.832000,51.506900,0.715079,18.000000,97.051739,20.187074,20.187074,20.187074,20.243750,20.243750,15.057553,5.891770,5.891770,1.556252,15.157086,0.517697,4.708124,5.363558,0.02547506,0.00781233,0.02095063,2.472399,0.758200,2.033295,12.585154,3.419371,5.133570,3.858475,3.205109,3.988250,,,,,,below deadband; feedforward + feedback
2026-05-06 18:12:31,75.9,435.737,434.993,450.000,15.007,14.295100,100.834000,51.503500,0.712385,18.000000,97.053664,19.868685,19.868685,19.868685,20.168750,20.168750,14.992490,6.600061,6.600061,1.892506,15.108328,0.592738,4.861185,5.473427,0.03900074,0.01512623,0.03667904,3.785165,1.468056,3.559835,11.207325,2.814896,5.132005,3.040226,3.177236,4.069946,,,,,,below deadband; feedforward + feedback
2026-05-06 18:12:37,81.9,437.045,435.709,450.000,14.291,14.295500,100.835000,51.511800,0.718581,18.000000,97.054627,19.290432,19.290432,19.290432,19.881250,19.881250,14.769415,7.298572,7.298572,2.230385,14.878061,0.681408,4.999132,5.550919,0.05851072,0.02436043,0.05578726,5.678736,2.364292,5.414412,9.090679,1.619835,4.934279,1.884160,3.073410,4.127569,,,,,,below deadband; feedforward + feedback
2026-05-06 18:12:42,86.9,437.785,436.373,450.000,13.627,14.302400,100.832000,51.510100,0.714073,18.000000,97.051739,18.745043,18.745043,18.745043,19.287500,19.287500,14.327913,7.790282,7.790282,2.557438,14.395909,0.753372,5.117743,5.592189,0.07337558,0.03268063,0.07349164,7.121228,3.171712,7.132491,7.206685,0.669054,4.618570,0.657791,2.923138,4.158256,,,,,,below deadband; feedforward + feedback
2026-05-06 18:12:48,92.9,438.335,437.156,450.000,12.844,14.291500,100.834000,51.503500,0.716694,18.000000,97.053664,18.059062,18.059062,18.059062,18.731250,18.731250,13.928237,8.285804,8.285804,2.875680,14.032698,0.837149,5.215462,5.606338,0.08035733,0.04068568,0.09108987,7.798974,3.948695,8.840606,6.129263,0.486830,4.337109,-0.554802,2.779825,4.168777,,,,,,below deadband; feedforward + feedback
2026-05-06 18:12:53,97.9,439.451,437.994,450.000,12.006,14.297800,100.835000,51.513500,0.719503,18.000000,97.054627,17.295470,17.295470,17.295470,17.050000,17.050000,12.668793,8.623786,8.623786,3.178212,12.755140,0.911929,5.289270,5.584503,0.10201905,0.04891328,0.10999940,9.901421,4.747260,10.675951,2.767372,-1.277635,3.876526,-2.052165,2.554411,4.152541,,,,,,below deadband; feedforward + feedback
2026-05-06 18:12:59,103.9,439.260,438.579,450.000,11.421,14.294500,100.833000,51.503500,0.716926,18.000000,97.052702,16.763750,16.763750,16.763750,17.287500,17.287500,12.845394,8.956554,8.956554,3.467129,12.933894,0.988295,5.342700,5.556417,0.09705337,0.05358747,0.11640889,9.419292,5.200808,11.297798,3.426102,-0.462738,3.755745,-2.341244,2.395614,4.131657,,,,,,below deadband; feedforward + feedback
2026-05-06 18:13:04,108.9,439.316,439.060,450.000,10.940,14.297700,100.832000,51.505200,0.716336,18.000000,97.051739,16.320139,16.320139,16.320139,16.762500,16.762500,12.459661,9.246500,9.246500,3.742337,12.559657,1.050893,5.380089,5.529648,0.10006934,0.05680425,0.11691808,9.711903,5.512952,11.347103,2.747757,-0.465404,3.733548,-2.100603,2.252563,4.111751,,,,,,below deadband; feedforward + feedback
2026-05-06 18:13:10,114.9,439.899,439.641,450.000,10.359,14.294600,100.832000,51.503500,0.711138,18.000000,97.051739,15.761176,15.761176,15.761176,16.318750,16.318750,12.129696,9.444423,9.444423,4.001523,12.228982,1.123796,5.402076,5.490024,0.09596841,0.06132195,0.11681037,9.313901,5.951402,11.336650,2.815795,0.130522,3.493021,-1.892227,2.151513,4.082288,,,,,,below deadband; feedforward + feedback
2026-05-06 18:13:16,120.9,441.110,440.205,450.000,9.795,14.295000,100.834000,51.508500,0.719661,18.000000,97.053664,15.204690,15.204690,15.204690,15.762500,15.762500,11.720725,9.602427,9.602427,4.245041,11.790248,1.194282,5.409540,5.439396,0.11613726,0.06541071,0.11594919,11.271547,6.348349,11.253294,0.449178,-1.669120,3.254078,-1.650867,1.977848,4.044642,,,,,,below deadband; feedforward + feedback
2026-05-06 18:13:21,125.9,441.599,440.749,450.000,9.251,14.293900,100.833000,51.506800,0.716336,18.000000,97.052702,14.655183,14.655183,14.655183,15.218750,15.218750,11.302460,9.708325,9.708325,4.472677,11.390628,1.251109,5.404533,5.384505,0.12340944,0.06802955,0.11404551,11.977220,6.602452,11.068425,-0.674760,-2.268895,3.105873,-1.360100,1.793207,4.003826,,,,,,below deadband; feedforward + feedback
2026-05-06 18:13:27,131.9,441.640,441.223,450.000,8.777,14.299500,100.837000,51.506800,0.717328,18.000000,97.056552,14.166391,14.166391,14.166391,11.512500,11.512500,8.918347,9.804903,9.804903,4.685966,8.984956,1.313510,5.389741,5.330572,0.09912307,0.06968700,0.10256258,9.620543,6.763580,9.954371,-0.702196,0.184360,3.041324,-0.149467,1.726172,3.963722,,,,,,below deadband; feedforward + feedback
2026-05-06 18:13:32,136.9,442.128,441.684,450.000,8.316,14.297100,100.834000,51.510200,0.717077,18.000000,97.053664,13.682395,13.682395,13.682395,14.112500,14.112500,10.489166,9.862240,9.862240,4.885054,10.576759,1.364546,5.366545,5.273764,0.08413851,0.07165680,0.09701717,8.165951,6.954555,9.415871,2.323215,1.696289,2.907685,0.446368,1.724976,3.921480,,,,,,below deadband; feedforward + feedback
2026-05-06 18:13:38,142.9,442.718,442.088,450.000,7.912,14.301200,100.835000,51.506800,0.713474,18.000000,97.054627,13.248622,13.248622,13.248622,13.675000,13.675000,10.173143,9.877063,9.877063,5.069943,10.248988,1.425707,5.336172,5.214676,0.08034026,0.07313327,0.09090711,7.797393,7.097922,8.822955,2.375750,2.079669,2.779140,1.054107,1.738618,3.877544,,,,,,below deadband; feedforward + feedback
2026-05-06 18:13:43,147.9,443.504,442.547,450.000,7.453,14.293100,100.835000,51.510100,0.715613,18.000000,97.054627,12.753190,12.753190,12.753190,13.250000,13.250000,9.847826,9.892494,9.892494,5.242177,9.930193,1.475207,5.299690,5.153762,0.09123938,0.07457559,0.08849498,8.855204,7.237906,8.588847,0.992621,1.037290,2.654588,1.303647,1.712643,3.832249,,,,,,below deadband; feedforward + feedback
2026-05-06 18:13:49,153.9,444.078,443.062,450.000,6.938,14.297100,100.834000,51.508500,0.719135,18.000000,97.053664,12.196358,12.196358,12.196358,12.750000,12.750000,9.480682,9.903082,9.903082,5.402898,9.540240,1.532247,5.258258,5.092533,0.07879810,0.07568643,0.08499457,7.647644,7.345646,8.249035,1.833038,2.255437,2.557436,1.654047,1.732029,3.786720,,,,,,below deadband; feedforward + feedback
2026-05-06 18:13:54,158.9,443.617,443.427,450.000,6.573,14.300500,100.838000,51.510100,0.714410,18.000000,97.057514,11.786066,11.786066,11.786066,12.181250,12.181250,9.062416,9.900310,9.900310,5.552812,9.138890,1.577848,5.213166,5.032798,0.08601863,0.07626103,0.08682994,8.348754,7.401706,8.427498,0.713662,1.551556,2.498604,1.472812,1.725806,3.742303,,,,,,below deadband; feedforward + feedback
2026-05-06 18:14:00,164.9,444.356,443.868,450.000,6.132,14.289500,100.836000,51.505200,0.716071,18.000000,97.055589,11.297594,11.297594,11.297594,11.787500,11.787500,8.755688,9.882920,9.882920,5.692493,8.817899,1.630550,5.165244,4.973554,0.08293372,0.07688590,0.08149540,8.049181,7.462206,7.909584,0.706507,1.833738,2.420713,1.973335,1.729403,3.698250,,,,,,below deadband; feedforward + feedback
2026-05-06 18:14:05,169.9,444.780,444.101,450.000,5.899,14.298700,100.833000,51.508500,0.716598,18.000000,97.052702,11.014809,11.014809,11.014809,11.300000,11.300000,8.397839,9.856688,9.856688,5.822624,8.455026,1.672810,5.115359,4.915818,0.07369597,0.07716740,0.07424384,7.152393,7.489305,7.205565,1.245446,2.704294,2.367383,2.651122,1.760851,3.655318,,,,,,below deadband; feedforward + feedback
2026-05-06 18:14:11,175.9,444.997,444.531,450.000,5.469,14.299500,100.835000,51.510200,0.714542,18.000000,97.054627,10.532768,10.532768,10.532768,8.631250,8.631250,6.529587,9.816379,9.816379,5.943647,6.579054,1.722243,5.064018,4.858657,0.06756055,0.07749448,0.07291681,6.557064,7.521198,7.076914,-0.027477,3.259315,2.295181,2.739465,1.807678,3.612814,,,,,,below deadband; feedforward + feedback
2026-05-06 18:14:16,180.9,445.297,444.864,450.000,5.136,14.301600,100.836000,51.505200,0.717191,18.000000,97.055589,10.146551,10.146551,10.146551,10.518750,10.518750,7.826210,9.774927,9.774927,6.239856,7.893375,1.759600,5.010951,4.798679,0.07308745,0.07865463,0.07271074,7.093545,7.633871,7.056983,0.732664,2.681381,2.141055,2.717943,1.834154,3.568215,,,,,,below deadband; feedforward + feedback
2026-05-06 18:14:22,186.9,445.936,445.134,450.000,4.866,14.292900,100.835000,51.500200,0.718118,18.000000,97.054627,9.832180,9.832180,9.832180,10.137500,10.137500,7.533424,9.712007,9.712007,6.534160,7.589064,1.804923,4.966630,4.789346,0.08483328,0.08153457,0.06901257,8.233462,7.913307,6.697989,-0.700038,1.478545,1.798700,3.014018,1.803475,3.561276,,,,,,below deadband; feedforward + feedback
2026-05-06 18:14:27,191.9,445.190,445.410,450.000,4.590,14.304300,100.834000,51.510200,0.717624,18.000000,97.053664,9.497304,9.497304,9.497304,9.812500,9.812500,7.314997,9.819502,9.819502,6.831720,7.365415,1.841626,4.907154,4.669251,0.04656019,0.08326375,0.06229144,4.518837,8.081052,6.045613,2.796159,5.300665,1.738451,3.773890,1.884693,3.471975,,,,,,below deadband; feedforward + feedback
2026-05-06 18:14:33,197.9,446.858,445.740,450.000,4.260,14.300400,100.838000,51.506800,0.715433,18.000000,97.057514,9.106926,9.106926,9.106926,9.500000,9.500000,7.064037,10.070152,10.070152,7.136876,7.114979,1.884132,4.846876,4.605762,0.07501845,0.08494033,0.06055069,7.281104,8.244098,5.876899,-0.217067,2.789048,1.826054,4.193253,1.846791,3.424765,,,,,,below deadband; feedforward + feedback
2026-05-06 18:14:38,202.9,446.265,445.984,450.000,4.016,14.294400,100.835000,51.510100,0.714266,18.000000,97.054627,8.799434,8.799434,8.799434,9.100000,9.100000,6.775899,10.272623,10.272623,7.448168,6.825928,1.918219,4.783884,4.531919,0.05871277,0.08534658,0.05578102,5.698346,8.283280,5.413806,1.077553,4.574277,1.989343,4.858818,1.877011,3.369857,,,,,,below deadband; feedforward + feedback
2026-05-06 18:14:44,208.9,446.952,446.209,450.000,3.791,14.290900,100.841000,51.505200,0.716102,18.000000,97.060402,8.512232,8.512232,8.512232,8.806250,8.806250,6.543529,10.507368,10.507368,7.766573,6.585170,1.957593,4.721582,4.472375,0.04689925,0.08516263,0.05352619,4.552060,8.265919,5.195274,1.991469,5.955308,2.241449,5.312095,1.968919,3.325581,,,,,,below deadband; feedforward + feedback
2026-05-06 18:14:49,213.9,446.529,446.486,450.000,3.514,14.292100,100.835000,51.505200,0.713366,18.000000,97.054627,8.178085,8.178085,8.178085,8.493750,8.493750,6.325102,10.667187,10.667187,8.087782,6.382363,1.989386,4.664435,4.435847,0.04803501,0.08446655,0.05120763,4.662020,8.197870,4.969937,1.663082,6.005167,2.469317,5.697250,2.085347,3.298420,,,,,,below deadband; feedforward + feedback
2026-05-06 18:14:55,219.9,447.180,446.672,450.000,3.328,14.298100,100.834000,51.510200,0.715374,18.000000,97.053664,7.941777,7.941777,7.941777,8.168750,8.168750,6.074143,10.778828,10.778828,8.398335,6.122874,2.025960,4.614227,4.413392,0.05703525,0.08295287,0.04782531,5.535480,8.050880,4.641622,0.538662,5.243347,2.727948,6.137206,2.166164,3.281723,,,,,,below deadband; feedforward + feedback
2026-05-06 18:15:00,224.9,447.413,446.928,450.000,3.072,14.293600,100.833000,51.503500,0.721370,18.000000,97.052702,7.640001,7.640001,7.640001,7.943750,7.943750,5.911484,10.795197,10.795197,8.690320,5.965236,2.055638,4.568501,4.385599,0.04566167,0.08130801,0.04737744,4.431589,7.891162,4.598109,1.479895,6.363608,2.904035,6.197088,2.239253,3.261056,,,,,,below deadband; feedforward + feedback
2026-05-06 18:15:06,230.9,447.235,447.194,450.000,2.806,14.300000,100.843000,51.505200,0.719774,18.000000,97.062327,7.328096,7.328096,7.328096,4.618750,4.618750,3.480897,10.696956,10.696956,8.946474,3.505998,2.098630,4.522246,4.337224,0.03998373,0.07844590,0.04641466,3.880914,7.614141,4.505115,-0.400017,6.816042,3.082815,6.191841,2.367060,3.225085,,,,,,below deadband; feedforward + feedback
2026-05-06 18:15:11,235.9,447.363,447.365,450.000,2.635,14.295900,100.837000,51.498500,0.712624,18.000000,97.056552,7.108404,7.108404,7.108404,7.287500,7.287500,5.428155,10.577208,10.577208,9.175719,5.466888,2.120105,4.473104,4.276536,0.03874713,0.07568608,0.04384717,3.760663,7.345830,4.255655,1.667492,6.816545,3.231379,6.321554,2.451791,3.179959,,,,,,below deadband; feedforward + feedback
2026-05-06 18:15:17,241.9,447.556,447.488,450.000,2.512,14.286400,100.837000,51.498500,0.719840,18.000000,97.056552,6.933548,6.933548,6.933548,7.106250,7.106250,5.284086,10.377370,10.377370,9.368751,5.330677,2.151850,4.421398,4.214576,0.04501744,0.07184980,0.03903171,4.369238,6.973494,3.788283,0.914848,6.008132,3.403876,6.589088,2.497667,3.133887,,,,,,below deadband; feedforward + feedback
2026-05-06 18:15:22,246.9,447.909,447.597,450.000,2.403,14.292400,100.835000,51.506800,0.717280,18.000000,97.054627,6.770432,6.770432,6.770432,6.925000,6.925000,5.140017,10.123287,10.123287,9.527794,5.178661,2.177677,4.367532,4.152066,0.03398390,0.06892741,0.03649937,3.298295,6.689724,3.542433,1.841722,6.824993,3.433563,6.580854,2.619870,3.087405,,,,,,below deadband; feedforward + feedback
2026-05-06 18:15:28,252.9,447.969,447.683,450.000,2.317,14.292800,100.838000,51.505200,0.711402,18.000000,97.057514,6.627364,6.627364,6.627364,6.762500,6.762500,5.028479,9.785861,9.785861,9.645796,5.060543,2.207880,4.310864,4.084194,0.03925499,0.06509274,0.03169589,3.809991,6.317740,3.076324,1.218488,5.975869,3.468121,6.709536,2.697340,3.036937,,,,,,below deadband; feedforward + feedback
2026-05-06 18:15:34,258.9,448.304,447.802,450.000,2.198,14.300300,100.836000,51.505200,0.719597,18.000000,97.055589,6.450524,6.450524,6.450524,6.600000,6.600000,4.912294,9.446859,9.446859,9.732063,4.953248,2.237435,4.252324,4.018162,0.03930590,0.06115214,0.02840137,3.814857,5.935157,2.756512,1.097437,5.632002,3.511702,6.690347,2.782707,2.987837,,,,,,below deadband; feedforward + feedback
2026-05-06 18:15:39,263.9,447.955,447.867,450.000,2.133,14.296200,100.837000,51.503500,0.713047,18.000000,97.056552,6.326724,6.326724,6.326724,6.450000,6.450000,4.786815,9.169616,9.169616,9.788761,4.832093,2.261491,4.193874,3.960075,0.02035644,0.05832359,0.02419921,1.975726,5.660687,2.348692,2.811089,7.193890,3.508930,6.820925,2.951618,2.944644,,,,,,below deadband; feedforward + feedback
2026-05-06 18:15:45,269.9,448.095,447.942,450.000,2.058,14.300800,100.834000,51.511800,0.719559,18.000000,97.053664,6.196448,6.196448,6.196448,6.312500,6.312500,4.703162,8.837767,8.837767,9.820503,4.733264,2.289702,4.138148,3.915241,0.01906822,0.05480836,0.02091198,1.850640,5.319353,2.029584,2.852521,6.987126,3.518414,6.808183,3.143074,2.911306,,,,,,below deadband; feedforward + feedback
2026-05-06 18:15:50,274.9,448.078,448.040,450.000,1.960,14.296800,100.836000,51.513500,0.718648,18.000000,97.055589,0.000000,3.196448,3.196448,6.181250,6.181250,4.600919,8.566410,8.566410,9.829007,4.633212,2.312818,4.086658,3.880700,0.01976300,0.05230908,0.01906370,1.918110,5.076889,1.850238,2.682809,6.648301,3.489522,6.716172,3.329786,2.885622,,,,,,within deadband and CO2 rising; MFC zero
2026-05-06 18:15:56,280.9,448.386,448.186,450.000,1.814,14.295600,100.841000,51.508500,0.715262,18.000000,97.060402,0.000000,0.196448,0.000000,3.137500,3.137500,2.379465,8.252608,8.252608,9.817759,2.394870,2.327618,4.041967,3.863202,0.01344091,0.04950987,0.01639695,1.304580,4.805448,1.591494,1.074885,6.948028,3.447161,6.661114,3.579048,2.872611,,,,,,within deadband and CO2 rising; MFC zero
2026-05-06 18:16:01,285.9,448.161,448.261,450.000,1.739,14.296000,100.840000,51.510200,0.717754,18.000000,97.059439,0.000000,0.000000,0.000000,0.000000,0.000000,0.000000,7.938522,7.938522,9.786909,0.000000,2.327618,4.003332,3.848795,0.00877998,0.04673732,0.01626409,0.852180,4.536298,1.578583,-0.852180,7.086342,3.402223,6.359939,3.807808,2.861898,,,,,,within deadband and CO2 rising; MFC zero
2026-05-06 18:16:07,291.9,448.077,448.348,450.000,1.652,14.290600,100.836000,51.505200,0.720118,18.000000,97.055589,0.000000,0.000000,0.000000,0.000000,0.000000,0.000000,7.584933,7.584933,9.736559,0.000000,2.327618,3.969356,3.833450,0.00733914,0.04356176,0.01682931,0.712305,4.227913,1.633378,-0.712305,6.872628,3.357020,5.951554,4.030173,2.850488,,,,,,within deadband and CO2 rising; MFC zero
2026-05-06 18:16:12,296.9,448.459,448.318,450.000,1.682,14.289200,100.837000,51.501800,0.713691,18.000000,97.056552,0.000000,0.000000,0.000000,0.000000,0.000000,0.000000,7.233254,7.233254,9.669554,0.000000,2.327618,3.940268,3.823917,0.02000034,0.04094676,0.01371684,1.941164,3.974151,1.331309,-1.941164,5.292090,3.259103,5.901945,4.186584,2.843400,,,,,,within deadband and CO2 rising; MFC zero
2026-05-06 18:16:18,302.9,448.206,448.307,450.000,1.693,14.294100,100.838000,51.510200,0.717396,18.000000,97.057514,0.000000,0.000000,0.000000,0.000000,0.000000,0.000000,6.824232,6.824232,9.585366,0.000000,2.327618,3.915990,3.818875,0.00772900,0.03805884,0.01037003,0.750158,3.693896,1.006490,-0.750158,6.074074,3.130335,5.817742,4.421226,2.839650,,,,,,within deadband and CO2 rising; MFC zero
2026-05-06 18:16:23,307.9,448.032,448.189,450.000,1.811,14.291100,100.838000,51.506800,0.715183,18.000000,97.057514,0.000000,0.000000,0.000000,0.000000,0.000000,0.000000,6.492847,6.492847,9.487927,0.000000,2.327618,3.896246,3.817273,0.01247481,0.03530161,0.00755001,1.210774,3.426286,0.732785,-1.210774,5.282073,3.066561,5.760062,4.650043,2.838459,,,,,,within deadband and CO2 rising; MFC zero
2026-05-06 18:16:29,313.9,447.662,448.067,450.000,1.933,14.294200,100.838000,51.506800,0.717969,18.000000,97.057514,0.000000,0.000000,0.000000,0.000000,0.000000,0.000000,6.107759,6.107759,9.375893,0.000000,2.327618,3.880297,3.816499,-0.00552554,0.03178957,0.00100213,-0.536295,3.085416,0.097264,0.536295,6.644054,3.022342,6.010495,4.845792,2.837883,,,,,,within deadband and CO2 rising; MFC zero
2026-05-06 18:16:34,318.9,447.406,447.861,450.000,2.139,14.291400,100.837000,51.510200,0.715478,18.000000,97.056552,6.007619,3.000000,3.000000,0.000000,0.000000,0.000000,5.799275,5.799275,9.252772,0.000000,2.327618,3.868369,3.820660,-0.00655945,0.02874073,-0.00662062,-0.636638,2.789476,-0.642575,0.636638,6.435913,3.009799,6.441850,4.989417,2.840978,,,,,,below deadband; feedforward + feedback
2026-05-06 18:16:40,324.9,447.155,447.704,450.000,2.296,14.285500,100.838000,51.515200,0.715550,18.000000,97.057514,6.156506,6.000000,6.000000,2.856250,2.856250,2.128506,5.468019,5.468019,9.119165,2.142685,2.338967,3.860806,3.830555,-0.01794950,0.02520250,-0.01405226,-1.742133,2.446092,-1.363877,3.870639,7.210153,3.021928,6.831897,5.144886,2.848335,,,,,,below deadband; feedforward + feedback
2026-05-06 18:16:45,329.9,447.503,447.552,450.000,2.448,14.290100,100.839000,51.503500,0.712151,18.000000,97.058477,6.305511,6.305511,6.305511,7.475000,7.475000,5.609403,5.191164,5.191164,8.976701,5.653002,2.379609,3.857511,3.844327,-0.01320371,0.02265266,-0.01878844,-1.281532,2.198633,-1.823577,6.890935,6.472696,2.992531,7.014741,5.309595,2.858576,,,,,,below deadband; feedforward + feedback
2026-05-06 18:16:51,335.9,447.054,447.401,450.000,2.599,14.281200,100.841000,51.508500,0.716027,18.000000,97.060402,6.458034,6.458034,6.458034,6.225000,6.225000,4.638098,4.932975,4.932975,8.826091,4.673016,2.399467,3.859084,3.865378,-0.01717012,0.01915292,-0.02230675,-1.666539,1.858990,-2.165102,6.304637,6.599514,3.073985,7.098077,5.441234,2.874229,,,,,,below deadband; feedforward + feedback
2026-05-06 18:16:56,340.9,446.870,447.274,450.000,2.726,14.289900,100.836000,51.503500,0.717594,18.000000,97.055589,6.593498,6.593498,6.593498,6.425000,6.425000,4.772873,4.891252,4.891252,8.674302,4.814897,2.423261,3.867048,3.898907,-0.02057657,0.01617533,-0.02564503,-1.997071,1.569906,-2.488994,6.769944,6.888323,3.321346,7.380246,5.602954,2.899160,,,,,,below deadband; feedforward + feedback
2026-05-06 18:17:02,346.9,447.155,447.182,450.000,2.818,14.293200,100.840000,51.511800,0.711437,18.000000,97.059439,6.699737,6.699737,6.699737,6.556250,6.556250,4.875115,4.694151,4.694151,8.517066,4.908291,2.452484,3.881587,3.939741,-0.02717023,0.01309962,-0.02621153,-2.637127,1.271441,-2.544077,7.512243,7.331278,3.422710,7.238227,5.769546,2.929524,,,,,,below deadband; feedforward + feedback
2026-05-06 18:17:07,351.9,447.115,447.110,450.000,2.890,14.319700,100.840000,51.506800,0.711454,18.000000,97.059439,6.792437,6.792437,6.792437,6.693750,6.693750,4.972711,4.579180,4.579180,8.357142,5.010463,2.477318,3.902887,3.988087,-0.01810214,0.01056525,-0.02401621,-1.756983,1.025457,-2.330999,6.729694,6.336163,3.553722,6.910179,5.879603,2.965473,,,,,,below deadband; feedforward + feedback
2026-05-06 18:17:13,357.9,447.687,447.139,450.000,2.861,14.293100,100.840000,51.498500,0.713567,18.000000,97.059439,6.792631,6.792631,6.792631,6.762500,6.762500,5.047069,4.454991,4.454991,8.194675,5.088845,2.507527,3.931181,4.044356,-0.00810182,0.00802687,-0.01797440,-0.786359,0.779084,-1.744585,5.833427,5.241349,3.675907,6.199576,5.939664,3.007314,,,,,,below deadband; feedforward + feedback
2026-05-06 18:17:19,363.9,447.377,447.193,450.000,2.807,14.287700,100.842000,51.510200,0.719046,18.000000,97.061364,6.774520,6.774520,6.774520,6.793750,6.793750,5.042421,4.342317,4.342317,8.030051,5.084151,2.537772,3.967470,4.112626,-0.01032224,0.00541948,-0.01336559,-1.001891,0.526022,-1.297283,6.044312,5.344208,3.816296,5.639600,6.020356,3.058078,,,,,,below deadband; feedforward + feedback
2026-05-06 18:17:24,368.9,447.804,447.314,450.000,2.686,14.284700,100.836000,51.508500,0.715244,18.000000,97.055589,6.699622,6.699622,6.699622,6.768750,6.768750,5.028479,4.272271,4.272271,7.865210,5.065324,2.562926,4.013422,4.197233,-0.00108477,0.00409527,-0.00548550,-0.105283,0.397469,-0.532398,5.133762,4.377554,3.874802,4.804669,6.108205,3.120991,,,,,,below deadband; feedforward + feedback
2026-05-06 18:17:29,373.9,447.556,447.457,450.000,2.543,14.297800,100.839000,51.503500,0.715374,18.000000,97.058477,6.610986,6.610986,6.610986,6.700000,6.700000,4.982005,4.199229,4.199229,7.694899,5.016927,2.587868,4.068386,4.288240,0.00393231,0.00234520,0.00028980,0.381664,0.227621,0.028128,4.600342,3.817566,3.971608,4.171102,6.063262,3.188662,,,,,,below deadband; feedforward + feedback
2026-05-06 18:17:35,379.9,447.303,447.584,450.000,2.416,14.290700,100.838000,51.510100,0.715339,18.000000,97.057514,6.546485,6.546485,6.546485,6.612500,6.612500,4.903000,4.118571,4.118571,7.514548,4.936441,2.617347,4.130185,4.377383,-0.00584758,0.00108307,0.00587710,-0.567551,0.105120,0.570417,5.470551,4.686123,4.013451,3.548154,6.120750,3.254947,,,,,,below deadband; feedforward + feedback
2026-05-06 18:17:41,385.9,447.655,447.692,450.000,2.308,14.290600,100.839000,51.500200,0.717475,18.000000,97.058477,6.504537,6.504537,6.504537,6.531250,6.531250,4.856526,4.044910,4.044910,7.325830,4.892373,2.646511,4.196487,4.461695,0.00581380,-0.00013703,0.01108863,0.564278,-0.013300,1.076246,4.292247,3.480632,4.058211,2.968664,6.087609,3.317640,,,,,,below deadband; feedforward + feedback
2026-05-06 18:17:46,390.9,447.778,447.727,450.000,2.273,14.286500,100.838000,51.506800,0.714486,18.000000,97.057514,6.537615,6.537615,6.537615,6.500000,6.500000,4.837936,3.988754,3.988754,7.128296,4.867868,2.670742,4.264365,4.535879,0.00437300,-0.00075254,0.01503546,0.424432,-0.073040,1.459305,4.413504,3.564322,4.061794,2.529450,6.015155,3.372802,,,,,,below deadband; feedforward + feedback
2026-05-06 18:17:52,396.9,448.161,447.870,450.000,2.130,14.297500,100.837000,51.501900,0.720448,18.000000,97.056552,6.461680,6.461680,6.461680,6.543750,6.543750,4.847231,3.929216,3.929216,6.924115,4.881189,2.699820,4.331630,4.600690,0.01544099,-0.00134414,0.01907405,1.498649,-0.130458,1.851262,3.348582,2.430567,4.059673,2.077954,5.906833,3.420994,,,,,,below deadband; feedforward + feedback
2026-05-06 18:17:57,401.9,448.212,448.008,450.000,1.992,14.321800,100.838000,51.501900,0.715001,18.000000,97.057514,1.318808,3.461680,3.461680,6.431250,6.431250,4.847231,3.884859,3.884859,6.715207,4.891295,2.743403,4.396026,4.653607,0.01322057,-0.00145878,0.01970093,1.283156,-0.141585,1.912123,3.564075,2.601703,4.026445,1.972736,5.826784,3.460343,,,,,,within lower deadband; partial feedforward
2026-05-06 18:18:03,407.9,447.928,448.143,450.000,1.857,14.297200,100.838000,51.505200,0.716178,18.000000,97.057514,1.336858,1.336858,1.336858,3.025000,3.025000,2.286517,3.840322,3.840322,6.504453,2.303744,2.752138,4.456193,4.696864,0.00327125,-0.00128959,0.02029367,0.317499,-0.125165,1.969654,1.969018,3.522823,3.965486,1.870668,5.740699,3.492508,,,,,,within lower deadband; partial feedforward
2026-05-06 18:18:08,412.9,448.015,448.163,450.000,1.837,14.297100,100.839000,51.510200,0.718805,18.000000,97.058477,1.353575,1.353575,1.353575,0.000000,0.000000,0.000000,3.908612,3.908612,6.298746,0.000000,2.752138,4.511917,4.734811,0.01472912,-0.00108537,0.01851312,1.429586,-0.105344,1.796855,-1.429586,2.479027,4.013957,2.111757,5.609275,3.520724,,,,,,within lower deadband; partial feedforward
2026-05-06 18:18:14,418.9,447.808,448.217,450.000,1.783,14.286300,100.838000,51.500200,0.714279,18.000000,97.057514,1.368331,1.368331,1.368331,0.000000,0.000000,0.000000,3.691037,3.691037,6.090074,0.000000,2.752138,4.561104,4.757851,0.01518673,-0.00108902,0.01601886,1.473986,-0.105697,1.554751,-1.473986,2.217051,3.796734,2.136286,5.469896,3.537856,,,,,,within lower deadband; partial feedforward
2026-05-06 18:18:19,423.9,447.948,448.159,450.000,1.841,14.304900,100.840000,51.503500,0.713982,18.000000,97.059439,1.380794,1.380794,1.380794,0.000000,0.000000,0.000000,3.575575,3.575575,5.883959,0.000000,2.752138,4.602646,4.768817,0.00425431,-0.00100350,0.01138688,0.412921,-0.097399,1.105204,-0.412921,3.162654,3.672974,2.470371,5.383669,3.546011,,,,,,within lower deadband; partial feedforward
2026-05-06 18:18:25,429.9,447.856,448.064,450.000,1.936,14.294600,100.838000,51.508500,0.717083,18.000000,97.057514,1.390897,1.390897,1.390897,0.000000,0.000000,0.000000,3.397606,3.397606,5.680150,0.000000,2.752138,4.636322,4.771025,0.00883068,-0.00092863,0.00826650,0.857083,-0.090131,0.802326,-0.857083,2.540522,3.487737,2.595279,5.253837,3.547652,,,,,,within lower deadband; partial feedforward
2026-05-06 18:18:30,434.9,447.657,447.909,450.000,2.091,14.305300,100.840000,51.501900,0.715514,18.000000,97.059439,6.753027,4.390897,4.390897,0.000000,0.000000,0.000000,3.252685,3.252685,5.482175,0.000000,2.752138,4.662277,4.766097,0.00249160,-0.00097391,0.00225720,0.241834,-0.094528,0.219082,-0.241834,3.010851,3.347212,3.033602,5.163988,3.543988,,,,,,below deadband; feedforward + feedback
2026-05-06 18:18:36,440.9,447.434,447.779,450.000,2.221,14.288000,100.839000,51.506800,0.716866,18.000000,97.058477,6.901951,6.901951,6.901951,4.250000,4.250000,3.174169,3.083468,3.083468,5.289345,3.200540,2.769486,4.680451,4.753147,-0.00354251,-0.00113808,-0.00447175,-0.343830,-0.110460,-0.434021,3.518000,3.427298,3.193928,3.517489,5.097179,3.534359,,,,,,below deadband; feedforward + feedback
2026-05-06 18:18:41,445.9,447.619,447.700,450.000,2.300,14.290100,100.839000,51.505200,0.716909,18.000000,97.058477,6.991632,6.991632,6.991632,6.843750,6.843750,5.093543,2.958505,2.958505,5.101130,5.133036,2.794522,4.691482,4.735605,-0.00110172,-0.00123598,-0.01006993,-0.106931,-0.119962,-0.977372,5.200474,3.065435,3.078467,3.935877,4.972074,3.521315,,,,,,below deadband; feedforward + feedback
2026-05-06 18:18:47,451.9,446.793,447.526,450.000,2.474,14.335900,100.835000,51.503500,0.721670,18.000000,97.054627,7.170230,7.170230,7.170230,6.981250,6.981250,5.177196,2.906170,2.906170,4.921384,5.215618,2.825498,4.696380,4.715972,-0.02667852,-0.00134460,-0.01583969,-2.589274,-0.130500,-1.537315,7.766470,5.495444,3.036670,4.443485,4.926871,3.506716,,,,,,below deadband; feedforward + feedback
2026-05-06 18:18:52,456.9,447.292,447.469,450.000,2.531,14.293300,100.839000,51.508500,0.716160,18.000000,97.058477,7.227162,7.227162,7.227162,7.143750,7.143750,5.302675,2.915206,2.915206,4.750136,5.343872,2.852000,4.696462,4.696788,-0.01074598,-0.00106708,-0.01766312,-1.042988,-0.103569,-1.714355,6.345663,3.958194,3.018775,4.629561,4.845353,3.492451,,,,,,below deadband; feedforward + feedback
2026-05-06 18:18:58,462.9,447.518,447.488,450.000,2.512,14.294500,100.839000,51.508500,0.714206,18.000000,97.058477,7.204432,7.204432,7.204432,7.200000,7.200000,5.367739,2.932634,2.932634,4.588924,5.418629,2.884145,4.692782,4.678066,-0.01422061,-0.00056776,-0.01629862,-1.380230,-0.055106,-1.581919,6.747969,4.312865,2.987740,4.514553,4.765500,3.478529,,,,,,below deadband; feedforward + feedback
2026-05-06 18:19:03,467.9,447.913,447.589,450.000,2.411,14.291900,100.839000,51.506800,0.717616,18.000000,97.058477,7.097204,7.097204,7.097204,7.200000,7.200000,5.349149,2.986570,2.986570,4.438865,5.392443,2.910918,4.686304,4.660391,-0.00554249,0.00018591,-0.01214180,-0.537946,0.018045,-1.178465,5.887095,3.524515,2.968525,4.165035,4.657566,3.465387,,,,,,below deadband; feedforward + feedback
2026-05-06 18:19:09,473.9,447.839,447.704,450.000,2.296,14.296800,100.841000,51.506800,0.718233,18.000000,97.060402,6.974937,6.974937,6.974937,7.093750,7.093750,5.279438,3.125578,3.125578,4.303733,5.324368,2.942594,4.678487,4.647221,-0.01059345,0.00094518,-0.00677157,-1.028204,0.091740,-0.657251,6.307643,4.153783,3.033839,3.782829,4.575176,3.455594,,,,,,below deadband; feedforward + feedback
2026-05-06 18:19:14,478.9,448.006,447.784,450.000,2.216,14.291800,100.836000,51.506800,0.714639,18.000000,97.055589,6.887230,6.887230,6.887230,6.968750,6.968750,5.186491,3.273959,3.273959,4.183755,5.219492,2.968580,4.670980,4.640948,-0.00600014,0.00173901,-0.00179920,-0.582347,0.168780,-0.174622,5.768837,3.856306,3.105179,3.448582,4.531668,3.450929,,,,,,below deadband; feedforward + feedback
2026-05-06 18:19:20,484.9,448.334,447.918,450.000,2.082,14.292000,100.838000,51.506800,0.714931,18.000000,97.057514,6.747555,6.747555,6.747555,6.875000,6.875000,5.121427,3.449553,3.449553,4.081492,5.159443,2.999299,4.665505,4.643605,0.01371239,0.00261719,0.00529926,1.330890,0.254018,0.514333,3.790537,2.118663,3.195535,2.935220,4.411807,3.452905,,,,,,below deadband; feedforward + feedback
2026-05-06 18:19:25,489.9,448.026,448.026,450.000,1.974,14.293100,100.839000,51.508500,0.718076,18.000000,97.058477,0.000000,3.747555,3.747555,16.712500,16.712500,12.803568,3.593416,3.593416,3.993630,12.880240,3.032300,4.662652,4.651243,0.00101699,0.00349712,0.01161119,0.098707,0.339425,1.126964,12.704861,3.494709,3.253991,2.466451,4.357644,3.458585,,,,,,within deadband and CO2 rising; MFC zero
2026-05-06 18:19:31,495.9,448.184,448.174,450.000,1.826,14.293700,100.839000,51.508500,0.715387,18.000000,97.058477,0.000000,0.747555,0.747555,0.262500,0.262500,0.223075,3.763769,3.763769,3.922600,0.224426,3.050741,4.663141,4.665097,0.00567817,0.00413640,0.01560060,0.551115,0.401473,1.514171,-0.328040,3.212654,3.362296,2.249598,4.253662,3.468886,,,,,,within deadband and CO2 rising; MFC zero
2026-05-06 18:19:36,500.9,448.547,448.320,450.000,1.680,14.285200,100.839000,51.510200,0.715792,18.000000,97.058477,0.000000,0.000000,0.000000,0.000000,0.000000,0.000000,3.961851,3.961851,3.866920,0.000000,3.050741,4.667509,4.684978,0.01820380,0.00478269,0.02016756,1.766833,0.464201,1.957432,-1.766833,2.195018,3.497650,2.004419,4.125150,3.483670,,,,,,within deadband and CO2 rising; MFC zero
2026-05-06 18:19:42,506.9,448.085,448.346,450.000,1.654,14.292100,100.837000,51.503500,0.718571,18.000000,97.056552,0.000000,0.000000,0.000000,0.000000,0.000000,0.000000,4.020821,4.020821,3.823066,0.000000,3.050741,4.675189,4.705910,0.01488166,0.00499981,0.01954244,1.444363,0.485264,1.896721,-1.444363,2.576458,3.535557,2.124100,3.984735,3.499234,,,,,,within deadband and CO2 rising; MFC zero
2026-05-06 18:19:47,511.9,448.380,448.301,450.000,1.699,14.291500,100.838000,51.501900,0.714000,18.000000,97.057514,0.000000,0.000000,0.000000,0.000000,0.000000,0.000000,3.992059,3.992059,3.786729,0.000000,3.050741,4.685551,4.726998,0.01511897,0.00496690,0.01533479,1.467410,0.482075,1.488356,-1.467410,2.524649,3.509984,2.503703,3.865098,3.514915,,,,,,within deadband and CO2 rising; MFC zero
2026-05-06 18:19:53,517.9,448.351,448.268,450.000,1.732,14.295400,100.837000,51.500200,0.718846,18.000000,97.056552,0.000000,0.000000,0.000000,0.000000,0.000000,0.000000,3.798469,3.798469,3.752350,0.000000,3.050741,4.695975,4.737671,0.01164431,0.00476602,0.01156110,1.130157,0.462573,1.122080,-1.130157,2.668313,3.335896,2.676389,3.745970,3.522851,,,,,,within deadband and CO2 rising; MFC zero
2026-05-06 18:19:58,522.9,448.003,448.141,450.000,1.859,14.294300,100.839000,51.503500,0.713140,18.000000,97.058477,0.000000,0.000000,0.000000,0.000000,0.000000,0.000000,3.697414,3.697414,3.716174,0.000000,3.050741,4.704142,4.736808,0.00733911,0.00409296,0.00618107,0.712323,0.397256,0.599925,-0.712323,2.985091,3.300158,3.097489,3.627691,3.522209,,,,,,within deadband and CO2 rising; MFC zero
2026-05-06 18:20:04,528.9,447.769,447.914,450.000,2.086,14.292500,100.838000,51.500200,0.715153,18.000000,97.057514,6.795267,3.000000,3.000000,0.000000,0.000000,0.000000,3.541494,3.541494,3.681245,0.000000,3.050741,4.709267,4.729768,-0.00325431,0.00300376,-0.00217435,-0.315856,0.291537,-0.211037,0.315856,3.857350,3.249957,3.752531,3.522420,3.516974,,,,,,below deadband; feedforward + feedback
2026-05-06 18:20:09,533.9,447.312,447.753,450.000,2.247,14.292600,100.840000,51.505200,0.714238,18.000000,97.059439,6.958164,6.000000,6.000000,2.818750,2.818750,2.095974,3.407391,3.407391,3.645736,2.106141,3.059785,4.710764,4.716753,-0.01044086,0.00178276,-0.01003700,-1.013384,0.173034,-0.974186,3.109358,4.420775,3.234357,4.381577,3.464378,3.507297,,,,,,below deadband; feedforward + feedback
2026-05-06 18:20:15,539.9,447.307,447.525,450.000,2.475,14.293800,100.835000,51.505200,0.720018,18.000000,97.054627,7.182831,7.182831,7.182831,5.943750,5.943750,4.419671,3.251110,3.251110,3.609255,4.441104,3.085893,4.708081,4.697347,-0.01476322,0.00052939,-0.01839393,-1.432838,0.051379,-1.785216,5.852509,4.683948,3.199730,5.036326,3.447487,3.492867,,,,,,below deadband; feedforward + feedback
2026-05-06 18:20:20,544.9,447.243,447.389,450.000,2.611,14.292500,100.835000,51.505200,0.717965,18.000000,97.054627,7.311906,7.311906,7.311906,7.150000,7.150000,5.316618,3.177784,3.177784,3.573966,5.351010,3.111959,4.701056,4.672957,-0.01647490,-0.00041236,-0.02280162,-1.598965,-0.040021,-2.213003,6.915583,4.776749,3.217806,5.390787,3.430291,3.474731,,,,,,below deadband; feedforward + feedback
2026-05-06 18:20:26,550.9,448.285,447.381,450.000,2.619,14.285100,100.839000,51.511800,0.716218,18.000000,97.058477,7.308947,7.308947,7.308947,7.293750,7.293750,5.418860,3.159065,3.159065,3.540232,5.449052,3.144385,4.690397,4.647763,0.00001695,-0.00100463,-0.02209973,0.001645,-0.097507,-2.144966,5.417215,3.157420,3.256573,5.304032,3.393317,3.455997,,,,,,below deadband; feedforward + feedback
2026-05-06 18:20:31,555.9,447.541,447.324,450.000,2.676,14.300100,100.835000,51.511800,0.715789,18.000000,97.054627,7.353169,7.353169,7.353169,7.275000,7.275000,5.423508,3.166166,3.166166,3.508927,5.467381,3.171514,4.676819,4.622506,-0.01820377,-0.00191319,-0.02394956,-1.766760,-0.185684,-2.324416,7.190268,4.932926,3.351849,5.490581,3.427116,3.437216,,,,,,below deadband; feedforward + feedback
2026-05-06 18:20:37,561.9,447.513,447.398,450.000,2.602,14.286300,100.838000,51.503500,0.716075,18.000000,97.057514,7.263572,7.263572,7.263572,7.356250,7.356250,5.456039,3.179746,3.179746,3.480478,5.497076,3.204213,4.661072,4.598085,-0.01354262,-0.00241563,-0.01752453,-1.314413,-0.234455,-1.700888,6.770452,4.494159,3.414201,4.880634,3.421299,3.419057,,,,,,below deadband; feedforward + feedback
2026-05-06 18:20:43,567.9,447.689,447.525,450.000,2.475,14.299600,100.835000,51.505200,0.717615,18.000000,97.054627,7.118449,7.118449,7.118449,7.268750,7.268750,5.395623,3.196012,3.196012,3.454754,5.437240,3.236608,4.643599,4.573704,-0.01000026,-0.00271941,-0.01104837,-0.970571,-0.263932,-1.072296,6.366194,4.166583,3.459944,4.268308,3.442086,3.400928,,,,,,below deadband; feedforward + feedback
2026-05-06 18:20:48,572.9,447.768,447.606,450.000,2.394,14.288800,100.838000,51.508500,0.717822,18.000000,97.057514,7.018729,7.018729,7.018729,7.125000,7.125000,5.298028,3.211762,3.211762,3.431209,5.333698,3.263147,4.624579,4.548499,-0.00850865,-0.00238558,-0.00438471,-0.825829,-0.231539,-0.425569,6.123857,4.037590,3.443300,3.637331,3.456427,3.382186,,,,,,below deadband; feedforward + feedback
2026-05-06 18:20:53,577.9,447.706,447.743,450.000,2.257,14.294800,100.836000,51.498500,0.720672,18.000000,97.055589,6.861401,6.861401,6.861401,7.018750,7.018750,5.209728,3.226892,3.226892,3.409926,5.242805,3.289302,4.604351,4.523442,-0.00335602,-0.00224540,0.00376654,-0.325720,-0.217928,0.365563,5.535448,3.552612,3.444820,2.861328,3.490428,3.363554,,,,,,below deadband; feedforward + feedback
2026-05-06 18:20:59,583.9,448.579,447.950,450.000,2.050,14.293900,100.836000,51.506800,0.714591,18.000000,97.055589,6.632902,6.632902,6.632902,3.268750,3.268750,2.449176,3.241944,3.241944,3.390444,2.469089,3.329167,4.582852,4.496854,0.01820368,-0.00136084,0.01333977,1.766769,-0.132078,1.294699,0.682407,1.475175,3.374021,1.947245,3.456291,3.343783,,,,,,below deadband; feedforward + feedback
2026-05-06 18:21:05,589.9,447.919,448.029,450.000,1.971,14.297300,100.836000,51.503500,0.718182,18.000000,97.055589,1.368079,3.632902,3.632902,6.600000,6.600000,4.912294,3.233062,3.233062,3.372042,4.952355,3.357290,4.560263,4.469907,0.00562735,-0.00073371,0.01632893,0.546166,-0.071211,1.584814,4.366129,2.686897,3.304273,1.648248,3.430960,3.323747,,,,,,within lower deadband; partial feedforward
2026-05-06 18:21:10,594.9,448.279,448.097,450.000,1.903,14.292300,100.837000,51.503500,0.718634,18.000000,97.056552,0.000000,0.632902,0.632902,3.600000,3.600000,2.686193,3.249586,3.249586,3.352071,2.704997,3.371304,4.535927,4.438584,0.01655966,0.00004388,0.01853779,1.607224,0.004259,1.799214,1.078970,1.642363,3.245327,1.450372,3.405607,3.300455,,,,,,within deadband and CO2 rising; MFC zero
2026-05-06 18:21:16,600.9,448.313,448.205,450.000,1.795,14.288400,100.839000,51.501800,0.714378,18.000000,97.058477,0.000000,0.000000,0.000000,0.000000,0.000000,0.000000,3.378319,3.378319,3.342595,0.000000,3.371304,4.512348,4.418030,0.01433928,0.00088535,0.01955917,1.391749,0.085931,1.898383,-1.391749,1.986570,3.292389,1.479936,3.398622,3.285172,,,,,,within deadband and CO2 rising; MFC zero
2026-05-06 18:21:21,605.9,448.110,448.128,450.000,1.872,14.286200,100.838000,51.511800,0.718632,18.000000,97.057514,0.000000,0.000000,0.000000,0.000000,0.000000,0.000000,3.439019,3.439019,3.338457,0.000000,3.371304,4.490742,4.404318,0.01691565,0.00105624,0.01603137,1.641791,0.102516,1.555965,-1.641791,1.797228,3.336503,1.883054,3.357246,3.274975,,,,,,within deadband and CO2 rising; MFC zero
2026-05-06 18:21:27,611.9,447.712,448.142,450.000,1.858,14.288100,100.837000,51.508500,0.713272,18.000000,97.056552,0.000000,0.000000,0.000000,0.000000,0.000000,0.000000,3.439019,3.439019,3.339712,0.000000,3.371304,4.472010,4.397082,0.00383057,0.00132746,0.01301262,0.371782,0.128838,1.262960,-0.371782,3.067237,3.310181,2.176059,3.373207,3.269595,,,,,,within deadband and CO2 rising; MFC zero
2026-05-06 18:21:32,616.9,448.127,448.062,450.000,1.938,14.283800,100.840000,51.505200,0.715588,18.000000,97.059439,0.000000,0.000000,0.000000,0.000000,0.000000,0.000000,3.439019,3.439019,3.345359,0.000000,3.371304,4.456682,4.395369,0.00411871,0.00137902,0.00755603,0.399760,0.133847,0.733384,-0.399760,3.039259,3.305172,2.705635,3.374068,3.268321,,,,,,within deadband and CO2 rising; MFC zero
2026-05-06 18:21:38,622.9,447.664,447.910,450.000,2.090,14.289300,100.838000,51.508500,0.715610,18.000000,97.057514,6.535688,3.000000,3.000000,0.000000,0.000000,0.000000,3.439019,3.439019,3.356133,0.000000,3.371304,4.445688,4.401716,0.00125427,0.00092055,0.00071194,0.121736,0.089347,0.069099,-0.121736,3.317283,3.349673,3.369920,3.370734,3.273041,,,,,,below deadband; feedforward + feedback
2026-05-06 18:21:43,627.9,447.539,447.825,450.000,2.175,14.296200,100.839000,51.500200,0.720434,18.000000,97.058477,6.614707,6.000000,6.000000,2.756250,2.756250,2.049500,3.394585,3.394585,3.369347,2.063463,3.380548,4.439257,4.413532,-0.00635605,0.00026970,-0.00517143,-0.616909,0.026176,-0.501931,2.666409,4.011494,3.368409,3.896516,3.399402,3.281827,,,,,,below deadband; feedforward + feedback
2026-05-06 18:21:49,633.9,447.724,447.679,450.000,2.321,14.282000,100.838000,51.505200,0.717734,18.000000,97.057514,6.757198,6.757198,6.757198,5.956250,5.956250,4.428966,3.269932,3.269932,3.380370,4.459114,3.406729,4.436448,4.425210,-0.00391533,-0.00054917,-0.01019766,-0.380012,-0.053301,-0.989760,4.808978,3.649944,3.323233,4.259691,3.343478,3.290510,,,,,,below deadband; feedforward + feedback
2026-05-06 18:21:54,638.9,447.248,447.566,450.000,2.434,14.291700,100.834000,51.503500,0.715423,18.000000,97.053664,6.870479,6.870479,6.870479,6.725000,6.725000,4.995947,3.192398,3.192398,3.388770,5.035698,3.431385,4.436579,4.437104,-0.01613587,-0.00121818,-0.01437422,-1.566045,-0.118229,-1.395070,6.561992,4.758442,3.310626,4.587468,3.367728,3.299354,,,,,,below deadband; feedforward + feedback
2026-05-06 18:22:00,644.9,447.484,447.578,450.000,2.422,14.296400,100.838000,51.510200,0.712275,18.000000,97.057514,6.861095,6.861095,6.861095,6.850000,6.850000,5.098190,3.166527,3.166527,3.395858,5.144301,3.461862,4.439445,4.450908,-0.00725439,-0.00164801,-0.01263950,-0.704093,-0.159952,-1.226758,5.802283,3.870620,3.326479,4.393285,3.354327,3.309619,,,,,,below deadband; feedforward + feedback
2026-05-06 18:22:05,649.9,447.551,447.553,450.000,2.447,14.288300,100.837000,51.501900,0.713396,18.000000,97.056552,6.892042,6.892042,6.892042,6.843750,6.843750,5.102838,3.156768,3.156768,3.401015,5.143600,3.487359,4.444842,4.466432,-0.00661030,-0.00198524,-0.01529580,-0.641573,-0.192681,-1.484558,5.744411,3.798341,3.349448,4.641325,3.362625,3.321162,,,,,,below deadband; feedforward + feedback
2026-05-06 18:22:11,655.9,447.560,447.601,450.000,2.399,14.283300,100.838000,51.501900,0.715625,18.000000,97.057514,6.850664,6.850664,6.850664,6.887500,6.887500,5.116780,3.147731,3.147731,3.401687,5.143994,3.518040,4.451864,4.479953,-0.01477998,-0.00224490,-0.01171993,-1.434508,-0.217885,-1.137507,6.551287,4.582239,3.365616,4.285238,3.375608,3.331216,,,,,,below deadband; feedforward + feedback
2026-05-06 18:22:16,660.9,448.049,447.637,450.000,2.363,14.297800,100.837000,51.503500,0.717259,18.000000,97.056552,6.822411,6.822411,6.822411,6.843750,6.843750,5.093543,3.141870,3.141870,3.397684,5.139740,3.543527,4.459511,4.490100,-0.01171215,-0.00218736,-0.00717964,-1.136741,-0.212297,-0.696831,6.230283,4.278611,3.354167,3.838701,3.388405,3.338761,,,,,,below deadband; feedforward + feedback
2026-05-06 18:22:22,666.9,447.869,447.748,450.000,2.252,14.290200,100.837000,51.510200,0.714325,18.000000,97.056552,6.718190,6.718190,6.718190,6.825000,6.825000,5.070306,3.137791,3.137791,3.388237,5.107613,3.573924,4.466540,4.494655,0.00064408,-0.00174656,-0.00232012,0.062512,-0.169515,-0.225182,5.007793,3.075278,3.307305,3.362973,3.417393,3.342148,,,,,,below deadband; feedforward + feedback
2026-05-06 18:22:27,671.9,447.970,447.806,450.000,2.194,14.292000,100.839000,51.500200,0.714852,18.000000,97.058477,6.665904,6.665904,6.665904,6.706250,6.706250,5.000595,3.136009,3.136009,3.374376,5.040108,3.598955,4.472154,4.494609,-0.00689845,-0.00120407,0.00169843,-0.669553,-0.116865,0.164847,5.670148,3.805562,3.252874,2.971162,3.426813,3.342114,,,,,,below deadband; feedforward + feedback
2026-05-06 18:22:33,677.9,447.897,447.977,450.000,2.023,14.303100,100.835000,51.506800,0.712686,18.000000,97.054627,6.497809,6.497809,6.497809,6.675000,6.675000,4.958768,3.135493,3.135493,3.355337,4.992003,3.628675,4.475009,4.486428,0.00257632,-0.00026839,0.00914162,0.250044,-0.026048,0.887237,4.708724,2.885449,3.161541,2.248256,3.416898,3.336031,,,,,,below deadband; feedforward + feedback
2026-05-06 18:22:38,682.9,448.402,448.059,450.000,1.941,14.297200,100.839000,51.503500,0.714166,18.000000,97.058477,0.000000,3.497809,3.497809,11.006250,11.006250,8.388544,3.085791,3.085791,3.328790,8.443326,3.660474,4.473331,4.466621,0.01037306,0.00076414,0.01313311,1.006793,0.074166,1.274680,7.381751,2.078998,3.011626,1.811111,3.413382,3.321303,,,,,,within deadband and CO2 rising; MFC zero
2026-05-06 18:22:44,688.9,448.813,448.259,450.000,1.741,14.281400,100.838000,51.508500,0.713593,18.000000,97.057514,0.000000,0.497809,0.000000,0.156250,0.156250,0.148717,3.237658,3.237658,3.305058,0.149601,3.672491,4.468015,4.446750,0.02871294,0.00195455,0.01740006,2.786807,0.189704,1.688807,-2.638090,0.450851,3.047954,1.548851,3.348970,3.306527,,,,,,within deadband and CO2 rising; MFC zero
2026-05-06 18:22:49,693.9,448.327,448.283,450.000,1.717,14.294200,100.836000,51.505200,0.712956,18.000000,97.055589,0.000000,0.000000,0.000000,0.000000,0.000000,0.000000,3.418132,3.418132,3.287666,0.000000,3.672491,4.461028,4.433080,0.00884777,0.00250972,0.01657756,0.858725,0.243582,1.608944,-0.858725,2.559406,3.174550,1.809187,3.350023,3.296362,,,,,,within deadband and CO2 rising; MFC zero
2026-05-06 18:22:55,699.9,448.379,448.319,450.000,1.681,14.291400,100.839000,51.500200,0.720581,18.000000,97.058477,0.000000,0.000000,0.000000,0.000000,0.000000,0.000000,3.453762,3.453762,3.277220,0.000000,3.672491,4.453673,4.424253,0.00820369,0.00344592,0.01662543,0.796237,0.334456,1.613639,-0.796237,2.657525,3.119306,1.840122,3.349696,3.289799,,,,,,within deadband and CO2 rising; MFC zero
2026-05-06 18:23:00,704.9,448.580,448.318,450.000,1.682,14.317600,100.836000,51.505200,0.717494,18.000000,97.055589,0.000000,0.000000,0.000000,0.000000,0.000000,0.000000,3.453762,3.453762,3.269837,0.000000,3.672491,4.445973,4.415174,0.02535642,0.00387816,0.01586326,2.460982,0.376397,1.539618,-2.460982,0.992779,3.077365,1.914144,3.289323,3.283048,,,,,,within deadband and CO2 rising; MFC zero
2026-05-06 18:23:06,710.9,448.109,448.228,450.000,1.772,14.293800,100.835000,51.506800,0.717217,18.000000,97.054627,0.000000,0.000000,0.000000,0.000000,0.000000,0.000000,3.453762,3.453762,3.267178,0.000000,3.672491,4.438543,4.408823,-0.00503400,0.00370563,0.00908875,-0.488573,0.359649,0.882105,0.488573,3.942334,3.094113,2.571656,3.291898,3.278325,,,,,,within deadband and CO2 rising; MFC zero
2026-05-06 18:23:12,716.9,447.968,448.072,450.000,1.928,14.295000,100.839000,51.500200,0.717744,18.000000,97.058477,0.000000,0.000000,0.000000,0.000000,0.000000,0.000000,3.453762,3.453762,3.268583,0.000000,3.672491,4.431997,4.405812,0.00388143,0.00302170,0.00181383,0.376726,0.293282,0.176048,-0.376726,3.077036,3.160480,3.277714,3.251179,3.276086,,,,,,within deadband and CO2 rising; MFC zero
2026-05-06 18:23:17,721.9,447.918,447.906,450.000,2.094,14.287000,100.836000,51.505200,0.718226,18.000000,97.055589,6.520550,3.000000,3.000000,0.000000,0.000000,0.000000,3.426497,3.426497,3.273898,0.000000,3.672491,4.426700,4.405514,-0.00283057,0.00241182,-0.00320408,-0.274722,0.234080,-0.310974,0.274722,3.701219,3.192417,3.737471,3.221399,3.275865,,,,,,below deadband; feedforward + feedback
2026-05-06 18:23:23,727.9,447.739,447.672,450.000,2.328,14.292000,100.835000,51.510200,0.715294,18.000000,97.054627,6.750670,6.000000,6.000000,2.856250,2.856250,2.119211,3.307446,3.307446,3.277827,2.131385,3.683756,4.422220,4.404297,-0.00159325,0.00123124,-0.01180499,-0.154632,0.119498,-1.145729,2.273844,3.462079,3.187949,4.453175,3.181561,3.274960,,,,,,below deadband; feedforward + feedback
2026-05-06 18:23:28,732.9,447.255,447.539,450.000,2.461,14.285500,100.837000,51.511800,0.714855,18.000000,97.056552,6.878903,6.878903,6.878903,5.931250,5.931250,4.415023,3.182018,3.182018,3.278523,4.453031,3.705514,4.417703,4.399638,-0.01155961,0.00040989,-0.01795476,-1.121936,0.039783,-1.742627,5.536959,4.303954,3.142236,4.924645,3.216304,3.271495,,,,,,below deadband; feedforward + feedback
2026-05-06 18:23:34,738.9,447.704,447.492,450.000,2.508,14.284800,100.837000,51.505200,0.720281,18.000000,97.056552,6.920255,6.920255,6.920255,6.856250,6.856250,5.102838,3.079414,3.079414,3.275894,5.137348,3.735630,4.412305,4.390713,-0.00683063,-0.00055064,-0.01994669,-0.662958,-0.053443,-1.935957,5.765795,3.742372,3.132857,5.015371,3.180227,3.264859,,,,,,below deadband; feedforward + feedback
2026-05-06 18:23:39,743.9,447.202,447.367,450.000,2.633,14.297700,100.837000,51.511800,0.712608,18.000000,97.056552,7.039496,7.039496,7.039496,6.900000,6.900000,5.140017,3.053208,3.053208,3.272060,5.174979,3.761281,4.406296,4.382256,-0.02191593,-0.00158131,-0.02313213,-2.127084,-0.153477,-2.245125,7.267101,5.180293,3.206685,5.298333,3.201019,3.258571,,,,,,below deadband; feedforward + feedback
2026-05-06 18:23:45,749.9,447.550,447.366,450.000,2.634,14.282900,100.838000,51.505200,0.712792,18.000000,97.057514,7.033321,7.033321,7.033321,7.012500,7.012500,5.214375,3.040841,3.040841,3.267357,5.249740,3.792521,4.399771,4.373671,-0.00494923,-0.00214739,-0.02009583,-0.480360,-0.208420,-1.950451,5.694735,3.521201,3.249261,4.991292,3.181462,3.252187,,,,,,below deadband; feedforward + feedback
2026-05-06 18:23:50,754.9,447.181,447.407,450.000,2.593,14.317400,100.837000,51.508500,0.713660,18.000000,97.056552,6.986061,6.986061,6.986061,7.006250,7.006250,5.219022,3.032940,3.032940,3.261939,5.248083,3.818640,4.393161,4.366724,-0.02215312,-0.00247178,-0.01820585,-2.150105,-0.239903,-1.766997,7.369127,5.183045,3.272843,4.799937,3.216173,3.247021,,,,,,below deadband; feedforward + feedback
2026-05-06 18:23:56,760.9,447.681,447.466,450.000,2.534,14.286800,100.836000,51.511800,0.714866,18.000000,97.055589,6.920410,6.920410,6.920410,6.987500,6.987500,5.186491,3.028396,3.028396,3.255924,5.223592,3.849797,4.386560,4.360154,-0.01016972,-0.00262960,-0.01149690,-0.987028,-0.255217,-1.115838,6.173519,4.015425,3.283613,4.144234,3.230197,3.242136,,,,,,below deadband; feedforward + feedback
2026-05-06 18:24:01,765.9,447.771,447.590,450.000,2.410,14.288700,100.840000,51.511800,0.717134,18.000000,97.059439,6.790200,6.790200,6.790200,6.906250,6.906250,5.153959,3.027286,3.027286,3.249419,5.185780,3.875562,4.380250,4.355010,-0.01220365,-0.00227194,-0.00467548,-1.184479,-0.220514,-0.453800,6.338438,4.211765,3.247800,3.481086,3.313124,3.238311,,,,,,below deadband; feedforward + feedback
2026-05-06 18:24:07,771.9,447.836,447.679,450.000,2.321,14.290400,100.839000,51.501900,0.712150,18.000000,97.058477,6.695422,6.695422,6.695422,6.787500,6.787500,5.037774,2.953547,2.953547,3.240949,5.075964,3.905836,4.374022,4.349112,-0.00591538,-0.00212243,0.00182201,-0.574137,-0.206000,0.176841,5.611911,3.527685,3.159547,2.776706,3.338603,3.233926,,,,,,below deadband; feedforward + feedback
2026-05-06 18:24:12,776.9,447.894,447.748,450.000,2.252,14.288500,100.840000,51.508500,0.717068,18.000000,97.059439,6.620594,6.620594,6.620594,6.693750,6.693750,4.972711,2.988997,2.988997,3.233052,5.013599,3.930748,4.368194,4.344880,0.00620352,-0.00157092,0.00675933,0.602110,-0.152473,0.656057,4.370601,2.386887,3.141469,2.332940,3.361164,3.230778,,,,,,below deadband; feedforward + feedback
2026-05-06 18:24:18,782.9,447.824,447.912,450.000,2.088,14.288600,100.838000,51.506800,0.713157,18.000000,97.057514,6.449751,6.449751,6.449751,8.881250,8.881250,6.636477,3.027286,3.027286,3.222415,6.687342,3.970238,4.362001,4.337228,0.00574590,-0.00079673,0.01249953,0.557683,-0.077329,1.213173,6.078795,2.469603,3.104615,1.814113,3.375801,3.225088,,,,,,below deadband; feedforward + feedback
2026-05-06 18:24:23,787.9,448.087,448.081,450.000,1.919,14.286200,100.839000,51.508500,0.715503,18.000000,97.058477,1.306635,3.449751,3.449751,6.375000,6.375000,4.726399,3.135364,3.135364,3.213213,4.755224,3.988360,4.355449,4.329240,0.01420392,-0.00005303,0.01794010,1.378611,-0.005147,1.741239,3.347788,1.756753,3.140510,1.394125,3.374575,3.219149,,,,,,within lower deadband; partial feedforward
2026-05-06 18:24:29,793.9,448.332,448.188,450.000,1.812,14.294400,100.840000,51.503500,0.713903,18.000000,97.059439,0.000000,0.449751,0.000000,3.393750,3.393750,2.565361,3.357561,3.357561,3.210745,2.584729,4.004155,4.350101,4.328712,0.01459380,0.00062163,0.01871067,1.416466,0.060335,1.816047,1.148895,1.941094,3.297225,1.541514,3.340449,3.218756,,,,,,within deadband and CO2 rising; MFC zero
2026-05-06 18:24:34,798.9,448.645,448.250,450.000,1.750,14.299600,100.837000,51.506800,0.715481,18.000000,97.056552,0.000000,0.000000,0.000000,0.000000,0.000000,0.000000,3.444028,3.444028,3.210896,0.000000,4.004155,4.346078,4.329982,0.02018665,0.00110961,0.02032138,1.959247,0.107695,1.972323,-1.959247,1.484781,3.336333,1.471705,3.293344,3.219701,,,,,,within deadband and CO2 rising; MFC zero
2026-05-06 18:24:40,804.9,447.836,448.269,450.000,1.731,14.289200,100.839000,51.503500,0.716988,18.000000,97.058477,0.000000,0.000000,0.000000,0.000000,0.000000,0.000000,3.515624,3.515624,3.213218,0.000000,4.004155,4.343146,4.331419,0.00735611,0.00134669,0.01679021,0.713973,0.130708,1.629633,-0.713973,2.801651,3.384916,1.885991,3.277719,3.220769,,,,,,within deadband and CO2 rising; MFC zero
2026-05-06 18:24:45,809.9,447.744,448.166,450.000,1.834,14.294100,100.839000,51.501800,0.716675,18.000000,97.058477,0.000000,0.000000,0.000000,0.000000,0.000000,0.000000,3.515624,3.515624,3.216886,0.000000,4.004155,4.341116,4.332999,0.00667810,0.00111713,0.01281725,0.648166,0.108427,1.244023,-0.648166,2.867457,3.407196,2.271601,3.243051,3.221944,,,,,,within deadband and CO2 rising; MFC zero
2026-05-06 18:24:51,815.9,447.672,448.107,450.000,1.893,14.292000,100.836000,51.505200,0.714980,18.000000,97.055589,0.000000,0.000000,0.000000,0.000000,0.000000,0.000000,3.486655,3.486655,3.223453,0.000000,4.004155,4.340079,4.335927,0.00083053,0.00094362,0.00840229,0.080607,0.091584,0.815490,-0.080607,3.406048,3.395071,2.671165,3.235660,3.224121,,,,,,within deadband and CO2 rising; MFC zero
2026-05-06 18:24:56,820.9,447.566,447.978,450.000,2.022,14.294100,100.837000,51.516800,0.711682,18.000000,97.056552,6.361139,3.000000,3.000000,0.000000,0.000000,0.000000,3.392442,3.392442,3.229515,0.000000,4.004155,4.339439,4.336880,-0.00594928,0.00060196,0.00213118,-0.577416,0.058424,0.206845,0.577416,3.969858,3.334018,3.185597,3.211764,3.224830,,,,,,below deadband; feedforward + feedback
2026-05-06 18:25:02,826.9,447.579,447.757,450.000,2.243,14.285600,100.837000,51.506800,0.715223,18.000000,97.056552,6.581020,6.000000,6.000000,2.856250,2.856250,2.123859,3.237400,3.237400,3.231663,2.138632,4.015415,4.338470,4.334593,-0.00386448,-0.00033968,-0.00700153,-0.375073,-0.032968,-0.679544,2.498931,3.612473,3.270368,3.916944,3.203941,3.223129,,,,,,below deadband; feedforward + feedback
2026-05-06 18:25:07,831.9,447.179,447.605,450.000,2.395,14.283900,100.841000,51.506800,0.717889,18.000000,97.060402,6.731797,6.731797,6.731797,5.950000,5.950000,4.424318,3.106601,3.106601,3.230142,4.457956,4.037236,4.336447,4.328357,-0.01077987,-0.00092525,-0.01320095,-1.046299,-0.089806,-1.281290,5.470617,4.152900,3.196407,4.387891,3.214685,3.218492,,,,,,below deadband; feedforward + feedback
2026-05-06 18:25:13,837.9,447.547,447.520,450.000,2.480,14.289100,100.839000,51.506800,0.716002,18.000000,97.058477,6.813641,6.813641,6.813641,6.700000,6.700000,4.991300,3.013654,3.013654,3.226079,5.017513,4.066739,4.333241,4.320418,-0.01508530,-0.00161922,-0.01798566,-1.464157,-0.157159,-1.745661,6.455457,4.477810,3.170813,4.759314,3.211521,3.212589,,,,,,below deadband; feedforward + feedback
2026-05-06 18:25:19,843.9,447.246,447.467,450.000,2.533,14.288500,100.836000,51.510200,0.718347,18.000000,97.055589,6.862559,6.862559,6.862559,6.812500,6.812500,5.051716,2.994522,2.994522,3.221614,5.093160,4.096991,4.329359,4.313828,-0.02044134,-0.00203936,-0.01955188,-1.983946,-0.197931,-1.897620,7.035663,4.978468,3.192453,4.892142,3.232729,3.207688,,,,,,below deadband; feedforward + feedback
2026-05-06 18:25:24,848.9,447.721,447.528,450.000,2.472,14.287800,100.838000,51.510200,0.715007,18.000000,97.057514,6.797802,6.797802,6.797802,6.862500,6.862500,5.098190,2.991140,2.991140,3.217170,5.132981,4.122434,4.325452,4.309826,-0.00666117,-0.00224579,-0.01606876,-0.646517,-0.217971,-1.559594,5.744707,3.637657,3.209110,4.550734,3.249770,3.204713,,,,,,below deadband; feedforward + feedback
2026-05-06 18:25:30,854.9,447.357,447.610,450.000,2.390,14.284600,100.839000,51.506900,0.716610,18.000000,97.058477,6.711652,6.711652,6.711652,6.781250,6.781250,5.042421,2.990313,2.990313,3.212755,5.073384,4.152725,4.321902,4.307700,-0.02110213,-0.00216762,-0.01289574,-2.048140,-0.210386,-1.251641,7.090562,5.038454,3.200700,4.241955,3.287131,3.203132,,,,,,below deadband; feedforward + feedback
2026-05-06 18:25:35,859.9,447.805,447.656,450.000,2.344,14.286900,100.840000,51.508500,0.717387,18.000000,97.059439,6.662888,6.662888,6.662888,6.712500,6.712500,4.972711,2.991733,2.991733,3.208399,5.006661,4.177694,4.319138,4.308086,-0.00705097,-0.00184727,-0.00825382,-0.684363,-0.179295,-0.801111,5.657074,3.676096,3.171028,3.792845,3.311090,3.203419,,,,,,below deadband; feedforward + feedback
2026-05-06 18:25:41,865.9,447.847,447.648,450.000,2.352,14.291900,100.838000,51.506800,0.719007,18.000000,97.057514,6.670322,6.670322,6.670322,6.656250,6.656250,4.963416,2.994186,2.994186,3.205623,5.006555,4.207406,4.318022,4.313555,0.00011865,-0.00156230,-0.00381658,0.011516,-0.151633,-0.370428,4.951900,2.982671,3.145819,3.364614,3.338474,3.207486,,,,,,below deadband; feedforward + feedback
2026-05-06 18:25:46,870.9,448.107,447.752,450.000,2.248,14.279800,100.841000,51.510200,0.714196,18.000000,97.060402,6.565229,6.565229,6.565229,6.668750,6.668750,4.958768,2.996484,2.996484,3.198315,4.997653,4.232207,4.317379,4.314810,-0.00505097,-0.00084752,0.00165567,-0.490249,-0.082260,0.160700,5.449018,3.486734,3.078744,2.835784,3.430470,3.208419,,,,,,below deadband; feedforward + feedback
2026-05-06 18:25:52,876.9,448.497,447.898,450.000,2.102,14.287000,100.837000,51.508500,0.714220,18.000000,97.056552,6.417843,6.417843,6.417843,0.000000,0.000000,0.000000,3.001338,3.001338,3.185685,0.000000,4.259758,4.315343,4.307199,0.01784789,0.00013948,0.01000748,1.732255,0.013538,0.971292,-1.732255,1.269083,2.987800,2.030046,3.391369,3.202760,,,,,,below deadband; feedforward + feedback
2026-05-06 18:25:57,881.9,448.284,447.963,450.000,2.037,14.282200,100.839000,51.505200,0.716400,18.000000,97.058477,6.350469,6.350469,6.350469,6.387500,6.387500,4.749636,3.158213,3.158213,3.176729,4.779376,4.283205,4.313369,4.305473,0.01344090,0.00083726,0.01250209,1.304553,0.081263,1.213434,3.445082,1.853660,3.076951,1.944779,3.367010,3.201476,,,,,,below deadband; feedforward + feedback
2026-05-06 18:26:03,887.9,448.364,448.095,450.000,1.905,14.283900,100.839000,51.508500,0.714140,18.000000,97.058477,0.000000,3.350469,3.350469,6.331250,6.331250,4.698514,3.287566,3.287566,3.171692,4.735522,4.311485,4.312067,4.306860,0.01779699,0.00181502,0.01369055,1.727349,0.176163,1.328784,2.971165,1.560217,3.111402,1.958782,3.384205,3.202508,,,,,,within deadband and CO2 rising; MFC zero
2026-05-06 18:26:08,892.9,448.561,448.203,450.000,1.797,14.279000,100.836000,51.503500,0.714053,18.000000,97.055589,0.000000,0.350469,0.000000,3.281250,3.281250,2.495650,3.419010,3.419010,3.170639,2.517183,4.324464,4.311665,4.310055,0.01061056,0.00253988,0.01588364,1.029814,0.246509,1.541596,1.465836,2.389195,3.172500,1.877414,3.337140,3.204883,,,,,,within deadband and CO2 rising; MFC zero
2026-05-06 18:26:14,898.9,448.503,448.241,450.000,1.759,14.284500,100.836000,51.503500,0.715259,18.000000,97.055589,0.000000,0.000000,0.000000,0.000000,0.000000,0.000000,3.565764,3.565764,3.174033,0.000000,4.324464,4.312388,4.315281,0.01657670,0.00285445,0.01560634,1.608861,0.277041,1.514682,-1.608861,1.956903,3.288723,2.051082,3.303197,3.208769,,,,,,within deadband and CO2 rising; MFC zero
2026-05-06 18:26:19,903.9,448.040,448.265,450.000,1.735,14.282100,100.838000,51.505200,0.718315,18.000000,97.057514,0.000000,0.000000,0.000000,0.000000,0.000000,0.000000,3.621920,3.621920,3.179955,0.000000,4.324464,4.314105,4.320972,0.00252548,0.00298654,0.01296362,0.245117,0.289867,1.258217,-0.245117,3.376803,3.332053,2.363703,3.293366,3.213000,,,,,,within deadband and CO2 rising; MFC zero
2026-05-06 18:26:25,909.9,448.281,448.213,450.000,1.787,14.289400,100.838000,51.510200,0.717090,18.000000,97.057514,0.000000,0.000000,0.000000,0.000000,0.000000,0.000000,3.621920,3.621920,3.189485,0.000000,4.324464,4.316733,4.327245,0.00591536,0.00288515,0.01066911,0.574130,0.280026,1.035517,-0.574130,3.047790,3.341894,2.586403,3.280812,3.217666,,,,,,within deadband and CO2 rising; MFC zero
2026-05-06 18:26:30,914.9,448.221,448.142,450.000,1.858,14.285400,100.837000,51.505200,0.718726,18.000000,97.056552,0.000000,0.000000,0.000000,0.000000,0.000000,0.000000,3.593493,3.593493,3.201954,0.000000,4.324464,4.320491,4.335521,0.01323756,0.00255703,0.00850463,1.284792,0.248176,0.825430,-1.284792,2.308701,3.345317,2.768063,3.220349,3.223819,,,,,,within deadband and CO2 rising; MFC zero
2026-05-06 18:26:36,920.9,447.282,447.960,450.000,2.040,14.284100,100.838000,51.508500,0.714465,18.000000,97.057514,6.365158,3.000000,3.000000,0.000000,0.000000,0.000000,3.487610,3.487610,3.214323,0.000000,4.324464,4.324958,4.342827,-0.00784764,0.00180805,0.00041904,-0.761673,0.175485,0.040671,0.761673,4.249283,3.312126,3.446939,3.235710,3.229252,,,,,,below deadband; feedforward + feedback
2026-05-06 18:26:41,925.9,447.529,447.827,450.000,2.173,14.283400,100.837000,51.511800,0.718946,18.000000,97.056552,6.502278,6.000000,6.000000,0.337500,0.337500,0.232370,3.355908,3.355908,3.223496,0.234090,4.325635,4.329078,4.345560,-0.00698318,0.00084655,-0.00801499,-0.677763,0.082163,-0.777908,0.910133,4.033672,3.273745,4.133816,3.200964,3.231284,,,,,,below deadband; feedforward + feedback
2026-05-06 18:26:47,931.9,447.525,447.636,450.000,2.364,14.284500,100.838000,51.508500,0.714927,18.000000,97.057514,6.695637,6.695637,6.695637,5.925000,5.925000,4.410376,3.186976,3.186976,3.227924,4.443669,4.347615,4.331837,4.342873,-0.01113581,0.00003757,-0.01283159,-1.080814,0.003646,-1.245403,5.491190,4.267790,3.183329,4.432378,3.223588,3.229286,,,,,,below deadband; feedforward + feedback
2026-05-06 18:26:52,936.9,447.171,447.460,450.000,2.540,14.282300,100.839000,51.506800,0.716869,18.000000,97.058477,6.873118,6.873118,6.873118,6.643750,6.643750,4.940179,3.050084,3.050084,3.228444,4.981416,4.372049,4.332868,4.336991,-0.01186468,-0.00080795,-0.01705675,-1.151568,-0.078418,-1.655502,6.091747,4.201652,3.128502,4.705586,3.193849,3.224912,,,,,,below deadband; feedforward + feedback
2026-05-06 18:26:58,942.9,447.305,447.395,450.000,2.605,14.288200,100.840000,51.508500,0.716437,18.000000,97.059439,6.938233,6.938233,6.938233,6.850000,6.850000,5.102838,3.023465,3.023465,3.228294,5.143408,4.402506,4.332933,4.333193,-0.01318670,-0.00172019,-0.02114211,-1.279894,-0.166960,-2.052041,6.382732,4.303359,3.190425,5.075506,3.202574,3.222088,,,,,,below deadband; feedforward + feedback
2026-05-06 18:27:04,948.9,447.089,447.397,450.000,2.603,14.287200,100.839000,51.506800,0.714540,18.000000,97.058477,6.935333,6.935333,6.935333,6.925000,6.925000,5.140017,3.015461,3.015461,3.227936,5.170182,4.433326,4.332783,4.332184,-0.02322076,-0.00213867,-0.01999338,-2.253771,-0.207576,-1.940527,7.393788,5.269232,3.223037,4.955988,3.234619,3.221338,,,,,,below deadband; feedforward + feedback
2026-05-06 18:27:09,953.9,448.209,447.440,450.000,2.560,14.284700,100.837000,51.513500,0.714732,18.000000,97.056552,6.893433,6.893433,6.893433,6.918750,6.918750,5.144664,3.013705,3.013705,3.229759,5.178720,4.459102,4.333433,4.336034,0.00440688,-0.00247611,-0.01622575,0.427717,-0.240323,-1.574815,4.716947,2.585989,3.254028,4.588520,3.206083,3.224201,,,,,,below deadband; feedforward + feedback
2026-05-06 18:27:15,959.9,447.818,447.478,450.000,2.522,14.292100,100.836000,51.503500,0.717164,18.000000,97.055589,6.857146,6.857146,6.857146,6.893750,6.893750,5.121427,3.015667,3.015667,3.230567,5.163983,4.489839,4.335046,4.341495,-0.00688151,-0.00267674,-0.01319937,-0.667889,-0.259793,-1.281072,5.789316,3.683557,3.275460,4.296740,3.245376,3.228261,,,,,,below deadband; feedforward + feedback
2026-05-06 18:27:20,964.9,447.917,447.558,450.000,2.442,14.282000,100.836000,51.513500,0.716698,18.000000,97.055589,6.779212,6.779212,6.779212,6.862500,6.862500,5.093543,3.019618,3.019618,3.230335,5.130918,4.515335,4.337512,4.347376,0.00588146,-0.00236269,-0.00688002,0.570829,-0.229313,-0.667745,4.522714,2.448789,3.248930,3.687363,3.244745,3.232634,,,,,,below deadband; feedforward + feedback
2026-05-06 18:27:26,970.9,448.022,447.648,450.000,2.352,14.281900,100.835000,51.500200,0.715204,18.000000,97.054627,6.691879,6.691879,6.691879,0.450000,0.450000,0.427560,3.004436,3.004436,3.226367,0.430174,4.553162,4.339829,4.349098,0.00183053,-0.00183748,-0.00041628,0.177662,-0.178335,-0.040402,0.249898,2.826775,3.182772,3.044838,3.277170,3.233915,,,,,,below deadband; feedforward + feedback
2026-05-06 18:27:31,975.9,447.672,447.718,450.000,2.282,14.272300,100.838000,51.505200,0.715457,18.000000,97.057514,6.622240,6.622240,6.622240,6.662500,6.662500,4.949474,3.007922,3.007922,3.215772,4.973987,4.572920,4.340440,4.342884,-0.00469500,-0.00140972,0.00545902,-0.455685,-0.136824,0.529839,5.405159,3.463607,3.144746,2.478083,3.323306,3.229294,,,,,,below deadband; feedforward + feedback
2026-05-06 18:27:36,980.9,448.013,447.814,450.000,2.186,14.279500,100.839000,51.510200,0.716578,18.000000,97.058477,6.526137,6.526137,6.526137,6.600000,6.600000,4.916942,3.094802,3.094802,3.205190,4.960363,4.597519,4.339687,4.336675,0.00544078,-0.00091876,0.00848982,0.528074,-0.089174,0.824009,4.388868,2.566728,3.183976,2.270793,3.356093,3.224678,,,,,,below deadband; feedforward + feedback
2026-05-06 18:27:42,986.9,447.958,447.826,450.000,2.174,14.282000,100.838000,51.503500,0.716426,18.000000,97.057514,6.512267,6.512267,6.512267,6.506250,6.506250,4.842584,3.190177,3.190177,3.195328,4.881355,4.626631,4.337767,4.330084,0.00720357,-0.00034007,0.01114064,0.699160,-0.033006,1.081283,4.143423,2.491017,3.223183,2.108894,3.346680,3.219777,,,,,,below deadband; feedforward + feedback
2026-05-06 18:27:48,992.9,448.254,447.941,450.000,2.059,14.277400,100.839000,51.503500,0.715697,18.000000,97.058477,6.394604,6.394604,6.394604,6.512500,6.512500,4.833289,3.353507,3.353507,3.190415,4.866718,4.655618,4.335554,4.326701,0.01916996,0.00030218,0.01349110,1.860607,0.029330,1.309425,2.972682,1.492900,3.324178,2.044082,3.305026,3.217261,,,,,,below deadband; feedforward + feedback
2026-05-06 18:27:53,997.9,448.202,448.027,450.000,1.973,14.282900,100.840000,51.505200,0.716523,18.000000,97.059439,0.000000,3.394604,3.394604,6.381250,6.381250,4.744988,3.488101,3.488101,3.190459,4.779678,4.679440,4.333983,4.327699,0.01788173,0.00070614,0.01396810,1.735591,0.068538,1.355736,3.009398,1.752510,3.419563,2.132365,3.254919,3.218003,,,,,,within deadband and CO2 rising; MFC zero
2026-05-06 18:27:59,1003.9,448.316,448.143,450.000,1.857,14.288500,100.836000,51.505200,0.717524,18.000000,97.055589,0.000000,0.394604,0.000000,3.375000,3.375000,2.514240,3.649004,3.649004,3.198233,2.530279,4.695094,4.334489,4.336516,0.01237313,0.00101641,0.01447040,1.200881,0.098648,1.404433,1.313359,2.448123,3.550356,2.244571,3.208806,3.224559,,,,,,within deadband and CO2 rising; MFC zero
2026-05-06 18:28:04,1008.9,448.326,448.169,450.000,1.831,14.273800,100.838000,51.506800,0.718089,18.000000,97.057514,0.000000,0.000000,0.000000,0.000000,0.000000,0.000000,3.770740,3.770740,3.214395,0.000000,4.695094,4.338176,4.352922,0.02201754,0.00100741,0.01452294,2.136968,0.097777,1.409561,-2.136968,1.633772,3.672963,2.361179,3.148845,3.236759,,,,,,within deadband and CO2 rising; MFC zero
2026-05-06 18:28:10,1014.9,448.065,448.172,450.000,1.828,14.283600,100.840000,51.505200,0.711864,18.000000,97.059439,0.000000,0.000000,0.000000,0.000000,0.000000,0.000000,3.802394,3.802394,3.235480,0.000000,4.695094,4.345309,4.373840,0.01845801,0.00095517,0.01326845,1.791524,0.092708,1.287828,-1.791524,2.010870,3.709685,2.514566,3.083935,3.252312,,,,,,within deadband and CO2 rising; MFC zero
2026-05-06 18:28:15,1019.9,448.467,448.198,450.000,1.802,14.282600,100.836000,51.510200,0.716785,18.000000,97.055589,0.000000,0.000000,0.000000,0.000000,0.000000,0.000000,3.707019,3.707019,3.256491,0.000000,4.695094,4.354608,4.391807,0.01503423,0.00098224,0.00981066,1.459156,0.095332,0.952179,-1.459156,2.247863,3.611687,2.754840,3.016361,3.265672,,,,,,within deadband and CO2 rising; MFC zero
2026-05-06 18:28:21,1025.9,447.665,448.137,450.000,1.863,14.284200,100.835000,51.510200,0.717430,18.000000,97.054627,0.000000,0.000000,0.000000,0.000000,0.000000,0.000000,3.549240,3.549240,3.273301,0.000000,4.695094,4.364247,4.402800,-0.00528821,0.00089673,0.00766980,-0.513246,0.087032,0.744390,0.513246,4.062486,3.462208,2.804850,2.988604,3.273847,,,,,,within deadband and CO2 rising; MFC zero
2026-05-06 18:28:26,1030.9,447.864,448.081,450.000,1.919,14.280400,100.839000,51.506800,0.717485,18.000000,97.058477,0.000000,0.000000,0.000000,0.000000,0.000000,0.000000,3.409921,3.409921,3.285991,0.000000,4.695094,4.373082,4.408425,0.00262716,0.00064685,0.00357415,0.254988,0.062782,0.346901,-0.254988,3.154933,3.347139,3.063020,2.973976,3.278029,,,,,,within deadband and CO2 rising; MFC zero
2026-05-06 18:28:32,1036.9,447.825,447.960,450.000,2.040,14.284200,100.838000,51.508500,0.719581,18.000000,97.057514,6.420469,3.000000,3.000000,0.000000,0.000000,0.000000,3.241092,3.241092,3.293590,0.000000,4.695094,4.380269,4.409014,0.00644081,0.00026726,-0.00112206,0.625129,0.025939,-0.108904,-0.625129,2.615963,3.215152,3.349996,2.900567,3.278467,,,,,,below deadband; feedforward + feedback
2026-05-06 18:28:37,1041.9,447.459,447.775,450.000,2.225,14.290200,100.838000,51.503500,0.716853,18.000000,97.057514,6.610286,6.000000,6.000000,2.712500,2.712500,2.021616,3.100147,3.100147,3.296875,2.034879,4.706058,4.385586,4.406854,-0.00603411,-0.00018412,-0.00654930,-0.585656,-0.017871,-0.635658,2.607272,3.685803,3.118017,3.735805,2.900861,3.276861,,,,,,below deadband; feedforward + feedback
2026-05-06 18:28:43,1047.9,447.617,447.587,450.000,2.413,14.286800,100.835000,51.511800,0.715318,18.000000,97.054627,6.801597,6.801597,6.801597,5.943750,5.943750,4.410376,2.954244,2.954244,3.295665,4.437334,4.732034,4.389047,4.402894,-0.01169538,-0.00097275,-0.01436383,-1.135091,-0.094410,-1.394076,5.545467,4.089336,3.048654,4.348320,2.934397,3.273917,,,,,,below deadband; feedforward + feedback
2026-05-06 18:28:48,1052.9,447.407,447.490,450.000,2.510,14.284400,100.834000,51.510100,0.717153,18.000000,97.053664,6.901015,6.901015,6.901015,6.768750,6.768750,5.028479,2.878182,2.878182,3.292080,5.070226,4.756847,4.391115,4.399388,-0.01516978,-0.00118009,-0.01750391,-1.472283,-0.114532,-1.698818,6.500762,4.350465,2.992714,4.577000,2.960570,3.271310,,,,,,below deadband; feedforward + feedback
2026-05-06 18:28:54,1058.9,447.479,447.440,450.000,2.560,14.292700,100.836000,51.506800,0.719619,18.000000,97.055589,6.953164,6.953164,6.953164,6.887500,6.887500,5.112132,2.861348,2.861348,3.287838,5.139677,4.787425,4.392714,4.399107,-0.00979681,-0.00123180,-0.01735290,-0.950835,-0.119553,-1.684196,6.062968,3.812184,2.980901,4.545544,3.037634,3.271101,,,,,,below deadband; feedforward + feedback
2026-05-06 18:29:00,1064.9,447.499,447.431,450.000,2.569,14.276500,100.837000,51.506800,0.715634,18.000000,97.056552,6.962582,6.962582,6.962582,15.037500,15.037500,11.692841,2.821329,2.821329,3.277629,11.784751,4.824949,4.393082,4.394556,-0.01201719,-0.00148323,-0.01693289,-1.166347,-0.143957,-1.643448,12.859188,3.987676,2.965286,4.464777,3.102301,3.267717,,,,,,below deadband; feedforward + feedback
2026-05-06 18:29:05,1069.9,447.436,447.480,450.000,2.520,14.280200,100.836000,51.506800,0.716309,18.000000,97.055589,6.912154,6.912154,6.912154,1.262500,1.262500,1.045663,2.885489,2.885489,3.265445,1.052502,4.845838,4.392504,4.390194,-0.00945778,-0.00122467,-0.01532173,-0.917931,-0.118861,-1.487060,1.963594,3.803419,3.004350,4.372549,3.170277,3.264473,,,,,,below deadband; feedforward + feedback
2026-05-06 18:29:10,1074.9,447.257,447.470,450.000,2.530,14.287500,100.839000,51.503500,0.714374,18.000000,97.058477,6.920629,6.920629,6.920629,6.875000,6.875000,5.116780,2.933667,2.933667,3.250738,5.158816,4.871248,4.390979,4.384879,-0.01598339,-0.00111702,-0.01421848,-1.551323,-0.108416,-1.380024,6.668103,4.484990,3.042083,4.313691,3.233786,3.260521,,,,,,below deadband; feedforward + feedback
2026-05-06 18:29:16,1080.9,447.595,447.450,450.000,2.550,14.284500,100.839000,51.506800,0.714256,18.000000,97.058477,6.937519,6.937519,6.937519,6.893750,6.893750,5.130722,2.954193,2.954193,3.232205,5.169641,4.902011,4.387669,4.374428,-0.00781375,-0.00080446,-0.00830947,-0.758391,-0.078080,-0.806505,5.889113,3.712584,3.032273,3.760698,3.286988,3.252750,,,,,,below deadband; feedforward + feedback
2026-05-06 18:29:22,1086.9,447.910,447.556,450.000,2.444,14.285700,100.835000,51.501800,0.717868,18.000000,97.054627,6.827728,6.827728,6.827728,6.912500,6.912500,5.158606,3.096687,3.096687,3.216289,5.201607,4.932881,4.383378,4.366213,-0.00189833,-0.00034818,-0.00167935,-0.184242,-0.033793,-0.162988,5.342848,3.280929,3.130480,3.259675,3.284083,3.246641,,,,,,below deadband; feedforward + feedback
2026-05-06 18:29:27,1091.9,447.619,447.629,450.000,2.371,14.285900,100.837000,51.505200,0.718804,18.000000,97.056552,6.750309,6.750309,6.750309,6.825000,6.825000,5.061011,3.239285,3.239285,3.204694,5.093175,4.958311,4.379059,4.361783,-0.00559343,0.00006278,0.00247088,-0.542879,0.006093,0.239815,5.603890,3.782164,3.233191,2.999470,3.306337,3.243347,,,,,,below deadband; feedforward + feedback
2026-05-06 18:29:33,1097.9,447.820,447.749,450.000,2.251,14.292200,100.839000,51.503500,0.716751,18.000000,97.058477,6.626796,6.626796,6.626796,6.750000,6.750000,5.014537,3.410696,3.410696,3.199155,5.048267,4.988409,4.375896,4.363247,0.00508491,0.00030350,0.00715958,0.493534,0.029457,0.694898,4.521003,2.917162,3.381239,2.715798,3.324775,3.244436,,,,,,below deadband; feedforward + feedback
2026-05-06 18:29:38,1102.9,448.149,447.838,450.000,2.162,14.280400,100.838000,51.513500,0.717112,18.000000,97.057514,6.537224,6.537224,6.537224,6.625000,6.625000,4.930884,3.551512,3.551512,3.201091,4.970593,5.013114,4.374974,4.371286,0.01806823,0.00043404,0.01041084,1.753658,0.042127,1.010450,3.177226,1.797854,3.509385,2.541062,3.250489,3.250413,,,,,,below deadband; feedforward + feedback
2026-05-06 18:29:44,1108.9,448.454,447.985,450.000,2.015,14.308200,100.838000,51.506800,0.719310,18.000000,97.057514,6.392173,6.392173,6.392173,6.525000,6.525000,4.865820,3.718379,3.718379,3.212075,4.901955,5.042294,4.377173,4.385970,0.01893266,0.00086877,0.01419364,1.837557,0.084321,1.377599,3.028263,1.880822,3.634058,2.340780,3.185252,3.261332,,,,,,below deadband; feedforward + feedback
2026-05-06 18:29:49,1113.9,448.052,448.112,450.000,1.888,14.283100,100.838000,51.505200,0.718640,18.000000,97.057514,0.000000,3.392173,3.392173,6.400000,6.400000,4.749636,3.851140,3.851140,3.232202,4.785439,5.066120,4.383691,4.409763,0.00772892,0.00086500,0.01497636,0.750150,0.083955,1.453568,3.999486,3.100990,3.767185,2.397571,3.149894,3.279024,,,,,,within deadband and CO2 rising; MFC zero
2026-05-06 18:29:55,1119.9,448.361,448.288,450.000,1.712,14.291300,100.840000,51.511800,0.713559,18.000000,97.059439,0.000000,0.392173,0.000000,3.356250,3.356250,2.528182,3.936445,3.936445,3.259061,2.547982,5.081855,4.394667,4.438570,0.01689863,0.00104137,0.01992364,1.640172,0.101074,1.933777,0.888010,2.296274,3.835371,2.002668,3.092155,3.300445,,,,,,within deadband and CO2 rising; MFC zero
2026-05-06 18:30:00,1124.9,448.384,448.314,450.000,1.686,14.287400,100.838000,51.501800,0.716430,18.000000,97.057514,0.000000,0.000000,0.000000,0.000000,0.000000,0.000000,3.928699,3.928699,3.286492,0.000000,5.081855,4.408628,4.464470,0.01832238,0.00105853,0.01852430,1.778325,0.102738,1.797922,-1.778325,2.150375,3.825961,2.130777,3.026913,3.319703,,,,,,within deadband and CO2 rising; MFC zero
2026-05-06 18:30:06,1130.9,448.119,448.293,450.000,1.707,14.287900,100.836000,51.506800,0.718404,18.000000,97.055589,0.000000,0.000000,0.000000,0.000000,0.000000,0.000000,3.832318,3.832318,3.311246,0.000000,5.081855,4.423936,4.485171,0.01632234,0.00104374,0.01772510,1.584174,0.101301,1.720320,-1.584174,2.248144,3.731017,2.111998,2.935365,3.335097,,,,,,within deadband and CO2 rising; MFC zero
2026-05-06 18:30:11,1135.9,447.954,448.271,450.000,1.729,14.288900,100.839000,51.506800,0.716245,18.000000,97.058477,0.000000,0.000000,0.000000,0.000000,0.000000,0.000000,3.690056,3.690056,3.331741,0.000000,5.081855,4.438889,4.498701,0.00733915,0.00107178,0.01232025,0.712326,0.104025,1.195785,-0.712326,2.977729,3.586030,2.494271,2.947236,3.345157,,,,,,within deadband and CO2 rising; MFC zero
2026-05-06 18:30:17,1141.9,447.925,448.166,450.000,1.834,14.287400,100.839000,51.500200,0.711711,18.000000,97.058477,0.000000,0.000000,0.000000,0.000000,0.000000,0.000000,3.518412,3.518412,3.346976,0.000000,5.081855,4.452171,4.505297,-0.00045765,0.00083567,0.00743566,-0.044418,0.081109,0.721694,0.044418,3.562831,3.437303,2.796718,2.943578,3.350062,,,,,,within deadband and CO2 rising; MFC zero
2026-05-06 18:30:22,1146.9,447.897,448.115,450.000,1.885,14.293700,100.841000,51.503500,0.715094,18.000000,97.060402,0.000000,0.000000,0.000000,0.000000,0.000000,0.000000,3.375737,3.375737,3.357767,0.000000,5.081855,4.463092,4.506774,0.00027119,0.00093311,0.00485795,0.026322,0.090568,0.471515,-0.026322,3.349415,3.285169,2.904222,2.970869,3.351160,,,,,,within deadband and CO2 rising; MFC zero
2026-05-06 18:30:28,1152.9,447.891,448.007,450.000,1.993,14.280900,100.837000,51.506800,0.718180,18.000000,97.056552,0.000000,0.000000,0.000000,0.000000,0.000000,0.000000,3.205333,3.205333,3.363855,0.000000,5.081855,4.471536,4.505316,0.01169515,0.00060103,-0.00109254,1.135091,0.058334,-0.106038,-1.135091,2.070242,3.146999,3.311371,2.947944,3.350076,,,,,,within deadband and CO2 rising; MFC zero
2026-05-06 18:30:33,1157.9,447.164,447.909,450.000,2.091,14.287300,100.841000,51.513500,0.711266,18.000000,97.060402,6.567851,3.000000,3.000000,0.000000,0.000000,0.000000,3.000125,3.000125,3.363619,0.000000,5.081855,4.476801,4.497858,-0.01459351,0.00039534,-0.00794553,-1.416452,0.038372,-0.771197,1.416452,4.416576,2.961753,3.771321,2.976822,3.344531,,,,,,below deadband; feedforward + feedback
2026-05-06 18:30:39,1163.9,447.959,447.747,450.000,2.253,14.279300,100.839000,51.503500,0.716464,18.000000,97.058477,6.731979,6.000000,6.000000,2.881250,2.881250,2.137801,2.881358,2.881358,3.357151,2.152894,5.093024,4.478579,4.485694,-0.00191530,-0.00004241,-0.01405255,-0.185896,-0.004116,-1.363919,2.323697,3.067254,2.885474,4.245277,2.991989,3.335485,,,,,,below deadband; feedforward + feedback
2026-05-06 18:30:44,1168.9,447.077,447.594,450.000,2.406,14.281700,100.841000,51.500200,0.718270,18.000000,97.060402,6.882816,6.882816,6.882816,5.937500,5.937500,4.415023,2.752651,2.752651,3.343892,4.444470,5.114817,4.476466,4.468010,-0.01874615,-0.00037712,-0.01708194,-1.819509,-0.036603,-1.657980,6.234532,4.572159,2.789254,4.410631,3.055054,3.322336,,,,,,below deadband; feedforward + feedback
2026-05-06 18:30:50,1174.9,447.474,447.541,450.000,2.459,14.284400,100.840000,51.508500,0.713311,18.000000,97.059439,6.928715,6.928715,6.928715,6.856250,6.856250,5.093543,2.667423,2.667423,3.323102,5.129285,5.144945,4.469765,4.442965,-0.01159347,-0.00043478,-0.01840509,-1.125255,-0.042200,-1.786388,6.218798,3.792678,2.709623,4.453811,3.124745,3.303713,,,,,,below deadband; feedforward + feedback
2026-05-06 18:30:55,1179.9,447.860,447.476,450.000,2.524,14.282100,100.840000,51.505200,0.713544,18.000000,97.059439,6.982980,6.982980,6.982980,5.187500,5.187500,3.940989,2.657405,2.657405,3.297929,3.972200,5.177537,4.458580,4.413840,0.00159325,-0.00048927,-0.01667655,0.154640,-0.047489,-1.618616,3.786349,2.502765,2.704894,4.276021,3.147480,3.282056,,,,,,below deadband; feedforward + feedback
2026-05-06 18:31:01,1185.9,447.482,447.489,450.000,2.511,14.288100,100.840000,51.513500,0.714132,18.000000,97.059439,6.953500,6.953500,6.953500,6.943750,6.943750,5.158606,2.666571,2.666571,3.268159,5.191639,5.200922,4.442650,4.378927,-0.01325113,-0.00027887,-0.01507487,-1.286147,-0.027067,-1.463158,6.444753,3.952718,2.693638,4.129729,3.193073,3.256095,,,,,,below deadband; feedforward + feedback
2026-05-06 18:31:06,1190.9,447.013,447.450,450.000,2.550,14.283900,100.841000,51.511800,0.717816,18.000000,97.060402,6.973110,6.973110,6.973110,6.931250,6.931250,5.153959,2.722185,2.722185,3.236384,5.189578,5.226735,4.422610,4.342451,-0.02005117,-0.00057414,-0.01552406,-1.946174,-0.055727,-1.506771,7.100133,4.668359,2.777911,4.228956,3.285031,3.228972,,,,,,below deadband; feedforward + feedback
2026-05-06 18:31:12,1196.9,446.851,447.463,450.000,2.537,14.284700,100.840000,51.501900,0.716053,18.000000,97.059439,6.937128,6.937128,6.937128,6.962500,6.962500,5.177196,2.839170,2.839170,3.207196,5.208642,5.257769,4.399828,4.308698,-0.02042445,-0.00043568,-0.01215331,-1.982385,-0.042287,-1.179594,7.159581,4.821555,2.881457,4.018764,3.370203,3.203874,,,,,,below deadband; feedforward + feedback
2026-05-06 18:31:17,1201.9,447.661,447.375,450.000,2.625,14.285700,100.841000,51.510200,0.714073,18.000000,97.060402,7.001549,7.001549,7.001549,6.918750,6.918750,5.158606,2.982516,2.982516,3.185241,5.189665,5.283546,4.376699,4.284184,-0.00927154,-0.00028468,-0.00967068,-0.899899,-0.027631,-0.938640,6.058506,3.882415,3.010147,3.921156,3.419735,3.185646,,,,,,below deadband; feedforward + feedback
2026-05-06 18:31:23,1207.9,448.163,447.580,450.000,2.420,14.280400,100.837000,51.501800,0.715013,18.000000,97.056552,6.775079,6.775079,6.775079,7.000000,7.000000,5.209728,3.154909,3.154909,3.173292,5.244060,5.314713,4.355479,4.270600,0.00742390,0.00026820,-0.00056015,0.720538,0.026031,-0.054367,4.489190,2.434371,3.128878,3.209275,3.370398,3.175545,,,,,,below deadband; feedforward + feedback
2026-05-06 18:31:28,1212.9,447.367,447.647,450.000,2.353,14.288600,100.839000,51.505200,0.715404,18.000000,97.058477,6.691220,6.691220,6.691220,6.787500,6.787500,5.037774,3.298177,3.298177,3.169905,5.071544,5.340015,4.337920,4.267685,-0.00423737,0.00023247,0.00216899,-0.411273,0.022563,0.210519,5.449047,3.709450,3.275614,3.087658,3.387202,3.173378,,,,,,below deadband; feedforward + feedback
2026-05-06 18:31:34,1218.9,447.475,447.726,450.000,2.274,14.293700,100.840000,51.506800,0.713674,18.000000,97.059439,6.600328,6.600328,6.600328,6.681250,6.681250,4.977358,3.471009,3.471009,3.176873,5.015216,5.369857,4.325828,4.277459,-0.00286446,0.00016501,0.00507597,-0.278023,0.016016,0.492670,5.255381,3.749032,3.454993,2.978338,3.421537,3.180646,,,,,,below deadband; feedforward + feedback
2026-05-06 18:31:39,1223.9,448.314,447.855,450.000,2.145,14.287400,100.839000,51.503500,0.710985,18.000000,97.058477,6.464631,6.464631,6.464631,6.606250,6.606250,4.898352,3.610869,3.610869,3.192349,4.940688,5.394437,4.319981,4.296593,0.01405114,0.00024047,0.00956370,1.363783,0.023339,0.928238,3.534570,2.247087,3.587530,2.682631,3.377939,3.194873,,,,,,below deadband; feedforward + feedback
2026-05-06 18:31:45,1229.9,448.395,447.987,450.000,2.013,14.294700,100.839000,51.498500,0.718631,18.000000,97.058477,6.334108,6.334108,6.334108,6.443750,6.443750,4.805404,3.737459,3.737459,3.216083,4.837160,5.423316,4.320658,4.323367,0.01330536,0.00032787,0.01316427,1.291398,0.031822,1.277704,3.514007,2.446062,3.705637,2.459755,3.328143,3.214782,,,,,,below deadband; feedforward + feedback
2026-05-06 18:31:50,1234.9,447.763,448.074,450.000,1.926,14.287300,100.843000,51.500200,0.712649,18.000000,97.062327,0.000000,3.334108,3.334108,6.331250,6.331250,4.703162,3.780757,3.780757,3.243434,4.740030,5.446918,4.327373,4.354232,0.00801708,0.00031603,0.01582389,0.778156,0.030674,1.535903,3.925006,3.002601,3.750083,2.244854,3.287299,3.237732,,,,,,within deadband and CO2 rising; MFC zero
2026-05-06 18:31:56,1240.9,448.814,448.263,450.000,1.737,14.283700,100.839000,51.503500,0.715212,18.000000,97.058477,0.000000,0.334108,0.000000,3.300000,3.300000,2.481708,3.785405,3.785405,3.271435,2.499816,5.462379,4.338796,4.384490,0.01691556,0.00063909,0.01944444,1.641798,0.062029,1.887247,0.839910,2.143607,3.723376,1.898158,3.236736,3.260232,,,,,,within deadband and CO2 rising; MFC zero
2026-05-06 18:32:02,1246.9,448.445,448.297,450.000,1.703,14.288600,100.839000,51.503500,0.715148,18.000000,97.058477,0.000000,0.000000,0.000000,0.000000,0.000000,0.000000,3.751556,3.751556,3.299624,0.000000,5.462379,4.353782,4.413724,0.02396703,0.00071005,0.02001908,2.326203,0.068916,1.943022,-2.326203,1.425353,3.682640,1.808535,3.159090,3.281970,,,,,,within deadband and CO2 rising; MFC zero
2026-05-06 18:32:07,1251.9,448.243,448.278,450.000,1.722,14.291200,100.839000,51.505200,0.713952,18.000000,97.058477,0.000000,0.000000,0.000000,0.000000,0.000000,0.000000,3.664185,3.664185,3.323221,0.000000,5.462379,4.370605,4.437899,0.00637301,0.00068648,0.01622366,0.618555,0.066629,1.574644,-0.618555,3.045631,3.597556,2.089541,3.136127,3.299945,,,,,,within deadband and CO2 rising; MFC zero
2026-05-06 18:32:13,1257.9,448.644,448.363,450.000,1.637,14.285600,100.842000,51.495200,0.713103,18.000000,97.061364,0.000000,0.000000,0.000000,0.000000,0.000000,0.000000,3.448443,3.448443,3.338820,0.000000,5.462379,4.386902,4.452087,0.01849191,0.00059961,0.01429969,1.794850,0.058199,1.387948,-1.794850,1.653593,3.390244,2.060495,3.050327,3.310496,,,,,,within deadband and CO2 rising; MFC zero
2026-05-06 18:32:18,1262.9,447.981,448.218,450.000,1.782,14.290400,100.842000,51.505200,0.712538,18.000000,97.061364,0.000000,0.000000,0.000000,0.000000,0.000000,0.000000,3.342173,3.342173,3.350577,0.000000,5.462379,4.402140,4.463093,0.00101696,0.00041046,0.00888500,0.098708,0.039839,0.862390,-0.098708,3.243465,3.302333,2.479783,3.036111,3.318679,,,,,,within deadband and CO2 rising; MFC zero
2026-05-06 18:32:24,1268.9,447.992,448.152,450.000,1.848,14.289000,100.842000,51.501800,0.716225,18.000000,97.061364,0.000000,0.000000,0.000000,0.000000,0.000000,0.000000,3.171355,3.171355,3.352840,0.000000,5.462379,4.414349,4.463183,0.00027119,0.00039836,0.00468334,0.026322,0.038665,0.454571,-0.026322,3.145033,3.132690,2.716784,3.031993,3.318746,,,,,,within deadband and CO2 rising; MFC zero
2026-05-06 18:32:29,1273.9,447.849,448.023,450.000,1.977,14.289100,100.842000,51.508500,0.716925,18.000000,97.061364,1.326738,1.326738,1.326738,0.637500,0.637500,1.050311,3.028629,3.028629,3.346456,1.057283,5.483809,4.422461,4.454911,-0.00645773,-0.00001622,-0.00133835,-0.626797,-0.001574,-0.129902,1.677107,3.655425,3.030203,3.158531,3.028152,3.312595,,,,,,within lower deadband; partial feedforward
2026-05-06 18:32:35,1279.9,447.509,447.805,450.000,2.195,14.286300,100.838000,51.505200,0.713209,18.000000,97.057514,6.620408,4.326738,4.326738,0.000000,0.000000,0.000000,2.857914,2.857914,3.329705,0.000000,5.483809,4.425108,4.435697,-0.00939000,-0.00053421,-0.01098197,-0.911370,-0.051849,-1.065883,0.911370,3.769284,2.909764,3.923797,3.053974,3.298308,,,,,,below deadband; feedforward + feedback
2026-05-06 18:32:40,1284.9,447.413,447.696,450.000,2.304,14.288000,100.843000,51.506800,0.712528,18.000000,97.062327,6.726022,6.726022,6.726022,4.143750,4.143750,3.076574,2.836743,2.836743,3.308046,3.097235,5.497571,4.422322,4.411178,-0.01623764,-0.00073145,-0.01492469,-1.576063,-0.070997,-1.448625,4.652637,4.412806,2.907739,4.285368,3.133215,3.280076,,,,,,below deadband; feedforward + feedback
2026-05-06 18:32:46,1290.9,447.428,447.565,450.000,2.435,14.285900,100.842000,51.503500,0.714969,18.000000,97.061364,6.847830,6.847830,6.847830,6.681250,6.681250,4.968063,2.683198,2.683198,3.276677,5.008589,5.526740,4.412930,4.375362,-0.01383079,-0.00074188,-0.01750920,-1.342436,-0.072008,-1.699467,6.310499,4.025634,2.755206,4.382665,3.198209,3.253445,,,,,,below deadband; feedforward + feedback
2026-05-06 18:32:51,1295.9,447.490,447.498,450.000,2.502,14.293300,100.841000,51.505200,0.713556,18.000000,97.060402,6.899340,6.899340,6.899340,6.818750,6.818750,5.070306,2.636931,2.636931,3.239882,5.104949,5.552011,4.396840,4.332481,-0.00989866,-0.00080389,-0.02023461,-0.960768,-0.078026,-1.963980,6.031074,3.597699,2.714957,4.600910,3.213261,3.221559,,,,,,below deadband; feedforward + feedback
2026-05-06 18:32:57,1301.9,447.363,447.487,450.000,2.513,14.291300,100.840000,51.506800,0.714231,18.000000,97.059439,6.887639,6.887639,6.887639,6.887500,6.887500,5.112132,2.640804,2.640804,3.200620,5.151086,5.582650,4.374589,4.285583,-0.01876304,-0.00045084,-0.01788416,-1.821130,-0.043758,-1.735827,6.933262,4.461933,2.684562,4.376630,3.278887,3.186686,,,,,,below deadband; feedforward + feedback
2026-05-06 18:33:02,1306.9,448.121,447.530,450.000,2.470,14.281000,100.840000,51.511800,0.717773,18.000000,97.059439,6.817702,6.817702,6.817702,6.868750,6.868750,5.102838,2.683585,2.683585,3.162890,5.136970,5.608200,4.347652,4.239904,0.00050848,-0.00022148,-0.01512194,0.049353,-0.021496,-1.467727,5.053484,2.634232,2.705082,4.151312,3.293550,3.152720,,,,,,below deadband; feedforward + feedback
2026-05-06 18:33:08,1312.9,447.554,447.603,450.000,2.397,14.290600,100.842000,51.505200,0.716067,18.000000,97.061364,6.715037,6.715037,6.715037,6.806250,6.806250,5.065658,2.811750,2.811750,3.131963,5.099123,5.638592,4.318537,4.202079,-0.01028839,0.00009162,-0.01052122,-0.998605,0.008893,-1.021204,6.064264,3.810356,2.802857,3.832954,3.340889,3.124594,,,,,,below deadband; feedforward + feedback
2026-05-06 18:33:13,1317.9,447.688,447.659,450.000,2.341,14.290300,100.841000,51.503500,0.716375,18.000000,97.060402,6.631384,6.631384,6.631384,6.712500,6.712500,4.995947,2.953470,2.953470,3.109643,5.026087,5.663601,4.289884,4.175271,-0.00296616,0.00026021,-0.00520177,-0.287897,0.025256,-0.504886,5.283844,3.241367,2.928214,3.458356,3.348878,3.104660,,,,,,below deadband; feedforward + feedback
2026-05-06 18:33:19,1323.9,448.048,447.783,450.000,2.217,14.291800,100.844000,51.510200,0.711901,18.000000,97.063289,6.480644,6.480644,6.480644,6.618750,6.618750,4.921589,3.122093,3.122093,3.097633,4.956642,5.693168,4.263744,4.159183,0.00167800,0.00081959,0.00088533,0.162872,0.079552,0.085933,4.758717,2.959220,3.042541,3.036160,3.330587,3.092697,,,,,,below deadband; feedforward + feedback
2026-05-06 18:33:24,1328.9,448.407,447.835,450.000,2.165,14.282600,100.837000,51.503500,0.717925,18.000000,97.056552,6.406214,6.406214,6.406214,6.456250,6.456250,4.814699,3.260508,3.260508,3.094141,4.846537,5.717322,4.241664,4.153347,0.01162737,0.00122143,0.00743470,1.128512,0.118548,0.721586,3.686187,2.131995,3.141960,2.538922,3.293696,3.088358,,,,,,below deadband; feedforward + feedback
2026-05-06 18:33:30,1334.9,447.900,447.925,450.000,2.075,14.287700,100.841000,51.506800,0.713043,18.000000,97.060402,6.299995,6.299995,6.299995,6.412500,6.412500,4.758930,3.424380,3.424380,3.100779,4.791762,5.745902,4.225245,4.159570,0.00796625,0.00128469,0.00965134,0.773207,0.124693,0.936763,3.985723,2.651173,3.299687,2.487617,3.311300,3.092985,,,,,,below deadband; feedforward + feedback
2026-05-06 18:33:35,1339.9,448.500,447.989,450.000,2.011,14.283900,100.843000,51.501800,0.719198,18.000000,97.062327,6.226738,6.226738,6.226738,6.306250,6.306250,4.684572,3.558070,3.558070,3.117686,4.712961,5.769380,4.215688,4.177457,0.01294950,0.00162150,0.01251125,1.256908,0.157386,1.214371,3.427664,2.301162,3.400684,2.343698,3.247196,3.106286,,,,,,below deadband; feedforward + feedback
2026-05-06 18:33:41,1345.9,447.895,448.104,450.000,1.896,14.292200,100.839000,51.508500,0.719159,18.000000,97.058477,0.000000,3.226738,3.226738,5.781250,5.781250,4.345312,3.716443,3.716443,3.142992,4.377282,5.808819,4.213448,4.204489,0.00872910,0.00172747,0.01455997,0.847233,0.167666,1.413168,3.498080,2.869210,3.548777,2.303275,3.241195,3.126386,,,,,,within deadband and CO2 rising; MFC zero
2026-05-06 18:33:46,1350.9,448.258,448.170,450.000,1.830,14.289100,100.841000,51.503500,0.714801,18.000000,97.060402,0.000000,0.226738,0.000000,2.181250,2.181250,1.598703,3.818995,3.818995,3.175305,1.613426,5.813611,4.218690,4.239657,0.01133924,0.00171828,0.01528205,1.100591,0.166777,1.483282,0.498112,2.718404,3.652218,2.335714,3.185020,3.152536,,,,,,within deadband and CO2 rising; MFC zero
2026-05-06 18:33:52,1356.9,448.231,448.275,450.000,1.725,14.294200,100.842000,51.508500,0.714053,18.000000,97.061364,0.000000,0.000000,0.000000,0.000000,0.000000,0.000000,3.917210,3.917210,3.213178,0.000000,5.813611,4.231348,4.281983,0.01184762,0.00174091,0.01392107,1.149947,0.168975,1.351198,-1.149947,2.767263,3.748235,2.566012,3.153947,3.184009,,,,,,within deadband and CO2 rising; MFC zero
2026-05-06 18:33:58,1362.8,448.202,448.222,450.000,1.778,14.280100,100.843000,51.506900,0.720448,18.000000,97.062327,0.000000,0.000000,0.000000,0.000000,0.000000,0.000000,3.772418,3.772418,3.246966,0.000000,5.813611,4.248701,4.318113,0.01055953,0.00186435,0.01134925,1.024932,0.180958,1.101585,-1.024932,2.747486,3.591460,2.670833,3.161363,3.210875,,,,,,within deadband and CO2 rising; MFC zero
2026-05-06 18:34:03,1367.9,447.750,448.192,450.000,1.808,14.287600,100.844000,51.505200,0.713086,18.000000,97.063289,0.000000,0.000000,0.000000,0.000000,0.000000,0.000000,3.586626,3.586626,3.274847,0.000000,5.813611,4.268761,4.348998,0.00744083,0.00139206,0.01009917,0.722231,0.135118,0.980258,-0.722231,2.864395,3.451507,2.606367,3.128384,3.233841,,,,,,within deadband and CO2 rising; MFC zero
2026-05-06 18:34:09,1373.8,447.736,448.051,450.000,1.949,14.288800,100.842000,51.503500,0.715922,18.000000,97.061364,0.000000,0.000000,0.000000,0.000000,0.000000,0.000000,3.460888,3.460888,3.297231,0.000000,5.813611,4.289781,4.373864,0.00208479,0.00075024,0.00335889,0.202352,0.072819,0.326019,-0.202352,3.258536,3.388069,3.134869,3.085662,3.252330,,,,,,within deadband and CO2 rising; MFC zero
2026-05-06 18:34:14,1378.9,447.951,447.943,450.000,2.057,14.291000,100.847000,51.511800,0.718121,18.000000,97.066177,6.367007,3.000000,3.000000,0.000000,0.000000,0.000000,3.317671,3.317671,3.311731,0.000000,5.813611,4.310007,4.390909,-0.00688151,0.00018490,-0.00099707,-0.667962,0.017948,-0.096782,0.667962,3.985632,3.299723,3.414452,3.060331,3.265005,,,,,,below deadband; feedforward + feedback
2026-05-06 18:34:20,1384.9,447.357,447.775,450.000,2.225,14.283100,100.844000,51.506800,0.716434,18.000000,97.063289,6.553011,6.000000,6.000000,2.868750,2.868750,2.123859,3.145304,3.145304,3.316664,2.138341,5.824985,4.327811,4.399025,-0.00781373,-0.00065933,-0.00756326,-0.758427,-0.063997,-0.734115,2.882285,3.903731,3.209301,3.879419,3.060977,3.271040,,,,,,below deadband; feedforward + feedback
2026-05-06 18:34:25,1389.9,447.262,447.630,450.000,2.370,14.281800,100.843000,51.508500,0.718699,18.000000,97.062327,6.712049,6.712049,6.712049,5.943750,5.943750,4.415023,3.011743,3.011743,3.312326,4.454299,5.846731,4.342099,4.399251,-0.01167840,-0.00126379,-0.01346970,-1.133533,-0.122666,-1.307401,5.548556,4.145276,3.134409,4.319144,3.112822,3.271208,,,,,,below deadband; feedforward + feedback
2026-05-06 18:34:31,1395.8,447.468,447.463,450.000,2.537,14.278700,100.844000,51.510200,0.712674,18.000000,97.063289,6.889089,6.889089,6.889089,6.687500,6.687500,4.972711,2.915723,2.915723,3.300737,5.010305,5.876172,4.352189,4.392549,-0.00427135,-0.00201343,-0.01918399,-0.414591,-0.195431,-1.862061,5.387301,3.330314,3.111153,4.777784,3.101333,3.266224,,,,,,below deadband; feedforward + feedback
2026-05-06 18:34:36,1400.9,447.119,447.368,450.000,2.632,14.282100,100.842000,51.506800,0.717068,18.000000,97.061364,6.990182,6.990182,6.990182,6.850000,6.850000,5.107485,2.897314,2.897314,3.283352,5.143086,5.901635,4.357832,4.380406,-0.01820408,-0.00267581,-0.02061546,-1.766913,-0.259717,-2.000965,6.874398,4.664227,3.157031,4.898279,3.129066,3.257195,,,,,,below deadband; feedforward + feedback
2026-05-06 18:34:42,1406.8,447.346,447.327,450.000,2.673,14.288600,100.843000,51.501800,0.717528,18.000000,97.062327,7.032476,7.032476,7.032476,6.975000,6.975000,5.186491,2.896023,2.896023,3.261690,5.218540,5.932686,4.358976,4.363549,-0.02332253,-0.00286291,-0.02158239,-2.263739,-0.277880,-2.094837,7.450229,5.159762,3.173903,4.990860,3.217329,3.244661,,,,,,below deadband; feedforward + feedback
2026-05-06 18:34:47,1411.9,448.002,447.419,450.000,2.581,14.307100,100.844000,51.508500,0.715273,18.000000,97.063289,6.936504,6.936504,6.936504,7.031250,7.031250,5.223670,2.900799,2.900799,3.236337,5.261081,5.958792,4.355454,4.341369,-0.00650863,-0.00268459,-0.01708306,-0.631749,-0.260575,-1.658138,5.855418,3.532548,3.161375,4.558938,3.250253,3.228168,,,,,,below deadband; feedforward + feedback
2026-05-06 18:34:53,1417.9,447.871,447.553,450.000,2.447,14.287800,100.843000,51.505200,0.718796,18.000000,97.062327,6.794591,6.794591,6.794591,6.925000,6.925000,5.153959,2.912134,2.912134,3.210015,5.196916,5.989740,4.347691,4.316639,-0.00957643,-0.00238096,-0.00907360,-0.929511,-0.231101,-0.880705,6.083470,3.841645,3.143235,3.792839,3.275679,3.209778,,,,,,below deadband; feedforward + feedback
2026-05-06 18:34:58,1422.9,446.917,447.674,450.000,2.326,14.288400,100.843000,51.500200,0.715857,18.000000,97.062327,6.661972,6.661972,6.661972,6.775000,6.775000,5.047069,2.924734,2.924734,3.183934,5.082742,6.015049,4.336372,4.291098,-0.02171234,-0.00177127,-0.00421600,-2.107450,-0.171924,-0.409215,7.154519,5.032184,3.096658,3.333948,3.363211,3.190787,,,,,,below deadband; feedforward + feedback
2026-05-06 18:35:04,1428.9,448.088,447.791,450.000,2.209,14.284300,100.841000,51.505200,0.717428,18.000000,97.060402,6.531790,6.531790,6.531790,6.662500,6.662500,4.958768,2.985614,2.985614,3.160723,4.998486,6.044818,4.322540,4.267211,0.00240683,-0.00114239,0.00274525,0.233608,-0.110881,0.266456,4.725161,2.752007,3.096496,2.719159,3.403413,3.173025,,,,,,below deadband; feedforward + feedback
2026-05-06 18:35:09,1433.9,447.964,447.883,450.000,2.117,14.282400,100.841000,51.513500,0.719800,18.000000,97.060402,6.424430,6.424430,6.424430,6.525000,6.525000,4.851878,3.098030,3.098030,3.143567,4.884084,6.069174,4.307830,4.248992,0.00018644,-0.00054045,0.00862778,0.018096,-0.052456,0.837416,4.833782,3.079933,3.150486,2.260613,3.404452,3.159477,,,,,,below deadband; feedforward + feedback
2026-05-06 18:35:15,1439.9,447.910,448.009,450.000,1.991,14.287500,100.845000,51.505200,0.711034,18.000000,97.064252,0.000000,3.424430,3.424430,8.506250,8.506250,6.571414,3.262986,3.262986,3.137947,6.626165,6.112441,4.294678,4.242067,0.00708493,0.00043962,0.01595757,0.687694,0.042671,1.548909,5.883720,2.575293,3.220315,1.714077,3.432383,3.154328,,,,,,within deadband and CO2 rising; MFC zero
2026-05-06 18:35:20,1444.9,448.377,448.172,450.000,1.828,14.281100,100.843000,51.506800,0.715453,18.000000,97.062327,0.000000,0.424430,0.000000,0.300000,0.300000,0.209133,3.397735,3.397735,3.139631,0.210556,6.114649,4.284088,4.241731,0.01391576,0.00106773,0.01938169,1.350696,0.103636,1.881232,-1.141563,2.047039,3.294099,1.516503,3.396127,3.154079,,,,,,within deadband and CO2 rising; MFC zero
2026-05-06 18:35:26,1450.9,448.197,448.161,450.000,1.839,14.292100,100.840000,51.500200,0.720260,18.000000,97.059439,0.000000,0.000000,0.000000,0.000000,0.000000,0.000000,3.619467,3.619467,3.153210,0.000000,6.114649,4.278463,4.255961,0.01362759,0.00141761,0.01731623,1.322686,0.137593,1.680704,-1.322686,2.296781,3.481874,1.938763,3.370423,3.164660,,,,,,within deadband and CO2 rising; MFC zero
2026-05-06 18:35:31,1455.9,447.929,448.120,450.000,1.880,14.288600,100.843000,51.508500,0.716532,18.000000,97.062327,0.000000,0.000000,0.000000,0.000000,0.000000,0.000000,3.623185,3.623185,3.171227,0.000000,6.114649,4.277602,4.274160,0.00772898,0.00150861,0.01485813,0.750193,0.146429,1.442165,-0.750193,2.872992,3.476756,2.181020,3.346713,3.178192,,,,,,within deadband and CO2 rising; MFC zero
2026-05-06 18:35:37,1461.8,448.182,448.168,450.000,1.832,14.319900,100.841000,51.500200,0.718857,18.000000,97.060402,0.000000,0.000000,0.000000,0.000000,0.000000,0.000000,3.560755,3.560755,3.192525,0.000000,6.114649,4.280812,4.293653,0.01739014,0.00177894,0.01360733,1.687894,0.172664,1.320733,-1.687894,1.872861,3.388091,2.240023,3.289245,3.192687,,,,,,within deadband and CO2 rising; MFC zero
2026-05-06 18:35:42,1466.9,447.785,448.086,450.000,1.914,14.280900,100.844000,51.510200,0.714516,18.000000,97.063289,0.000000,0.000000,0.000000,0.000000,0.000000,0.000000,3.504263,3.504263,3.212753,0.000000,6.114649,4.287077,4.312133,0.00225428,0.00147365,0.00757003,0.218808,0.143037,0.734772,-0.218808,3.285455,3.361226,2.769491,3.255083,3.206429,,,,,,within deadband and CO2 rising; MFC zero
2026-05-06 18:35:48,1472.8,447.800,447.996,450.000,2.004,14.284700,100.844000,51.505200,0.717463,18.000000,97.063289,6.301487,3.000000,3.000000,0.000000,0.000000,0.000000,3.461507,3.461507,3.236338,0.000000,6.114649,4.297137,4.337378,-0.00854254,0.00089473,0.00094778,-0.829167,0.086845,0.091995,0.829167,4.290675,3.374662,3.369513,3.263115,3.225200,,,,,,below deadband; feedforward + feedback
2026-05-06 18:35:53,1477.9,447.418,447.872,450.000,2.128,14.282400,100.846000,51.503500,0.713338,18.000000,97.065214,6.438234,6.000000,6.000000,2.812500,2.812500,2.086679,3.348059,3.348059,3.257887,2.103047,6.123829,4.310184,4.362372,-0.00415262,0.00020388,-0.00363047,-0.403075,0.019790,-0.352393,2.489754,3.751134,3.328269,3.700452,3.267764,3.243785,,,,,,below deadband; feedforward + feedback
2026-05-06 18:35:59,1483.8,446.974,447.602,450.000,2.398,14.282200,100.846000,51.505200,0.712403,18.000000,97.065214,6.723567,6.723567,6.723567,5.950000,5.950000,4.415023,3.190745,3.190745,3.274552,4.449534,6.149945,4.325317,4.385847,-0.00959342,-0.00071967,-0.01212426,-0.931187,-0.069854,-1.176844,5.346210,4.121932,3.260600,4.367589,3.257461,3.261241,,,,,,below deadband; feedforward + feedback
2026-05-06 18:36:04,1488.9,447.668,447.512,450.000,2.488,14.280200,100.842000,51.500200,0.713305,18.000000,97.061364,6.829681,6.829681,6.829681,6.693750,6.693750,4.982005,3.114373,3.114373,3.287606,5.012781,6.174504,4.341631,4.406887,-0.00896629,-0.00110237,-0.01538725,-0.870280,-0.106998,-1.493507,5.852285,3.984653,3.221371,4.607880,3.298383,3.276886,,,,,,below deadband; feedforward + feedback
2026-05-06 18:36:10,1494.8,447.945,447.500,450.000,2.500,14.283200,100.841000,51.505200,0.717061,18.000000,97.060402,6.858657,6.858657,6.858657,6.806250,6.806250,5.065658,3.092427,3.092427,3.296112,5.102885,6.204834,4.358357,4.425261,-0.00794945,-0.00166171,-0.01587053,-0.771577,-0.161286,-1.540400,5.837236,3.864004,3.253713,4.632827,3.300009,3.290548,,,,,,below deadband; feedforward + feedback
2026-05-06 18:36:15,1499.9,447.139,447.468,450.000,2.532,14.281300,100.843000,51.510200,0.712546,18.000000,97.062327,6.906857,6.906857,6.906857,6.843750,6.843750,5.088895,3.088993,3.088993,3.300219,5.124716,6.230284,4.374607,4.439609,-0.02103469,-0.00197073,-0.01650770,-2.041676,-0.191284,-1.602276,7.130571,5.130669,3.280277,4.691269,3.357260,3.301217,,,,,,below deadband; feedforward + feedback
2026-05-06 18:36:21,1505.8,448.039,447.528,450.000,2.472,14.285100,100.844000,51.505200,0.712448,18.000000,97.063289,6.861469,6.861469,6.861469,6.887500,6.887500,5.126074,3.090207,3.090207,3.299252,5.167835,6.261034,4.389819,4.450667,-0.00100002,-0.00230445,-0.01342682,-0.097065,-0.223677,-1.303251,5.223140,3.187272,3.313884,4.393458,3.364171,3.309439,,,,,,below deadband; feedforward + feedback
2026-05-06 18:36:26,1510.9,447.238,447.596,450.000,2.404,14.280000,100.842000,51.510200,0.714729,18.000000,97.061364,6.807078,6.807078,6.807078,6.862500,6.862500,5.098190,3.093899,3.093899,3.294204,5.137819,6.286561,4.403328,4.457364,-0.01332237,-0.00218841,-0.01070294,-1.293087,-0.212410,-1.038842,6.391277,4.386986,3.306308,4.132741,3.432504,3.314420,,,,,,below deadband; feedforward + feedback
2026-05-06 18:36:32,1516.8,447.983,447.625,450.000,2.375,14.283000,100.842000,51.506800,0.715551,18.000000,97.061364,6.789256,6.789256,6.789256,6.800000,6.800000,5.061011,3.102109,3.102109,3.284438,5.095975,6.316889,4.414256,4.457968,-0.00393229,-0.00218815,-0.00657474,-0.381673,-0.212385,-0.638153,5.442684,3.483782,3.314494,3.740262,3.457735,3.314868,,,,,,below deadband; feedforward + feedback
2026-05-06 18:36:37,1521.9,447.596,447.649,450.000,2.351,14.279700,100.844000,51.505200,0.715147,18.000000,97.063289,6.772986,6.772986,6.772986,6.787500,6.787500,5.051716,3.110603,3.110603,3.270878,5.084308,6.342134,4.422186,4.453905,-0.00201699,-0.00196157,-0.00140490,-0.195775,-0.190397,-0.136364,5.247492,3.306379,3.301000,3.246968,3.488196,3.311848,,,,,,below deadband; feedforward + feedback
2026-05-06 18:36:43,1527.8,447.689,447.756,450.000,2.244,14.279800,100.843000,51.510200,0.715655,18.000000,97.062327,6.669984,6.669984,6.669984,6.781250,6.781250,5.033127,3.121551,3.121551,3.252851,5.067401,6.372322,4.426134,4.441926,-0.00337295,-0.00137308,0.00437338,-0.327386,-0.133275,0.424490,5.360513,3.448937,3.254825,2.697060,3.505763,3.302940,,,,,,below deadband; feedforward + feedback
2026-05-06 18:36:48,1532.9,447.803,447.803,450.000,2.197,14.277900,100.844000,51.503500,0.714421,18.000000,97.063289,6.622752,6.622752,6.622752,5.981250,5.981250,4.512619,3.094596,3.094596,3.230900,4.547930,6.411620,4.425402,4.422474,0.00581366,-0.00082736,0.00735331,0.564293,-0.080306,0.713737,3.948326,2.530303,3.174902,2.380859,3.500063,3.288476,,,,,,below deadband; feedforward + feedback
2026-05-06 18:36:54,1538.8,448.200,447.938,450.000,2.062,14.284300,100.844000,51.503500,0.713885,18.000000,97.063289,6.481387,6.481387,6.481387,6.593750,6.593750,4.893705,3.141328,3.141328,3.207388,4.926096,6.431323,4.419637,4.396576,0.01208496,0.00029458,0.01260562,1.173006,0.028593,1.223543,3.720699,1.968322,3.112735,1.917784,3.475853,3.269218,,,,,,below deadband; feedforward + feedback
2026-05-06 18:36:59,1543.9,448.084,448.033,450.000,1.967,14.278500,100.841000,51.508500,0.718941,18.000000,97.060402,0.000000,3.481387,3.481387,6.468750,6.468750,4.805404,3.323867,3.323867,3.193796,4.845042,6.455440,4.412201,4.382458,0.00776284,0.00081222,0.01194765,0.753465,0.078835,1.159644,4.051940,2.570403,3.245033,2.164223,3.470487,3.258721,,,,,,within deadband and CO2 rising; MFC zero
2026-05-06 18:37:05,1549.8,448.529,448.184,450.000,1.816,14.279600,100.845000,51.501800,0.713695,18.000000,97.064252,0.000000,0.481387,0.000000,3.393750,3.393750,2.579303,3.459881,3.459881,3.189955,2.597032,6.471445,4.404999,4.376193,0.01933972,0.00167009,0.01527307,1.877196,0.162106,1.482469,0.702107,1.582685,3.297774,1.977412,3.431647,3.254062,,,,,,within deadband and CO2 rising; MFC zero
2026-05-06 18:37:11,1555.8,448.381,448.302,450.000,1.698,14.277600,100.843000,51.501800,0.718788,18.000000,97.062327,0.000000,0.000000,0.000000,0.000000,0.000000,0.000000,3.598115,3.598115,3.194113,0.000000,6.471445,4.398993,4.374968,0.01569524,0.00247377,0.01793775,1.523417,0.240110,1.741079,-1.523417,2.074698,3.358005,1.857036,3.395773,3.253151,,,,,,within deadband and CO2 rising; MFC zero
2026-05-06 18:37:16,1560.8,448.399,448.320,450.000,1.680,14.277700,100.844000,51.503500,0.716739,18.000000,97.063289,0.000000,0.000000,0.000000,0.000000,0.000000,0.000000,3.655768,3.655768,3.204359,0.000000,6.471445,4.394786,4.377960,0.01623761,0.00291164,0.01702875,1.576076,0.282613,1.652866,-1.576076,2.079692,3.373155,2.002902,3.338017,3.255376,,,,,,within deadband and CO2 rising; MFC zero
2026-05-06 18:37:22,1566.8,447.840,448.295,450.000,1.705,14.284800,100.843000,51.506800,0.715357,18.000000,97.062327,0.000000,0.000000,0.000000,0.000000,0.000000,0.000000,3.655768,3.655768,3.219827,0.000000,6.471445,4.392844,4.385075,0.00611874,0.00280112,0.01257271,0.593899,0.271884,1.220337,-0.593899,3.061869,3.383885,2.435432,3.312506,3.260667,,,,,,within deadband and CO2 rising; MFC zero
2026-05-06 18:37:27,1571.8,448.005,448.172,450.000,1.828,14.272700,100.844000,51.503500,0.717368,18.000000,97.063289,0.000000,0.000000,0.000000,0.000000,0.000000,0.000000,3.626903,3.626903,3.238469,0.000000,6.471445,4.393504,4.396146,0.00754251,0.00227509,0.00784414,0.732101,0.220828,0.761378,-0.732101,2.894802,3.406075,2.865525,3.274613,3.268899,,,,,,within deadband and CO2 rising; MFC zero
2026-05-06 18:37:33,1577.8,448.001,448.001,450.000,1.999,14.279700,100.845000,51.510100,0.715995,18.000000,97.064252,0.000000,0.000000,0.000000,0.000000,0.000000,0.000000,3.520839,3.520839,3.256805,0.000000,6.471445,4.395970,4.405832,0.01245788,0.00177207,0.00371913,1.209215,0.172004,0.360995,-1.209215,2.311624,3.348835,3.159844,3.243744,3.276101,,,,,,within deadband and CO2 rising; MFC zero
2026-05-06 18:37:38,1582.8,447.587,447.874,450.000,2.126,14.277300,100.845000,51.503500,0.715953,18.000000,97.064252,6.524873,3.000000,3.000000,0.000000,0.000000,0.000000,3.390841,3.390841,3.271761,0.000000,6.471445,4.399023,4.411237,-0.00310176,0.00104253,-0.00376166,-0.301070,0.101192,-0.365123,0.301070,3.691911,3.289649,3.755964,3.214280,3.280120,,,,,,below deadband; feedforward + feedback
2026-05-06 18:37:44,1588.8,447.097,447.728,450.000,2.272,14.280200,100.845000,51.501800,0.713651,18.000000,97.064252,6.673434,6.000000,6.000000,2.875000,2.875000,2.147096,3.223561,3.223561,3.281686,2.161381,6.482695,4.401634,4.412076,-0.01239009,0.00029937,-0.01069044,-1.202635,0.029058,-1.037660,3.349730,4.426195,3.194503,4.261221,3.192050,3.280744,,,,,,below deadband; feedforward + feedback
2026-05-06 18:37:49,1593.9,447.218,447.569,450.000,2.431,14.281800,100.843000,51.501800,0.716012,18.000000,97.062327,6.834710,6.834710,6.834710,5.962500,5.962500,4.424318,3.089458,3.089458,3.287403,4.463255,6.504504,4.403560,4.411262,-0.01632267,-0.00053513,-0.01782991,-1.584316,-0.051941,-1.730612,6.008635,4.673774,3.141398,4.820070,3.226633,3.280139,,,,,,below deadband; feedforward + feedback
2026-05-06 18:37:55,1599.8,447.358,447.406,450.000,2.594,14.275700,100.840000,51.505200,0.716998,18.000000,97.059439,6.998815,6.998815,6.998815,6.812500,6.812500,5.070306,2.993128,2.993128,3.289857,5.103405,6.534424,4.404815,4.409836,-0.01550898,-0.00118612,-0.02104299,-1.505293,-0.115124,-2.042421,6.575599,4.498421,3.108252,5.035548,3.246535,3.279079,,,,,,below deadband; feedforward + feedback
2026-05-06 18:38:00,1604.8,447.259,447.331,450.000,2.669,14.271700,100.843000,51.506800,0.718375,18.000000,97.062327,7.074994,7.074994,7.074994,6.975000,6.975000,5.195785,2.973454,2.973454,3.291334,5.232422,6.560315,4.406244,4.411961,-0.02057676,-0.00180646,-0.02351283,-1.997229,-0.175339,-2.282210,7.193014,4.970682,3.148793,5.255664,3.244672,3.280659,,,,,,below deadband; feedforward + feedback
2026-05-06 18:38:06,1610.8,447.905,447.401,450.000,2.599,14.276800,100.839000,51.500200,0.720504,18.000000,97.058477,7.007149,7.007149,7.007149,7.068750,7.068750,5.246907,2.971337,2.971337,3.290901,5.284811,6.591747,4.407799,4.414020,-0.00218648,-0.00180996,-0.01881196,-0.212216,-0.175672,-1.825860,5.459123,3.183553,3.147009,4.797197,3.257749,3.282189,,,,,,below deadband; feedforward + feedback
2026-05-06 18:38:11,1615.8,447.229,447.465,450.000,2.535,14.279700,100.841000,51.503500,0.710042,18.000000,97.060402,6.943571,6.943571,6.943571,7.006250,7.006250,5.205080,2.976474,2.976474,3.287218,5.240639,6.617814,4.409021,4.413909,-0.01484772,-0.00176485,-0.01517594,-1.441126,-0.171297,-1.472983,6.646206,4.417600,3.147772,4.449458,3.298284,3.282107,,,,,,below deadband; feedforward + feedback
2026-05-06 18:38:17,1621.8,447.855,447.519,450.000,2.481,14.277300,100.842000,51.508500,0.719405,18.000000,97.061364,6.889995,6.889995,6.889995,6.918750,6.918750,5.153959,2.987344,2.987344,3.278865,5.192708,6.648757,4.409395,4.410888,-0.00138986,-0.00163640,-0.00902900,-0.134902,-0.158831,-0.876367,5.288860,3.122246,3.146175,3.863711,3.314858,3.279861,,,,,,below deadband; feedforward + feedback
2026-05-06 18:38:22,1626.8,447.774,447.611,450.000,2.389,14.272800,100.841000,51.508500,0.716546,18.000000,97.060402,6.797265,6.797265,6.797265,7.662500,7.662500,5.730236,2.997956,2.997956,3.266750,5.768067,6.690811,4.408265,4.403749,-0.00623740,-0.00124641,-0.00379636,-0.605405,-0.120977,-0.368477,6.335640,3.603361,3.118932,3.366432,3.362020,3.274552,,,,,,below deadband; feedforward + feedback
2026-05-06 18:38:28,1632.8,447.783,447.714,450.000,2.286,14.277400,100.841000,51.501800,0.713916,18.000000,97.060402,6.690393,6.690393,6.690393,6.750000,6.750000,5.028479,2.999169,2.999169,3.247953,5.069143,6.711114,4.404043,4.387153,0.00010170,-0.00077739,0.00288512,0.009871,-0.075453,0.280031,5.018609,2.989299,3.074623,2.719138,3.383005,3.262212,,,,,,below deadband; feedforward + feedback
2026-05-06 18:38:33,1637.8,447.841,447.775,450.000,2.225,14.277600,100.844000,51.505200,0.716671,18.000000,97.063289,6.623921,6.623921,6.623921,6.675000,6.675000,4.968063,3.223070,3.223070,3.235829,4.994234,6.735983,4.399071,4.379185,-0.00149156,-0.00059939,0.00608220,-0.144775,-0.058179,0.590358,5.112839,3.367846,3.281249,2.632712,3.398001,3.256287,,,,,,below deadband; feedforward + feedback
2026-05-06 18:38:39,1643.8,448.174,447.878,450.000,2.122,14.278400,100.842000,51.505200,0.716461,18.000000,97.061364,6.516023,6.516023,6.516023,6.606250,6.606250,4.921589,3.343619,3.343619,3.229249,4.954693,6.765189,4.394523,4.376327,0.00667812,0.00026425,0.01211792,0.648187,0.025649,1.176182,4.273402,2.695431,3.317970,2.167437,3.422927,3.254162,,,,,,below deadband; feedforward + feedback
2026-05-06 18:38:44,1648.9,448.278,447.873,450.000,2.127,14.282000,100.844000,51.503500,0.716810,18.000000,97.063289,6.518087,6.518087,6.518087,6.512500,6.512500,4.842584,3.481440,3.481440,3.228557,4.886128,6.789477,4.391487,4.379347,0.01566160,0.00047527,0.01362826,1.520166,0.046132,1.322804,3.322417,1.961273,3.435308,2.158635,3.382800,3.256407,,,,,,below deadband; feedforward + feedback
2026-05-06 18:38:50,1654.8,448.067,447.974,450.000,2.026,14.281800,100.842000,51.503500,0.718258,18.000000,97.061364,6.417093,6.417093,6.417093,6.518750,6.518750,4.837936,3.643401,3.643401,3.234069,4.868996,6.818485,4.390693,4.387517,0.01591555,0.00070327,0.01338860,1.544785,0.068260,1.299516,3.293151,2.098616,3.575141,2.343885,3.316374,3.262482,,,,,,below deadband; feedforward + feedback
2026-05-06 18:38:56,1660.8,447.974,448.029,450.000,1.971,14.282000,100.844000,51.505200,0.712427,18.000000,97.063289,0.000000,3.417093,3.417093,6.412500,6.412500,4.772873,3.804872,3.804872,3.247912,4.803868,6.847141,4.393339,4.403922,0.00871205,0.00076284,0.01248678,0.845621,0.074044,1.212008,3.927252,2.959252,3.730828,2.592865,3.292378,3.274681,,,,,,within deadband and CO2 rising; MFC zero
2026-05-06 18:39:01,1665.8,448.925,448.171,450.000,1.829,14.281100,100.840000,51.500200,0.716589,18.000000,97.059439,0.000000,0.417093,0.000000,3.400000,3.400000,2.546771,3.910781,3.910781,3.269731,2.562281,6.860506,4.399965,4.426468,0.02428867,0.00099875,0.01440324,2.357445,0.096938,1.397971,0.189326,1.553336,3.813843,2.512811,3.214542,3.291446,,,,,,within deadband and CO2 rising; MFC zero
2026-05-06 18:39:07,1671.8,448.322,448.237,450.000,1.763,14.271700,100.845000,51.510200,0.712022,18.000000,97.064252,0.000000,0.000000,0.000000,0.000000,0.000000,0.000000,3.941144,3.941144,3.294785,0.000000,6.860506,4.410300,4.451643,0.01223757,0.00105102,0.01434320,1.187830,0.102016,1.392212,-1.187830,2.753314,3.839128,2.548932,3.177228,3.310166,,,,,,within deadband and CO2 rising; MFC zero
2026-05-06 18:39:12,1676.8,448.203,448.272,450.000,1.728,14.279400,100.845000,51.511800,0.713517,18.000000,97.064252,0.000000,0.000000,0.000000,0.000000,0.000000,0.000000,3.868567,3.868567,3.318304,0.000000,6.860506,4.422610,4.471846,0.01728851,0.00122726,0.01262708,1.678096,0.119123,1.225638,-1.678096,2.190471,3.749444,2.642930,3.126515,3.325188,,,,,,within deadband and CO2 rising; MFC zero
2026-05-06 18:39:18,1682.8,448.318,448.302,450.000,1.698,14.273000,100.844000,51.506800,0.713606,18.000000,97.063289,0.000000,0.000000,0.000000,0.000000,0.000000,0.000000,3.701029,3.701029,3.336851,0.000000,6.860506,4.435043,4.484778,0.00679675,0.00106546,0.00951663,0.659715,0.103417,0.923715,-0.659715,3.041314,3.597612,2.777314,3.063201,3.334804,,,,,,within deadband and CO2 rising; MFC zero
2026-05-06 18:39:23,1687.8,447.940,448.176,450.000,1.824,14.283800,100.843000,51.501900,0.711706,18.000000,97.062327,0.000000,0.000000,0.000000,0.000000,0.000000,0.000000,3.560006,3.560006,3.351087,0.000000,6.860506,4.446254,4.491096,-0.00096612,0.00093847,0.00757070,-0.093774,0.091090,0.734830,0.093774,3.653780,3.468917,2.825176,3.077338,3.339502,,,,,,within deadband and CO2 rising; MFC zero
2026-05-06 18:39:29,1693.8,448.085,448.113,450.000,1.887,14.286700,100.839000,51.503500,0.718719,18.000000,97.058477,0.000000,0.000000,0.000000,0.000000,0.000000,0.000000,3.389473,3.389473,3.360044,0.000000,6.860506,4.455284,4.491404,0.00645787,0.00077894,0.00372289,0.626791,0.075603,0.361338,-0.626791,2.762681,3.313870,3.028135,3.028117,3.339731,,,,,,within deadband and CO2 rising; MFC zero
