timestamp,elapsed_s,li850_co2_ppm,co2_avg_ppm,target_co2_ppm,co2_error_ppm,li850_h2o_mmol_mol,li850_cellpres_kpa,li850_celltemp_c,li850_flowrate,chamber_air_temp_c,chamber_air_mol,mfc_raw_requested_mln_min,mfc_rate_limited_mln_min,mfc_setpoint_mln_min,mfc_actual_mln_min,mfc_flow_used_mln_min,co2_supply_inst_umol_s,co2_supply_avg_umol_s,A_MFC_only_umol_s,A_MFC_only_smoothed_umol_s,co2_supplied_umol_step,co2_supplied_mmol_total,feedforward_flow_mln_min,raw_feedforward_flow_mln_min,dCdt_simple_ppm_s,dCdt_regression_ppm_s,dCdt_regression_short_ppm_s,storage_simple_umol_s,storage_regression_umol_s,storage_regression_short_umol_s,A_inst_umol_s,A_from_avg_supply_umol_s,A_regression_umol_s,A_regression_short_umol_s,A_smoothed_umol_s,A_regression_smoothed_umol_s,A_inst_umol_m2_s,A_from_avg_supply_umol_m2_s,A_MFC_only_umol_m2_s,A_regression_umol_m2_s,A_smoothed_umol_m2_s,control_note
2026-05-16 16:11:56,0.0,449.558,449.558,452.000,2.442,15.104700,100.837000,51.503500,0.704484,18.000000,97.056552,3.174600,3.174600,0.000000,0.000000,0.000000,0.000000,0.000000,0.000000,0.000000,0.000000,0.000000,0.000000,0.000000,,,,,,,,,,,,,,,,,,below deadband; feedforward + feedback
2026-05-16 16:11:59,3.1,448.788,449.027,452.000,2.973,15.078700,100.834000,51.503500,0.710570,18.000000,97.053664,7.614714,4.000000,0.000000,0.000000,0.000000,0.000000,0.000000,0.000000,0.000000,0.000000,0.000000,3.750000,15.000000,-0.25599162,-0.15576056,-0.15576056,-24.844925,-15.117133,-15.117133,24.844925,24.844925,15.117133,15.117133,24.844925,15.117133,,,,,,below deadband; feedforward + feedback
2026-05-16 16:12:02,6.1,448.757,448.850,452.000,3.150,15.075300,100.832000,51.510100,0.712590,18.000000,97.051739,10.658100,4.000000,0.000000,0.000000,0.000000,0.000000,0.000000,0.000000,0.000000,0.000000,0.000000,6.562500,15.000000,-0.13334589,-0.09011494,-0.09011494,-12.941451,-8.745812,-8.745812,12.941451,12.941451,8.745812,8.745812,18.893188,11.931472,,,,,,below deadband; feedforward + feedback
2026-05-16 16:12:06,9.6,448.011,448.628,452.000,3.372,15.104000,100.831000,51.510200,0.711947,18.000000,97.050777,13.054955,4.000000,0.000000,0.000000,0.000000,0.000000,0.000000,0.000000,0.000000,0.000000,0.000000,8.671875,15.000000,-0.16272336,-0.11340994,-0.11340994,-15.792428,-11.006523,-11.006523,15.792428,15.792428,11.006523,11.006523,17.859601,11.623156,,,,,,below deadband; feedforward + feedback
2026-05-16 16:12:09,13.1,447.920,448.433,452.000,3.567,15.125000,100.836000,51.506800,0.712324,18.000000,97.055589,14.891295,4.000000,0.000000,0.000000,0.000000,0.000000,0.000000,0.000000,0.000000,0.000000,0.000000,10.253906,15.000000,-0.12593321,-0.11261822,-0.11261822,-12.222522,-10.930228,-10.930228,12.222522,12.222522,10.930228,10.930228,16.450331,11.449924,,,,,,below deadband; feedforward + feedback
2026-05-16 16:12:12,16.1,447.630,448.177,452.000,3.823,15.110700,100.834000,51.513500,0.712826,18.000000,97.053664,16.410373,4.000000,0.000000,0.000000,0.000000,0.000000,0.000000,0.000000,0.000000,0.000000,0.000000,11.440430,15.000000,-0.12044806,-0.11259002,-0.11259002,-11.689925,-10.927274,-10.927274,11.689925,11.689925,10.927274,10.927274,15.498250,11.345394,,,,,,below deadband; feedforward + feedback
2026-05-16 16:12:15,19.1,447.225,447.864,452.000,4.136,15.118800,100.835000,51.510100,0.712508,18.000000,97.054627,17.707122,4.000000,0.000000,0.000000,0.000000,0.000000,0.000000,0.000000,0.000000,0.000000,0.000000,12.330322,15.000000,-0.12274479,-0.11179396,-0.11179396,-11.912950,-10.850121,-10.850121,11.912950,11.912950,10.850121,10.850121,14.900700,11.262848,,,,,,below deadband; feedforward + feedback
2026-05-16 16:12:19,22.6,447.143,447.528,452.000,4.472,15.119100,100.838000,51.510100,0.710720,18.000000,97.057514,18.782001,4.000000,4.000000,0.000000,0.000000,0.000000,0.000000,0.000000,0.000000,0.000000,0.000000,12.968358,14.882464,-0.10730052,-0.10187082,-0.10187082,-10.414322,-9.887328,-9.887328,10.414322,10.414322,9.887328,9.887328,14.259789,11.066346,,,,,,below deadband; feedforward + feedback
2026-05-16 16:12:22,26.1,446.490,447.199,452.000,4.801,15.109800,100.837000,51.506800,0.709820,18.000000,97.056552,19.628671,8.000000,8.000000,3.725000,3.725000,2.732667,0.000000,0.000000,0.000000,1.395777,0.010558,13.386807,14.642156,-0.11796871,-0.09929088,-0.09929088,-11.449637,-9.636831,-9.636831,14.182304,11.449637,9.636831,9.636831,13.908520,10.887656,,,,,,below deadband; feedforward + feedback
2026-05-16 16:12:26,29.6,447.803,447.105,452.000,4.895,15.085800,100.834000,51.500200,0.713330,18.000000,97.053664,19.938189,12.000000,12.000000,7.881250,7.881250,5.888247,0.000000,0.000000,0.000000,3.015923,0.031047,13.574473,14.137470,-0.05947761,-0.07738166,-0.07738166,-5.772520,-7.510174,-7.510174,11.660767,5.772520,7.510174,7.510174,13.004520,10.512380,,,,,,below deadband; feedforward + feedback
2026-05-16 16:12:29,33.1,447.380,447.132,452.000,4.868,15.081900,100.836000,51.506800,0.708594,18.000000,97.055589,19.893570,16.000000,16.000000,12.025000,12.025000,8.890463,0.131709,0.131709,0.011974,4.411113,0.061914,13.565820,13.539862,-0.06598623,-0.06117074,-0.06117074,-6.404332,-5.936962,-5.936962,15.294795,6.536041,6.068671,6.068671,12.357672,10.068009,,,,,,below deadband; feedforward + feedback
2026-05-16 16:12:32,36.1,447.993,447.295,452.000,4.705,15.104200,100.836000,51.510200,0.711887,18.000000,97.055589,19.508812,19.508812,19.508812,15.968750,15.968750,11.874089,0.393801,0.393801,0.043792,5.896451,0.097591,13.391792,12.869706,-0.04346396,-0.04319928,-0.04319928,-4.218421,-4.192731,-4.192731,16.092510,4.612221,4.586532,4.586532,11.653540,9.569693,,,,,,below deadband; feedforward + feedback
2026-05-16 16:12:35,39.1,448.214,447.528,452.000,4.472,15.120600,100.832000,51.503500,0.711221,18.000000,97.051739,18.911173,18.911173,18.911173,19.487500,19.487500,14.485924,0.948226,0.948226,0.113364,7.420959,0.140889,13.097833,12.215957,-0.03445553,-0.02872759,-0.02872759,-3.343969,-2.788062,-2.788062,17.829893,4.292195,3.736288,3.736288,11.040095,9.083576,,,,,,below deadband; feedforward + feedback
2026-05-16 16:12:39,42.6,449.320,448.020,452.000,3.980,15.095100,100.832000,51.513500,0.712801,18.000000,97.051739,17.891954,17.891954,17.891954,18.587500,18.587500,13.821347,1.741787,1.741787,0.229680,7.086212,0.189207,12.718518,11.580572,-0.00559910,-0.01236245,-0.01236245,-0.543402,-1.199797,-1.199797,14.364749,2.285189,2.941584,2.941584,10.366640,8.611115,,,,,,below deadband; feedforward + feedback
2026-05-16 16:12:42,46.1,448.282,448.353,452.000,3.647,15.128500,100.835000,51.510200,0.712777,18.000000,97.054627,17.033899,17.033899,17.033899,17.806250,17.806250,13.235775,2.672060,2.672060,0.392505,6.772341,0.235860,12.292366,11.013911,-0.02773502,-0.00041234,-0.00041234,-2.691812,-0.040020,-0.040020,15.927587,5.363872,2.712080,2.712080,10.009300,8.189756,,,,,,below deadband; feedforward + feedback
2026-05-16 16:12:46,49.6,449.407,448.637,452.000,3.363,15.076000,100.835000,51.513500,0.711027,18.000000,97.054627,16.227889,16.227889,16.227889,17.025000,17.025000,12.654851,3.698163,3.698163,0.599109,6.454227,0.280467,11.855512,10.544950,-0.00305009,0.00761504,0.00761504,-0.296025,0.739075,0.739075,12.950876,3.994188,2.959088,2.959088,9.608292,7.841044,,,,,,below deadband; feedforward + feedback
2026-05-16 16:12:49,53.1,450.149,449.052,452.000,2.948,15.068800,100.835000,51.503500,0.710367,18.000000,97.054627,15.250741,15.250741,15.250741,16.237500,16.237500,12.064632,4.503965,4.503965,0.828806,5.977943,0.322969,11.418211,10.106308,0.01114973,0.01938686,0.01938686,1.082133,1.881584,1.881584,10.982499,3.421832,2.622381,2.622381,9.221639,7.514878,,,,,,below deadband; feedforward + feedback
2026-05-16 16:12:52,56.1,449.505,449.352,452.000,2.648,15.096400,100.833000,51.516800,0.712391,18.000000,97.052702,14.434298,14.434298,14.434298,15.293750,15.293750,11.372171,5.070905,5.070905,1.064479,5.640622,0.357627,10.992158,9.713999,-0.00094633,0.02591550,0.02591550,-0.091844,2.515170,2.515170,11.464015,5.162749,2.555736,2.555736,8.982880,7.223164,,,,,,below deadband; feedforward + feedback
2026-05-16 16:12:55,59.1,450.813,449.574,452.000,2.426,15.077200,100.835000,51.506800,0.711678,18.000000,97.054627,13.735252,13.735252,13.735252,14.462500,14.462500,10.763362,5.536735,5.536735,1.299861,5.505279,0.390358,10.580846,9.346907,0.02126910,0.03324840,0.03324840,2.064264,3.226911,3.226911,8.699098,3.472471,2.309824,2.309824,8.676747,6.950200,,,,,,below deadband; feedforward + feedback
2026-05-16 16:12:59,62.6,450.528,450.054,452.000,1.946,15.093400,100.831000,51.513500,0.712047,18.000000,97.050777,0.000000,9.735252,9.735252,13.700000,13.700000,10.214970,5.981852,5.981852,1.533960,5.221476,0.426538,10.188772,9.012551,0.02924478,0.03869592,0.04808839,2.838228,3.755469,4.667016,7.376742,3.143624,2.226383,1.314837,8.385530,6.701578,,,,,,within deadband and CO2 rising; MFC zero
2026-05-16 16:13:02,66.1,450.805,450.349,452.000,1.651,15.067900,100.836000,51.503500,0.711928,18.000000,97.055589,0.000000,5.735252,5.735252,9.725000,9.725000,7.226696,6.330037,6.330037,1.762345,3.703653,0.452010,9.817491,8.703647,0.04579923,0.04350464,0.06273335,4.445072,4.222369,6.088623,2.781624,1.884966,2.107668,0.241415,8.060501,6.471883,,,,,,within deadband and CO2 rising; MFC zero
2026-05-16 16:13:06,69.6,450.798,450.594,452.000,1.406,15.061100,100.834000,51.503500,0.711130,18.000000,97.053664,0.000000,1.735252,1.735252,5.450000,5.450000,4.261659,6.593528,6.593528,1.981944,2.113695,0.467263,9.468024,8.419626,0.03976540,0.04695038,0.07395747,3.859378,4.556707,7.177844,0.402281,2.734150,2.036821,-0.584316,7.806866,6.260689,,,,,,within deadband and CO2 rising; MFC zero
2026-05-16 16:13:09,72.6,450.342,450.638,452.000,1.362,15.050400,100.835000,51.510100,0.711129,18.000000,97.054627,0.000000,0.000000,0.000000,0.000000,0.000000,0.000000,6.769739,6.769739,2.190109,0.000000,0.467263,9.143938,8.171679,0.04070668,0.04703712,0.07785232,3.950772,4.565170,7.555928,-3.950772,2.818967,2.204569,-0.786189,7.580143,6.076320,,,,,,within deadband and CO2 rising; MFC zero
2026-05-16 16:13:12,75.6,450.440,450.700,452.000,1.300,15.053100,100.836000,51.506800,0.712014,18.000000,97.055589,0.000000,0.000000,0.000000,0.000000,0.000000,0.000000,6.792869,6.792869,2.381891,0.000000,0.467263,8.844142,7.944754,0.04722784,0.04736984,0.07993007,4.583726,4.597508,7.757660,-4.583726,2.209143,2.195361,-0.964791,7.346621,5.907583,,,,,,within deadband and CO2 rising; MFC zero
2026-05-16 16:13:15,79.1,450.514,450.616,452.000,1.384,15.062600,100.835000,51.506800,0.711509,18.000000,97.054627,0.000000,0.000000,0.000000,0.000000,0.000000,0.000000,6.692313,6.692313,2.554308,0.000000,0.467263,8.567887,7.739120,0.05351370,0.04589652,0.07624615,5.193752,4.454469,7.400042,-5.193752,1.498560,2.237844,-0.707729,7.102952,5.754677,,,,,,within deadband and CO2 rising; MFC zero
2026-05-16 16:13:19,82.6,450.734,450.509,452.000,1.491,15.048300,100.835000,51.510100,0.711154,18.000000,97.054627,0.000000,0.000000,0.000000,0.000000,0.000000,0.000000,6.400638,6.400638,2.702243,0.000000,0.467263,8.310490,7.538299,0.06237109,0.04512041,0.07127005,6.053403,4.379144,6.917088,-6.053403,0.347235,2.021494,-0.516450,6.832723,5.605350,,,,,,within deadband and CO2 rising; MFC zero
2026-05-16 16:13:22,86.1,450.225,450.413,452.000,1.587,15.056000,100.835000,51.496900,0.715252,18.000000,97.054627,0.000000,0.000000,0.000000,0.000000,0.000000,0.000000,6.107798,6.107798,2.828375,0.000000,0.467263,8.069557,7.346758,0.05383306,0.04333161,0.06002330,5.224747,4.205534,5.825539,-5.224747,0.883051,1.902265,0.282259,6.603890,5.462924,,,,,,within deadband and CO2 rising; MFC zero
2026-05-16 16:13:26,89.6,450.979,450.391,452.000,1.609,15.035400,100.834000,51.510200,0.711766,18.000000,97.053664,0.000000,0.000000,0.000000,0.000000,0.000000,0.000000,5.840582,5.840582,2.935954,0.000000,0.467263,7.842676,7.162033,0.05833731,0.04210385,0.05119998,5.661849,4.086333,4.969146,-5.661849,0.178733,1.754249,0.871436,6.365921,5.325565,,,,,,within deadband and CO2 rising; MFC zero
2026-05-16 16:13:29,92.6,450.570,450.572,452.000,1.428,15.021700,100.836000,51.500200,0.710589,18.000000,97.055589,0.000000,0.000000,0.000000,0.000000,0.000000,0.000000,5.629477,5.629477,3.028834,0.000000,0.467263,7.626595,6.978353,0.05361457,0.04253434,0.04606391,5.203593,4.128195,4.470760,-5.203593,0.425883,1.501281,1.158717,6.153777,5.188984,,,,,,within deadband and CO2 rising; MFC zero
2026-05-16 16:13:32,95.6,450.027,450.542,452.000,1.458,15.001100,100.834000,51.503500,0.712638,18.000000,97.053664,0.000000,0.000000,0.000000,0.000000,0.000000,0.000000,5.433100,5.433100,3.108976,0.000000,0.467263,7.421721,6.807099,0.03418557,0.04056528,0.03651644,3.317835,3.937009,3.544054,-3.317835,2.115264,1.496091,1.889045,6.014518,5.061643,,,,,,within deadband and CO2 rising; MFC zero
2026-05-16 16:13:35,99.1,450.858,450.621,452.000,1.379,15.024500,100.836000,51.510200,0.711379,18.000000,97.055589,0.000000,0.000000,0.000000,0.000000,0.000000,0.000000,5.220632,5.220632,3.177094,0.000000,0.467263,7.226590,6.641198,0.04043781,0.03976933,0.02921033,3.924716,3.859836,2.835026,-3.924716,1.295916,1.360796,2.385606,5.857231,4.938281,,,,,,within deadband and CO2 rising; MFC zero
2026-05-16 16:13:39,102.6,450.840,450.712,452.000,1.288,15.021800,100.835000,51.506800,0.711087,18.000000,97.054627,0.000000,0.000000,0.000000,0.000000,0.000000,0.000000,5.024157,5.024157,3.234815,0.000000,0.467263,7.040537,6.482376,0.02116044,0.03860592,0.02248648,2.053719,3.746884,2.182417,-2.053719,2.970438,1.277273,2.841740,5.764109,4.820184,,,,,,within deadband and CO2 rising; MFC zero
2026-05-16 16:13:42,106.1,451.380,450.747,452.000,1.253,15.020400,100.834000,51.513500,0.711159,18.000000,97.053664,0.000000,0.000000,0.000000,0.000000,0.000000,0.000000,4.841933,4.841933,3.283515,0.000000,0.467263,6.862680,6.329111,0.04969927,0.03780015,0.01716414,4.823496,3.668643,1.665843,-4.823496,0.018437,1.173290,3.176091,5.584556,4.706219,,,,,,within deadband and CO2 rising; MFC zero
2026-05-16 16:13:46,109.6,451.059,450.778,452.000,1.222,15.022600,100.837000,51.506800,0.713473,18.000000,97.056552,0.000000,0.000000,0.000000,0.000000,0.000000,0.000000,4.672466,4.672466,3.324367,0.000000,0.467263,6.692334,6.181293,0.02516060,0.03702405,0.01066984,2.442001,3.593427,1.035578,-2.442001,2.230465,1.079039,3.636888,5.482917,4.596304,,,,,,within deadband and CO2 rising; MFC zero
2026-05-16 16:13:49,112.6,451.347,450.886,452.000,1.114,14.999600,100.833000,51.513500,0.711630,18.000000,97.052702,0.000000,0.000000,0.000000,0.000000,0.000000,0.000000,4.536374,4.536374,3.358996,0.000000,0.467263,6.528892,6.038566,0.02013485,0.03656235,0.00995266,1.954141,3.548475,0.965932,-1.954141,2.582233,0.987900,3.570442,5.397603,4.490174,,,,,,within deadband and CO2 rising; MFC zero
2026-05-16 16:13:52,115.6,451.003,450.955,452.000,1.045,15.025800,100.835000,51.506800,0.710618,18.000000,97.054627,0.000000,0.000000,0.000000,0.000000,0.000000,0.000000,4.407986,4.407986,3.388134,0.000000,0.467263,6.371964,5.901179,0.02517696,0.03599376,0.00913004,2.443541,3.493361,0.886113,-2.443541,1.964446,0.914625,3.521874,5.299513,4.388016,,,,,,within deadband and CO2 rising; MFC zero
2026-05-16 16:13:55,119.1,451.360,451.076,452.000,0.924,15.012600,100.834000,51.503500,0.712217,18.000000,97.053664,0.000000,0.000000,0.000000,0.000000,0.000000,0.000000,4.267092,4.267092,3.411890,0.000000,0.467263,6.221109,5.768547,0.01794997,0.03533631,0.00990340,1.742110,3.429519,0.961162,-1.742110,2.524982,0.837573,3.305930,5.222443,4.289392,,,,,,within deadband and CO2 rising; MFC zero
2026-05-16 16:13:59,122.6,451.139,451.159,452.000,0.841,15.004000,100.835000,51.506800,0.714101,18.000000,97.054627,0.000000,0.000000,0.000000,0.000000,0.000000,0.000000,4.134925,4.134925,3.430917,0.000000,0.467263,6.075811,5.639914,0.00838672,0.03487256,0.01183437,0.813970,3.384543,1.148580,-0.813970,3.320955,0.750382,2.986345,5.171051,4.193744,,,,,,within deadband and CO2 rising; MFC zero
2026-05-16 16:14:02,126.1,451.071,451.171,452.000,0.829,14.993700,100.833000,51.510100,0.708606,18.000000,97.052702,0.000000,0.000000,0.000000,0.000000,0.000000,0.000000,4.010700,4.010700,3.445783,0.000000,0.467263,5.789924,4.932264,-0.00756316,0.03384331,0.01316669,-0.734025,3.284585,1.277863,0.734025,4.744726,0.726115,2.732837,5.159832,4.102490,,,,,,within deadband and CO2 rising; MFC zero
2026-05-16 16:14:06,129.6,450.896,451.086,452.000,0.914,14.990700,100.837000,51.503500,0.711686,18.000000,97.056552,0.000000,0.000000,0.000000,0.000000,0.000000,0.000000,3.893721,3.893721,3.456982,0.000000,0.467263,5.479418,4.547899,0.00406731,0.03272573,0.01487274,0.394759,3.176246,1.443497,-0.394759,3.498962,0.717475,2.450225,5.117246,4.015695,,,,,,within deadband and CO2 rising; MFC zero
2026-05-16 16:14:09,132.6,451.416,451.120,452.000,0.880,14.992600,100.832000,51.503500,0.711408,18.000000,97.051739,0.000000,0.000000,0.000000,0.000000,0.000000,0.000000,3.798753,3.798753,3.465318,0.000000,0.467263,5.221911,4.449393,0.01144559,0.03222175,0.01567920,1.110815,3.127177,1.521694,-1.110815,2.687938,0.671575,2.277059,5.056513,3.932092,,,,,,within deadband and CO2 rising; MFC zero
2026-05-16 16:14:12,135.6,450.505,451.063,452.000,0.937,14.971500,100.837000,51.510100,0.709579,18.000000,97.056552,0.000000,0.000000,0.000000,0.000000,0.000000,0.000000,3.708306,3.708306,3.471103,0.000000,0.467263,4.935486,4.076210,0.00786571,0.03137636,0.01565785,0.763418,3.045282,1.519697,-0.763418,2.944888,0.663024,2.188609,5.005010,3.852359,,,,,,within deadband and CO2 rising; MFC zero
2026-05-16 16:14:15,139.1,450.880,451.018,452.000,0.982,14.989900,100.835000,51.510100,0.712453,18.000000,97.054627,0.000000,0.000000,0.000000,0.000000,0.000000,0.000000,3.608082,3.608082,3.474289,0.000000,0.467263,4.551763,3.400592,0.01263892,0.03036748,0.01264272,1.226665,2.947305,1.227034,-1.226665,2.381416,0.660777,2.381047,4.942543,3.776369,,,,,,within deadband and CO2 rising; MFC zero
2026-05-16 16:14:19,142.6,451.241,451.156,452.000,0.844,14.977400,100.834000,51.506800,0.711878,18.000000,97.053664,0.000000,0.000000,0.000000,0.000000,0.000000,0.000000,3.513132,3.513132,3.475171,0.000000,0.467263,4.177339,3.054068,0.02011806,0.02989994,0.01361129,1.952531,2.901899,1.321025,-1.952531,1.560601,0.611233,2.192107,4.863893,3.702761,,,,,,within deadband and CO2 rising; MFC zero
2026-05-16 16:14:22,146.1,450.720,451.172,452.000,0.828,14.980800,100.835000,51.503500,0.711551,18.000000,97.054627,0.000000,0.000000,0.000000,0.000000,0.000000,0.000000,3.423052,3.423052,3.474013,0.000000,0.467263,3.812072,2.716273,0.00994979,0.02914491,0.01078777,0.965673,2.828648,1.047003,-0.965673,2.457378,0.594404,2.376049,4.809200,3.632116,,,,,,within deadband and CO2 rising; MFC zero
2026-05-16 16:14:26,149.6,451.184,451.139,452.000,0.861,14.949900,100.833000,51.503500,0.711799,18.000000,97.052702,0.000000,0.000000,0.000000,0.000000,0.000000,0.000000,3.337475,3.337475,3.471045,0.000000,0.467263,3.473471,2.457667,0.00793307,0.02833443,0.00829310,0.769926,2.749933,0.804868,-0.769926,2.567550,0.587542,2.532608,4.759385,3.564459,,,,,,within deadband and CO2 rising; MFC zero
2026-05-16 16:14:29,152.6,451.558,451.259,452.000,0.741,14.982700,100.834000,51.503500,0.711937,18.000000,97.053664,0.000000,0.000000,0.000000,0.000000,0.000000,0.000000,3.267459,3.267459,3.466713,0.000000,0.467263,3.207964,2.411443,0.03174904,0.02794019,0.01166516,3.081361,2.711698,1.132147,-3.081361,0.186097,0.555761,2.135312,4.659966,3.499053,,,,,,within deadband and CO2 rising; MFC zero
2026-05-16 16:14:32,155.6,451.083,451.240,452.000,0.760,14.960800,100.834000,51.506800,0.711472,18.000000,97.053664,0.000000,0.000000,0.000000,0.000000,0.000000,0.000000,3.200319,3.200319,3.461164,0.000000,0.467263,2.958719,2.210982,0.00885747,0.02727207,0.00748938,0.859650,2.646854,0.726872,-0.859650,2.340669,0.553465,2.473447,4.610619,3.436381,,,,,,within deadband and CO2 rising; MFC zero
2026-05-16 16:14:35,159.1,451.460,451.319,452.000,0.681,14.950300,100.835000,51.513500,0.712284,18.000000,97.054627,0.000000,0.000000,0.000000,0.000000,0.000000,0.000000,3.125395,3.125395,3.454311,0.000000,0.467263,2.714178,1.980558,0.01285762,0.02694205,0.00901635,1.247891,2.614851,0.875078,-1.247891,1.877504,0.510544,2.250317,4.553680,3.375426,,,,,,within deadband and CO2 rising; MFC zero
2026-05-16 16:14:39,162.6,451.861,451.400,452.000,0.600,14.969700,100.834000,51.506800,0.713414,18.000000,97.053664,0.000000,0.000000,0.000000,0.000000,0.000000,0.000000,3.053899,3.053899,3.446303,0.000000,0.467263,2.507890,1.889027,0.01690791,0.02640289,0.00790346,1.640975,2.562497,0.767060,-1.640975,1.412924,0.491402,2.286840,4.489582,3.316568,,,,,,within deadband and CO2 rising; MFC zero
2026-05-16 16:14:42,166.1,451.821,451.493,452.000,0.507,14.949400,100.832000,51.500200,0.709966,18.000000,97.051739,0.000000,0.000000,0.000000,0.000000,0.000000,0.000000,2.985601,2.985601,3.437269,0.000000,0.467263,2.332166,1.804994,0.00801695,0.02599653,0.00852322,0.778059,2.523008,0.827194,-0.778059,2.207542,0.462593,2.158407,4.443942,3.259488,,,,,,within deadband and CO2 rising; MFC zero
2026-05-16 16:14:45,169.1,451.540,451.562,452.000,0.438,14.951400,100.835000,51.503500,0.710703,18.000000,97.054627,0.000000,0.000000,0.000000,0.000000,0.000000,0.000000,2.929446,2.929446,3.427504,0.000000,0.467263,2.192202,1.772308,0.00808419,0.02562013,0.00883634,0.784608,2.486552,0.857608,-0.784608,2.144837,0.442893,2.071838,4.398861,3.204261,,,,,,within deadband and CO2 rising; MFC zero
2026-05-16 16:14:48,172.1,451.250,451.503,452.000,0.497,14.938300,100.834000,51.513500,0.713527,18.000000,97.053664,0.000000,0.000000,0.000000,0.000000,0.000000,0.000000,2.875363,2.875363,3.417086,0.000000,0.467263,2.064460,1.681236,-0.00163029,0.02495432,0.00736008,-0.158225,2.421908,0.714323,0.158225,3.033589,0.453456,2.161041,4.372606,3.151361,,,,,,within deadband and CO2 rising; MFC zero
2026-05-16 16:14:52,175.6,451.488,451.488,452.000,0.512,14.928800,100.836000,51.513500,0.712265,18.000000,97.055589,0.000000,0.000000,0.000000,0.000000,0.000000,0.000000,2.814738,2.814738,3.405931,0.000000,0.467263,1.948849,1.602014,-0.00065547,0.02443907,0.00794775,-0.063617,2.371948,0.771373,0.063617,2.878356,0.442790,2.043365,4.344413,3.100256,,,,,,within deadband and CO2 rising; MFC zero
2026-05-16 16:14:55,179.1,451.416,451.474,452.000,0.526,14.927600,100.837000,51.506800,0.711108,18.000000,97.056552,0.000000,0.000000,0.000000,0.000000,0.000000,0.000000,2.756617,2.756617,3.394126,0.000000,0.467263,1.831876,1.480957,-0.00430260,0.02393303,0.00844405,-0.417596,2.322857,0.819550,0.417596,3.174213,0.433760,1.937067,4.322742,3.050876,,,,,,within deadband and CO2 rising; MFC zero
2026-05-16 16:14:59,182.6,451.471,451.365,452.000,0.635,14.930800,100.837000,51.506800,0.711192,18.000000,97.056552,0.000000,0.000000,0.000000,0.000000,0.000000,0.000000,2.700847,2.700847,3.443232,0.000000,0.467263,1.726952,1.412182,0.00606735,0.02385737,0.00855540,0.588876,2.315514,0.830358,-0.588876,2.111971,0.385333,1.870489,4.282546,3.002412,,,,,,within deadband and CO2 rising; MFC zero
2026-05-16 16:15:02,186.1,451.705,451.417,452.000,0.583,14.934400,100.835000,51.500200,0.713129,18.000000,97.054627,0.000000,0.000000,0.000000,0.000000,0.000000,0.000000,2.647289,2.647289,3.556019,0.000000,0.467263,1.631795,1.346325,0.01384899,0.02372411,0.00776838,1.344109,2.302535,0.753957,-1.344109,1.303180,0.344755,1.893332,3.686238,2.622490,,,,,,within deadband and CO2 rising; MFC zero
2026-05-16 16:15:06,189.6,450.976,451.493,452.000,0.507,14.941500,100.839000,51.500200,0.713846,18.000000,97.058477,0.000000,0.000000,0.000000,0.000000,0.000000,0.000000,2.595814,2.595814,3.604090,0.000000,0.467263,1.544477,1.282524,-0.00443707,0.02335589,0.00711807,-0.430655,2.266887,0.690869,0.430655,3.026469,0.328927,1.904946,3.449831,2.424757,,,,,,within deadband and CO2 rising; MFC zero
2026-05-16 16:15:09,192.6,451.427,451.495,452.000,0.505,14.924800,100.835000,51.510200,0.713648,18.000000,97.054627,0.000000,0.000000,0.000000,0.000000,0.000000,0.000000,2.595814,2.595814,3.585758,0.000000,0.467263,1.462082,1.214895,0.00194962,0.02268416,0.00767130,0.189220,2.201602,0.744535,-0.189220,2.406595,0.394212,1.851279,3.430863,2.387838,,,,,,within deadband and CO2 rising; MFC zero
2026-05-16 16:15:12,195.6,451.678,451.492,452.000,0.508,14.905000,100.832000,51.513500,0.713956,18.000000,97.051739,0.000000,0.000000,0.000000,0.000000,0.000000,0.000000,2.595814,2.595814,3.632954,0.000000,0.467263,1.384404,1.151370,0.01312652,0.02164764,0.00540352,1.273952,2.100942,0.524421,-1.273952,1.321862,0.494873,2.071393,3.232670,2.198104,,,,,,within deadband and CO2 rising; MFC zero
2026-05-16 16:15:15,199.1,451.543,451.543,452.000,0.457,14.904600,100.833000,51.503500,0.713078,18.000000,97.052702,0.000000,0.000000,0.000000,0.000000,0.000000,0.000000,2.595814,2.595814,3.748302,0.000000,0.467263,1.311059,1.091025,-0.00393292,0.02033275,0.00384230,-0.381700,1.973349,0.372905,0.381700,2.977515,0.622466,2.222909,2.910583,1.847052,,,,,,within deadband and CO2 rising; MFC zero
2026-05-16 16:15:19,202.6,451.710,451.490,452.000,0.510,14.904800,100.834000,51.510100,0.710357,18.000000,97.053664,0.000000,0.000000,0.000000,0.000000,0.000000,0.000000,2.595814,2.595814,3.796373,0.000000,0.467263,1.244343,1.044196,0.00569768,0.01883389,0.00510306,0.552981,1.827898,0.495270,-0.552981,2.042833,0.767916,2.100544,2.755555,1.678174,,,,,,within deadband and CO2 rising; MFC zero
2026-05-16 16:15:22,206.1,451.636,451.498,452.000,0.502,14.894300,100.836000,51.503500,0.713476,18.000000,97.055589,0.000000,0.000000,0.000000,0.000000,0.000000,0.000000,2.595814,2.595814,3.844443,0.000000,0.467263,1.185572,1.009257,0.01102543,0.01678239,0.00307600,1.070079,1.628824,0.298543,-1.070079,1.525735,0.966990,2.297271,2.571779,1.517621,,,,,,within deadband and CO2 rising; MFC zero
2026-05-16 16:15:25,209.1,451.817,451.522,452.000,0.478,14.895200,100.834000,51.513500,0.714203,18.000000,97.053664,0.000000,0.000000,0.000000,0.000000,0.000000,0.000000,2.595814,2.595814,3.821741,0.000000,0.467263,1.144735,1.022225,0.01063886,0.01533754,0.00176666,1.032540,1.488565,0.171461,-1.032540,1.563274,1.107249,2.424353,2.553443,1.510160,,,,,,within deadband and CO2 rising; MFC zero
2026-05-16 16:15:28,212.1,451.909,451.544,452.000,0.456,14.892700,100.836000,51.503500,0.710798,18.000000,97.055589,0.000000,0.000000,0.000000,0.000000,0.000000,0.000000,2.595814,2.595814,3.868937,0.000000,0.467263,1.109412,1.003443,0.00589928,0.01399513,0.00210965,0.572558,1.358305,0.204753,-0.572558,2.023256,1.237509,2.391061,2.485274,1.396111,,,,,,within deadband and CO2 rising; MFC zero
2026-05-16 16:15:32,215.6,451.715,451.577,452.000,0.423,14.873100,100.832000,51.503500,0.712151,18.000000,97.051739,0.000000,0.000000,0.000000,0.000000,0.000000,0.000000,2.545429,2.545429,3.912823,0.000000,0.467263,1.074245,0.968743,0.00675644,0.01260240,0.00173709,0.655724,1.223084,0.168587,-0.655724,1.889705,1.322344,2.376841,2.400796,1.309815,,,,,,within deadband and CO2 rising; MFC zero
2026-05-16 16:15:35,219.1,451.568,451.621,452.000,0.379,14.876000,100.835000,51.500200,0.711341,18.000000,97.054627,0.000000,0.000000,0.000000,0.000000,0.000000,0.000000,2.440411,2.440411,4.005623,0.000000,0.467263,1.047668,0.967936,0.00420176,0.01134627,0.00370318,0.407801,1.101208,0.359411,-0.407801,2.032610,1.339203,2.081000,2.317999,1.204744,,,,,,within deadband and CO2 rising; MFC zero
2026-05-16 16:15:39,222.6,451.714,451.714,452.000,0.286,14.871700,100.834000,51.510200,0.711950,18.000000,97.053664,0.000000,0.000000,0.000000,0.000000,0.000000,0.000000,2.276487,2.276487,4.015525,0.000000,0.467263,1.027654,0.967612,0.00200004,0.01038489,0.00464458,0.194111,1.007891,0.450774,-0.194111,2.082376,1.268595,1.825713,2.314243,1.173763,,,,,,within deadband and CO2 rising; MFC zero
2026-05-16 16:15:42,226.1,451.582,451.725,452.000,0.275,14.883200,100.837000,51.506800,0.711628,18.000000,97.056552,0.000000,0.000000,0.000000,0.000000,0.000000,0.000000,2.053980,2.053980,4.004079,0.000000,0.467263,1.012332,0.966367,-0.00144541,0.00941734,0.00580057,-0.140286,0.914014,0.562983,0.140286,2.194266,1.139966,1.490996,2.255547,1.144650,,,,,,within deadband and CO2 rising; MFC zero
2026-05-16 16:15:46,229.6,451.942,451.723,452.000,0.277,14.868600,100.838000,51.510200,0.713302,18.000000,97.057514,0.000000,0.000000,0.000000,0.000000,0.000000,0.000000,1.774000,1.774000,3.968447,0.000000,0.467263,0.999677,0.961713,0.01408430,0.00844403,0.00702033,1.366987,0.819557,0.681376,-1.366987,0.407013,0.954443,1.092624,2.189118,1.107527,,,,,,within deadband and CO2 rising; MFC zero
2026-05-16 16:15:49,233.1,451.540,451.723,452.000,0.277,14.866700,100.836000,51.506800,0.710560,18.000000,97.055589,0.000000,0.000000,0.000000,0.000000,0.000000,0.000000,1.507356,1.507356,3.912954,0.000000,0.467263,0.987767,0.952035,0.00400008,0.00802133,0.00561256,0.388230,0.778515,0.544730,-0.388230,1.119126,0.728841,0.962626,2.146475,1.072461,,,,,,within deadband and CO2 rising; MFC zero
2026-05-16 16:15:52,236.1,450.895,451.793,452.000,0.207,14.854500,100.836000,51.506800,0.712703,18.000000,97.055589,0.000000,0.000000,0.000000,0.000000,0.000000,0.000000,1.285830,1.285830,3.842860,0.000000,0.467263,0.975213,0.937550,-0.01435323,0.00781970,0.00783604,-1.393061,0.758945,0.760532,1.393061,2.678892,0.526885,0.525299,2.100478,1.034890,,,,,,within deadband and CO2 rising; MFC zero
2026-05-16 16:15:55,239.1,452.093,451.729,452.000,0.271,14.843900,100.839000,51.500200,0.711960,18.000000,97.058477,0.000000,0.000000,0.000000,0.000000,0.000000,0.000000,1.073212,1.073212,3.760202,0.000000,0.467263,0.961095,0.918740,0.01505912,0.00761572,0.00675136,1.461615,0.739170,0.655277,-1.461615,-0.388403,0.334042,0.417935,2.028980,0.998301,,,,,,within deadband and CO2 rising; MFC zero
2026-05-16 16:15:59,242.6,452.126,451.805,452.000,0.195,14.848100,100.836000,51.510200,0.712197,18.000000,97.055589,0.000000,0.000000,0.000000,0.000000,0.000000,0.000000,0.834491,0.834491,3.664881,0.000000,0.467263,0.944432,0.894446,0.00653805,0.00756722,0.00606140,0.634555,0.734441,0.588293,-0.634555,0.199936,0.100050,0.246198,1.974467,0.958925,,,,,,within deadband and CO2 rising; MFC zero
2026-05-16 16:16:02,246.1,452.187,451.840,452.000,0.160,14.865600,100.837000,51.506800,0.711078,18.000000,97.056552,0.000000,0.000000,0.000000,0.000000,0.000000,0.000000,0.608886,0.608886,3.558933,0.000000,0.467263,0.923837,0.862049,0.00927765,0.00772746,0.00671240,0.900456,0.750000,0.651482,-0.900456,-0.291570,-0.141115,-0.042597,1.934161,0.917281,,,,,,within deadband and CO2 rising; MFC zero
2026-05-16 16:16:06,249.6,451.825,451.886,452.000,0.114,14.869600,100.836000,51.510100,0.713323,18.000000,97.055589,0.000000,0.000000,0.000000,0.000000,0.000000,0.000000,0.397972,0.397972,3.444201,0.000000,0.467263,0.898204,0.821305,0.00620191,0.00794570,0.00836094,0.601930,0.771175,0.811476,-0.601930,-0.203958,-0.373203,-0.413504,1.879752,0.872650,,,,,,within deadband and CO2 rising; MFC zero
2026-05-16 16:16:09,252.6,451.595,451.914,452.000,0.086,14.832400,100.839000,51.506800,0.712735,18.000000,97.058477,0.000000,0.000000,0.000000,0.000000,0.000000,0.000000,0.226405,0.226405,3.323028,0.000000,0.467263,0.867763,0.776441,0.00373123,0.00778704,0.00837236,0.362147,0.755798,0.812609,-0.362147,-0.135742,-0.529392,-0.586203,1.825035,0.822022,,,,,,within deadband and CO2 rising; MFC zero
2026-05-16 16:16:12,255.6,451.675,451.903,452.000,0.097,14.834000,100.835000,51.513500,0.711171,18.000000,97.054627,0.000000,0.000000,0.000000,0.000000,0.000000,0.000000,0.105096,0.105096,3.199180,0.000000,0.467263,0.832774,0.727809,-0.00287401,0.00766476,0.00647806,-0.278936,0.743900,0.628726,0.278936,0.384031,-0.638805,-0.523630,1.791236,0.769537,,,,,,within deadband and CO2 rising; MFC zero
2026-05-16 16:16:15,259.1,451.917,451.882,452.000,0.118,14.829700,100.838000,51.513500,0.712527,18.000000,97.057514,0.000000,0.000000,0.000000,0.000000,0.000000,0.000000,0.011838,0.011838,3.075468,0.000000,0.467263,0.793788,0.676828,0.01023550,0.00737465,0.00714466,0.993433,0.715765,0.693443,-0.993433,-0.981595,-0.703927,-0.681605,1.745308,0.715060,,,,,,within deadband and CO2 rising; MFC zero
2026-05-16 16:16:19,262.6,452.123,451.935,452.000,0.065,14.832800,100.836000,51.506800,0.711377,18.000000,97.055589,0.000000,0.000000,0.000000,0.000000,0.000000,0.000000,0.000000,0.000000,2.956937,0.000000,0.467263,0.752226,0.627542,0.01314311,0.00729590,0.00827951,1.275613,0.708108,0.803573,-1.275613,-1.275613,-0.708108,-0.803573,1.715255,0.664512,,,,,,within deadband and CO2 rising; MFC zero
2026-05-16 16:16:22,266.1,451.640,451.962,452.000,0.038,14.844500,100.833000,51.506800,0.710147,18.000000,97.052702,0.000000,0.000000,0.000000,0.000000,0.000000,0.000000,0.000000,0.000000,2.843830,0.000000,0.467263,0.709156,0.579945,0.00643710,0.00700345,0.00743016,0.624738,0.679703,0.721117,-0.624738,-0.624738,-0.679703,-0.721117,1.687333,0.616697,,,,,,within deadband and CO2 rising; MFC zero
2026-05-16 16:16:26,269.6,451.974,452.001,452.000,-0.001,14.833800,100.837000,51.506800,0.713348,18.000000,97.056552,0.000000,0.000000,0.000000,0.000000,0.000000,0.000000,0.000000,0.000000,2.735671,0.000000,0.467263,0.665321,0.533816,0.00961364,0.00666931,0.00618185,0.933067,0.647300,0.599989,-0.933067,-0.933067,-0.647300,-0.599989,1.666744,0.572224,,,,,,at/above target within deadband; MFC zero
2026-05-16 16:16:29,272.6,452.031,452.041,452.000,-0.041,14.808900,100.838000,51.500200,0.712908,18.000000,97.057514,0.000000,0.000000,0.000000,0.000000,0.000000,0.000000,0.000000,0.000000,2.631422,0.000000,0.467263,0.621003,0.488048,0.00870606,0.00689688,0.00619642,0.844989,0.669394,0.601409,-0.844989,-0.844989,-0.669394,-0.601409,1.643209,0.532026,,,,,,at/above target within deadband; MFC zero
2026-05-16 16:16:32,275.6,451.969,452.019,452.000,-0.019,14.820000,100.834000,51.500200,0.713090,18.000000,97.053664,0.000000,0.000000,0.000000,0.000000,0.000000,0.000000,0.000000,0.000000,2.530809,0.000000,0.467263,0.576759,0.444026,0.00561356,0.00643950,0.00612268,0.544817,0.624977,0.594228,-0.544817,-0.544817,-0.624977,-0.594228,1.593948,0.492747,,,,,,at/above target within deadband; MFC zero
2026-05-16 16:16:35,279.1,453.230,452.125,452.000,-0.125,14.817200,100.834000,51.503500,0.712246,18.000000,97.053664,0.000000,0.000000,0.000000,0.000000,0.000000,0.000000,0.000000,0.000000,2.434130,0.000000,0.467263,0.532791,0.400887,0.02556354,0.00663776,0.00865468,2.481035,0.644219,0.839968,-2.481035,-2.481035,-0.644219,-0.839968,1.524005,0.455618,,,,,,at/above target within deadband; MFC zero
2026-05-16 16:16:39,282.6,452.116,452.215,452.000,-0.215,14.829100,100.835000,51.510100,0.712230,18.000000,97.054627,0.000000,0.000000,0.000000,0.000000,0.000000,0.000000,0.000000,0.000000,2.341090,0.000000,0.467263,0.489242,0.358596,0.00863883,0.00660139,0.01015442,0.838439,0.640695,0.985533,-0.838439,-0.838439,-0.640695,-0.985533,1.453470,0.420100,,,,,,at/above target within deadband; MFC zero
2026-05-16 16:16:42,286.1,452.508,452.295,452.000,-0.295,14.794700,100.834000,51.496900,0.710711,18.000000,97.053664,0.000000,0.000000,0.000000,0.000000,0.000000,0.000000,0.000000,0.000000,2.251425,0.000000,0.467263,0.446218,0.317147,0.01270613,0.00666595,0.01057531,1.233177,0.646955,1.026373,-1.233177,-1.233177,-0.646955,-1.026373,1.430292,0.386391,,,,,,at/above target within deadband; MFC zero
2026-05-16 16:16:46,289.6,452.101,452.315,452.000,-0.315,14.814700,100.837000,51.510200,0.711118,18.000000,97.056552,0.000000,0.000000,0.000000,0.000000,0.000000,0.000000,0.000000,0.000000,2.164898,0.000000,0.467263,0.403849,0.276741,0.00368075,0.00658107,0.00973960,0.357241,0.638736,0.945292,-0.357241,-0.357241,-0.638736,-0.945292,1.382372,0.354581,,,,,,at/above target within deadband; MFC zero
2026-05-16 16:16:49,293.1,452.304,452.294,452.000,-0.294,14.810800,100.837000,51.506800,0.710471,18.000000,97.056552,0.000000,0.000000,0.000000,0.000000,0.000000,0.000000,0.000000,0.000000,2.080891,0.000000,0.467263,0.361873,0.235943,0.00178158,0.00658021,0.00837657,0.172914,0.638653,0.813001,-0.172914,-0.172914,-0.638653,-0.813001,1.331350,0.324459,,,,,,at/above target within deadband; MFC zero
2026-05-16 16:16:52,296.1,452.442,452.239,452.000,-0.239,14.808700,100.836000,51.503500,0.711465,18.000000,97.055589,0.000000,0.000000,0.000000,0.000000,0.000000,0.000000,0.000000,0.000000,1.999261,0.000000,0.467263,0.320126,0.194887,0.03063975,0.00676146,0.01041476,2.973759,0.656238,1.010810,-2.973759,-2.973759,-0.656238,-1.010810,1.239902,0.295369,,,,,,at/above target within deadband; MFC zero
2026-05-16 16:16:55,299.1,452.308,452.246,452.000,-0.246,14.809700,100.838000,51.503500,0.713089,18.000000,97.057514,0.000000,0.000000,0.000000,0.000000,0.000000,0.000000,0.000000,0.000000,1.920241,0.000000,0.467263,0.278557,0.153849,0.00598342,0.00684946,0.00905133,0.580736,0.664791,0.878499,-0.580736,-0.580736,-0.664791,-0.878499,1.182389,0.267548,,,,,,at/above target within deadband; MFC zero
2026-05-16 16:16:59,302.6,452.514,452.280,452.000,-0.280,14.793900,100.838000,51.506800,0.711129,18.000000,97.057514,0.000000,0.000000,0.000000,0.000000,0.000000,0.000000,0.000000,0.000000,1.843669,0.000000,0.467263,0.237347,0.113715,0.00791626,0.00709906,0.00943044,0.768333,0.689017,0.915295,-0.768333,-0.768333,-0.689017,-0.915295,1.106661,0.240892,,,,,,at/above target within deadband; MFC zero
2026-05-16 16:17:02,306.1,452.766,452.399,452.000,-0.399,14.780200,100.839000,51.506800,0.711777,18.000000,97.058477,0.000000,0.000000,0.000000,0.000000,0.000000,0.000000,0.000000,0.000000,1.769396,0.000000,0.467263,0.196656,0.074583,0.01048761,0.00724071,0.01122951,1.017911,0.702772,1.089919,-1.017911,-1.017911,-0.702772,-1.089919,0.999946,0.214431,,,,,,at/above target within deadband; MFC zero
2026-05-16 16:17:06,309.6,452.609,452.495,452.000,-0.495,14.786700,100.840000,51.506800,0.711082,18.000000,97.059439,0.000000,0.000000,0.000000,0.000000,0.000000,0.000000,0.000000,0.000000,1.697290,0.000000,0.467263,0.156477,0.035942,0.01413473,0.00726831,0.01229824,1.371909,0.705458,1.193660,-1.371909,-1.371909,-0.705458,-1.193660,0.909745,0.188081,,,,,,at/above target within deadband; MFC zero
2026-05-16 16:17:09,313.1,452.527,452.509,452.000,-0.509,14.780300,100.838000,51.506800,0.712201,18.000000,97.057514,0.000000,0.000000,0.000000,0.000000,0.000000,0.000000,0.000000,0.000000,1.626943,0.000000,0.467263,0.117358,0.000000,0.00927750,0.00741817,0.01142889,0.900451,0.719990,1.109260,-0.900451,-0.900451,-0.719990,-1.109260,0.843293,0.162311,,,,,,at/above target within deadband; MFC zero
2026-05-16 16:17:12,316.1,452.151,452.534,452.000,-0.534,14.789600,100.834000,51.510100,0.710427,18.000000,97.053664,0.000000,0.000000,0.000000,0.000000,0.000000,0.000000,0.000000,0.000000,1.558271,0.000000,0.467263,0.088018,0.000000,0.00373117,0.00732377,0.01015388,0.362123,0.710799,0.985471,-0.362123,-0.362123,-0.710799,-0.985471,0.782052,0.136870,,,,,,at/above target within deadband; MFC zero
2026-05-16 16:17:15,319.1,452.360,452.554,452.000,-0.554,14.772200,100.834000,51.506800,0.711200,18.000000,97.053664,0.000000,0.000000,0.000000,0.000000,0.000000,0.000000,0.000000,0.000000,1.491454,0.000000,0.467263,0.066014,0.000000,0.00899178,0.00726196,0.00989335,0.872685,0.704800,0.960186,-0.872685,-0.872685,-0.704800,-0.960186,0.721791,0.111581,,,,,,at/above target within deadband; MFC zero
2026-05-16 16:17:19,322.6,452.783,452.607,452.000,-0.607,14.775100,100.837000,51.513500,0.711557,18.000000,97.056552,0.000000,0.000000,0.000000,0.000000,0.000000,0.000000,0.000000,0.000000,1.426396,0.000000,0.467263,0.049510,0.000000,0.01324396,0.00768722,0.01173994,1.285413,0.746095,1.139438,-1.285413,-1.285413,-0.746095,-1.139438,0.669087,0.086446,,,,,,at/above target within deadband; MFC zero
2026-05-16 16:17:22,326.1,452.787,452.746,452.000,-0.746,14.782300,100.837000,51.506800,0.710965,18.000000,97.056552,0.000000,0.000000,0.000000,0.000000,0.000000,0.000000,0.000000,0.000000,1.363007,0.000000,0.467263,0.037133,0.000000,0.01492465,0.00803626,0.01429693,1.448536,0.779972,1.387611,-1.448536,-1.448536,-0.779972,-1.387611,0.596755,0.060994,,,,,,at/above target within deadband; MFC zero
2026-05-16 16:17:26,329.6,452.875,452.781,452.000,-0.781,14.763000,100.840000,51.506800,0.709372,18.000000,97.059439,0.000000,0.000000,0.000000,0.000000,0.000000,0.000000,0.000000,0.000000,1.301201,0.000000,0.467263,0.027850,0.000000,0.01463894,0.00799734,0.01229445,1.420847,0.776218,1.193292,-1.420847,-1.420847,-0.776218,-1.193292,0.522896,0.035739,,,,,,at/above target within deadband; MFC zero
2026-05-16 16:17:29,332.6,452.179,452.884,452.000,-0.884,14.767600,100.835000,51.500200,0.712114,18.000000,97.054627,0.000000,0.000000,0.000000,0.000000,0.000000,0.000000,0.000000,0.000000,1.240693,0.000000,0.467263,0.020887,0.000000,0.00015126,0.00837796,0.01313474,0.014681,0.813119,1.274787,-0.014681,-0.014681,-0.813119,-1.274787,0.519178,0.010390,,,,,,at/above target within deadband; MFC zero
2026-05-16 16:17:32,335.6,453.099,452.911,452.000,-0.911,14.762800,100.833000,51.506800,0.714598,18.000000,97.052702,0.000000,0.000000,0.000000,0.000000,0.000000,0.000000,0.000000,0.000000,1.181428,0.000000,0.467263,0.015665,0.000000,0.00947918,0.00838834,0.01185836,0.919980,0.814111,1.150886,-0.919980,-0.919980,-0.814111,-1.150886,0.458795,-0.014936,,,,,,at/above target within deadband; MFC zero
2026-05-16 16:17:35,339.1,453.036,452.887,452.000,-0.887,14.763300,100.834000,51.506800,0.709679,18.000000,97.053664,0.000000,0.000000,0.000000,0.000000,0.000000,0.000000,0.000000,0.000000,1.123550,0.000000,0.467263,0.011749,0.000000,0.01015145,0.00874631,0.01334239,0.985235,0.848861,1.294927,-0.985235,-0.985235,-0.848861,-1.294927,0.405782,-0.040110,,,,,,at/above target within deadband; MFC zero
2026-05-16 16:17:39,342.6,452.696,452.874,452.000,-0.874,14.792700,100.832000,51.503500,0.710855,18.000000,97.051739,0.000000,0.000000,0.000000,0.000000,0.000000,0.000000,0.000000,0.000000,1.066996,0.000000,0.467263,0.008812,0.000000,-0.00729439,0.00891802,0.01364075,-0.707933,0.865509,1.323858,0.707933,0.707933,-0.865509,-1.323858,0.392726,-0.065238,,,,,,at/above target within deadband; MFC zero
2026-05-16 16:17:42,346.1,452.930,452.813,452.000,-0.813,14.757100,100.836000,51.506800,0.713788,18.000000,97.055589,0.000000,0.000000,0.000000,0.000000,0.000000,0.000000,0.000000,0.000000,1.011708,0.000000,0.467263,0.006609,0.000000,0.01287442,0.00924540,0.01423474,1.249534,0.897318,1.381561,-1.249534,-1.249534,-0.897318,-1.381561,0.328706,-0.090421,,,,,,at/above target within deadband; MFC zero
2026-05-16 16:17:45,349.1,452.947,452.879,452.000,-0.879,14.743200,100.837000,51.503500,0.712798,18.000000,97.056552,0.000000,0.000000,0.000000,0.000000,0.000000,0.000000,0.000000,0.000000,0.957459,0.000000,0.467263,0.004957,0.000000,0.01421899,0.00941153,0.01246175,1.380047,0.913451,1.209494,-1.380047,-1.380047,-0.913451,-1.209494,0.263431,-0.115539,,,,,,at/above target within deadband; MFC zero
2026-05-16 16:17:48,352.1,453.257,452.921,452.000,-0.921,14.730600,100.836000,51.503500,0.716329,18.000000,97.055589,0.000000,0.000000,0.000000,0.000000,0.000000,0.000000,0.000000,0.000000,0.904211,0.000000,0.467263,0.003717,0.000000,0.02462235,0.00941236,0.01150041,2.389737,0.913522,1.116179,-2.389737,-2.389737,-0.913522,-1.116179,0.162999,-0.140853,,,,,,at/above target within deadband; MFC zero
2026-05-16 16:17:52,355.6,452.581,452.917,452.000,-0.917,14.763400,100.836000,51.506900,0.712775,18.000000,97.055589,0.000000,0.000000,0.000000,0.000000,0.000000,0.000000,0.000000,0.000000,0.852086,0.000000,0.467263,0.002788,0.000000,0.00233618,0.00944191,0.00943857,0.226739,0.916390,0.916066,-0.226739,-0.226739,-0.916390,-0.916066,0.105497,-0.166023,,,,,,at/above target within deadband; MFC zero
2026-05-16 16:17:55,359.1,453.066,452.871,452.000,-0.871,14.740700,100.837000,51.506800,0.712151,18.000000,97.056552,0.000000,0.000000,0.000000,0.000000,0.000000,0.000000,0.000000,0.000000,0.801038,0.000000,0.467263,0.002091,0.000000,0.01314312,0.00943943,0.00753242,1.275626,0.916158,0.731070,-1.275626,-1.275626,-0.916158,-0.731070,0.023093,-0.191022,,,,,,at/above target within deadband; MFC zero
2026-05-16 16:17:59,362.6,452.924,452.862,452.000,-0.862,14.748000,100.837000,51.506800,0.710852,18.000000,97.056552,0.000000,0.000000,0.000000,0.000000,0.000000,0.000000,0.000000,0.000000,0.751022,0.000000,0.467263,0.001568,0.000000,0.00438664,0.00921324,0.00510783,0.425752,0.894205,0.495748,-0.425752,-0.425752,-0.894205,-0.495748,-0.023902,-0.214717,,,,,,at/above target within deadband; MFC zero
2026-05-16 16:18:02,366.1,452.769,452.832,452.000,-0.832,14.739600,100.835000,51.510100,0.713803,18.000000,97.054627,0.000000,0.000000,0.000000,0.000000,0.000000,0.000000,0.000000,0.000000,0.701998,0.000000,0.467263,0.001176,0.000000,-0.00078993,0.00915273,0.00437919,-0.076667,0.888314,0.425020,0.076667,0.076667,-0.888314,-0.425020,-0.046615,-0.237551,,,,,,at/above target within deadband; MFC zero
2026-05-16 16:18:06,369.6,452.629,452.763,452.000,-0.763,14.737400,100.837000,51.500200,0.708913,18.000000,97.056552,0.000000,0.000000,0.000000,0.000000,0.000000,0.000000,0.000000,0.000000,0.653928,0.000000,0.467263,0.000882,0.000000,0.00788250,0.00913165,0.00281315,0.765048,0.886287,0.273035,-0.765048,-0.765048,-0.886287,-0.273035,-0.116829,-0.260055,,,,,,at/above target within deadband; MFC zero
2026-05-16 16:18:09,372.6,452.854,452.773,452.000,-0.773,14.739600,100.835000,51.503500,0.713004,18.000000,97.054627,0.000000,0.000000,0.000000,0.000000,0.000000,0.000000,0.000000,0.000000,0.605857,0.000000,0.467263,0.000662,0.000000,0.00549591,0.00899473,0.00038625,0.533403,0.872980,0.037487,-0.533403,-0.533403,-0.872980,-0.037487,-0.171273,-0.283522,,,,,,at/above target within deadband; MFC zero
2026-05-16 16:18:12,375.6,452.725,452.700,452.000,-0.700,14.729100,100.833000,51.503500,0.711883,18.000000,97.052702,0.000000,0.000000,0.000000,0.000000,0.000000,0.000000,0.000000,0.000000,0.557786,0.000000,0.467263,0.000496,0.000000,0.00964726,0.00862054,-0.00236756,0.936293,0.836647,-0.229778,-0.936293,-0.936293,-0.836647,0.229778,-0.213091,-0.308180,,,,,,at/above target within deadband; MFC zero
2026-05-16 16:18:15,379.1,453.347,452.743,452.000,-0.743,14.732600,100.835000,51.510100,0.712777,18.000000,97.054627,0.000000,0.000000,0.000000,0.000000,0.000000,0.000000,0.000000,0.000000,0.509716,0.000000,0.467263,0.000372,0.000000,0.01186579,0.00857889,-0.00383380,1.151630,0.832621,-0.372088,-1.151630,-1.151630,-0.832621,0.372088,-0.289557,-0.335126,,,,,,at/above target within deadband; MFC zero
2026-05-16 16:18:19,382.6,452.430,452.580,452.000,-0.580,14.717400,100.837000,51.506800,0.713531,18.000000,97.056552,0.000000,0.000000,0.000000,0.000000,0.000000,0.000000,0.000000,0.000000,0.461645,0.000000,0.467263,0.000279,0.000000,-0.01000019,0.00805897,-0.00716112,-0.970584,0.782176,-0.695033,0.970584,0.970584,-0.782176,0.695033,-0.309413,-0.363831,,,,,,at/above target within deadband; MFC zero
2026-05-16 16:18:22,386.1,452.382,452.523,452.000,-0.523,14.716600,100.836000,51.513500,0.711688,18.000000,97.055589,0.000000,0.000000,0.000000,0.000000,0.000000,0.000000,0.000000,0.000000,0.413574,0.000000,0.467263,0.000209,0.000000,-0.00398327,0.00744028,-0.00783759,-0.386599,0.722121,-0.760682,0.386599,0.386599,-0.722121,0.760682,-0.330508,-0.395111,,,,,,at/above target within deadband; MFC zero
2026-05-16 16:18:26,389.6,452.631,452.487,452.000,-0.487,14.729700,100.836000,51.506800,0.713773,18.000000,97.055589,0.000000,0.000000,0.000000,0.000000,0.000000,0.000000,0.000000,0.000000,0.365504,0.000000,0.467263,0.000157,0.000000,-0.01645437,0.00704535,-0.00987341,-1.596989,0.683791,-0.958269,1.596989,1.596989,-0.683791,0.958269,-0.329884,-0.428278,,,,,,at/above target within deadband; MFC zero
2026-05-16 16:18:29,392.6,452.637,452.471,452.000,-0.471,14.721400,100.834000,51.506800,0.709494,18.000000,97.053664,0.000000,0.000000,0.000000,0.000000,0.000000,0.000000,0.000000,0.000000,0.317433,0.000000,0.467263,0.000118,0.000000,-0.00262194,0.00676275,-0.00882829,-0.254469,0.656349,-0.856818,0.254469,0.254469,-0.656349,0.856818,-0.362639,-0.463350,,,,,,at/above target within deadband; MFC zero
2026-05-16 16:18:32,395.6,452.198,452.438,452.000,-0.438,14.729400,100.836000,51.516800,0.714305,18.000000,97.055589,0.000000,0.000000,0.000000,0.000000,0.000000,0.000000,0.000000,0.000000,0.270296,0.000000,0.467263,0.000088,0.000000,-0.01085754,0.00642671,-0.00989298,-1.053785,0.623748,-0.960169,1.053785,1.053785,-0.623748,0.960169,-0.378119,-0.499389,,,,,,at/above target within deadband; MFC zero
2026-05-16 16:18:35,399.1,452.332,452.380,452.000,-0.380,14.724100,100.836000,51.506800,0.711505,18.000000,97.055589,0.000000,0.000000,0.000000,0.000000,0.000000,0.000000,0.000000,0.000000,0.225103,0.000000,0.467263,0.000066,0.000000,-0.01072290,0.00576951,-0.01251933,-1.040718,0.559963,-1.215071,1.040718,1.040718,-0.559963,1.215071,-0.396487,-0.534558,,,,,,at/above target within deadband; MFC zero
2026-05-16 16:18:39,402.6,451.958,452.300,452.000,-0.300,14.709100,100.835000,51.513500,0.711198,18.000000,97.054627,0.000000,0.000000,0.000000,0.000000,0.000000,0.000000,0.000000,0.000000,0.182946,0.000000,0.467263,0.000050,0.000000,-0.01304228,0.00519475,-0.01428888,-1.265813,0.504175,-1.386802,1.265813,1.265813,-0.504175,1.386802,-0.411609,-0.567387,,,,,,at/above target within deadband; MFC zero
2026-05-16 16:18:42,406.1,451.889,452.193,452.000,-0.193,14.707900,100.837000,51.500200,0.711459,18.000000,97.056552,0.000000,0.000000,0.000000,0.000000,0.000000,0.000000,0.000000,0.000000,0.144909,0.000000,0.467263,0.000037,0.000000,-0.01504232,0.00449218,-0.01519934,-1.459955,0.435995,-1.475195,1.459955,1.459955,-0.435995,1.475195,-0.425207,-0.596572,,,,,,at/above target within deadband; MFC zero
2026-05-16 16:18:46,409.6,451.459,452.078,452.000,-0.078,14.718500,100.840000,51.506800,0.711858,18.000000,97.059439,0.000000,0.000000,0.000000,0.000000,0.000000,0.000000,0.000000,0.000000,0.112057,0.000000,0.467263,0.000028,0.000000,-0.02660561,0.00386643,-0.01629285,-2.582326,0.375274,-1.581375,2.582326,2.582326,-0.375274,1.581375,-0.384924,-0.621196,,,,,,at/above target within deadband; MFC zero
2026-05-16 16:18:49,413.1,452.117,452.050,452.000,-0.050,14.702500,100.837000,51.503500,0.712291,18.000000,97.056552,0.000000,0.000000,0.000000,0.000000,0.000000,0.000000,0.000000,0.000000,0.084143,0.000000,0.467263,0.000021,0.000000,-0.01129433,0.00310309,-0.01566896,-1.096189,0.301176,-1.520775,1.096189,1.096189,-0.301176,1.520775,-0.385348,-0.640271,,,,,,at/above target within deadband; MFC zero
2026-05-16 16:18:52,416.1,451.456,451.925,452.000,0.075,14.708600,100.836000,51.506800,0.710803,18.000000,97.055589,0.000000,0.000000,0.000000,0.000000,0.000000,0.000000,0.000000,0.000000,0.060331,0.000000,0.467263,0.000016,0.000000,-0.02341220,0.00245412,-0.01859320,-2.272285,0.238186,-1.804574,2.272285,2.272285,-0.238186,1.804574,-0.392878,-0.654439,,,,,,within deadband and CO2 rising; MFC zero
2026-05-16 16:18:55,419.1,451.781,451.830,452.000,0.170,14.705800,100.837000,51.510200,0.710850,18.000000,97.056552,0.000000,0.000000,0.000000,0.000000,0.000000,0.000000,0.000000,0.000000,0.040457,0.000000,0.467263,0.000012,0.000000,-0.02374837,0.00157068,-0.01980551,-2.304935,0.152445,-1.922255,2.304935,2.304935,-0.152445,1.922255,-0.343002,-0.663448,,,,,,within deadband and CO2 rising; MFC zero
2026-05-16 16:18:59,422.6,452.155,451.771,452.000,0.229,14.697800,100.837000,51.503500,0.709677,18.000000,97.056552,0.000000,0.000000,0.000000,0.000000,0.000000,0.000000,0.000000,0.000000,0.025004,0.000000,0.467263,0.000009,0.000000,-0.01154645,0.00084795,-0.02011159,-1.120659,0.082299,-1.951962,1.120659,1.120659,-0.082299,1.951962,-0.325951,-0.666825,,,,,,within deadband and CO2 rising; MFC zero
2026-05-16 16:19:02,426.1,452.562,451.747,452.000,0.253,14.700500,100.836000,51.503500,0.712379,18.000000,97.055589,0.000000,0.000000,0.000000,0.000000,0.000000,0.000000,0.000000,0.000000,0.013728,0.000000,0.467263,0.000007,0.000000,-0.00357990,0.00019231,-0.01914516,-0.347449,0.018665,-1.858144,0.347449,0.347449,-0.018665,1.858144,-0.314117,-0.664557,,,,,,within deadband and CO2 rising; MFC zero
2026-05-16 16:19:06,429.6,451.695,451.717,452.000,0.283,14.689700,100.837000,51.506800,0.711784,18.000000,97.056552,0.000000,0.000000,0.000000,0.000000,0.000000,0.000000,0.000000,0.000000,0.006358,0.000000,0.467263,0.000005,0.000000,-0.01045398,-0.00054553,-0.01881544,-1.014628,-0.052947,-1.826162,1.014628,1.014628,0.052947,1.826162,-0.291551,-0.656665,,,,,,within lower deadband; partial feedforward
2026-05-16 16:19:09,433.1,451.580,451.708,452.000,0.292,14.694200,100.838000,51.506800,0.712751,18.000000,97.057514,0.000000,0.000000,0.000000,0.000000,0.000000,0.000000,0.000000,0.000000,0.002165,0.000000,0.467263,0.000004,0.000000,-0.01611798,-0.00143343,-0.01902843,-1.564371,-0.139125,-1.846852,1.564371,1.564371,0.139125,1.846852,-0.260068,-0.644285,,,,,,within lower deadband; partial feedforward
2026-05-16 16:19:12,436.1,451.744,451.661,452.000,0.339,14.687100,100.836000,51.506800,0.713055,18.000000,97.055589,0.000000,0.000000,0.000000,0.000000,0.000000,0.000000,0.000000,0.000000,0.000219,0.000000,0.467263,0.000003,0.000000,-0.01716029,-0.00229810,-0.01956080,-1.665502,-0.223043,-1.898485,1.665502,1.665502,0.223043,1.898485,-0.236337,-0.628325,,,,,,within lower deadband; partial feedforward
2026-05-16 16:19:15,439.1,450.992,451.526,452.000,0.474,14.704100,100.837000,51.510200,0.713781,18.000000,97.056552,0.000000,0.000000,0.000000,0.000000,0.000000,0.000000,0.000000,0.000000,0.000000,0.000000,0.467263,0.000002,0.000000,-0.02196720,-0.00316756,-0.01879550,-2.132060,-0.307433,-1.824226,2.132060,2.132060,0.307433,1.824226,-0.178676,-0.609596,,,,,,within lower deadband; partial feedforward
2026-05-16 16:19:19,442.6,451.277,451.403,452.000,0.597,14.697900,100.837000,51.510100,0.712476,18.000000,97.056552,0.000000,0.000000,0.000000,0.000000,0.000000,0.000000,0.000000,0.000000,0.000000,0.000000,0.467263,0.000002,0.000000,-0.01850486,-0.00398531,-0.02058346,-1.796018,-0.386800,-1.997760,1.796018,1.796018,0.386800,1.997760,-0.121794,-0.589320,,,,,,within lower deadband; partial feedforward
2026-05-16 16:19:22,446.1,451.128,451.340,452.000,0.660,14.685200,100.836000,51.503500,0.713535,18.000000,97.055589,0.000000,0.000000,0.000000,0.000000,0.000000,0.000000,0.000000,0.000000,0.000000,0.000000,0.467263,0.000001,0.000000,-0.02201762,-0.00488979,-0.02183408,-2.136933,-0.474581,-2.119120,2.136933,2.136933,0.474581,2.119120,-0.070652,-0.567945,,,,,,within lower deadband; partial feedforward
2026-05-16 16:19:26,449.6,451.053,451.298,452.000,0.702,14.689400,100.837000,51.513500,0.710090,18.000000,97.056552,0.000000,0.000000,0.000000,0.000000,0.000000,0.000000,0.000000,0.000000,0.000000,0.000000,0.467263,0.000001,0.000000,-0.02097521,-0.00580095,-0.02022659,-2.035782,-0.563020,-1.963123,2.035782,2.035782,0.563020,1.963123,-0.015674,-0.545531,,,,,,within lower deadband; partial feedforward
2026-05-16 16:19:29,453.1,451.114,451.275,452.000,0.725,14.690800,100.838000,51.510100,0.711045,18.000000,97.057514,0.000000,0.000000,0.000000,0.000000,0.000000,0.000000,0.000000,0.000000,0.000000,0.000000,0.467263,0.000001,0.000000,-0.02025248,-0.00667435,-0.01853746,-1.965655,-0.647796,-1.799200,1.965655,1.965655,0.647796,1.799200,0.036375,-0.521139,,,,,,within lower deadband; partial feedforward
2026-05-16 16:19:32,456.1,451.231,451.235,452.000,0.765,14.677500,100.838000,51.506800,0.709648,18.000000,97.057514,0.000000,0.000000,0.000000,0.000000,0.000000,0.000000,0.000000,0.000000,0.000000,0.000000,0.467263,0.000000,0.000000,-0.01277339,-0.00749779,-0.01817399,-1.239754,-0.727716,-1.763922,1.239754,1.239754,0.727716,1.763922,0.069423,-0.496089,,,,,,within lower deadband; partial feedforward
2026-05-16 16:19:35,459.1,450.492,451.156,452.000,0.844,14.699400,100.838000,51.513500,0.710268,18.000000,97.057514,0.000000,0.000000,0.000000,0.000000,0.000000,0.000000,0.000000,0.000000,0.000000,0.000000,0.467263,0.000000,0.000000,-0.02667276,-0.00808938,-0.01891780,-2.588792,-0.785135,-1.836114,2.588792,2.588792,0.785135,1.836114,0.163309,-0.469619,,,,,,within lower deadband; partial feedforward
2026-05-16 16:19:39,462.6,450.782,451.101,452.000,0.899,14.682400,100.837000,51.503500,0.711910,18.000000,97.056552,0.000000,0.000000,0.000000,0.000000,0.000000,0.000000,0.000000,0.000000,0.000000,0.000000,0.467263,0.000000,0.000000,-0.02549630,-0.00882378,-0.01869341,-2.474583,-0.856406,-1.814318,2.474583,2.474583,0.856406,1.814318,0.224661,-0.441895,,,,,,within lower deadband; partial feedforward
2026-05-16 16:19:42,466.1,450.975,451.051,452.000,0.949,14.668700,100.838000,51.506800,0.712554,18.000000,97.057514,0.000000,0.000000,0.000000,0.000000,0.000000,0.000000,0.000000,0.000000,0.000000,0.000000,0.467263,0.000000,0.000000,-0.01966426,-0.00950135,-0.01790245,-1.908564,-0.922177,-1.737567,1.908564,1.908564,0.922177,1.737567,0.282841,-0.412837,,,,,,within lower deadband; partial feedforward
2026-05-16 16:19:46,469.6,451.028,450.996,452.000,1.004,14.664400,100.841000,51.506900,0.710275,18.000000,97.060402,0.000000,0.000000,0.000000,0.000000,0.000000,0.000000,0.000000,0.000000,0.000000,0.000000,0.467263,0.000000,0.000000,-0.01102541,-0.01045015,-0.01743386,-1.070131,-1.014296,-1.692137,1.070131,1.070131,1.014296,1.692137,0.309274,-0.382226,,,,,,within lower deadband; partial feedforward
2026-05-16 16:19:49,473.1,450.989,450.907,452.000,1.093,14.647900,100.840000,51.510200,0.711588,18.000000,97.059439,0.000000,0.000000,0.000000,0.000000,0.000000,0.000000,0.000000,0.000000,0.000000,0.000000,0.467263,0.000000,0.000000,-0.00969751,-0.01137802,-0.01724043,-0.941235,-1.104344,-1.673346,0.941235,0.941235,1.104344,1.673346,0.329907,-0.349948,,,,,,within lower deadband; partial feedforward
2026-05-16 16:19:53,476.6,450.700,450.879,452.000,1.121,14.711300,100.837000,51.510200,0.713010,18.000000,97.056552,0.000000,0.000000,0.000000,0.000000,0.000000,0.000000,0.000000,0.000000,0.000000,0.000000,0.467263,0.000000,0.000000,-0.01465576,-0.01205569,-0.01836441,-1.422437,-1.170083,-1.782386,1.422437,1.422437,1.170083,1.782386,0.411318,-0.316127,,,,,,within lower deadband; partial feedforward
2026-05-16 16:19:56,479.6,450.627,450.811,452.000,1.189,14.668800,100.837000,51.506800,0.713461,18.000000,97.056552,0.000000,0.000000,0.000000,0.000000,0.000000,0.000000,0.000000,0.000000,0.000000,0.000000,0.467263,0.000000,0.000000,-0.01601730,-0.01278976,-0.01934675,-1.554583,-1.241330,-1.877728,1.554583,1.554583,1.241330,1.877728,0.450861,-0.280829,,,,,,within lower deadband; partial feedforward
2026-05-16 16:19:59,482.6,450.971,450.733,452.000,1.267,14.677600,100.839000,51.503500,0.711139,18.000000,97.058477,0.000000,0.000000,0.000000,0.000000,0.000000,0.000000,0.000000,0.000000,0.000000,0.000000,0.467263,0.013669,0.054676,-0.01637039,-0.01340028,-0.01901556,-1.588885,-1.300611,-1.845622,1.588885,1.588885,1.300611,1.845622,0.494513,-0.243984,,,,,,within lower deadband; partial feedforward
2026-05-16 16:20:02,486.1,450.605,450.647,452.000,1.353,14.671400,100.835000,51.510200,0.712256,18.000000,97.054627,0.000000,0.000000,0.000000,0.000000,0.000000,0.000000,0.000000,0.000000,0.000000,0.000000,0.467263,0.044939,0.138749,-0.03413585,-0.01403576,-0.01862392,-3.313042,-1.362235,-1.807537,3.313042,3.313042,1.362235,1.807537,0.574716,-0.205743,,,,,,within lower deadband; partial feedforward
2026-05-16 16:20:06,489.6,450.777,450.562,452.000,1.438,14.653600,100.839000,51.513500,0.711212,18.000000,97.058477,0.000000,0.000000,0.000000,0.000000,0.000000,0.000000,0.000000,0.000000,0.000000,0.000000,0.467263,0.089842,0.224550,-0.01551314,-0.01453267,-0.01709176,-1.505682,-1.410518,-1.658901,1.505682,1.505682,1.410518,1.658901,0.628004,-0.166558,,,,,,within lower deadband; partial feedforward
2026-05-16 16:20:09,493.1,450.457,450.506,452.000,1.494,14.658700,100.836000,51.510200,0.712252,18.000000,97.055589,0.000000,0.000000,0.000000,0.000000,0.000000,0.000000,0.000000,0.000000,0.000000,0.000000,0.467263,0.145551,0.312678,-0.02001756,-0.01531195,-0.01768830,-1.942816,-1.486110,-1.716748,1.942816,1.942816,1.486110,1.716748,0.680657,-0.125704,,,,,,within lower deadband; partial feedforward
2026-05-16 16:20:12,496.1,450.412,450.425,452.000,1.575,14.647200,100.839000,51.510200,0.711591,18.000000,97.058477,0.000000,0.000000,0.000000,0.000000,0.000000,0.000000,0.000000,0.000000,0.000000,0.000000,0.467263,0.209650,0.401948,-0.01769784,-0.01600090,-0.01894747,-1.717725,-1.553023,-1.839013,1.717725,1.717725,1.553023,1.839013,0.719173,-0.083782,,,,,,within lower deadband; partial feedforward
2026-05-16 16:20:15,499.1,449.770,450.290,452.000,1.710,14.661400,100.836000,51.510100,0.711083,18.000000,97.055589,0.000000,0.000000,0.000000,0.000000,0.000000,0.000000,0.000000,0.000000,0.000000,0.000000,0.467263,0.280628,0.493560,-0.01837011,-0.01668881,-0.02147136,-1.782922,-1.619742,-2.083916,1.782922,1.782922,1.619742,2.083916,0.768351,-0.040735,,,,,,within lower deadband; partial feedforward
2026-05-16 16:20:19,502.6,450.025,450.154,452.000,1.846,14.659100,100.841000,51.506800,0.710303,18.000000,97.060402,0.000000,0.000000,0.000000,0.000000,0.000000,0.000000,0.000000,0.000000,0.000000,0.000000,0.467263,0.356757,0.585146,-0.02033654,-0.01720041,-0.02254769,-1.973873,-1.669478,-2.188488,1.973873,1.973873,1.669478,2.188488,0.828708,0.003998,,,,,,within lower deadband; partial feedforward
2026-05-16 16:20:22,506.1,450.363,450.125,452.000,1.875,14.640300,100.838000,51.503500,0.712216,18.000000,97.057514,0.000000,0.000000,0.000000,0.000000,0.000000,0.000000,0.000000,0.000000,0.000000,0.000000,0.467263,0.436316,0.674993,-0.01831969,-0.01734001,-0.02235327,-1.778063,-1.682978,-2.169553,1.778063,1.778063,1.682978,2.169553,0.888460,0.049608,,,,,,within lower deadband; partial feedforward
2026-05-16 16:20:26,509.6,449.602,450.072,452.000,1.928,14.662400,100.837000,51.503500,0.710755,18.000000,97.056552,0.000000,0.000000,0.000000,0.000000,0.000000,0.000000,0.000000,0.000000,0.000000,0.000000,0.467263,0.518578,0.765365,-0.02206769,-0.01788027,-0.02188829,-2.141814,-1.735397,-2.124402,2.141814,2.141814,1.735397,2.124402,0.954435,0.096120,,,,,,within lower deadband; partial feedforward
2026-05-16 16:20:29,513.1,450.358,450.065,452.000,1.935,14.655200,100.840000,51.503500,0.713477,18.000000,97.059439,0.000000,0.000000,0.000000,0.000000,0.000000,0.000000,0.000000,0.000000,0.000000,0.000000,0.467263,0.602749,0.855261,-0.01383221,-0.01803086,-0.02109613,-1.342546,-1.750065,-2.047578,1.342546,1.342546,1.750065,2.047578,0.979569,0.143586,,,,,,within lower deadband; partial feedforward
2026-05-16 16:20:33,516.6,450.193,450.098,452.000,1.902,14.642800,100.837000,51.503500,0.711459,18.000000,97.056552,0.000000,0.000000,0.000000,0.000000,0.000000,0.000000,0.000000,0.000000,0.000000,0.000000,0.467263,0.688236,0.944697,-0.01890794,-0.01824063,-0.02009775,-1.835139,-1.770372,-1.950618,1.835139,1.835139,1.770372,1.950618,1.030590,0.191447,,,,,,within lower deadband; partial feedforward
2026-05-16 16:20:36,519.6,449.799,450.025,452.000,1.975,14.646700,100.838000,51.503500,0.712032,18.000000,97.057514,0.000000,0.000000,0.000000,0.000000,0.000000,0.000000,0.000000,0.000000,0.000000,0.000000,0.467263,0.774348,1.032684,-0.02226936,-0.01849769,-0.02107296,-2.161408,-1.795340,-2.045289,2.161408,2.161408,1.795340,2.045289,1.088861,0.240414,,,,,,within lower deadband; partial feedforward
2026-05-16 16:20:39,522.6,449.816,450.005,452.000,1.995,14.644500,100.834000,51.506800,0.711978,18.000000,97.053664,0.000000,0.000000,0.000000,0.000000,0.000000,0.000000,0.000000,0.000000,0.000000,0.000000,0.467263,0.860455,1.118775,-0.01716000,-0.01855067,-0.01919343,-1.665441,-1.800410,-1.862793,1.665441,1.665441,1.800410,1.862793,1.106593,0.289783,,,,,,within lower deadband; partial feedforward
2026-05-16 16:20:42,526.1,449.240,449.902,452.000,2.098,14.644500,100.837000,51.506800,0.712894,18.000000,97.056552,3.673704,3.673704,3.673704,0.000000,0.000000,0.000000,0.000000,0.000000,0.000000,0.000000,0.467263,0.946131,1.203160,-0.02900890,-0.01878179,-0.01931745,-2.815504,-1.822896,-1.874885,2.815504,2.815504,1.822896,1.874885,1.181871,0.340157,,,,,,below deadband; feedforward + feedback
2026-05-16 16:20:46,529.6,449.722,449.822,452.000,2.178,14.644000,100.835000,51.513500,0.711117,18.000000,97.054627,3.862973,3.862973,3.862973,10.837500,10.837500,8.077169,0.000000,0.000000,0.000000,4.132663,0.497573,1.031096,1.285992,-0.02198363,-0.01897952,-0.01929275,-2.133613,-1.842050,-1.872451,10.210782,2.133613,1.842050,1.872451,1.246939,0.391185,,,,,,below deadband; feedforward + feedback
2026-05-16 16:20:49,533.1,449.611,449.747,452.000,2.253,14.650500,100.838000,51.506800,0.711778,18.000000,97.057514,4.043055,4.043055,4.043055,0.068750,0.068750,0.069711,0.000000,0.000000,0.000000,0.034580,0.504052,1.114762,1.365759,-0.02401767,-0.01889706,-0.01873331,-2.331096,-1.834101,-1.818209,2.400806,2.331096,1.834101,1.818209,1.334362,0.442067,,,,,,below deadband; feedforward + feedback
2026-05-16 16:20:52,536.1,449.723,449.722,452.000,2.278,14.643200,100.839000,51.500200,0.710675,18.000000,97.058477,4.157971,4.157971,4.157971,2.012500,2.012500,1.361686,0.000000,0.000000,0.000000,0.675138,0.504911,1.196961,1.443557,-0.01642079,-0.01900301,-0.01736986,-1.593777,-1.844404,-1.685893,2.955463,1.593777,1.844404,1.685893,1.368075,0.493192,,,,,,below deadband; feedforward + feedback
2026-05-16 16:20:55,539.1,449.950,449.611,452.000,2.389,14.642100,100.839000,51.510200,0.711368,18.000000,97.058477,4.384769,4.384769,4.384769,4.031250,4.031250,3.002216,0.144431,0.144431,0.002675,1.490210,0.513425,1.278723,1.524008,-0.01137857,-0.01912990,-0.01785343,-1.104386,-1.856719,-1.732827,4.106602,1.248817,2.001150,1.877257,1.414824,0.547217,,,,,,below deadband; feedforward + feedback
2026-05-16 16:20:59,542.6,449.410,449.593,452.000,2.407,14.632300,100.841000,51.513500,0.710612,18.000000,97.060402,4.489404,4.489404,4.489404,4.337500,4.337500,3.229938,0.202497,0.202497,0.006425,1.647211,0.524519,1.360088,1.604183,-0.02196684,-0.01917761,-0.01698355,-2.132110,-1.861387,-1.648430,5.362048,2.334607,2.063884,1.850927,1.465942,0.601996,,,,,,below deadband; feedforward + feedback
2026-05-16 16:21:02,546.1,449.590,449.477,452.000,2.523,14.628000,100.837000,51.506800,0.709779,18.000000,97.056552,4.720082,4.720082,4.720082,4.456250,4.456250,3.308944,0.207493,0.207493,0.010267,1.692610,0.536043,1.440658,1.682371,-0.02415175,-0.01923494,-0.01755444,-2.344085,-1.866877,-1.703774,5.653029,2.551579,2.074370,1.911267,1.511773,0.656861,,,,,,below deadband; feedforward + feedback
2026-05-16 16:21:06,549.6,449.236,449.415,452.000,2.585,14.618800,100.839000,51.506800,0.713044,18.000000,97.058477,4.880676,4.880676,4.880676,4.687500,4.687500,3.490192,0.263249,0.263249,0.015142,1.782202,0.548117,1.520522,1.760114,-0.01470616,-0.01927491,-0.01642849,-1.427357,-1.870794,-1.594524,4.917550,1.690606,2.134043,1.857773,1.557248,0.712793,,,,,,below deadband; feedforward + feedback
2026-05-16 16:21:09,553.1,449.470,449.315,452.000,2.685,14.633200,100.837000,51.503500,0.711475,18.000000,97.056552,5.090589,5.090589,5.090589,4.862500,4.862500,3.615672,0.325408,0.325408,0.021168,1.845800,0.560657,1.599742,1.837401,-0.00744556,-0.01939701,-0.01760735,-0.722640,-1.882607,-1.708909,4.338312,1.048048,2.208015,2.034317,1.586535,0.769848,,,,,,below deadband; feedforward + feedback
2026-05-16 16:21:13,556.6,449.347,449.228,452.000,2.772,14.616800,100.842000,51.503500,0.715114,18.000000,97.061364,5.282013,5.282013,5.282013,5.062500,5.062500,3.773683,0.389736,0.389736,0.028385,1.873947,0.573671,1.678283,1.913904,-0.00707575,-0.01938184,-0.01858969,-0.686782,-1.881228,-1.804341,4.460465,1.076517,2.270964,2.194076,1.623809,0.827396,,,,,,below deadband; feedforward + feedback
2026-05-16 16:21:16,559.6,449.219,449.193,452.000,2.807,14.625000,100.837000,51.506800,0.712024,18.000000,97.056552,5.404362,5.404362,5.404362,5.256250,5.256250,3.913105,0.447441,0.447441,0.036671,1.938776,0.585300,1.755869,1.988628,-0.01176490,-0.01916694,-0.01964976,-1.141861,-1.860277,-1.907138,5.054966,1.589301,2.307718,2.354578,1.674567,0.885551,,,,,,below deadband; feedforward + feedback
2026-05-16 16:21:19,562.6,449.001,449.117,452.000,2.883,14.616900,100.836000,51.500200,0.711197,18.000000,97.055589,5.580657,5.580657,5.580657,5.406250,5.406250,4.010700,0.507056,0.507056,0.046061,1.983184,0.597265,1.832757,2.063422,-0.01564736,-0.01938969,-0.02075853,-1.518664,-1.881878,-2.014731,5.529364,2.025720,2.388935,2.521788,1.694106,0.944275,,,,,,below deadband; feedforward + feedback
2026-05-16 16:21:22,566.1,448.842,449.059,452.000,2.941,14.621600,100.836000,51.513500,0.712507,18.000000,97.055589,5.732045,5.732045,5.732045,5.575000,5.575000,4.126885,0.579194,0.579194,0.056787,2.114501,0.611650,1.909049,2.137923,-0.01534483,-0.01947033,-0.02033306,-1.489302,-1.889704,-1.973437,5.616187,2.068496,2.468899,2.552631,1.725253,1.003368,,,,,,below deadband; feedforward + feedback
2026-05-16 16:21:26,569.6,449.864,449.048,452.000,2.952,14.619200,100.842000,51.516800,0.711484,18.000000,97.061364,5.822598,5.822598,5.822598,5.725000,5.725000,4.243070,0.654198,0.654198,0.068902,2.169614,0.626439,1.984608,2.211285,-0.00181516,-0.01929343,-0.02008269,-0.176182,-1.872647,-1.949254,4.419252,0.830380,2.526845,2.603452,1.711056,1.062824,,,,,,below deadband; feedforward + feedback
2026-05-16 16:21:29,573.1,448.716,448.960,452.000,3.040,14.591500,100.840000,51.506800,0.710403,18.000000,97.059439,6.011079,6.011079,6.011079,5.812500,5.812500,4.317428,0.731822,0.731822,0.082454,2.143890,0.641453,2.059469,2.284052,-0.02433664,-0.01920346,-0.02042960,-2.362101,-1.863877,-1.982886,6.679529,3.093923,2.595700,2.714708,1.763639,1.123047,,,,,,below deadband; feedforward + feedback
2026-05-16 16:21:32,576.1,448.578,448.894,452.000,3.106,14.628000,100.839000,51.503500,0.713029,18.000000,97.058477,6.172054,6.172054,6.172054,5.993750,5.993750,4.456850,0.800423,0.800423,0.097277,2.207780,0.654743,2.133648,2.356186,-0.02714342,-0.01914560,-0.01958109,-2.634499,-1.858243,-1.900511,7.091348,3.434922,2.658666,2.700934,1.807734,1.183833,,,,,,below deadband; feedforward + feedback
2026-05-16 16:21:35,579.1,448.721,448.859,452.000,3.141,14.622100,100.839000,51.506900,0.712704,18.000000,97.058477,6.290923,6.290923,6.290923,6.162500,6.162500,4.577682,0.870805,0.870805,0.113403,2.342820,0.668420,2.207449,2.428854,-0.01811829,-0.01915942,-0.01943219,-1.758534,-1.859584,-1.886058,6.336216,2.629339,2.730389,2.756864,1.837153,1.244765,,,,,,below deadband; feedforward + feedback
2026-05-16 16:21:39,582.6,448.744,448.813,452.000,3.187,14.612100,100.838000,51.506800,0.713596,18.000000,97.057514,6.424264,6.424264,6.424264,6.287500,6.287500,4.675277,0.954316,0.954316,0.131075,2.388405,0.684702,2.281077,2.501962,-0.00569769,-0.01915479,-0.01794993,-0.553004,-1.859117,-1.742176,5.228281,1.507320,2.813433,2.696492,1.841625,1.306203,,,,,,below deadband; feedforward + feedback
2026-05-16 16:21:42,586.1,448.871,448.748,452.000,3.252,14.610300,100.836000,51.503500,0.711720,18.000000,97.055589,6.582846,6.582846,6.582846,6.400000,6.400000,4.768225,1.040048,1.040048,0.150336,2.439117,0.701326,2.354726,2.575674,-0.01068946,-0.01911605,-0.01844052,-1.037472,-1.855319,-1.789756,5.805697,2.077520,2.895367,2.829803,1.853061,1.367894,,,,,,below deadband; feedforward + feedback
2026-05-16 16:21:46,589.6,448.807,448.697,452.000,3.303,14.599900,100.838000,51.503500,0.712090,18.000000,97.057514,6.722599,6.722599,6.722599,6.575000,6.575000,4.884410,1.128671,1.128671,0.171237,2.419308,0.718260,2.428266,2.648883,-0.01490811,-0.01901325,-0.01819310,-1.446944,-1.845379,-1.765777,6.331354,2.575615,2.974050,2.894448,1.852937,1.429919,,,,,,below deadband; feedforward + feedback
2026-05-16 16:21:49,592.6,448.781,448.626,452.000,3.374,14.613800,100.839000,51.506900,0.709940,18.000000,97.058477,6.879067,6.879067,6.879067,6.712500,6.712500,4.995947,1.206321,1.206321,0.190057,2.477502,0.733186,2.493301,2.688406,-0.01394986,-0.01906788,-0.01834059,-1.353952,-1.850699,-1.780109,6.349900,2.560274,3.057021,2.986430,1.865798,1.459503,,,,,,below deadband; feedforward + feedback
2026-05-16 16:21:52,595.6,448.442,448.545,452.000,3.455,14.612600,100.837000,51.510200,0.712658,18.000000,97.056552,7.051702,7.051702,7.051702,6.875000,6.875000,5.102838,1.285391,1.285391,0.213427,2.532436,0.748448,2.560635,2.762639,-0.02152983,-0.01917764,-0.01794057,-2.089611,-1.861316,-1.741249,7.192449,3.375003,3.146707,3.026641,1.907231,1.522191,,,,,,below deadband; feedforward + feedback
2026-05-16 16:21:55,599.1,448.488,448.498,452.000,3.502,14.597800,100.839000,51.503500,0.713241,18.000000,97.058477,7.182955,7.182955,7.182955,7.037500,7.037500,5.232965,1.379553,1.379553,0.242927,2.678873,0.766681,2.630008,2.838125,-0.01724403,-0.01923936,-0.01780049,-1.673679,-1.867343,-1.727689,6.906644,3.053232,3.246896,3.107241,1.914328,1.617742,,,,,,below deadband; feedforward + feedback
2026-05-16 16:21:59,602.6,448.269,448.471,452.000,3.529,14.613900,100.842000,51.506800,0.711287,18.000000,97.061364,7.296232,7.296232,7.296232,7.175000,7.175000,5.330560,1.475896,1.475896,0.270258,2.726374,0.785286,2.709096,2.946359,-0.01257169,-0.01909066,-0.01645021,-1.220225,-1.852965,-1.596680,6.550785,2.696121,3.328861,3.072576,1.943503,1.680911,,,,,,below deadband; feedforward + feedback
2026-05-16 16:22:02,606.1,447.942,448.426,452.000,3.574,14.616600,100.840000,51.510100,0.711814,18.000000,97.059439,7.433946,7.433946,7.433946,9.462500,9.462500,7.310349,1.574808,1.574808,0.299421,3.737737,0.810456,2.787529,3.022831,-0.02670643,-0.01890074,-0.01631863,-2.592112,-1.834495,-1.583877,9.902461,4.166919,3.409303,3.158685,2.014234,1.744392,,,,,,below deadband; feedforward + feedback
2026-05-16 16:22:06,609.6,448.699,448.462,452.000,3.538,14.608100,100.841000,51.513500,0.711698,18.000000,97.060402,7.464882,7.464882,7.464882,4.781250,4.781250,3.578493,1.676457,1.676457,0.330467,1.772631,0.829241,2.865655,3.100032,-0.01213471,-0.01855212,-0.01430568,-1.177800,-1.800676,-1.388515,4.756292,2.854256,3.477133,3.064972,2.048301,1.807803,,,,,,below deadband; feedforward + feedback
2026-05-16 16:22:09,612.6,448.736,448.467,452.000,3.533,14.593000,100.838000,51.506800,0.713004,18.000000,97.057514,7.528181,7.528181,7.528181,7.231250,7.231250,5.358444,1.765131,1.765131,0.356552,2.660635,0.843019,2.935541,3.145200,-0.01233639,-0.01836708,-0.01430743,-1.197340,-1.782663,-1.388643,6.555784,2.962471,3.547795,3.153775,2.064922,1.839439,,,,,,below deadband; feedforward + feedback
2026-05-16 16:22:12,615.6,448.446,448.462,452.000,3.538,14.593600,100.838000,51.503500,0.713497,18.000000,97.057514,7.607545,7.607545,7.607545,7.512500,7.512500,5.572224,1.884686,1.884686,0.390819,2.755330,0.859633,3.007625,3.223878,-0.01023551,-0.01819621,-0.01276230,-0.993433,-1.766079,-1.238677,6.565657,2.878118,3.650765,3.123363,2.088809,1.903287,,,,,,below deadband; feedforward + feedback
2026-05-16 16:22:15,619.1,448.533,448.545,452.000,3.455,14.632500,100.837000,51.516800,0.711432,18.000000,97.056552,7.580205,7.580205,7.580205,7.600000,7.600000,5.641935,1.999876,1.999876,0.435091,2.889103,0.879349,3.089312,3.334371,-0.01152967,-0.01786004,-0.00956121,-1.119030,-1.733434,-0.927978,6.760965,3.118906,3.733311,2.927854,2.114923,1.997845,,,,,,below deadband; feedforward + feedback
2026-05-16 16:22:19,622.6,448.771,448.585,452.000,3.415,14.595000,100.840000,51.506800,0.713097,18.000000,97.059439,7.609682,7.609682,7.609682,7.568750,7.568750,5.618698,2.086331,2.086331,0.473727,2.871391,0.899065,3.170226,3.412967,-0.00319334,-0.01738217,-0.00680589,-0.309944,-1.687104,-0.660576,5.928642,2.396275,3.773435,2.746907,2.126039,2.060561,,,,,,below deadband; feedforward + feedback
2026-05-16 16:22:22,626.1,448.620,448.679,452.000,3.321,14.604600,100.839000,51.506900,0.712115,18.000000,97.058477,7.568555,7.568555,7.568555,7.618750,7.618750,5.660525,2.194086,2.194086,0.514358,2.908189,0.918857,3.250995,3.493303,-0.00361358,-0.01689094,-0.00367439,-0.350728,-1.639409,-0.356631,6.011253,2.544814,3.833495,2.550717,2.133592,2.122763,,,,,,below deadband; feedforward + feedback
2026-05-16 16:22:26,629.6,449.266,448.748,452.000,3.252,14.594000,100.838000,51.506800,0.714566,18.000000,97.057514,7.558659,7.558659,7.558659,7.562500,7.562500,5.618698,2.303674,2.303674,0.557018,2.784211,0.938466,3.331579,3.573332,-0.00489093,-0.01621721,0.00003944,-0.474701,-1.574002,0.003828,6.093399,2.778375,3.877676,2.299846,2.147344,2.184145,,,,,,below deadband; feedforward + feedback
2026-05-16 16:22:29,632.6,448.952,448.810,452.000,3.190,14.604800,100.837000,51.503500,0.713954,18.000000,97.056552,7.550624,7.550624,7.550624,7.550000,7.550000,5.618698,2.397500,2.397500,0.590482,2.785818,0.955340,3.403364,3.618719,0.00396653,-0.01554014,0.00300185,0.384978,-1.508273,0.291349,5.233720,2.012522,3.905772,2.106151,2.144892,2.215448,,,,,,below deadband; feedforward + feedback
2026-05-16 16:22:32,635.6,449.574,448.978,452.000,3.022,14.586800,100.840000,51.506800,0.710786,18.000000,97.059439,7.405948,7.405948,7.405948,7.550000,7.550000,5.604756,2.491661,2.491661,0.635785,2.862310,0.972212,3.476958,3.697739,0.01674008,-0.01475863,0.00763576,1.624783,-1.432465,0.741123,3.979973,0.866878,3.924126,1.750538,2.124915,2.275017,,,,,,below deadband; feedforward + feedback
2026-05-16 16:22:35,639.1,448.901,449.146,452.000,2.854,14.588900,100.837000,51.510100,0.713600,18.000000,97.056552,7.261902,7.261902,7.261902,7.406250,7.406250,5.507161,2.601197,2.601197,0.695729,2.822033,0.991583,3.551832,3.776453,0.00137818,-0.01375285,0.01288524,0.133761,-1.334804,1.250597,5.373399,2.467436,3.936001,1.350601,2.139059,2.362020,,,,,,below deadband; feedforward + feedback
2026-05-16 16:22:39,642.6,449.692,449.324,452.000,2.676,14.591100,100.838000,51.503500,0.712160,18.000000,97.057514,7.115619,7.115619,7.115619,7.256250,7.256250,5.409565,2.710398,2.710398,0.745921,2.759830,1.010578,3.637425,3.894206,0.01184897,-0.01266625,0.01757216,1.150032,-1.229355,1.705510,4.259534,1.560367,3.939753,1.004888,2.122129,2.419119,,,,,,below deadband; feedforward + feedback
2026-05-16 16:22:42,646.1,449.683,449.464,452.000,2.536,14.576000,100.838000,51.506800,0.713849,18.000000,97.057514,7.017730,7.017730,7.017730,7.118750,7.118750,5.298028,2.819470,2.819470,0.798134,2.708473,1.029176,3.721363,3.973177,0.01803397,-0.01151283,0.02163362,1.750333,-1.117407,2.099706,3.547695,1.069137,3.936877,0.719764,2.106584,2.474947,,,,,,below deadband; feedforward + feedback
2026-05-16 16:22:46,649.6,449.558,449.580,452.000,2.420,14.591800,100.839000,51.506800,0.712143,18.000000,97.058477,6.949282,6.949282,6.949282,7.025000,7.025000,5.219022,2.926734,2.926734,0.852333,2.592348,1.047431,3.803889,4.051466,0.01685747,-0.01041663,0.02505842,1.636160,-1.011022,2.432132,3.582862,1.290574,3.937757,0.494602,2.110667,2.529085,,,,,,below deadband; feedforward + feedback
2026-05-16 16:22:49,652.6,449.461,449.562,452.000,2.438,14.603600,100.837000,51.510200,0.711941,18.000000,97.056552,7.043627,7.043627,7.043627,6.950000,6.950000,5.167901,3.017036,3.017036,0.891691,2.556007,1.062996,3.874271,4.085417,0.01877351,-0.00957845,0.02554971,1.822092,-0.929651,2.479767,3.345809,1.194944,3.946687,0.537269,2.094017,2.554860,,,,,,below deadband; feedforward + feedback
2026-05-16 16:22:52,655.6,449.236,449.551,452.000,2.449,14.597100,100.841000,51.503500,0.711473,18.000000,97.060402,7.129571,7.129571,7.129571,7.043750,7.043750,5.232965,3.105595,3.105595,0.948156,2.593539,1.078669,3.946261,4.162233,0.01709277,-0.00867412,0.02532501,1.659031,-0.841914,2.458056,3.573933,1.446563,3.947508,0.647539,2.103205,2.606554,,,,,,below deadband; feedforward + feedback
2026-05-16 16:22:55,659.1,449.786,449.579,452.000,2.421,14.581600,100.840000,51.506800,0.711758,18.000000,97.059439,7.177059,7.177059,7.177059,7.131250,7.131250,5.307323,3.207618,3.207618,1.006477,2.712564,1.097167,4.030149,4.281810,0.01879028,-0.00766475,0.02544970,1.823774,-0.743936,2.470134,3.483548,1.383843,3.951554,0.737484,2.102503,2.657126,,,,,,below deadband; feedforward + feedback
2026-05-16 16:22:59,662.6,450.113,449.691,452.000,2.309,14.579800,100.841000,51.516800,0.713332,18.000000,97.060402,7.112491,7.112491,7.112491,7.181250,7.181250,5.335207,3.308466,3.308466,1.086383,2.733552,1.115828,4.110444,4.351331,0.03613519,-0.00635089,0.02732285,3.507296,-0.616420,2.651967,1.827911,-0.198830,3.924887,0.656499,2.079544,2.731942,,,,,,below deadband; feedforward + feedback
2026-05-16 16:23:02,666.1,449.040,449.785,452.000,2.215,14.562400,100.839000,51.513500,0.711930,18.000000,97.058477,7.067475,7.067475,7.067475,7.100000,7.100000,5.293381,3.409986,3.409986,1.149531,2.703991,1.134380,4.187715,4.419527,0.00818504,-0.00504776,0.02815884,0.794427,-0.489928,2.733054,4.498953,2.615559,3.899914,0.676931,2.066628,2.778936,,,,,,below deadband; feedforward + feedback
2026-05-16 16:23:06,669.6,449.700,449.882,452.000,2.118,14.579200,100.840000,51.496900,0.711716,18.000000,97.059439,7.014729,7.014729,7.014729,7.068750,7.068750,5.251554,3.512887,3.512887,1.214584,2.691107,1.152815,4.261979,4.484773,0.01773145,-0.00378859,0.02787982,1.721004,-0.367719,2.706000,3.530550,1.791883,3.880606,0.806887,2.071928,2.824678,,,,,,below deadband; feedforward + feedback
2026-05-16 16:23:09,673.1,449.803,450.031,452.000,1.969,14.589300,100.838000,51.503500,0.711950,18.000000,97.057514,1.299960,3.014729,3.014729,7.012500,7.012500,5.209728,3.616550,3.616550,1.281557,2.585195,1.171012,4.333201,4.546864,0.01910963,-0.00261272,0.02709191,1.854733,-0.253584,2.629473,3.354995,1.761817,3.870133,0.987076,2.068576,2.868827,,,,,,within lower deadband; partial feedforward
2026-05-16 16:23:12,676.1,449.506,450.046,452.000,1.954,14.611700,100.840000,51.513500,0.711405,18.000000,97.059439,1.317352,1.317352,1.317352,2.975000,2.975000,2.253986,3.704811,3.704811,1.350165,1.118552,1.178142,4.391174,4.565094,0.01005079,-0.00183089,0.02394510,0.975524,-0.177705,2.324098,1.278462,2.729287,3.882516,1.380713,2.087308,2.911966,,,,,,within lower deadband; partial feedforward
2026-05-16 16:23:15,679.1,450.151,450.042,452.000,1.958,14.565900,100.839000,51.496900,0.710661,18.000000,97.058477,1.334797,1.334797,1.334797,0.000000,0.000000,0.000000,3.792544,3.792544,1.420397,0.000000,1.178142,4.449324,4.623776,0.02119405,-0.00095726,0.02341688,2.057063,-0.092910,2.272806,-2.057063,1.735481,3.885454,1.519738,2.086430,2.953923,,,,,,within lower deadband; partial feedforward
2026-05-16 16:23:19,682.6,449.834,450.009,452.000,1.991,14.569800,100.839000,51.500200,0.711408,18.000000,97.058477,1.355275,1.355275,1.355275,0.000000,0.000000,0.000000,3.894180,3.894180,1.492512,0.000000,1.178142,4.517584,4.722364,0.01650480,-0.00003526,0.02084325,1.601931,-0.003423,2.023014,-1.601931,2.292249,3.897602,1.871166,2.092326,2.995185,,,,,,within lower deadband; partial feedforward
2026-05-16 16:23:22,686.1,449.637,449.929,452.000,2.071,14.586100,100.839000,51.503500,0.712088,18.000000,97.058477,7.273951,5.355275,5.355275,0.000000,0.000000,0.000000,3.948089,3.948089,1.565624,0.000000,1.178142,4.581911,4.774892,0.00704215,0.00075305,0.01545665,0.683501,0.073090,1.500199,-0.683501,3.264589,3.874999,2.447891,2.119854,3.035778,,,,,,below deadband; feedforward + feedback
2026-05-16 16:23:26,689.6,449.743,449.809,452.000,2.191,14.581300,100.837000,51.510200,0.709852,18.000000,97.056552,7.490460,7.490460,7.490460,9.187500,9.187500,6.836315,3.948089,3.948089,1.638737,3.391158,1.201404,4.642116,4.822732,0.00324375,0.00144876,0.01014595,0.314827,0.140612,0.984731,6.521488,3.633262,3.807477,2.963359,2.147473,3.074150,,,,,,below deadband; feedforward + feedback
2026-05-16 16:23:29,692.6,450.134,449.832,452.000,2.168,14.558400,100.840000,51.503500,0.711604,18.000000,97.059439,7.506402,7.506402,7.506402,5.243750,5.243750,3.917752,3.948089,3.948089,1.680725,1.945045,1.217707,4.688522,4.827737,0.01872307,0.00231073,0.00859566,1.817250,0.224278,0.834290,2.100502,2.130839,3.723812,3.113799,2.147171,3.085962,,,,,,below deadband; feedforward + feedback
2026-05-16 16:23:32,695.6,449.790,449.806,452.000,2.194,14.567400,100.838000,51.506800,0.713613,18.000000,97.057514,7.585004,7.585004,7.585004,7.362500,7.362500,5.469982,3.948089,3.948089,1.752509,2.706563,1.231190,4.732847,4.865823,0.00394966,0.00313783,0.00726890,0.383344,0.304550,0.705501,5.086638,3.564746,3.643539,3.242588,2.187575,3.120389,,,,,,below deadband; feedforward + feedback
2026-05-16 16:23:35,699.1,450.547,449.903,452.000,2.097,14.562200,100.839000,51.513500,0.712859,18.000000,97.058477,7.509853,7.509853,7.509853,7.537500,7.537500,5.614051,4.058504,4.058504,1.826300,2.878569,1.250720,4.783710,4.936298,0.02169791,0.00413196,0.00769614,2.105966,0.401041,0.746976,3.508085,1.952538,3.657462,3.311528,2.189709,3.154699,,,,,,below deadband; feedforward + feedback
2026-05-16 16:23:39,702.6,450.225,450.122,452.000,1.878,14.567100,100.839000,51.500200,0.713889,18.000000,97.058477,0.000000,3.509853,3.509853,7.475000,7.475000,5.567577,4.167653,4.167653,1.937299,2.847455,1.270231,4.829616,4.967335,0.00805059,0.00539268,0.00944630,0.781378,0.523405,0.916843,4.786199,3.386275,3.644248,3.250810,2.222100,3.214018,,,,,,within deadband and CO2 rising; MFC zero
2026-05-16 16:23:42,706.1,450.779,450.305,452.000,1.695,14.579400,100.841000,51.506800,0.710879,18.000000,97.060402,0.000000,0.000000,0.000000,3.456250,3.456250,2.607187,4.257696,4.257696,2.016145,1.330663,1.279882,4.870857,4.994579,0.01774826,0.00652207,0.01233717,1.722653,0.633035,1.197451,0.884534,2.535043,3.624661,3.060245,2.216907,3.247384,,,,,,within deadband and CO2 rising; MFC zero
2026-05-16 16:23:46,709.6,450.087,450.348,452.000,1.652,14.565400,100.840000,51.510100,0.710544,18.000000,97.059439,0.000000,0.000000,0.000000,0.000000,0.000000,0.000000,4.366329,4.366329,2.097003,0.000000,1.279882,4.908189,5.020188,0.00719341,0.00728158,0.01141979,0.698188,0.706746,1.108399,-0.698188,3.668141,3.659583,3.257930,2.245324,3.281042,,,,,,within deadband and CO2 rising; MFC zero
2026-05-16 16:23:49,713.1,450.057,450.536,452.000,1.464,14.564800,100.841000,51.506900,0.712911,18.000000,97.060402,0.000000,0.000000,0.000000,0.000000,0.000000,0.000000,4.468597,4.468597,2.179755,0.000000,1.279882,4.941679,5.042148,0.01085739,0.00848663,0.01352920,1.053823,0.823715,1.313149,-1.053823,3.414775,3.644882,3.155448,2.265392,3.314575,,,,,,within deadband and CO2 rising; MFC zero
2026-05-16 16:23:52,716.1,449.574,450.369,452.000,1.631,14.536200,100.839000,51.503500,0.711959,18.000000,97.058477,0.000000,0.000000,0.000000,0.000000,0.000000,0.000000,4.512709,4.512709,2.263324,0.000000,1.279882,4.971487,5.060911,-0.00571440,0.00889920,0.00867650,-0.554631,0.863743,0.842128,0.554631,5.067340,3.648966,3.670581,2.329717,3.347993,,,,,,within deadband and CO2 rising; MFC zero
2026-05-16 16:23:55,719.1,450.090,450.317,452.000,1.683,14.554100,100.841000,51.510200,0.711982,18.000000,97.060402,0.000000,0.000000,0.000000,0.000000,0.000000,0.000000,4.368278,4.368278,2.341543,0.000000,1.279882,4.995772,5.068628,0.00576482,0.00942525,0.00711419,0.559536,0.914818,0.690506,-0.559536,3.808743,3.453460,3.677772,2.377123,3.374887,,,,,,within deadband and CO2 rising; MFC zero
2026-05-16 16:23:59,722.6,450.470,450.231,452.000,1.769,14.547400,100.839000,51.506800,0.713464,18.000000,97.058477,0.000000,0.000000,0.000000,0.000000,0.000000,0.000000,4.310212,4.310212,2.417612,0.000000,1.279882,5.013995,5.068663,0.01109285,0.01010125,0.00743917,1.076655,0.980412,0.722035,-1.076655,3.233557,3.329800,3.588177,2.393771,3.398330,,,,,,within deadband and CO2 rising; MFC zero
2026-05-16 16:24:02,726.1,450.132,450.278,452.000,1.722,14.547600,100.838000,51.503500,0.712821,18.000000,97.057514,0.000000,0.000000,0.000000,0.000000,0.000000,0.000000,4.305216,4.305216,2.493496,0.000000,1.279882,5.026333,5.063346,-0.00104206,0.01069700,0.00925471,-0.101139,1.038224,0.898239,0.101139,4.406355,3.266992,3.406977,2.428118,3.420416,,,,,,within deadband and CO2 rising; MFC zero
2026-05-16 16:24:05,729.1,449.955,450.182,452.000,1.818,14.561700,100.842000,51.510100,0.711597,18.000000,97.061364,0.000000,0.000000,0.000000,0.000000,0.000000,0.000000,4.257967,4.257967,2.525577,0.000000,1.279882,5.030344,5.042376,0.00428588,0.01102288,0.00814253,0.415993,1.069896,0.790325,-0.415993,3.841974,3.188071,3.467642,2.453825,3.416191,,,,,,within deadband and CO2 rising; MFC zero
2026-05-16 16:24:08,732.1,450.453,450.248,452.000,1.752,14.544600,100.843000,51.506900,0.710098,18.000000,97.062327,0.000000,0.000000,0.000000,0.000000,0.000000,0.000000,4.205284,4.205284,2.597250,0.000000,1.279882,5.030036,5.029113,0.00779861,0.01126146,0.00827652,0.756951,1.093064,0.803338,-0.756951,3.448333,3.112220,3.401946,2.485783,3.433976,,,,,,within deadband and CO2 rising; MFC zero
2026-05-16 16:24:12,735.6,450.270,450.186,452.000,1.814,14.541900,100.837000,51.510200,0.711529,18.000000,97.056552,0.000000,0.000000,0.000000,0.000000,0.000000,0.000000,4.141537,4.141537,2.666634,0.000000,1.279882,5.025742,5.012859,0.01284060,0.01151531,0.00645063,1.246265,1.117636,0.626076,-1.246265,2.895273,3.023901,3.515461,2.519369,3.448811,,,,,,within deadband and CO2 rising; MFC zero
2026-05-16 16:24:15,739.1,449.560,450.056,452.000,1.944,14.547000,100.839000,51.516800,0.711097,18.000000,97.058477,0.000000,0.000000,0.000000,0.000000,0.000000,0.000000,4.074963,4.074963,2.733639,0.000000,1.279882,5.015199,4.983572,-0.01055484,0.01159756,0.00424821,-1.024437,1.125641,0.412325,1.024437,5.099400,2.949322,3.662638,2.592513,3.461144,,,,,,within deadband and CO2 rising; MFC zero
2026-05-16 16:24:19,742.6,449.312,449.944,452.000,2.056,14.542300,100.839000,51.500200,0.714732,18.000000,97.058477,7.671734,4.000000,4.000000,0.000000,0.000000,0.000000,4.005653,4.005653,2.840764,0.000000,1.279882,4.999021,4.950485,-0.00319334,0.01151792,0.00147457,-0.309941,1.117912,0.143119,0.309941,4.315593,2.887741,3.862533,2.653496,3.491741,,,,,,below deadband; feedforward + feedback
2026-05-16 16:24:22,746.1,449.552,449.891,452.000,2.109,14.548400,100.839000,51.510100,0.710579,18.000000,97.058477,7.719735,7.719735,7.719735,3.631250,3.631250,2.667604,3.933515,3.933515,2.902881,1.325116,1.291406,4.977472,4.912826,0.00294123,0.01141712,-0.00375762,0.285472,1.108128,-0.364709,2.382132,3.648043,2.825387,4.298224,2.682747,3.498343,,,,,,below deadband; feedforward + feedback
2026-05-16 16:24:25,749.1,450.144,449.843,452.000,2.157,14.550100,100.840000,51.503500,0.711461,18.000000,97.059439,7.756831,7.756831,7.756831,7.606250,7.606250,5.665172,3.869381,3.869381,2.920454,2.811836,1.308212,4.953294,4.880761,0.00673965,0.01131732,-0.00767635,0.654147,1.098453,-0.745062,5.011025,3.215234,2.770928,4.614443,2.692428,3.485117,,,,,,below deadband; feedforward + feedback
2026-05-16 16:24:28,752.1,450.021,449.883,452.000,2.117,14.547900,100.841000,51.510200,0.714162,18.000000,97.060402,7.676919,7.676919,7.676919,7.700000,7.700000,5.706999,3.803297,3.803297,2.977711,2.923060,1.325341,4.924429,4.837833,-0.00189919,0.01140214,-0.00818913,-0.184336,1.106697,-0.794840,5.891335,3.987634,2.696601,4.598138,2.749833,3.488204,,,,,,below deadband; feedforward + feedback
2026-05-16 16:24:32,755.6,450.561,450.025,452.000,1.975,14.573300,100.843000,51.510100,0.708924,18.000000,97.062327,0.000000,3.676919,3.676919,7.650000,7.650000,5.679114,3.779660,3.779660,3.033126,2.899370,1.345245,4.888121,4.779199,0.01793301,0.01150469,-0.00799222,1.740620,1.116672,-0.775743,3.938494,2.039040,2.662988,4.555404,2.730653,3.489427,,,,,,within deadband and CO2 rising; MFC zero
2026-05-16 16:24:35,759.1,450.481,450.103,452.000,1.897,14.543800,100.843000,51.510100,0.710152,18.000000,97.062327,0.000000,0.000000,3.676919,3.637500,3.637500,2.709430,3.798508,3.798508,3.128689,1.386851,1.355329,4.849305,4.732856,-0.00015126,0.01136429,-0.00833732,-0.014682,1.103044,-0.809239,2.724112,3.813190,2.695463,4.607747,2.739534,3.504165,,,,,,within deadband and CO2 rising; MFC zero
2026-05-16 16:24:39,762.6,450.082,450.221,452.000,1.779,14.573900,100.838000,51.503500,0.711526,18.000000,97.057514,0.000000,0.000000,3.676919,3.650000,3.650000,2.709430,3.825837,3.825837,3.181865,1.383132,1.364813,4.808972,4.687973,-0.00941195,0.01120523,-0.00635461,-0.913501,1.087552,-0.616763,3.622931,4.739338,2.738285,4.442600,2.799386,3.502773,,,,,,within deadband and CO2 rising; MFC zero
2026-05-16 16:24:42,766.1,449.572,450.186,452.000,1.814,14.550100,100.842000,51.510200,0.711710,18.000000,97.061364,0.000000,0.000000,0.000000,3.600000,3.600000,2.709430,3.844775,3.844775,3.233805,1.340078,1.374252,4.768047,4.645270,-0.01862222,0.01082853,-0.00394158,-1.807498,1.051032,-0.382575,4.516929,5.652274,2.793743,4.227351,2.865586,3.500891,,,,,,within deadband and CO2 rising; MFC zero
2026-05-16 16:24:45,769.1,450.154,450.116,452.000,1.884,14.547100,100.837000,51.503500,0.713038,18.000000,97.056552,0.000000,0.000000,0.000000,0.000000,0.000000,0.000000,3.814877,3.814877,3.244369,0.000000,1.374252,4.731470,4.621742,0.00112609,0.01038626,-0.00486885,0.109295,1.008055,-0.472553,-0.109295,3.705582,2.806822,4.287430,2.880858,3.488272,,,,,,within deadband and CO2 rising; MFC zero
2026-05-16 16:24:48,772.1,450.379,450.085,452.000,1.915,14.545100,100.840000,51.503500,0.711758,18.000000,97.059439,0.000000,0.000000,0.000000,0.000000,0.000000,0.000000,3.782565,3.782565,3.292622,0.000000,1.374252,4.693865,4.581050,-0.02218571,0.00993546,-0.00183410,-2.153333,0.964330,-0.178017,2.153333,5.935898,2.818235,3.960581,2.941954,3.485439,,,,,,within deadband and CO2 rising; MFC zero
2026-05-16 16:24:52,775.6,450.189,449.953,452.000,2.047,14.556600,100.839000,51.513500,0.711438,18.000000,97.058477,7.311603,4.000000,0.000000,0.000000,0.000000,0.000000,3.743178,3.743178,3.376772,0.000000,1.374252,4.650329,4.519721,0.01033650,0.00924282,-0.00298044,1.003245,0.897094,-0.289277,-1.003245,2.739934,2.846084,4.032455,2.937262,3.487805,,,,,,below deadband; feedforward + feedback
2026-05-16 16:24:55,779.1,449.849,449.919,452.000,2.081,14.541200,100.840000,51.503500,0.711845,18.000000,97.059439,7.312999,4.000000,0.000000,0.000000,0.000000,0.000000,3.656543,3.656543,3.418938,0.000000,1.374252,4.607179,4.477729,-0.01065586,0.00854193,-0.00340319,-1.034252,0.829075,-0.330311,1.034252,4.690795,2.827468,3.986854,2.967587,3.480038,,,,,,below deadband; feedforward + feedback
2026-05-16 16:24:59,782.6,449.913,449.887,452.000,2.113,14.551100,100.837000,51.503500,0.712489,18.000000,97.056552,7.311825,4.000000,0.000000,0.000000,0.000000,0.000000,3.560200,3.560200,3.457537,0.000000,1.374252,4.564405,4.436084,-0.00944557,0.00772861,-0.00379840,-0.916755,0.750112,-0.368660,0.916755,4.476954,2.810088,3.928860,3.000565,3.470431,,,,,,below deadband; feedforward + feedback
2026-05-16 16:25:02,786.1,449.632,449.812,452.000,2.188,14.560200,100.842000,51.506800,0.709972,18.000000,97.061364,7.366731,4.000000,0.000000,0.000000,0.000000,0.000000,3.461288,3.461288,3.492471,0.000000,1.374252,4.522157,4.395413,-0.00806738,0.00669773,-0.00396917,-0.783031,0.650091,-0.385253,0.783031,4.244319,2.811197,3.846541,3.001999,3.459355,,,,,,below deadband; feedforward + feedback
2026-05-16 16:25:05,789.1,449.859,449.696,452.000,2.304,14.556100,100.840000,51.510100,0.710801,18.000000,97.059439,7.481290,4.000000,4.000000,0.000000,0.000000,0.000000,3.374291,3.374291,3.490323,0.000000,1.374252,4.486307,4.378756,-0.00808419,0.00581303,-0.00611636,-0.784647,0.564209,-0.593651,0.784647,4.158938,2.810082,3.967942,3.023034,3.447550,,,,,,below deadband; feedforward + feedback
2026-05-16 16:25:08,792.1,449.291,449.594,452.000,2.406,14.557700,100.840000,51.503500,0.712195,18.000000,97.059439,7.577677,7.577677,7.577677,3.518750,3.518750,2.635072,3.285771,3.285771,3.519583,1.351701,1.383647,4.449747,4.340068,-0.01541207,0.00483804,-0.00737274,-1.495887,0.469577,-0.715594,4.130959,4.781658,2.816194,4.001366,3.058078,3.435533,,,,,,below deadband; feedforward + feedback
2026-05-16 16:25:12,795.6,449.284,449.518,452.000,2.482,14.554500,100.839000,51.513500,0.711595,18.000000,97.058477,7.638419,7.638419,7.638419,7.481250,7.481250,5.553635,3.151410,3.151410,3.575531,2.837316,1.402836,4.412426,4.300460,-0.01354651,0.00382225,-0.00843429,-1.314803,0.370982,-0.818619,6.868438,4.466213,2.780428,3.970029,3.089257,3.417337,,,,,,below deadband; feedforward + feedback
2026-05-16 16:25:15,799.1,450.503,449.661,452.000,2.339,14.556800,100.842000,51.506800,0.712427,18.000000,97.061364,7.407614,7.407614,7.407614,7.606250,7.606250,5.627993,3.036219,3.036219,3.594722,2.788079,1.422398,4.367130,4.231244,0.01267252,0.00328499,-0.00716962,1.230012,0.318846,-0.695893,4.397981,1.806208,2.717373,3.732112,3.064948,3.398523,,,,,,below deadband; feedforward + feedback
2026-05-16 16:25:18,802.1,450.423,449.777,452.000,2.223,14.546500,100.841000,51.500200,0.712559,18.000000,97.060402,7.219370,7.219370,7.219370,7.393750,7.393750,5.493219,3.016068,3.016068,3.584201,2.721656,1.438996,4.329513,4.216661,0.01867263,0.00279213,-0.00639370,1.812373,0.271006,-0.620575,3.680846,1.203695,2.745062,3.636643,3.031107,3.386642,,,,,,below deadband; feedforward + feedback
2026-05-16 16:25:21,805.1,450.254,449.928,452.000,2.072,14.545100,100.841000,51.510100,0.713318,18.000000,97.060402,6.985187,6.985187,6.985187,7.200000,7.200000,5.349149,3.015655,3.015655,3.601098,2.739825,1.455170,4.291153,4.176074,0.01695833,0.00241803,-0.00503117,1.645982,0.234695,-0.488328,3.703167,1.369672,2.780960,3.503982,3.012442,3.368597,,,,,,below deadband; feedforward + feedback
2026-05-16 16:25:25,808.6,449.055,450.158,452.000,1.842,14.547300,100.841000,51.506800,0.711868,18.000000,97.060402,0.000000,2.985187,2.985187,6.968750,6.968750,5.191138,3.015280,3.015280,3.616029,2.572133,1.473367,4.252835,4.137879,-0.01830289,0.00196912,-0.00366527,-1.776486,0.191123,-0.355752,6.967624,4.791766,2.824157,3.371032,3.053295,3.350246,,,,,,within deadband and CO2 rising; MFC zero
2026-05-16 16:25:28,811.6,450.077,450.307,452.000,1.693,14.545100,100.837000,51.503500,0.711784,18.000000,97.056552,0.000000,0.000000,0.000000,2.968750,2.968750,2.221454,3.013692,3.013692,3.628938,1.100567,1.480673,4.215304,4.102712,0.00094120,0.00179018,-0.00047873,0.091349,0.173749,-0.046464,2.130105,2.922343,2.839943,3.060157,3.055913,3.331378,,,,,,within deadband and CO2 rising; MFC zero
2026-05-16 16:25:31,814.6,450.467,450.338,452.000,1.662,14.542700,100.842000,51.506800,0.710327,18.000000,97.061364,0.000000,0.000000,0.000000,0.000000,0.000000,0.000000,3.009729,3.009729,3.640070,0.000000,1.480673,4.179242,4.071055,-0.00242022,0.00161637,0.00341281,-0.234910,0.156887,0.331252,0.234910,3.244639,2.852842,2.678478,3.078315,3.312234,,,,,,within deadband and CO2 rising; MFC zero
2026-05-16 16:25:34,818.1,449.816,450.302,452.000,1.698,14.541700,100.840000,51.510100,0.709797,18.000000,97.059439,0.000000,0.000000,0.000000,0.000000,0.000000,0.000000,3.001996,3.001996,3.649348,0.000000,1.480673,4.145144,4.042849,-0.00653806,0.00138555,0.00470972,-0.634580,0.134481,0.457123,0.634580,3.636577,2.867515,2.544873,3.128673,3.293022,,,,,,within deadband and CO2 rising; MFC zero
2026-05-16 16:25:38,821.6,449.854,450.235,452.000,1.765,14.544800,100.840000,51.506800,0.711461,18.000000,97.059439,0.000000,0.000000,0.000000,0.000000,0.000000,0.000000,2.947480,2.947480,3.655644,0.000000,1.480673,4.112142,4.013136,-0.00603382,0.00110757,0.00745961,-0.585639,0.107500,0.724026,0.585639,3.533119,2.839980,2.223454,3.148049,3.273095,,,,,,within deadband and CO2 rising; MFC zero
2026-05-16 16:25:41,824.6,449.602,450.205,452.000,1.795,14.540000,100.839000,51.513500,0.711127,18.000000,97.058477,0.000000,0.000000,0.000000,0.000000,0.000000,0.000000,2.853912,2.853912,3.658254,0.000000,1.480673,4.079352,3.980983,-0.00480690,0.00097125,0.00934623,-0.466550,0.094268,0.907131,0.466550,3.320463,2.759645,1.946781,3.180051,3.251638,,,,,,within deadband and CO2 rising; MFC zero
2026-05-16 16:25:44,827.6,449.486,450.107,452.000,1.893,14.542900,100.841000,51.506800,0.713419,18.000000,97.060402,0.000000,0.000000,0.000000,0.000000,0.000000,0.000000,2.761119,2.761119,3.657193,0.000000,1.480673,4.046366,3.947409,-0.00431949,0.00062009,0.00900496,-0.419251,0.060186,0.874025,0.419251,3.180371,2.700933,1.887095,3.218437,3.229167,,,,,,within deadband and CO2 rising; MFC zero
2026-05-16 16:25:47,831.1,450.005,449.997,452.000,2.003,14.536800,100.840000,51.500200,0.711295,18.000000,97.059439,6.616464,4.000000,0.000000,0.000000,0.000000,0.000000,2.654746,2.654746,3.652248,0.000000,1.480673,4.012217,3.909770,-0.00440345,0.00031619,0.00770907,-0.427396,0.030689,0.748238,0.427396,3.082142,2.624057,1.906508,3.251011,3.205281,,,,,,below deadband; feedforward + feedback
2026-05-16 16:25:51,834.6,449.694,449.953,452.000,2.047,14.551700,100.839000,51.506900,0.711619,18.000000,97.058477,6.637419,4.000000,4.000000,0.000000,0.000000,0.000000,2.550463,2.550463,3.643765,0.000000,1.480673,3.976796,3.870531,-0.00327738,-0.00015307,0.00664287,-0.318097,-0.014857,0.644747,0.318097,2.868561,2.565320,1.905716,3.281440,3.180165,,,,,,below deadband; feedforward + feedback
2026-05-16 16:25:54,838.1,449.699,449.815,452.000,2.185,14.552100,100.842000,51.503500,0.711807,18.000000,97.061364,6.780780,6.780780,6.780780,6.943750,6.943750,5.200433,2.448092,2.448092,3.631810,2.663468,1.507047,3.940020,3.829691,-0.00223534,-0.00079574,0.00484081,-0.216965,-0.077235,0.469856,5.417398,2.665057,2.525327,1.978236,3.303595,3.154307,,,,,,below deadband; feedforward + feedback
2026-05-16 16:25:58,841.6,449.567,449.773,452.000,2.227,14.551700,100.842000,51.506800,0.711173,18.000000,97.061364,6.798798,6.798798,6.798798,3.331250,3.331250,2.486355,2.346933,2.346933,3.616161,1.235296,1.518815,3.903265,3.793000,-0.00157986,-0.00100009,0.00361930,-0.153344,-0.097070,0.351294,2.639699,2.500277,2.444004,1.995639,3.323894,3.126897,,,,,,below deadband; feedforward + feedback
2026-05-16 16:26:01,844.6,449.451,449.796,452.000,2.204,14.539100,100.841000,51.503500,0.711996,18.000000,97.060402,6.731491,6.731491,6.731491,6.368750,6.368750,4.731046,2.260363,2.260363,3.597105,2.337967,1.529496,3.866811,3.757452,-0.00280678,-0.00094186,0.00106661,-0.272427,-0.091418,0.103526,5.003473,2.532790,2.351780,2.156837,3.373560,3.098296,,,,,,below deadband; feedforward + feedback
2026-05-16 16:26:04,847.6,449.921,449.761,452.000,2.239,14.544000,100.840000,51.510100,0.715344,18.000000,97.059439,6.742328,6.742328,6.742328,6.668750,6.668750,4.949474,2.304900,2.304900,3.577012,2.530637,1.544237,3.831715,3.726426,0.00852118,-0.00111779,-0.00284814,0.827061,-0.108492,-0.276439,4.122412,1.477839,2.413392,2.581340,3.352874,3.071268,,,,,,below deadband; feedforward + feedback
2026-05-16 16:26:07,851.1,449.533,449.828,452.000,2.172,14.546400,100.843000,51.503500,0.713482,18.000000,97.062327,6.622345,6.622345,6.622345,6.718750,6.718750,4.991300,2.274679,2.274679,3.554499,2.559578,1.561657,3.798182,3.697583,-0.00062186,-0.00123478,-0.00554734,-0.060359,-0.119851,-0.538437,5.051659,2.335039,2.394530,2.813117,3.362749,3.044248,,,,,,below deadband; feedforward + feedback
2026-05-16 16:26:11,854.6,451.436,449.945,452.000,2.055,14.528300,100.842000,51.503500,0.710596,18.000000,97.061364,6.437187,6.437187,6.437187,6.600000,6.600000,4.907647,2.237423,2.237423,3.529424,2.508828,1.578899,3.765947,3.669240,0.03095862,-0.00097897,-0.00663298,3.004886,-0.095020,-0.643807,1.902761,-0.767463,2.332443,2.881229,3.316762,3.016290,,,,,,below deadband; feedforward + feedback
2026-05-16 16:26:14,858.1,450.306,450.031,452.000,1.969,14.524200,100.842000,51.506900,0.713203,18.000000,97.061364,1.120608,2.437187,2.437187,6.425000,6.425000,4.772873,2.230284,2.230284,3.502615,2.441889,1.595715,3.735360,3.643599,-0.00305889,-0.00090813,-0.00687848,-0.296900,-0.088144,-0.667635,5.069772,2.527184,2.318428,2.897919,3.313088,2.987852,,,,,,within lower deadband; partial feedforward
2026-05-16 16:26:18,861.6,450.268,450.202,452.000,1.798,14.531200,100.841000,51.503500,0.713277,18.000000,97.060402,1.111913,1.111913,1.111913,2.387500,2.387500,1.812483,2.225198,2.225198,3.474118,0.926833,1.602756,3.706375,3.619422,-0.00260510,-0.00060741,-0.00392706,-0.252852,-0.058955,-0.381162,2.065335,2.478049,2.284153,2.606359,3.326589,2.958738,,,,,,within lower deadband; partial feedforward
2026-05-16 16:26:21,865.1,450.041,450.232,452.000,1.768,14.544400,100.840000,51.506800,0.713620,18.000000,97.059439,1.103876,1.103876,1.103876,0.000000,0.000000,0.000000,2.250345,2.250345,3.444230,0.000000,1.602756,3.679586,3.599218,-0.00440352,-0.00084019,-0.00265371,-0.427403,-0.081549,-0.257567,0.427403,2.677748,2.331894,2.507913,3.333598,2.930270,,,,,,within lower deadband; partial feedforward
2026-05-16 16:26:24,868.1,449.981,450.268,452.000,1.732,14.528300,100.840000,51.503500,0.711165,18.000000,97.059439,1.096752,1.096752,1.096752,0.000000,0.000000,0.000000,2.317681,2.317681,3.414586,0.000000,1.602756,3.655839,3.584600,0.01556358,-0.00108719,0.00083067,1.510592,-0.105522,0.080624,-1.510592,0.807089,2.423203,2.237057,3.288916,2.903874,,,,,,within lower deadband; partial feedforward
2026-05-16 16:26:27,871.1,449.719,450.167,452.000,1.833,14.520100,100.844000,51.510200,0.711546,18.000000,97.063289,1.090573,1.090573,1.090573,0.000000,0.000000,0.000000,2.351645,2.351645,3.385560,0.000000,1.602756,3.635243,3.573454,-0.00601703,-0.00116023,0.00162978,-0.584033,-0.112615,0.158192,0.584033,2.935678,2.464261,2.193454,3.276233,2.879452,,,,,,within lower deadband; partial feedforward
2026-05-16 16:26:31,874.6,450.276,450.152,452.000,1.848,14.524100,100.843000,51.503500,0.715040,18.000000,97.062327,1.085336,1.085336,1.085336,0.000000,0.000000,0.000000,2.356680,2.356680,3.356625,0.000000,1.602756,3.617788,3.565423,-0.00121013,-0.00122575,0.00418827,-0.117458,-0.118974,0.406523,0.117458,2.474138,2.475654,1.950157,3.282475,2.856758,,,,,,within lower deadband; partial feedforward
2026-05-16 16:26:34,878.1,449.520,450.068,452.000,1.932,14.521000,100.842000,51.506800,0.711088,18.000000,97.061364,1.080780,1.080780,1.080780,0.000000,0.000000,0.000000,2.310813,2.310813,3.326856,0.000000,1.602756,3.602599,3.557031,-0.00690769,-0.00124952,0.00422777,-0.670470,-0.121280,0.410353,0.670470,2.981283,2.432093,1.900460,3.271866,2.834732,,,,,,within lower deadband; partial feedforward
2026-05-16 16:26:38,881.6,449.948,450.009,452.000,1.991,14.535300,100.840000,51.513500,0.714393,18.000000,97.059439,1.076182,1.076182,1.076182,0.000000,0.000000,0.000000,2.160199,2.160199,3.292342,0.000000,1.602756,3.587274,3.541298,-0.00643710,-0.00105529,0.00378140,-0.624781,-0.102426,0.367020,0.624781,2.784980,2.262624,1.793179,3.287002,2.809371,,,,,,within lower deadband; partial feedforward
2026-05-16 16:26:41,884.6,450.056,449.990,452.000,2.010,14.532000,100.842000,51.510100,0.713133,18.000000,97.061364,6.183408,5.076182,5.076182,0.000000,0.000000,0.000000,2.092605,2.092605,3.254613,0.000000,1.602756,3.570668,3.520852,0.00361352,-0.00085663,0.00495484,0.350733,-0.083146,0.480923,-0.350733,1.741872,2.175751,1.611682,3.257103,2.782671,,,,,,below deadband; feedforward + feedback
2026-05-16 16:26:44,887.6,449.626,449.944,452.000,2.056,14.529200,100.842000,51.510200,0.711694,18.000000,97.061364,6.223713,6.223713,6.223713,4.656250,4.656250,3.443718,2.000664,2.000664,3.213576,1.761481,1.614254,3.551520,3.494075,0.00537826,-0.00058101,0.00407350,0.522021,-0.056394,0.395379,2.921697,1.478643,2.057058,1.605285,3.237896,2.754169,,,,,,below deadband; feedforward + feedback
2026-05-16 16:26:47,891.1,450.008,449.937,452.000,2.063,14.520200,100.840000,51.503500,0.710871,18.000000,97.059439,6.211013,6.211013,6.211013,6.087500,6.087500,4.526561,1.891967,1.891967,3.168588,2.313890,1.629240,3.529200,3.462239,-0.00305889,-0.00040126,0.00381798,-0.296894,-0.038946,0.370571,4.823455,2.188860,1.930913,1.521396,3.211000,2.722739,,,,,,below deadband; feedforward + feedback
2026-05-16 16:26:51,894.6,450.726,450.085,452.000,1.915,14.529100,100.841000,51.513500,0.713544,18.000000,97.060402,0.000000,2.211013,2.211013,6.156250,6.156250,4.586977,1.813826,1.813826,3.120320,2.339486,1.645217,3.503225,3.425302,0.01618520,0.00012182,0.00499427,1.570942,0.011824,0.484746,3.016035,0.242884,1.802002,1.329080,3.153329,2.689232,,,,,,within deadband and CO2 rising; MFC zero
2026-05-16 16:26:54,898.1,450.257,450.140,452.000,1.860,14.529700,100.843000,51.506800,0.712917,18.000000,97.062327,0.000000,0.000000,0.000000,2.162500,2.162500,1.621940,1.865760,1.865760,3.072193,0.829352,1.651691,3.474611,3.388769,0.00621861,0.00025526,0.00312568,0.603593,0.024776,0.303385,1.018347,1.262167,1.840985,1.562375,3.084144,2.656360,,,,,,within deadband and CO2 rising; MFC zero
2026-05-16 16:26:58,901.6,450.246,450.202,452.000,1.798,14.533500,100.841000,51.506900,0.712768,18.000000,97.060402,0.000000,0.000000,0.000000,0.000000,0.000000,0.000000,1.951105,1.951105,3.028245,0.000000,1.651691,3.444747,3.355153,0.00884052,0.00049968,0.00320934,0.858064,0.048499,0.311500,-0.858064,1.093040,1.902606,1.639605,3.034768,2.628162,,,,,,within deadband and CO2 rising; MFC zero
2026-05-16 16:27:01,904.6,449.931,450.219,452.000,1.781,14.575200,100.841000,51.506800,0.711939,18.000000,97.060402,0.000000,0.000000,0.000000,0.000000,0.000000,0.000000,2.027232,2.027232,2.986736,0.000000,1.651691,3.414551,3.323966,0.00336141,0.00077460,0.00141807,0.326260,0.075183,0.137638,-0.326260,1.700971,1.952049,1.889593,3.006903,2.603112,,,,,,within deadband and CO2 rising; MFC zero
2026-05-16 16:27:04,907.6,449.930,450.190,452.000,1.810,14.517500,100.843000,51.506800,0.710041,18.000000,97.062327,0.000000,0.000000,0.000000,0.000000,0.000000,0.000000,2.058563,2.058563,2.945888,0.000000,1.651691,3.384277,3.293452,-0.00405049,0.00089513,-0.00096329,-0.393150,0.086883,-0.093499,0.393150,2.451713,1.971680,2.152062,2.971364,2.579561,,,,,,within deadband and CO2 rising; MFC zero
2026-05-16 16:27:07,911.1,449.830,450.106,452.000,1.894,14.523400,100.839000,51.510100,0.710818,18.000000,97.058477,0.000000,0.000000,0.000000,0.000000,0.000000,0.000000,2.063068,2.063068,2.905980,0.000000,1.651691,3.354006,3.263195,0.00194965,0.00088017,-0.00270812,0.189230,0.085428,-0.262846,-0.189230,1.873838,1.977640,2.325914,2.935580,2.557553,,,,,,within deadband and CO2 rising; MFC zero
2026-05-16 16:27:11,914.6,450.105,450.015,452.000,1.985,14.499100,100.841000,51.506800,0.710498,18.000000,97.060402,0.000000,0.000000,0.000000,0.000000,0.000000,0.000000,2.063068,2.063068,2.867031,0.000000,1.651691,3.323702,3.232790,-0.01176514,0.00085928,-0.00283467,-1.141929,0.083402,-0.275134,1.141929,3.204998,1.979666,2.338202,2.931155,2.536961,,,,,,within deadband and CO2 rising; MFC zero
2026-05-16 16:27:14,918.1,450.559,450.046,452.000,1.954,14.530800,100.836000,51.506800,0.714700,18.000000,97.055589,0.000000,0.000000,0.000000,0.000000,0.000000,0.000000,2.063068,2.063068,2.829241,0.000000,1.651691,3.293447,3.202682,0.00759689,0.00114358,0.00002691,0.737321,0.110990,0.002612,-0.737321,1.325747,1.952078,2.060456,2.902618,2.517474,,,,,,within deadband and CO2 rising; MFC zero
2026-05-16 16:27:18,921.5,449.930,450.073,452.000,1.927,14.535300,100.845000,51.503500,0.712559,18.000000,97.064252,0.000000,0.000000,0.000000,0.000000,0.000000,0.000000,2.063068,2.063068,2.792661,0.000000,1.651691,3.263927,3.175368,-0.01068946,0.00100110,0.00147583,-1.037565,0.097171,0.143250,1.037565,3.100633,1.965897,1.919818,2.866277,2.499593,,,,,,within deadband and CO2 rising; MFC zero
2026-05-16 16:27:21,924.6,450.114,450.138,452.000,1.862,14.526100,100.840000,51.500200,0.713816,18.000000,97.059439,0.000000,0.000000,0.000000,0.000000,0.000000,0.000000,2.063068,2.063068,2.757341,0.000000,1.651691,3.234695,3.146999,0.00122692,0.00101501,0.00240801,0.119084,0.098517,0.233720,-0.119084,1.943984,1.964551,1.829348,2.823157,2.482808,,,,,,within deadband and CO2 rising; MFC zero
2026-05-16 16:27:24,927.6,450.302,450.169,452.000,1.831,14.510000,100.842000,51.503500,0.713582,18.000000,97.061364,0.000000,0.000000,0.000000,0.000000,0.000000,0.000000,2.063068,2.063068,2.723333,0.000000,1.651691,3.205540,3.118075,0.00539507,0.00080229,0.00223327,0.523653,0.077872,0.216765,-0.523653,1.539415,1.985196,1.846303,2.784818,2.467532,,,,,,within deadband and CO2 rising; MFC zero
2026-05-16 16:27:27,930.6,450.143,450.117,452.000,1.883,14.531700,100.839000,51.510100,0.712187,18.000000,97.058477,0.000000,0.000000,0.000000,0.000000,0.000000,0.000000,2.063068,2.063068,2.690491,0.000000,1.651691,3.176130,3.087900,0.00712620,0.00071189,0.00078632,0.691658,0.069095,0.076319,-0.691658,1.371410,1.993973,1.986749,2.751294,2.453405,,,,,,within deadband and CO2 rising; MFC zero
2026-05-16 16:27:30,934.1,449.734,450.005,452.000,1.995,14.521800,100.841000,51.506800,0.711107,18.000000,97.060402,0.000000,0.000000,0.000000,0.000000,0.000000,0.000000,2.027954,2.027954,2.658212,0.000000,1.651691,3.145973,3.055501,-0.00910943,0.00081796,-0.00038962,-0.884165,0.079391,-0.037816,0.884165,2.912119,1.948563,2.065771,2.731740,2.439805,,,,,,within deadband and CO2 rising; MFC zero
2026-05-16 16:27:33,937.1,449.927,449.954,452.000,2.046,14.511600,100.841000,51.510100,0.712854,18.000000,97.060402,5.773938,4.000000,4.000000,0.000000,0.000000,0.000000,1.969255,1.969255,2.625295,0.000000,1.651691,3.114614,3.020538,0.00458833,0.00080710,-0.00099233,0.445345,0.078338,-0.096316,-0.445345,1.523910,1.890918,2.065571,2.722374,2.425767,,,,,,below deadband; feedforward + feedback
2026-05-16 16:27:36,940.1,449.810,449.898,452.000,2.102,14.504700,100.841000,51.500200,0.712067,18.000000,97.060402,5.814120,5.814120,5.814120,3.550000,3.550000,2.639719,1.874875,1.874875,2.590320,1.351756,1.660576,3.081130,2.980676,-0.00102523,0.00107230,-0.00326183,-0.099509,0.104078,-0.316595,2.739228,1.974384,1.770797,2.191469,2.688941,2.408955,,,,,,below deadband; feedforward + feedback
2026-05-16 16:27:40,943.6,449.799,449.865,452.000,2.135,14.505200,100.842000,51.506800,0.711652,18.000000,97.061364,5.820775,5.820775,5.820775,5.656250,5.656250,4.196596,1.764047,1.764047,2.552833,2.140478,1.674242,3.045362,2.938058,-0.00410093,0.00099512,-0.00473465,-0.398042,0.096588,-0.459552,4.594638,2.162089,1.667459,2.223599,2.642082,2.389485,,,,,,below deadband; feedforward + feedback
2026-05-16 16:27:43,947.1,449.747,449.879,452.000,2.121,14.506800,100.840000,51.510200,0.710150,18.000000,97.059439,5.765417,5.765417,5.765417,5.756250,5.756250,4.289544,1.675269,1.675269,2.513388,2.191935,1.689171,3.007944,2.895689,0.00203365,0.00083773,-0.00653123,0.197385,0.081310,-0.633918,4.092158,1.477884,1.593959,2.309187,2.566184,2.367671,,,,,,below deadband; feedforward + feedback
2026-05-16 16:27:47,950.5,449.671,449.987,452.000,2.013,14.509700,100.845000,51.500200,0.711996,18.000000,97.064252,5.586762,5.586762,5.586762,5.718750,5.718750,4.261659,1.680252,1.680252,2.474576,2.113783,1.704023,2.969732,2.855096,-0.00566398,0.00099035,-0.00488968,-0.549770,0.096128,-0.474613,4.811429,2.230022,1.584124,2.154865,2.539355,2.345440,,,,,,below deadband; feedforward + feedback
2026-05-16 16:27:50,953.6,450.150,450.026,452.000,1.974,14.497500,100.842000,51.503500,0.710948,18.000000,97.061364,0.000000,1.586762,1.586762,5.537500,5.537500,4.140827,1.701992,1.701992,2.436748,2.050762,1.716546,2.931740,2.817764,-0.01026911,0.00108212,-0.00351918,-0.996734,0.105033,-0.341577,5.137561,2.698726,1.596959,2.043568,2.480498,2.323235,,,,,,within deadband and CO2 rising; MFC zero
2026-05-16 16:27:53,956.6,449.972,450.098,452.000,1.902,14.499500,100.841000,51.506800,0.710854,18.000000,97.060402,0.000000,0.000000,1.586762,0.000000,0.000000,0.000000,1.735388,1.735388,2.400242,0.000000,1.716546,2.894725,2.783682,-0.00648752,0.00111028,-0.00135506,-0.629681,0.107764,-0.131523,0.629681,2.365069,1.627624,1.866911,2.473682,2.301081,,,,,,within deadband and CO2 rising; MFC zero
2026-05-16 16:27:56,960.1,450.331,450.161,452.000,1.839,14.506400,100.841000,51.510100,0.710910,18.000000,97.060402,0.000000,0.000000,0.000000,0.000000,0.000000,0.000000,1.818331,1.818331,2.366820,0.000000,1.716546,2.859598,2.754214,0.00462202,0.00106880,0.00043728,0.448615,0.103739,0.042442,-0.448615,1.369716,1.714593,1.775889,2.413299,2.280847,,,,,,within deadband and CO2 rising; MFC zero
2026-05-16 16:28:00,963.6,449.880,450.207,452.000,1.793,14.503400,100.841000,51.500200,0.713096,18.000000,97.060402,0.000000,0.000000,0.000000,0.000000,0.000000,0.000000,1.899609,1.899609,2.336628,0.000000,1.716546,2.827512,2.731256,0.00415141,0.00089885,0.00206695,0.402938,0.087243,0.200619,-0.402938,1.496671,1.812366,1.698990,2.359112,2.262707,,,,,,within deadband and CO2 rising; MFC zero
2026-05-16 16:28:03,967.1,450.191,450.128,452.000,1.872,14.502300,100.843000,51.506800,0.711678,18.000000,97.062327,0.000000,0.000000,0.000000,0.000000,0.000000,0.000000,1.899609,1.899609,2.308234,0.000000,1.716546,2.798895,2.713043,0.00438672,0.00050408,0.00095254,0.425785,0.048927,0.092456,-0.425785,1.473824,1.850682,1.807153,2.308739,2.245243,,,,,,within deadband and CO2 rising; MFC zero
2026-05-16 16:28:07,970.5,450.461,450.085,452.000,1.915,14.491600,100.841000,51.516800,0.711825,18.000000,97.060402,0.000000,0.000000,0.000000,0.000000,0.000000,0.000000,1.899609,1.899609,2.281421,0.000000,1.716546,2.772607,2.693745,0.01060526,0.00017661,0.00099092,1.029351,0.017142,0.096179,-1.029351,0.870258,1.882467,1.803430,2.248945,2.228377,,,,,,within deadband and CO2 rising; MFC zero
2026-05-16 16:28:10,973.6,450.199,450.075,452.000,1.925,14.500400,100.838000,51.503500,0.710268,18.000000,97.057514,0.824567,0.824567,0.000000,0.000000,0.000000,0.000000,1.899609,1.899609,2.256218,0.000000,1.716546,2.748558,2.676410,0.00104204,-0.00018538,-0.00053383,0.101138,-0.017993,-0.051812,-0.101138,1.798471,1.917602,1.951421,2.194705,2.212039,,,,,,within lower deadband; partial feedforward
2026-05-16 16:28:13,976.6,449.594,450.016,452.000,1.984,14.533700,100.838000,51.510100,0.710668,18.000000,97.057514,0.818108,0.818108,0.000000,0.000000,0.000000,0.000000,1.899609,1.899609,2.233458,0.000000,1.716546,2.727026,2.662432,-0.01346248,-0.00049720,0.00006263,-1.306635,-0.048257,0.006079,1.306635,3.206244,1.947866,1.893530,2.171796,2.196902,,,,,,within lower deadband; partial feedforward
2026-05-16 16:28:16,980.1,449.989,449.978,452.000,2.022,14.503200,100.839000,51.513500,0.712172,18.000000,97.058477,5.335343,4.000000,0.000000,0.000000,0.000000,0.000000,1.875326,1.875326,2.212351,0.000000,1.716546,2.707307,2.648148,-0.00263871,-0.00051630,0.00063455,-0.256109,-0.050111,0.061589,0.256109,2.131435,1.925437,1.813738,2.177710,2.182503,,,,,,below deadband; feedforward + feedback
2026-05-16 16:28:20,983.6,450.208,449.941,452.000,2.059,14.508700,100.838000,51.503500,0.710567,18.000000,97.057514,5.365431,4.000000,4.000000,0.000000,0.000000,0.000000,1.803150,1.803150,2.190298,0.000000,1.716546,2.688644,2.632656,-0.00310931,-0.00056450,0.00038841,-0.301781,-0.054789,0.037699,0.301781,2.104931,1.857938,1.765451,2.194096,2.166373,,,,,,below deadband; feedforward + feedback
2026-05-16 16:28:23,987.1,449.786,449.862,452.000,2.138,14.498600,100.838000,51.506800,0.711552,18.000000,97.057514,5.448000,5.448000,5.448000,3.668750,3.668750,2.709430,1.694969,1.694969,2.166286,1.380534,1.726510,2.669163,2.610720,-0.00867244,-0.00034420,-0.00014609,-0.841725,-0.033407,-0.014179,3.551155,2.536694,1.728376,1.709148,2.215314,2.147236,,,,,,below deadband; feedforward + feedback
2026-05-16 16:28:27,990.5,449.792,449.798,452.000,2.202,14.489300,100.840000,51.506800,0.713715,18.000000,97.059439,5.509699,5.509699,5.509699,5.325000,5.325000,3.954931,1.586259,1.586259,2.140303,1.959483,1.739333,2.647359,2.581947,-0.00401689,-0.00046690,-0.00282831,-0.389877,-0.045317,-0.274515,4.344809,1.976136,1.631576,1.860773,2.164121,2.125552,,,,,,below deadband; feedforward + feedback
2026-05-16 16:28:30,993.6,449.775,449.810,452.000,2.190,14.498300,100.840000,51.510200,0.713223,18.000000,97.059439,5.469821,5.469821,5.469821,5.443750,5.443750,4.043232,1.495479,1.495479,2.112699,1.999966,1.751436,2.622475,2.547822,0.00068909,-0.00030816,-0.00302621,0.066883,-0.029910,-0.293722,3.976349,1.428597,1.525390,1.789201,2.136962,2.101651,,,,,,below deadband; feedforward + feedback
2026-05-16 16:28:33,996.6,450.178,449.835,452.000,2.165,14.491300,100.838000,51.513500,0.712483,18.000000,97.057514,5.409576,5.409576,5.409576,5.431250,5.431250,4.033937,1.454466,1.454466,2.084422,2.058490,1.763581,2.594729,2.511492,0.00421857,-0.00022337,-0.00410901,0.409444,-0.021680,-0.398810,3.624493,1.045022,1.476146,1.853276,2.096969,2.076620,,,,,,below deadband; feedforward + feedback
2026-05-16 16:28:36,1000.1,449.891,449.896,452.000,2.104,14.523500,100.839000,51.513500,0.712962,18.000000,97.058477,5.300002,5.300002,5.300002,17.850000,17.850000,13.918942,1.443132,1.443132,2.056079,7.113736,1.782727,2.565105,2.476233,-0.00295804,-0.00019466,-0.00388000,-0.287103,-0.018894,-0.376587,14.206045,1.730235,1.462025,1.819719,2.062308,2.051066,,,,,,below deadband; feedforward + feedback
2026-05-16 16:28:40,1003.6,449.928,449.933,452.000,2.067,14.498800,100.841000,51.506800,0.710400,18.000000,97.060402,5.222694,5.222694,5.222694,5.512500,5.512500,4.145475,1.502593,1.502593,2.029808,2.125228,1.803910,2.536071,2.448969,0.00371436,-0.00010206,-0.00455568,0.360518,-0.009906,-0.442176,3.784957,1.142075,1.512499,1.944769,2.018835,2.026930,,,,,,below deadband; feedforward + feedback
2026-05-16 16:28:43,1007.1,449.643,449.944,452.000,2.056,14.505700,100.841000,51.503500,0.712348,18.000000,97.060402,5.181644,5.181644,5.181644,4.718750,4.718750,3.387949,1.581159,1.581159,2.006667,1.736399,1.810526,2.509104,2.428204,0.00273959,-0.00023999,-0.00644734,0.265906,-0.023294,-0.625782,3.122044,1.315253,1.604453,2.206941,1.982376,2.005927,,,,,,below deadband; feedforward + feedback
2026-05-16 16:28:47,1010.5,449.763,449.900,452.000,2.100,14.496300,100.842000,51.500200,0.712948,18.000000,97.061364,5.216580,5.216580,5.216580,5.131250,5.131250,3.810862,1.698080,1.698080,1.987339,1.893271,1.823704,2.486147,2.417274,0.00870624,-0.00060046,-0.00597834,0.845040,-0.058281,-0.580265,2.965822,0.853040,1.756361,2.278345,1.940061,1.988753,,,,,,below deadband; feedforward + feedback
2026-05-16 16:28:50,1013.6,449.526,449.805,452.000,2.195,14.487000,100.839000,51.513500,0.712889,18.000000,97.058477,5.321954,5.321954,5.321954,5.187500,5.187500,3.871278,1.793339,1.793339,1.971677,1.918592,1.835283,2.468411,2.415203,-0.00843727,-0.00083021,-0.00585173,-0.818909,-0.080579,-0.567960,4.690187,2.612248,1.873917,2.361298,1.931518,1.975114,,,,,,below deadband; feedforward + feedback
2026-05-16 16:28:53,1016.6,449.570,449.804,452.000,2.196,14.490200,100.841000,51.503500,0.710360,18.000000,97.060402,5.311091,5.311091,5.311091,5.312500,5.312500,3.940989,1.820448,1.820448,1.958404,2.018301,1.847072,2.456291,2.419933,-0.00389930,-0.00115093,-0.00514695,-0.378468,-0.111710,-0.499565,4.319457,2.198916,1.932158,2.320013,1.919342,1.963602,,,,,,below deadband; feedforward + feedback
2026-05-16 16:28:56,1020.1,449.462,449.702,452.000,2.298,14.496000,100.844000,51.510100,0.711052,18.000000,97.063289,5.436219,5.436219,5.436219,5.300000,5.300000,3.931694,1.892819,1.892819,1.948308,2.009246,1.860865,2.449079,2.427443,-0.01302548,-0.00159470,-0.00654180,-1.264296,-0.154787,-0.634969,5.195991,3.157115,2.047606,2.527787,1.928289,1.954916,,,,,,below deadband; feedforward + feedback
2026-05-16 16:29:00,1023.6,450.126,449.681,452.000,2.319,14.478400,100.841000,51.510100,0.711488,18.000000,97.060402,5.461141,5.461141,5.461141,5.406250,5.406250,4.024642,1.967616,1.967616,1.941412,2.061302,1.874906,2.445921,2.436444,0.00941195,-0.00188162,-0.00569448,0.913528,-0.182631,-0.552708,3.111115,1.054088,2.150247,2.520324,1.901995,1.949575,,,,,,below deadband; feedforward + feedback
2026-05-16 16:29:03,1027.1,449.618,449.635,452.000,2.365,14.513100,100.842000,51.503500,0.713328,18.000000,97.061364,5.519745,5.519745,5.519745,5.450000,5.450000,4.057174,1.927106,1.927106,1.935353,2.076546,1.889089,2.445419,2.443913,-0.00542868,-0.00237405,-0.00659907,-0.526915,-0.230429,-0.640515,4.584090,2.454022,2.157535,2.567621,1.900562,1.946043,,,,,,below deadband; feedforward + feedback
2026-05-16 16:29:07,1030.5,449.811,449.656,452.000,2.344,14.488600,100.840000,51.503500,0.713057,18.000000,97.059439,5.494504,5.494504,5.494504,5.512500,5.512500,4.103648,1.922626,1.922626,1.928402,2.036763,1.903349,2.446741,2.450708,-0.00687408,-0.00243145,-0.00461927,-0.667195,-0.235995,-0.448344,4.770843,2.589821,2.158621,2.370971,1.920780,1.941411,,,,,,below deadband; feedforward + feedback
2026-05-16 16:29:10,1033.6,449.797,449.716,452.000,2.284,14.490400,100.839000,51.506800,0.715108,18.000000,97.058477,5.418846,5.418846,5.418846,5.487500,5.487500,4.071116,1.942249,1.942249,1.922358,2.014076,1.915614,2.449690,2.458536,-0.00480682,-0.00258356,-0.00381671,-0.466543,-0.250756,-0.370444,4.537659,2.408792,2.193005,2.312693,1.922121,1.937747,,,,,,below deadband; feedforward + feedback
2026-05-16 16:29:13,1036.6,449.905,449.839,452.000,2.161,14.493500,100.841000,51.503500,0.711432,18.000000,97.060402,5.262705,5.262705,5.262705,5.412500,5.412500,4.029290,1.929365,1.929365,1.916757,1.990565,1.927759,2.453362,2.464379,-0.00132776,-0.00217450,-0.00137883,-0.128873,-0.211058,-0.133830,4.158162,2.058238,2.140423,2.063195,1.973498,1.934255,,,,,,below deadband; feedforward + feedback
2026-05-16 16:29:16,1040.1,449.810,449.878,452.000,2.122,14.484500,100.839000,51.496900,0.711704,18.000000,97.058477,5.215653,5.215653,5.215653,5.268750,5.268750,3.913105,1.912299,1.912299,1.910975,2.001238,1.941547,2.457573,2.470206,-0.00433622,-0.00206174,-0.00054702,-0.420867,-0.200110,-0.053093,4.333972,2.333166,2.112409,1.965392,1.969970,1.930510,,,,,,below deadband; feedforward + feedback
2026-05-16 16:29:20,1043.6,449.901,449.971,452.000,2.029,14.484600,100.842000,51.503500,0.713807,18.000000,97.061364,5.100013,5.100013,5.100013,5.218750,5.218750,3.885221,1.895530,1.895530,1.904981,1.988308,1.955140,2.461663,2.473933,0.00171432,-0.00178115,0.00084141,0.166394,-0.172881,0.081668,3.718826,1.729135,2.068411,1.813862,1.956353,1.926587,,,,,,below deadband; feedforward + feedback
2026-05-16 16:29:23,1047.1,449.921,450.083,452.000,1.917,14.504400,100.843000,51.503500,0.712609,18.000000,97.062327,0.739594,1.100013,1.100013,5.012500,5.012500,3.792273,1.879858,1.879858,1.898245,1.938831,1.968481,2.465314,2.476269,0.00107565,-0.00153477,0.00313609,0.104405,-0.148968,0.304397,3.687867,1.775452,2.028825,1.575461,1.939948,1.921077,,,,,,within lower deadband; partial feedforward
2026-05-16 16:29:27,1050.5,449.534,449.979,452.000,2.021,14.475000,100.845000,51.506800,0.709694,18.000000,97.064252,5.094523,5.094523,5.094523,0.000000,0.000000,0.000000,1.900719,1.900719,1.890664,0.000000,1.968481,2.467310,2.473295,-0.00850437,-0.00162306,0.00086901,-0.825471,-0.157541,0.084350,0.825471,2.726190,2.058260,1.816369,1.974841,1.914441,,,,,,below deadband; feedforward + feedback
2026-05-16 16:29:30,1053.6,449.608,449.937,452.000,2.063,14.479000,100.842000,51.506900,0.712499,18.000000,97.061364,5.153869,5.153869,5.153869,4.725000,4.725000,3.499487,1.955274,1.955274,1.883457,1.733808,1.980914,2.471449,2.483867,-0.00084035,-0.00179985,0.00002499,-0.081566,-0.174696,0.002426,3.581053,2.036840,2.129970,1.952849,1.958498,1.908363,,,,,,below deadband; feedforward + feedback
2026-05-16 16:29:33,1056.6,449.190,449.752,452.000,2.248,14.485100,100.841000,51.516800,0.713165,18.000000,97.060402,5.399266,5.399266,5.399266,5.050000,5.050000,3.759741,2.018840,2.018840,1.877315,1.919981,1.991979,2.476952,2.493462,-0.03294239,-0.00199562,-0.00171840,-3.197402,-0.193695,-0.166788,6.957143,5.216243,2.212536,2.185629,2.008355,1.903579,,,,,,below deadband; feedforward + feedback
2026-05-16 16:29:36,1060.1,449.445,449.556,452.000,2.444,14.471700,100.838000,51.506800,0.710638,18.000000,97.057514,5.662110,5.662110,5.662110,5.362500,5.362500,3.992111,2.029375,2.029375,1.872198,2.043623,2.005765,2.485343,2.510516,-0.00815156,-0.00241888,-0.00160326,-0.791170,-0.234770,-0.155608,4.783281,2.820545,2.264145,2.184983,2.005432,1.900526,,,,,,below deadband; feedforward + feedback
2026-05-16 16:29:40,1063.6,449.678,449.535,452.000,2.465,14.475600,100.842000,51.500200,0.711821,18.000000,97.061364,5.701997,5.701997,5.701997,5.631250,5.631250,4.182654,2.097214,2.097214,1.871053,2.135629,2.020286,2.498017,2.536038,0.00033615,-0.00261111,-0.00134353,0.032627,-0.253438,-0.130405,4.150027,2.064587,2.350652,2.227618,1.992334,1.902126,,,,,,below deadband; feedforward + feedback
2026-05-16 16:29:43,1067.1,449.518,449.456,452.000,2.544,14.492900,100.841000,51.503500,0.713556,18.000000,97.060402,5.823068,5.823068,5.823068,5.681250,5.681250,4.238422,2.169222,2.169222,1.872446,2.164509,2.035063,2.515651,2.568554,-0.00505893,-0.00304082,-0.00381925,-0.491022,-0.295144,-0.370698,4.729444,2.660244,2.464366,2.539921,2.009032,1.907374,,,,,,below deadband; feedforward + feedback
2026-05-16 16:29:47,1070.5,449.851,449.486,452.000,2.514,14.502600,100.842000,51.510100,0.712090,18.000000,97.061364,5.805818,5.805818,5.805818,5.825000,5.825000,4.312781,2.246382,2.246382,1.876913,2.138387,2.050051,2.537921,2.604731,-0.00015126,-0.00315435,-0.00463154,-0.014682,-0.306166,-0.449544,4.327463,2.261064,2.552548,2.695926,2.023258,1.916383,,,,,,below deadband; feedforward + feedback
2026-05-16 16:29:50,1073.6,449.487,449.510,452.000,2.490,14.476700,100.841000,51.510200,0.712431,18.000000,97.060402,5.801317,5.801317,5.801317,5.800000,5.800000,4.308133,2.315809,2.315809,1.884619,2.135262,2.063017,2.564230,2.643157,0.00146222,-0.00319172,-0.00530234,0.141924,-0.309789,-0.514647,4.166210,2.173885,2.625598,2.830456,2.022985,1.929013,,,,,,below deadband; feedforward + feedback
2026-05-16 16:29:53,1076.6,449.874,449.543,452.000,2.457,14.475800,100.843000,51.506800,0.709686,18.000000,97.062327,5.787745,5.787745,5.787745,5.787500,5.787500,4.308133,2.341808,2.341808,1.894219,2.210818,2.075980,2.593385,2.680851,0.00610096,-0.00303766,-0.00478162,0.592174,-0.294843,-0.464116,3.715960,1.749635,2.636651,2.805924,2.050381,1.944189,,,,,,below deadband; feedforward + feedback
2026-05-16 16:29:56,1080.1,450.268,449.611,452.000,2.389,14.472600,100.842000,51.516800,0.712104,18.000000,97.061364,5.729760,5.729760,5.729760,5.781250,5.781250,4.303486,2.348069,2.348069,1.902988,2.197149,2.091034,2.623714,2.714699,0.00905900,-0.00280850,-0.00563857,0.879279,-0.272596,-0.547287,3.424207,1.468791,2.620666,2.895357,2.054138,1.958365,,,,,,below deadband; feedforward + feedback
2026-05-16 16:30:00,1083.6,449.696,449.724,452.000,2.276,14.470000,100.840000,51.506800,0.712324,18.000000,97.059439,5.612234,5.612234,5.612234,5.737500,5.737500,4.261659,2.343706,2.343706,1.910127,2.175239,2.105979,2.653824,2.744156,-0.00391603,-0.00264976,-0.00536620,-0.380088,-0.257184,-0.520840,4.641748,2.723794,2.600890,2.864546,2.083788,1.971061,,,,,,below deadband; feedforward + feedback
2026-05-16 16:30:03,1087.1,449.976,449.787,452.000,2.213,14.492700,100.845000,51.500200,0.712180,18.000000,97.064252,5.560599,5.560599,5.560599,5.606250,5.606250,4.168712,2.375244,2.375244,1.916454,2.130597,2.120654,2.683699,2.773325,0.00403370,-0.00264029,-0.00573681,0.391528,-0.256278,-0.556839,3.777184,1.983716,2.631521,2.932083,2.088929,1.983415,,,,,,below deadband; feedforward + feedback
2026-05-16 16:30:07,1090.5,450.061,449.798,452.000,2.202,14.499100,100.845000,51.510100,0.711473,18.000000,97.064252,5.577018,5.577018,5.577018,8.600000,8.600000,6.427345,2.449757,2.449757,1.923567,3.182900,2.143824,2.713811,2.804145,0.00082355,-0.00265527,-0.00494919,0.079937,-0.257732,-0.480390,6.347408,2.369820,2.707489,2.930147,2.087440,1.996793,,,,,,below deadband; feedforward + feedback
2026-05-16 16:30:10,1093.6,449.628,449.894,452.000,2.106,14.477000,100.843000,51.506800,0.709744,18.000000,97.062327,5.482338,5.482338,5.482338,5.031250,5.031250,3.773683,2.520888,2.520888,1.931891,1.869074,2.158895,2.744234,2.835504,-0.00332780,-0.00243314,-0.00187789,-0.323004,-0.236167,-0.182272,4.096687,2.843892,2.757055,2.703160,2.105077,2.010964,,,,,,below deadband; feedforward + feedback
2026-05-16 16:30:13,1096.6,449.645,449.849,452.000,2.151,14.457700,100.847000,51.506800,0.712057,18.000000,97.066177,5.571899,5.571899,5.571899,5.312500,5.312500,3.903810,2.590805,2.590805,1.941486,1.935231,2.165335,2.775209,2.868131,-0.00594969,-0.00237420,-0.00067033,-0.577514,-0.230454,-0.065067,4.481324,3.168320,2.821260,2.655872,2.104410,2.026266,,,,,,below deadband; feedforward + feedback
2026-05-16 16:30:16,1100.1,450.063,449.816,452.000,2.184,14.488200,100.842000,51.513500,0.712457,18.000000,97.061364,5.647203,5.647203,5.647203,5.543750,5.543750,4.108295,2.714103,2.714103,1.953323,2.107450,2.179652,2.807873,2.905864,-0.00386563,-0.00228108,-0.00040491,-0.375203,-0.221405,-0.039301,4.483498,3.089306,2.935508,2.753405,2.136475,2.044147,,,,,,below deadband; feedforward + feedback
2026-05-16 16:30:20,1103.6,450.130,449.792,452.000,2.208,14.475600,100.841000,51.510200,0.711390,18.000000,97.060402,5.713480,5.713480,5.713480,5.650000,5.650000,4.187301,2.815391,2.815391,1.967002,2.139783,2.194263,2.843253,2.949394,0.00465563,-0.00214092,0.00214740,0.451877,-0.207799,0.208427,3.735424,2.363513,3.023189,2.606963,2.123073,2.063370,,,,,,below deadband; feedforward + feedback
2026-05-16 16:30:23,1107.1,449.564,449.806,452.000,2.194,14.484800,100.845000,51.503500,0.710428,18.000000,97.064252,5.734317,5.734317,5.734317,5.700000,5.700000,4.247717,2.861994,2.861994,1.981527,2.176489,2.209083,2.882117,2.998711,0.00038657,-0.00192181,0.00718864,0.037522,-0.186539,0.697760,4.210195,2.824472,3.048533,2.164234,2.139081,2.083079,,,,,,below deadband; feedforward + feedback
2026-05-16 16:30:27,1110.5,449.997,449.823,452.000,2.177,14.456600,100.845000,51.503500,0.711247,18.000000,97.064252,5.755357,5.755357,5.755357,5.712500,5.712500,4.252365,2.941838,2.941838,1.996291,2.104668,2.223917,2.925127,3.054155,0.00603383,-0.00179179,0.00917632,0.585669,-0.173919,0.890692,3.666696,2.356170,3.115758,2.051146,2.168423,2.105665,,,,,,below deadband; feedforward + feedback
2026-05-16 16:30:30,1113.6,449.714,449.924,452.000,2.076,14.466200,100.843000,51.503500,0.713297,18.000000,97.062327,5.672052,5.672052,5.672052,5.756250,5.756250,4.275602,3.011511,3.011511,2.014750,2.114029,2.236751,2.972689,3.115374,0.00956320,-0.00157282,0.01061538,0.928226,-0.152661,1.030354,3.347375,2.083284,3.164172,1.981157,2.166875,2.124911,,,,,,below deadband; feedforward + feedback
2026-05-16 16:30:33,1116.6,450.353,450.073,452.000,1.927,14.463000,100.845000,51.503500,0.711641,18.000000,97.064252,0.907385,1.672052,1.672052,5.643750,5.643750,4.215185,3.082009,3.082009,2.033914,2.160446,2.249464,3.024618,3.180404,0.02048782,-0.00138993,0.01117097,1.988635,-0.134912,1.084302,2.226551,1.093374,3.216921,1.997707,2.133807,2.147972,,,,,,within lower deadband; partial feedforward
2026-05-16 16:30:36,1120.1,450.317,450.188,452.000,1.812,14.466200,100.843000,51.513500,0.712060,18.000000,97.062327,0.924107,0.924107,0.924107,0.000000,0.000000,0.000000,3.164771,3.164771,2.058999,0.000000,2.249464,3.080356,3.247570,0.01339521,-0.00098098,0.01295831,1.300171,-0.095216,1.257763,-1.300171,1.864601,3.259988,1.907008,2.143068,2.180310,,,,,,within lower deadband; partial feedforward
2026-05-16 16:30:40,1123.6,450.040,450.197,452.000,1.803,14.477300,100.842000,51.503500,0.711766,18.000000,97.061364,0.941723,0.941723,0.941723,0.000000,0.000000,0.000000,3.247766,3.247766,2.086475,0.000000,2.249464,3.139078,3.315245,0.01221872,-0.00078646,0.01334127,1.185965,-0.076335,1.294922,-1.185965,2.061801,3.324101,1.952844,2.141211,2.210988,,,,,,within lower deadband; partial feedforward
2026-05-16 16:30:43,1127.1,450.158,450.192,452.000,1.808,14.476900,100.842000,51.506800,0.711694,18.000000,97.061364,0.959923,0.959923,0.959923,0.000000,0.000000,0.000000,3.318239,3.318239,2.116900,0.000000,2.249464,3.199744,3.381742,0.01058844,-0.00068258,0.01071587,1.027728,-0.066253,1.040097,-1.027728,2.290510,3.384491,2.278142,2.156259,2.244146,,,,,,within lower deadband; partial feedforward
2026-05-16 16:30:47,1130.6,449.765,450.133,452.000,1.867,14.481900,100.843000,51.506800,0.712085,18.000000,97.062327,0.977881,0.977881,0.977881,0.000000,0.000000,0.000000,3.260469,3.260469,2.146163,0.000000,2.249464,3.259605,3.439187,0.00539505,-0.00034678,0.00894693,0.523656,-0.033660,0.868410,-0.523656,2.736813,3.294128,2.392059,2.165644,2.275813,,,,,,within lower deadband; partial feedforward
2026-05-16 16:30:50,1134.0,449.480,449.954,452.000,2.046,14.460400,100.844000,51.510100,0.709543,18.000000,97.063289,5.976533,4.977881,4.977881,0.000000,0.000000,0.000000,3.181786,3.181786,2.173567,0.000000,2.249464,3.316993,3.489156,-0.00282359,-0.00030645,0.00496895,-0.274067,-0.029745,0.482303,0.274067,3.455853,3.211531,2.699483,2.179665,2.305713,,,,,,below deadband; feedforward + feedback
2026-05-16 16:30:53,1137.1,449.802,449.908,452.000,2.092,14.465500,100.844000,51.503500,0.712112,18.000000,97.063289,6.090662,6.090662,6.090662,4.606250,4.606250,3.434423,3.110616,3.110616,2.199034,1.702121,2.259914,3.371062,3.533270,-0.00262190,-0.00002486,0.00467690,-0.254490,-0.002413,0.453956,3.688914,3.365107,3.113029,2.656661,2.198185,2.333220,,,,,,below deadband; feedforward + feedback
2026-05-16 16:30:56,1140.1,451.001,449.909,452.000,2.091,14.461100,100.844000,51.510100,0.712282,18.000000,97.063289,6.138845,6.138845,6.138845,5.906250,5.906250,4.391786,3.039589,3.039589,2.221650,2.240130,2.272425,3.420675,3.569513,0.01638687,0.00022450,0.00439937,1.590564,0.021791,0.427017,2.801222,1.449025,3.017798,2.612572,2.199653,2.357354,,,,,,below deadband; feedforward + feedback
2026-05-16 16:31:00,1143.6,449.794,449.889,452.000,2.111,14.455200,100.843000,51.510100,0.713032,18.000000,97.062327,6.209430,6.209430,6.209430,6.081250,6.081250,4.512619,2.958311,2.958311,2.241256,2.307370,2.288154,3.464957,3.597804,0.00594969,0.00052283,0.00372756,0.577491,0.050747,0.361806,3.935127,2.380820,2.907564,2.596505,2.216026,2.377635,,,,,,below deadband; feedforward + feedback
2026-05-16 16:31:03,1147.1,450.686,449.960,452.000,2.040,14.478700,100.844000,51.503500,0.713886,18.000000,97.063289,6.157334,6.157334,6.157334,6.168750,6.168750,4.600919,3.015745,3.015745,2.261925,2.355262,2.304179,3.505508,3.627160,0.02184918,0.00074549,0.00352763,2.120753,0.072360,0.342403,2.480166,0.894991,2.943385,2.673342,2.205307,2.397870,,,,,,below deadband; feedforward + feedback
2026-05-16 16:31:07,1150.6,450.788,450.122,452.000,1.878,14.454000,100.842000,51.503500,0.713118,18.000000,97.061364,0.000000,2.157334,2.157334,6.143750,6.143750,4.568387,3.097526,3.097526,2.284109,2.337042,2.320183,3.543522,3.657565,0.01411816,0.00128784,0.00453514,1.370328,0.124999,0.440187,3.198059,1.727198,2.972527,2.657339,2.221176,2.418057,,,,,,within deadband and CO2 rising; MFC zero
2026-05-16 16:31:10,1154.0,450.289,450.267,452.000,1.733,14.448800,100.842000,51.510100,0.713850,18.000000,97.061364,0.000000,0.000000,0.000000,2.106250,2.106250,1.589408,3.185168,3.185168,2.307915,0.789300,2.326493,3.579705,3.688255,0.01383244,0.00175792,0.00784988,1.342596,0.170626,0.761920,0.246813,1.842573,3.014542,2.423248,2.221993,2.438370,,,,,,within deadband and CO2 rising; MFC zero
2026-05-16 16:31:13,1157.1,450.685,450.305,452.000,1.695,14.455600,100.845000,51.506800,0.714345,18.000000,97.064252,0.000000,0.000000,0.000000,0.000000,0.000000,0.000000,3.261515,3.261515,2.333136,0.000000,2.326493,3.615491,3.722846,0.02300923,0.00201023,0.00670257,2.233373,0.195121,0.650580,-2.233373,1.028141,3.066393,2.610935,2.181658,2.459084,,,,,,within deadband and CO2 rising; MFC zero
2026-05-16 16:31:16,1160.1,450.254,450.310,452.000,1.690,14.447600,100.844000,51.513500,0.712491,18.000000,97.063289,0.000000,0.000000,0.000000,0.000000,0.000000,0.000000,3.337706,3.337706,2.360217,0.000000,2.326493,3.651772,3.760617,0.00996675,0.00220683,0.00500641,0.967405,0.214202,0.485939,-0.967405,2.370301,3.123504,2.851767,2.186081,2.481270,,,,,,within deadband and CO2 rising; MFC zero
2026-05-16 16:31:20,1163.6,450.364,450.322,452.000,1.678,14.452300,100.845000,51.510200,0.711853,18.000000,97.064252,0.000000,0.000000,0.000000,0.000000,0.000000,0.000000,3.381056,3.381056,2.389437,0.000000,2.326493,3.689086,3.801028,0.00277317,0.00237869,0.00340933,0.269175,0.230886,0.330924,-0.269175,3.111881,3.150170,3.050132,2.204729,2.505200,,,,,,within deadband and CO2 rising; MFC zero
2026-05-16 16:31:23,1167.1,450.227,450.217,452.000,1.783,14.453600,100.843000,51.506900,0.712058,18.000000,97.062327,0.000000,0.000000,0.000000,0.000000,0.000000,0.000000,3.385471,3.385471,2.420743,0.000000,2.326493,3.727472,3.842629,-0.00240341,0.00250391,0.00244162,-0.233281,0.243036,0.236989,0.233281,3.618751,3.142435,3.148482,2.224767,2.531387,,,,,,within deadband and CO2 rising; MFC zero
2026-05-16 16:31:27,1170.6,449.658,450.091,452.000,1.909,14.449700,100.843000,51.510200,0.713156,18.000000,97.062327,0.000000,0.000000,0.000000,0.000000,0.000000,0.000000,3.385471,3.385471,2.454062,0.000000,2.326493,3.766614,3.884042,-0.01519359,0.00225250,-0.00029242,-1.474725,0.218632,-0.028383,1.474725,4.860196,3.166838,3.413854,2.278175,2.559817,,,,,,within deadband and CO2 rising; MFC zero
2026-05-16 16:31:30,1174.0,450.121,450.031,452.000,1.969,14.456800,100.843000,51.513500,0.712721,18.000000,97.062327,0.000000,0.000000,0.000000,0.000000,0.000000,0.000000,3.371580,3.371580,2.488804,0.000000,2.326493,3.805457,3.921983,0.00126053,0.00232800,-0.00074474,0.122350,0.225961,-0.072286,-0.122350,3.249230,3.145619,3.443866,2.311891,2.589822,,,,,,within deadband and CO2 rising; MFC zero
2026-05-16 16:31:33,1177.0,450.244,450.046,452.000,1.954,14.480000,100.842000,51.503500,0.711990,18.000000,97.061364,0.000000,0.000000,0.000000,0.000000,0.000000,0.000000,3.330567,3.330567,2.523547,0.000000,2.326493,3.842565,3.953889,-0.00468916,0.00271929,0.00116689,-0.455136,0.263938,0.113260,0.455136,3.785704,3.066629,3.217307,2.362644,2.619275,,,,,,within deadband and CO2 rising; MFC zero
2026-05-16 16:31:36,1180.1,449.993,449.979,452.000,2.021,14.463500,100.845000,51.510100,0.711049,18.000000,97.064252,6.504548,4.000000,4.000000,0.000000,0.000000,0.000000,3.269970,3.269970,2.557377,0.000000,2.326493,3.877292,3.981472,-0.01025230,0.00275540,0.00180299,-0.995132,0.267451,0.175006,0.995132,4.265102,3.002519,3.094964,2.409586,2.647803,,,,,,below deadband; feedforward + feedback
2026-05-16 16:31:40,1183.6,449.620,449.964,452.000,2.036,14.452700,100.841000,51.500200,0.712570,18.000000,97.060402,6.554943,6.554943,6.554943,3.593750,3.593750,2.672251,3.191881,3.191881,2.588660,1.368007,2.337771,3.908663,4.002778,-0.00719342,0.00279093,0.00101461,-0.698197,0.270889,0.098479,3.370448,3.890078,2.920992,3.093403,2.460475,2.673886,,,,,,below deadband; feedforward + feedback
2026-05-16 16:31:43,1187.1,450.367,450.044,452.000,1.956,14.444100,100.841000,51.503500,0.710910,18.000000,97.060402,0.000000,2.554943,2.554943,6.437500,6.437500,4.791462,3.113314,3.113314,2.617034,2.451166,2.353695,3.935668,4.016682,0.00653795,0.00285145,0.00095607,0.634576,0.276763,0.092797,4.156886,2.478738,2.836551,3.020518,2.482021,2.696703,,,,,,within deadband and CO2 rising; MFC zero
2026-05-16 16:31:47,1190.6,450.917,450.128,452.000,1.872,14.504300,100.843000,51.506800,0.710619,18.000000,97.062327,0.000000,0.000000,2.554943,2.500000,2.500000,1.872899,3.017152,3.017152,2.641461,0.960329,2.360961,3.957458,4.022826,0.02220218,0.00309217,0.00234954,2.154995,0.300133,0.228052,-0.282096,0.862157,2.717019,2.789100,2.482190,2.714493,,,,,,within deadband and CO2 rising; MFC zero
2026-05-16 16:31:50,1194.0,450.321,450.213,452.000,1.787,14.446500,100.846000,51.506800,0.711781,18.000000,97.065214,0.000000,0.000000,2.554943,2.525000,2.525000,1.868252,2.963655,2.963655,2.663133,0.924069,2.367447,3.973900,4.023229,0.00996659,0.00337181,0.00199551,0.967410,0.327286,0.193694,0.900842,1.996246,2.636370,2.769961,2.470782,2.728612,,,,,,within deadband and CO2 rising; MFC zero
2026-05-16 16:31:53,1197.0,450.870,450.306,452.000,1.694,14.472400,100.843000,51.506800,0.714354,18.000000,97.062327,0.000000,0.000000,2.554943,2.531250,2.531250,1.877547,3.014957,3.014957,2.685254,0.929578,2.373061,3.986583,4.024633,0.01736199,0.00351025,0.00214014,1.685195,0.340713,0.207727,0.192352,1.329763,2.674245,2.807231,2.454687,2.742354,,,,,,within deadband and CO2 rising; MFC zero
2026-05-16 16:31:56,1200.1,450.618,450.437,452.000,1.563,14.451400,100.843000,51.503500,0.711382,18.000000,97.062327,0.000000,0.000000,0.000000,2.500000,2.500000,1.886842,2.987034,2.987034,2.705517,0.934115,2.378725,3.996306,4.025472,-0.01020205,0.00354301,0.00276099,-0.990235,0.343893,0.267988,2.877077,3.977269,2.643141,2.719047,2.469875,2.753383,,,,,,within deadband and CO2 rising; MFC zero
2026-05-16 16:32:00,1203.6,450.615,450.514,452.000,1.486,14.453500,100.844000,51.510100,0.714911,18.000000,97.063289,0.000000,0.000000,0.000000,0.000000,0.000000,0.000000,2.948461,2.948461,2.723681,0.000000,2.378725,4.003323,4.024375,0.00379846,0.00388342,0.00459616,0.368691,0.376937,0.446119,-0.368691,2.579770,2.571524,2.502342,2.498128,2.761184,,,,,,within deadband and CO2 rising; MFC zero
2026-05-16 16:32:03,1207.1,449.987,450.431,452.000,1.569,14.485600,100.843000,51.503500,0.714127,18.000000,97.062327,0.000000,0.000000,0.000000,0.000000,0.000000,0.000000,2.908429,2.908429,2.741854,0.000000,2.378725,4.007762,4.021078,-0.00662209,0.00376230,0.00340813,-0.642756,0.365178,0.330801,0.642756,3.551185,2.543251,2.577628,2.518446,2.768327,,,,,,within deadband and CO2 rising; MFC zero
2026-05-16 16:32:07,1210.6,450.175,450.372,452.000,1.628,14.441400,100.843000,51.506900,0.716500,18.000000,97.062327,0.000000,0.000000,0.000000,0.000000,0.000000,0.000000,2.863194,2.863194,2.759271,0.000000,2.378725,4.009115,4.013173,-0.00734468,0.00378434,0.00390153,-0.712892,0.367317,0.378692,0.712892,3.576086,2.495877,2.484503,2.536710,2.774573,,,,,,within deadband and CO2 rising; MFC zero
2026-05-16 16:32:10,1214.0,450.041,450.340,452.000,1.660,14.458900,100.842000,51.513500,0.710692,18.000000,97.061364,0.000000,0.000000,0.000000,0.000000,0.000000,0.000000,2.784976,2.784976,2.774878,0.000000,2.378725,4.006921,4.000340,-0.00127734,0.00382695,0.00547007,-0.123980,0.371449,0.530933,0.123980,2.908956,2.413527,2.254043,2.545973,2.778656,,,,,,within deadband and CO2 rising; MFC zero
2026-05-16 16:32:13,1217.0,450.113,450.268,452.000,1.732,14.462900,100.845000,51.506800,0.711207,18.000000,97.064252,0.000000,0.000000,0.000000,0.000000,0.000000,0.000000,2.717434,2.717434,2.789471,0.000000,2.378725,4.000604,3.981653,-0.00694132,0.00408404,0.00592200,-0.673754,0.396414,0.574815,0.673754,3.391188,2.321020,2.142619,2.570657,2.782001,,,,,,within deadband and CO2 rising; MFC zero
2026-05-16 16:32:16,1220.1,450.309,450.229,452.000,1.771,14.437700,100.845000,51.510200,0.710456,18.000000,97.064252,0.000000,0.000000,0.000000,0.000000,0.000000,0.000000,2.649285,2.649285,2.803119,0.000000,2.378725,3.989378,3.955702,0.00907581,0.00420791,0.00671108,0.880936,0.408437,0.651406,-0.880936,1.768349,2.240848,1.997880,2.560197,2.784379,,,,,,within deadband and CO2 rising; MFC zero
2026-05-16 16:32:20,1223.6,450.732,450.299,452.000,1.701,14.439200,100.846000,51.503500,0.710750,18.000000,97.065214,0.000000,0.000000,0.000000,0.000000,0.000000,0.000000,2.569841,2.569841,2.815607,0.000000,2.378725,3.972624,3.922359,0.00418496,0.00452490,0.00773954,0.406214,0.439210,0.751240,-0.406214,2.163627,2.130630,1.818601,2.568243,2.785532,,,,,,within deadband and CO2 rising; MFC zero
2026-05-16 16:32:23,1227.1,450.499,450.370,452.000,1.630,14.445500,100.846000,51.506800,0.711850,18.000000,97.065214,0.000000,0.000000,0.000000,0.000000,0.000000,0.000000,2.491403,2.491403,2.826931,0.000000,2.378725,3.950384,3.883667,0.00566398,0.00493097,0.00798509,0.549775,0.478626,0.775074,-0.549775,1.941628,2.012777,1.716328,2.571321,2.785234,,,,,,within deadband and CO2 rising; MFC zero
2026-05-16 16:32:27,1230.6,450.795,450.386,452.000,1.614,14.437800,100.844000,51.510100,0.711997,18.000000,97.063289,0.000000,0.000000,0.000000,0.000000,0.000000,0.000000,2.415095,2.415095,2.836457,0.000000,2.378725,3.922626,3.839351,0.01724405,0.00500317,0.00617210,1.673764,0.485624,0.599084,-1.673764,0.741331,1.929471,1.816011,2.534564,2.782849,,,,,,within deadband and CO2 rising; MFC zero
2026-05-16 16:32:30,1234.0,450.183,450.479,452.000,1.521,14.432300,100.844000,51.506800,0.713224,18.000000,97.063289,0.000000,0.000000,0.000000,0.000000,0.000000,0.000000,2.339743,2.339743,2.843577,0.000000,2.378725,3.889565,3.790383,-0.00099162,0.00501111,0.00584460,-0.096250,0.486395,0.567297,0.096250,2.435993,1.853348,1.772446,2.541956,2.777727,,,,,,within deadband and CO2 rising; MFC zero
2026-05-16 16:32:33,1237.0,448.988,450.474,452.000,1.526,14.452900,100.844000,51.503500,0.713663,18.000000,97.063289,0.000000,0.000000,0.000000,0.000000,0.000000,0.000000,2.276345,2.276345,2.848345,0.000000,2.378725,3.851621,3.737789,-0.01889111,0.00481464,0.00602474,-1.833633,0.467325,0.584781,1.833633,4.109978,1.809020,1.691563,2.521469,2.770254,,,,,,within deadband and CO2 rising; MFC zero
2026-05-16 16:32:36,1240.1,449.965,450.387,452.000,1.613,14.437700,100.844000,51.503500,0.712408,18.000000,97.063289,0.000000,0.000000,0.000000,0.000000,0.000000,0.000000,2.276345,2.276345,2.852919,0.000000,2.378725,3.809900,3.684738,0.00262190,0.00449682,0.00248395,0.254490,0.436476,0.241100,-0.254490,2.021855,1.839869,2.035245,2.506679,2.762397,,,,,,within deadband and CO2 rising; MFC zero
2026-05-16 16:32:40,1243.6,450.083,450.328,452.000,1.672,14.438400,100.845000,51.500200,0.711811,18.000000,97.064252,0.000000,0.000000,0.000000,0.000000,0.000000,0.000000,2.208506,2.208506,2.854980,0.000000,2.378725,3.764390,3.627859,0.00435303,0.00419294,-0.00174537,0.422523,0.406985,-0.169413,-0.422523,1.785982,1.801521,2.377918,2.501520,2.752228,,,,,,within deadband and CO2 rising; MFC zero
2026-05-16 16:32:43,1247.1,450.221,450.193,452.000,1.807,14.434900,100.846000,51.500200,0.713470,18.000000,97.065214,0.000000,0.000000,0.000000,0.000000,0.000000,0.000000,2.136497,2.136497,2.854374,0.000000,2.378725,3.715346,3.568213,-0.00376484,0.00359223,-0.00532415,-0.365435,0.348680,-0.516790,0.365435,2.501932,1.787817,2.653287,2.498588,2.739699,,,,,,within deadband and CO2 rising; MFC zero
2026-05-16 16:32:47,1250.6,450.515,450.084,452.000,1.916,14.431400,100.845000,51.503500,0.712431,18.000000,97.064252,0.000000,0.000000,0.000000,0.000000,0.000000,0.000000,2.059337,2.059337,2.850910,0.000000,2.378725,3.664020,3.510044,-0.01270634,0.00332077,-0.00527455,-1.233332,0.322328,-0.511970,1.233332,3.292669,1.737009,2.571307,2.517692,2.724597,,,,,,within deadband and CO2 rising; MFC zero
2026-05-16 16:32:50,1254.0,450.606,450.124,452.000,1.876,14.449400,100.846000,51.506900,0.711638,18.000000,97.065214,0.000000,0.000000,0.000000,0.000000,0.000000,0.000000,1.978240,1.978240,2.844659,0.000000,2.378725,3.611326,3.453244,0.00509263,0.00295865,-0.00480164,0.494317,0.287182,-0.466073,-0.494317,1.483923,1.691059,2.444313,2.504915,2.707291,,,,,,within deadband and CO2 rising; MFC zero
2026-05-16 16:32:53,1257.0,450.062,450.139,452.000,1.861,14.440200,100.847000,51.506800,0.711379,18.000000,97.066177,0.000000,0.000000,0.000000,0.000000,0.000000,0.000000,1.907832,1.907832,2.836622,0.000000,2.378725,3.558050,3.398219,-0.01517678,0.00275859,-0.00559905,-1.473152,0.267766,-0.543478,1.473152,3.380984,1.640067,2.451310,2.535125,2.688835,,,,,,within deadband and CO2 rising; MFC zero
2026-05-16 16:32:56,1260.1,450.510,450.213,452.000,1.787,14.447500,100.846000,51.503500,0.711724,18.000000,97.065214,0.000000,0.000000,0.000000,0.000000,0.000000,0.000000,1.836237,1.836237,2.827144,0.000000,2.378725,3.504617,3.344318,0.00030253,0.00269220,-0.00430971,0.029365,0.261319,-0.418323,-0.029365,1.806872,1.574918,2.254559,2.541385,2.669470,,,,,,within deadband and CO2 rising; MFC zero
2026-05-16 16:33:00,1263.6,450.493,450.328,452.000,1.672,14.433700,100.843000,51.506800,0.712355,18.000000,97.062327,0.000000,0.000000,0.000000,0.000000,0.000000,0.000000,1.752325,1.752325,2.816192,0.000000,2.378725,3.451261,3.291193,0.00159667,0.00274946,0.00011679,0.154977,0.266869,0.011336,-0.154977,1.597349,1.485456,1.740989,2.520525,2.648813,,,,,,within deadband and CO2 rising; MFC zero
2026-05-16 16:33:03,1267.1,450.006,450.298,452.000,1.702,14.432800,100.849000,51.506900,0.710978,18.000000,97.068102,0.000000,0.000000,0.000000,0.000000,0.000000,0.000000,1.668517,1.668517,2.803105,0.000000,2.378725,3.397070,3.234497,-0.00396647,0.00250166,-0.00129428,-0.385018,0.242831,-0.125634,0.385018,2.053535,1.425686,1.794151,2.521818,2.626483,,,,,,within deadband and CO2 rising; MFC zero
2026-05-16 16:33:07,1270.6,450.049,450.304,452.000,1.696,14.433400,100.843000,51.503500,0.713440,18.000000,97.062327,0.000000,0.000000,0.000000,0.000000,0.000000,0.000000,1.584955,1.584955,2.787090,0.000000,2.378725,3.341423,3.174482,-0.00332779,0.00225593,-0.00243641,-0.323004,0.218966,-0.236483,0.323004,1.907958,1.365989,1.821438,2.513265,2.601641,,,,,,within deadband and CO2 rising; MFC zero
2026-05-16 16:33:10,1274.0,450.158,450.326,452.000,1.674,14.445600,100.846000,51.506800,0.711583,18.000000,97.065214,0.000000,0.000000,0.000000,0.000000,0.000000,0.000000,1.502050,1.502050,2.768223,0.000000,2.378725,3.283455,3.109551,-0.00635306,0.00232461,-0.00256315,-0.616661,0.225639,-0.248793,0.616661,2.118712,1.276411,1.750843,2.499836,2.574221,,,,,,within deadband and CO2 rising; MFC zero
2026-05-16 16:33:13,1277.0,450.295,450.248,452.000,1.752,14.429900,100.845000,51.513500,0.712181,18.000000,97.064252,0.000000,0.000000,0.000000,0.000000,0.000000,0.000000,1.432327,1.432327,2.746769,0.000000,2.378725,3.222828,3.040949,-0.00282358,0.00208470,-0.00242183,-0.274069,0.202350,-0.235073,0.274069,1.706395,1.229977,1.667400,2.472763,2.544753,,,,,,within deadband and CO2 rising; MFC zero
2026-05-16 16:33:16,1280.1,450.459,450.275,452.000,1.725,14.434000,100.845000,51.503500,0.711687,18.000000,97.064252,0.000000,0.000000,0.000000,0.000000,0.000000,0.000000,1.320608,1.320608,2.720964,0.000000,2.378725,3.158873,2.967007,0.00203365,0.00181787,-0.00199396,0.197395,0.176450,-0.193542,-0.197395,1.123213,1.144158,1.514151,2.436354,2.511580,,,,,,within deadband and CO2 rising; MFC zero
2026-05-16 16:33:20,1283.6,451.412,450.378,452.000,1.622,14.418300,100.847000,51.503500,0.713056,18.000000,97.066177,0.000000,0.000000,0.000000,0.000000,0.000000,0.000000,1.219321,1.219321,2.691407,0.000000,2.378725,3.091294,2.888557,0.00872287,0.00174291,0.00039760,0.846695,0.169177,0.038594,-0.846695,0.372626,1.050144,1.180727,2.399486,2.475042,,,,,,within deadband and CO2 rising; MFC zero
2026-05-16 16:33:23,1287.1,450.716,450.375,452.000,1.625,14.414900,100.847000,51.506800,0.714493,18.000000,97.066177,0.000000,0.000000,0.000000,0.000000,0.000000,0.000000,1.172718,1.172718,2.660124,0.000000,2.378725,3.020770,2.809198,0.00668921,0.00159315,0.00076970,0.649296,0.154641,0.074712,-0.649296,0.523422,1.018077,1.098006,2.356874,2.437441,,,,,,within deadband and CO2 rising; MFC zero
2026-05-16 16:33:27,1290.6,450.109,450.353,452.000,1.647,14.425600,100.846000,51.510100,0.710075,18.000000,97.065214,0.000000,0.000000,0.000000,0.000000,0.000000,0.000000,1.092873,1.092873,2.625884,0.000000,2.378725,2.947176,2.726394,-0.00821865,0.00146918,0.00157948,-0.797745,0.142607,0.153313,0.797745,1.890618,0.950266,0.939560,2.348253,2.397339,,,,,,within deadband and CO2 rising; MFC zero
2026-05-16 16:33:30,1294.0,450.482,450.323,452.000,1.677,14.412600,100.844000,51.510100,0.713900,18.000000,97.063289,0.000000,0.000000,0.000000,0.000000,0.000000,0.000000,1.011505,1.011505,2.588847,0.000000,2.378725,2.870750,2.641473,0.00005042,0.00143347,0.00336001,0.004894,0.139137,0.326134,-0.004894,1.006611,0.872368,0.685371,2.328314,2.354898,,,,,,within deadband and CO2 rising; MFC zero
2026-05-16 16:33:33,1297.0,450.192,450.306,452.000,1.694,14.435700,100.846000,51.506800,0.711597,18.000000,97.065214,0.000000,0.000000,0.000000,0.000000,0.000000,0.000000,0.940903,0.940903,2.549197,0.000000,2.378725,2.792216,2.556614,0.01287443,0.00150281,0.00444737,1.249659,0.145871,0.431685,-1.249659,-0.308756,0.795033,0.509219,2.302349,2.310049,,,,,,within deadband and CO2 rising; MFC zero
2026-05-16 16:33:36,1300.1,450.371,450.220,452.000,1.780,14.432300,100.844000,51.510100,0.710603,18.000000,97.063289,0.000000,0.000000,0.000000,0.000000,0.000000,0.000000,0.869940,0.869940,2.506700,0.000000,2.378725,2.712009,2.471389,0.00926086,0.00153307,0.00271699,0.898889,0.148805,0.263720,-0.898889,-0.028949,0.721135,0.606221,2.267283,2.263033,,,,,,within deadband and CO2 rising; MFC zero
2026-05-16 16:33:40,1303.6,449.732,450.173,452.000,1.827,14.423800,100.846000,51.506800,0.711906,18.000000,97.065214,0.000000,0.000000,0.000000,0.000000,0.000000,0.000000,0.786946,0.786946,2.461129,0.000000,2.378725,2.630732,2.386900,-0.00020169,0.00131501,0.00015646,-0.019577,0.127642,0.015187,0.019577,0.806523,0.659304,0.771759,2.244037,2.213685,,,,,,within deadband and CO2 rising; MFC zero
2026-05-16 16:33:43,1307.1,450.006,450.174,452.000,1.826,14.440900,100.847000,51.503500,0.713451,18.000000,97.066177,0.000000,0.000000,0.000000,0.000000,0.000000,0.000000,0.716473,0.716473,2.412948,0.000000,2.378725,2.548910,2.303444,0.00094119,0.00117393,-0.00168405,0.091358,0.113949,-0.163464,-0.091358,0.625115,0.602524,0.879937,2.213197,2.162167,,,,,,within deadband and CO2 rising; MFC zero
2026-05-16 16:33:47,1310.6,450.031,450.132,452.000,1.868,14.434800,100.848000,51.510100,0.711632,18.000000,97.067139,0.000000,0.000000,0.000000,0.000000,0.000000,0.000000,0.716473,0.716473,2.365837,0.000000,2.378725,2.467991,2.225232,-0.00425218,0.00095918,-0.00239515,-0.412747,0.093105,-0.232490,0.412747,1.129220,0.623369,0.948963,2.183426,2.112708,,,,,,within deadband and CO2 rising; MFC zero
2026-05-16 16:33:50,1314.0,450.102,450.114,452.000,1.886,14.423300,100.846000,51.510200,0.714580,18.000000,97.065214,0.000000,0.000000,0.000000,0.000000,0.000000,0.000000,0.716473,0.716473,2.320183,0.000000,2.378725,2.388941,2.151792,-0.00297485,0.00047409,-0.00395450,-0.288754,0.046017,-0.383844,0.288754,1.005227,0.670456,1.100317,2.138044,2.065651,,,,,,within deadband and CO2 rising; MFC zero
2026-05-16 16:33:53,1317.0,450.011,450.147,452.000,1.853,14.428700,100.847000,51.506800,0.710914,18.000000,97.066177,0.000000,0.000000,0.000000,0.000000,0.000000,0.000000,0.716473,0.716473,2.275847,0.000000,2.378725,2.311073,2.077469,-0.00337822,0.00032749,-0.00487985,-0.327911,0.031788,-0.473669,0.327911,1.044384,0.684685,1.190142,2.095068,2.020682,,,,,,within deadband and CO2 rising; MFC zero
2026-05-16 16:33:56,1320.1,450.054,450.157,452.000,1.843,14.417100,100.847000,51.506800,0.712396,18.000000,97.066177,0.000000,0.000000,0.000000,0.000000,0.000000,0.000000,0.716473,0.716473,2.232827,0.000000,2.378725,2.234556,2.005003,-0.01510954,0.00013570,-0.00495823,-1.466625,0.013171,-0.481277,1.466625,2.183098,0.703302,1.197750,2.108662,1.977821,,,,,,within deadband and CO2 rising; MFC zero
2026-05-16 16:34:00,1323.6,449.727,450.142,452.000,1.858,14.423700,100.851000,51.510100,0.710309,18.000000,97.070027,0.647969,0.647969,0.647969,0.000000,0.000000,0.000000,0.716473,0.716473,2.191311,0.000000,2.378725,2.159898,1.935924,-0.00914304,-0.00006065,-0.00297688,-0.887516,-0.005887,-0.288966,0.887516,1.603989,0.722360,1.005439,2.094276,1.937354,,,,,,within lower deadband; partial feedforward
2026-05-16 16:34:03,1327.1,449.880,450.115,452.000,1.885,14.417800,100.848000,51.506800,0.713323,18.000000,97.067139,0.625992,0.625992,0.625992,0.000000,0.000000,0.000000,0.659039,0.659039,2.147668,0.000000,2.378725,2.086640,1.866867,-0.00490766,-0.00036680,-0.00506594,-0.476373,-0.035605,-0.491736,0.476373,1.135412,0.694644,1.150775,2.098728,1.895711,,,,,,within lower deadband; partial feedforward
2026-05-16 16:34:07,1330.6,450.325,450.062,452.000,1.938,14.414900,100.847000,51.503500,0.711861,18.000000,97.066177,0.604252,0.604252,0.604252,0.000000,0.000000,0.000000,0.577258,0.577258,2.100997,0.000000,2.378725,2.014174,1.796776,0.00100842,-0.00043650,-0.00636075,0.097884,-0.042369,-0.617414,-0.097884,0.479374,0.619627,1.194672,2.075621,1.852139,,,,,,within lower deadband; partial feedforward
2026-05-16 16:34:10,1334.0,449.917,450.035,452.000,1.965,14.454700,100.846000,51.510200,0.711484,18.000000,97.065214,0.582671,0.582671,0.582671,0.000000,0.000000,0.000000,0.489616,0.489616,2.051079,0.000000,2.378725,1.942237,1.726426,-0.00495808,-0.00041950,-0.00662332,-0.481257,-0.040718,-0.642894,0.481257,0.970873,0.530334,1.132510,2.059478,1.806135,,,,,,within lower deadband; partial feedforward
2026-05-16 16:34:13,1337.0,449.906,449.983,452.000,2.017,14.400200,100.846000,51.500200,0.713202,18.000000,97.065214,4.493206,4.493206,4.493206,0.000000,0.000000,0.000000,0.413269,0.413269,1.998334,0.000000,2.378725,1.871020,1.657368,-0.00833630,-0.00060914,-0.00736666,-0.809165,-0.059126,-0.715046,0.809165,1.222434,0.472395,1.128316,2.063076,1.758098,,,,,,below deadband; feedforward + feedback
2026-05-16 16:34:16,1340.1,449.390,449.901,452.000,2.099,14.421900,100.847000,51.506800,0.714646,18.000000,97.066177,4.528846,4.528846,4.528846,8.256250,8.256250,6.139206,0.337078,0.337078,1.942767,3.031112,2.396675,1.800666,1.589604,-0.01542888,-0.00092506,-0.00895148,-1.497622,-0.089792,-0.868886,7.636828,1.834700,0.426870,1.205964,2.053157,1.708160,,,,,,below deadband; feedforward + feedback
2026-05-16 16:34:20,1343.6,449.552,449.858,452.000,2.142,14.421600,100.849000,51.506800,0.712149,18.000000,97.068102,4.516541,4.516541,4.516541,5.137500,5.137500,3.894515,0.293728,0.293728,1.885594,1.989146,2.413045,1.731855,1.525421,-0.03208513,-0.00122386,-0.00829855,-3.114442,-0.118798,-0.805525,7.008958,3.408171,0.412526,1.099253,2.058644,1.657463,,,,,,below deadband; feedforward + feedback
2026-05-16 16:34:23,1347.1,449.544,449.684,452.000,2.316,14.421800,100.845000,51.510100,0.711954,18.000000,97.064252,4.676682,4.676682,4.676682,1.012500,1.012500,0.785409,0.289313,0.289313,1.828258,0.402014,2.420144,1.665665,1.467096,-0.01705945,-0.00167079,-0.00991460,-1.655863,-0.162174,-0.962353,2.441273,1.945176,0.451487,1.251666,2.027652,1.607631,,,,,,below deadband; feedforward + feedback
2026-05-16 16:34:27,1350.6,449.381,449.662,452.000,2.338,14.403400,100.848000,51.516800,0.713646,18.000000,97.067139,4.642719,4.642719,4.642719,4.556250,4.556250,3.397244,0.405214,0.405214,1.773068,1.733386,2.428592,1.603926,1.418709,-0.01408455,-0.00235892,-0.01123574,-1.367147,-0.228974,-1.090621,4.764392,1.772361,0.634188,1.495835,1.970470,1.560730,,,,,,below deadband; feedforward + feedback
2026-05-16 16:34:30,1354.0,449.525,449.580,452.000,2.420,14.406600,100.847000,51.506900,0.712100,18.000000,97.066177,4.693378,4.693378,4.693378,4.600000,4.600000,3.415834,0.488480,0.488480,1.719677,1.689503,2.440460,1.547552,1.378428,-0.01038675,-0.00295247,-0.01256236,-1.008203,-0.286585,-1.219380,4.424036,1.496682,0.775065,1.707860,1.938015,1.516831,,,,,,below deadband; feedforward + feedback
2026-05-16 16:34:33,1357.0,449.602,449.555,452.000,2.445,14.424200,100.846000,51.510100,0.711908,18.000000,97.065214,4.674870,4.674870,4.674870,4.650000,4.650000,3.453013,0.519101,0.519101,1.667613,1.707878,2.450826,1.496153,1.341957,-0.00880690,-0.00323119,-0.01268847,-0.854843,-0.313637,-1.231609,4.307856,1.373944,0.832738,1.750710,1.893353,1.475462,,,,,,below deadband; feedforward + feedback
2026-05-16 16:34:36,1360.1,449.252,449.520,452.000,2.480,14.409900,100.849000,51.513500,0.713178,18.000000,97.068102,4.673168,4.673168,4.673168,4.650000,4.650000,3.462308,0.556370,0.556370,1.617361,1.715259,2.461229,1.448995,1.307520,-0.01236998,-0.00372581,-0.01351032,-1.200731,-0.361657,-1.311421,4.663039,1.757101,0.918027,1.867792,1.846909,1.436861,,,,,,below deadband; feedforward + feedback
2026-05-16 16:34:40,1363.6,449.309,449.453,452.000,2.547,14.421900,100.846000,51.506800,0.714934,18.000000,97.065214,4.718394,4.718394,4.718394,4.656250,4.656250,3.453013,0.622544,0.622544,1.569781,1.767683,2.473360,1.406687,1.279764,-0.01213469,-0.00449148,-0.01640062,-1.177857,-0.435966,-1.591930,4.630870,1.800401,1.058511,2.214474,1.808211,1.402370,,,,,,below deadband; feedforward + feedback
2026-05-16 16:34:43,1367.1,449.228,449.376,452.000,2.624,14.414700,100.848000,51.500200,0.711717,18.000000,97.067139,4.780222,4.780222,4.780222,4.706250,4.706250,3.494840,0.689505,0.689505,1.524895,1.790175,2.485577,1.369369,1.257414,-0.01816853,-0.00515124,-0.01782155,-1.763567,-0.500016,-1.729887,5.258406,2.453072,1.189521,2.419392,1.807736,1.371870,,,,,,below deadband; feedforward + feedback
2026-05-16 16:34:47,1370.6,448.908,449.266,452.000,2.734,14.414100,100.850000,51.506800,0.709519,18.000000,97.069064,4.890674,4.890674,4.890674,4.756250,4.756250,3.541313,0.736083,0.736083,1.482653,1.805090,2.497943,1.337081,1.240217,-0.02248789,-0.00556902,-0.01889011,-2.182878,-0.540580,-1.833646,5.724192,2.918961,1.276662,2.569728,1.845825,1.345196,,,,,,below deadband; feedforward + feedback
2026-05-16 16:34:50,1374.1,449.254,449.202,452.000,2.798,14.411900,100.845000,51.503500,0.711052,18.000000,97.064252,4.946693,4.946693,4.946693,4.881250,4.881250,3.620319,0.751651,0.751651,1.441690,1.848445,2.510589,1.309380,1.226277,-0.01307590,-0.00583375,-0.01943464,-1.269202,-0.566249,-1.886408,4.889521,2.020854,1.317900,2.638060,1.846280,1.320780,,,,,,below deadband; feedforward + feedback
2026-05-16 16:34:54,1377.5,449.130,449.155,452.000,2.845,14.421600,100.847000,51.510100,0.712311,18.000000,97.066177,4.983999,4.983999,4.983999,4.937500,4.937500,3.671440,0.733707,0.733707,1.399445,1.816380,2.523329,1.285802,1.215070,-0.01642051,-0.00624708,-0.01956781,-1.593876,-0.606380,-1.899372,5.265316,2.327583,1.340087,2.633079,1.864759,1.296074,,,,,,below deadband; feedforward + feedback
2026-05-16 16:34:57,1380.5,448.613,449.196,452.000,2.804,14.413500,100.846000,51.506800,0.712399,18.000000,97.065214,4.911648,4.911648,4.911648,4.981250,4.981250,3.694677,0.760533,0.760533,1.358213,1.835740,2.534405,1.266318,1.207864,-0.02589968,-0.00640269,-0.01802368,-2.513958,-0.621479,-1.749472,6.208635,3.274491,1.382012,2.510005,1.851744,1.272719,,,,,,below deadband; feedforward + feedback
2026-05-16 16:35:00,1383.6,448.706,449.098,452.000,2.902,14.405600,100.848000,51.510100,0.711984,18.000000,97.067139,5.023233,5.023233,5.023233,4.918750,4.918750,3.652851,0.789657,0.789657,1.318235,1.875236,2.545410,1.251240,1.206007,-0.01692473,-0.00665609,-0.01802396,-1.642835,-0.646087,-1.749534,5.295686,2.432492,1.435744,2.539191,1.849017,1.251686,,,,,,below deadband; feedforward + feedback
2026-05-16 16:35:03,1387.1,448.894,449.034,452.000,2.966,14.427900,100.849000,51.510100,0.711091,18.000000,97.068102,5.097305,5.097305,5.097305,5.012500,5.012500,3.736504,0.824293,0.824293,1.279640,1.913693,2.558405,1.240899,1.209875,-0.01566418,-0.00726216,-0.01890094,-1.520492,-0.704924,-1.834679,5.256996,2.344784,1.529217,2.658971,1.826676,1.232908,,,,,,below deadband; feedforward + feedback
2026-05-16 16:35:07,1390.6,448.861,448.912,452.000,3.088,14.406800,100.847000,51.510100,0.712213,18.000000,97.066177,5.249491,5.249491,5.249491,5.100000,5.100000,3.787625,0.864518,0.864518,1.242628,1.937057,2.571606,1.235697,1.220094,-0.03069021,-0.00798450,-0.01989356,-2.978981,-0.775025,-1.930992,6.766607,3.843500,1.639543,2.795510,1.831628,1.217050,,,,,,below deadband; feedforward + feedback
2026-05-16 16:35:10,1394.1,448.336,448.792,452.000,3.208,14.411600,100.846000,51.503500,0.712275,18.000000,97.065214,5.406344,5.406344,5.406344,5.250000,5.250000,3.899163,0.935740,0.935740,1.208383,1.993242,2.585170,1.236421,1.238591,-0.02650517,-0.00861110,-0.01952523,-2.572730,-0.835838,-1.895221,6.471892,3.508469,1.771578,2.830961,1.842730,1.205162,,,,,,below deadband; feedforward + feedback
2026-05-16 16:35:14,1397.5,448.458,448.743,452.000,3.257,14.408200,100.848000,51.506900,0.712436,18.000000,97.067139,5.476609,5.476609,5.476609,5.400000,5.400000,4.015348,1.008084,1.008084,1.176728,1.986466,2.599070,1.243115,1.263199,-0.01633674,-0.00907208,-0.01899058,-1.585760,-0.880601,-1.843362,5.601108,2.593844,1.888685,2.851446,1.827965,1.197156,,,,,,below deadband; feedforward + feedback
2026-05-16 16:35:17,1400.5,448.561,448.732,452.000,3.268,14.406500,100.846000,51.513500,0.711541,18.000000,97.065214,5.504488,5.504488,5.504488,5.468750,5.468750,4.061821,1.071043,1.071043,1.147501,2.008391,2.611245,1.256001,1.294658,-0.02085753,-0.00942913,-0.01890640,-2.024541,-0.915240,-1.835154,6.086362,3.095584,1.986284,2.906197,1.852543,1.192442,,,,,,below deadband; feedforward + feedback
2026-05-16 16:35:20,1403.5,448.642,448.711,452.000,3.289,14.412200,100.850000,51.510200,0.713412,18.000000,97.069064,5.550475,5.550475,5.550475,5.500000,5.500000,4.089706,1.135565,1.135565,1.120941,2.090713,2.623528,1.275295,1.333177,-0.01764742,-0.00974261,-0.01797335,-1.713019,-0.945706,-1.744656,5.802724,2.848583,2.081270,2.880221,1.865227,1.191528,,,,,,below deadband; feedforward + feedback
2026-05-16 16:35:23,1407.1,448.316,448.659,452.000,3.341,14.423400,100.848000,51.510100,0.709599,18.000000,97.067139,5.644731,5.644731,5.644731,5.550000,5.550000,4.126885,1.212776,1.212776,1.097262,2.112165,2.637946,1.300868,1.377586,-0.02072310,-0.01024115,-0.01877482,-2.011532,-0.994079,-1.822418,6.138417,3.224308,2.206855,3.035194,1.888981,1.195122,,,,,,below deadband; feedforward + feedback
2026-05-16 16:35:27,1410.6,448.533,448.603,452.000,3.397,14.423600,100.845000,51.510100,0.714698,18.000000,97.064252,5.749488,5.749488,5.749488,5.637500,5.637500,4.191948,1.291459,1.291459,1.076454,2.146084,2.652567,1.332868,1.428869,-0.01492466,-0.01062820,-0.01874031,-1.448651,-1.031619,-1.819014,5.640599,2.740110,2.323078,3.110473,1.925995,1.202411,,,,,,below deadband; feedforward + feedback
2026-05-16 16:35:30,1414.1,448.712,448.496,452.000,3.504,14.407500,100.851000,51.516800,0.712128,18.000000,97.070027,5.926836,5.926836,5.926836,5.731250,5.731250,4.266307,1.370981,1.370981,1.058514,2.178655,2.667462,1.371462,1.487246,-0.01638688,-0.01096182,-0.01920002,-1.590675,-1.064064,-1.863746,5.856982,2.961656,2.435045,3.234727,1.935730,1.213183,,,,,,below deadband; feedforward + feedback
2026-05-16 16:35:34,1417.6,448.543,448.437,452.000,3.563,14.394600,100.846000,51.510200,0.713047,18.000000,97.065214,6.048386,6.048386,6.048386,5.906250,5.906250,4.410376,1.451161,1.451161,1.043233,2.250539,2.682770,1.416876,1.553118,-0.01818524,-0.01140683,-0.01817681,-1.765154,-1.107207,-1.764336,6.175530,3.216316,2.558368,3.215498,1.919180,1.227060,,,,,,below deadband; feedforward + feedback
2026-05-16 16:35:37,1421.0,448.534,448.394,452.000,3.606,14.407400,100.850000,51.506800,0.711412,18.000000,97.069064,6.157765,6.157765,6.157765,6.037500,6.037500,4.484734,1.532568,1.532568,1.029459,2.225764,2.698372,1.469359,1.626806,-0.00947917,-0.01196165,-0.01665662,-0.920134,-1.161106,-1.616842,5.404869,2.452703,2.693675,3.149410,1.927159,1.242871,,,,,,below deadband; feedforward + feedback
2026-05-16 16:35:40,1424.0,448.494,448.362,452.000,3.638,14.409100,100.848000,51.506800,0.714376,18.000000,97.067139,6.257880,6.257880,6.257880,6.137500,6.137500,4.568387,1.603557,1.603557,1.018257,2.265882,2.712055,1.528827,1.707230,-0.01144561,-0.01245155,-0.01714341,-1.110992,-1.208636,-1.664062,5.679380,2.714549,2.812193,3.267619,1.944355,1.261587,,,,,,below deadband; feedforward + feedback
2026-05-16 16:35:43,1427.0,449.341,448.426,452.000,3.574,14.403400,100.850000,51.500200,0.713989,18.000000,97.069064,6.241758,6.241758,6.241758,6.243750,6.243750,4.647393,1.676366,1.676366,1.009736,2.378364,2.725959,1.594995,1.793498,0.00252107,-0.01272765,-0.01543376,0.244718,-1.235461,-1.498141,4.402675,1.431648,2.911827,3.174507,1.924535,1.282402,,,,,,below deadband; feedforward + feedback
2026-05-16 16:35:47,1430.6,448.237,448.444,452.000,3.556,14.396300,100.850000,51.503500,0.713187,18.000000,97.069064,6.290039,6.290039,6.290039,6.237500,6.237500,4.642746,1.763169,1.763169,1.004251,2.375162,2.742208,1.667022,1.883106,-0.01284058,-0.01296930,-0.01386348,-1.246423,-1.258918,-1.345715,5.889169,3.009593,3.022087,3.108884,1.919293,1.306200,,,,,,below deadband; feedforward + feedback
2026-05-16 16:35:50,1434.1,448.888,448.505,452.000,3.495,14.428900,100.848000,51.503500,0.712871,18.000000,97.067139,6.287262,6.287262,6.287262,6.300000,6.300000,4.675277,1.851508,1.851508,1.001904,2.392158,2.758550,1.743979,1.974847,-0.00272274,-0.01313277,-0.01067790,-0.264289,-1.274761,-1.036473,4.939566,2.115797,3.126269,2.887982,1.930994,1.332778,,,,,,below deadband; feedforward + feedback
2026-05-16 16:35:54,1437.5,448.671,448.568,452.000,3.432,14.417900,100.850000,51.506800,0.711623,18.000000,97.069064,6.286680,6.286680,6.286680,11.818750,11.818750,9.020590,1.941539,1.941539,1.002528,4.470520,2.782513,1.825557,2.070290,-0.00705909,-0.01337254,-0.00884114,-0.685219,-1.298060,-0.858202,9.705809,2.626758,3.239599,2.799740,1.917027,1.362399,,,,,,below deadband; feedforward + feedback
2026-05-16 16:35:57,1440.5,448.984,448.658,452.000,3.342,14.398400,100.850000,51.510100,0.713017,18.000000,97.069064,6.255980,6.255980,6.255980,6.681250,6.681250,4.986653,2.018879,2.018879,1.005911,2.467242,2.801245,1.910947,2.167116,0.01284081,-0.01314892,-0.00350950,1.246446,-1.276354,-0.340664,3.740207,0.772434,3.295233,2.359543,1.897871,1.394256,,,,,,below deadband; feedforward + feedback
2026-05-16 16:36:00,1443.5,448.692,448.626,452.000,3.374,14.428300,100.848000,51.506800,0.712674,18.000000,97.067139,6.385933,6.385933,6.385933,5.831250,5.831250,4.210538,2.096633,2.096633,1.012287,2.154806,2.809929,1.999603,2.265573,-0.00115971,-0.01299424,-0.00235943,-0.112569,-1.261313,-0.229023,4.323107,2.209202,3.357946,2.325656,1.909201,1.428932,,,,,,below deadband; feedforward + feedback
2026-05-16 16:36:03,1447.0,448.920,448.664,452.000,3.336,14.389800,100.849000,51.506800,0.713249,18.000000,97.068102,6.429264,6.429264,6.429264,6.362500,6.362500,4.717104,2.218459,2.218459,1.022471,2.410900,2.826364,2.092161,2.369834,-0.00119332,-0.01305427,-0.00060424,-0.115833,-1.267153,-0.058652,4.832937,2.334292,3.485612,2.277111,1.914400,1.467079,,,,,,below deadband; feedforward + feedback
2026-05-16 16:36:07,1450.5,449.186,448.719,452.000,3.281,14.397800,100.848000,51.506800,0.712606,18.000000,97.067139,6.454768,6.454768,6.454768,6.412500,6.412500,4.772873,2.347217,2.347217,1.036587,2.438169,2.843030,2.189381,2.481042,0.00996659,-0.01287083,0.00144253,0.967428,-1.249335,0.140022,3.805444,1.379789,3.596552,2.207195,1.904619,1.508386,,,,,,below deadband; feedforward + feedback
2026-05-16 16:36:10,1454.1,448.859,448.768,452.000,3.232,14.407700,100.852000,51.510200,0.711801,18.000000,97.070990,6.492256,6.492256,6.492256,6.443750,6.443750,4.791462,2.407879,2.407879,1.053362,2.455625,2.859797,2.291176,2.596561,0.00018488,-0.01251440,0.00397217,0.017946,-1.214785,0.385582,4.773516,2.389933,3.622664,2.022296,1.909642,1.551835,,,,,,below deadband; feedforward + feedback
2026-05-16 16:36:14,1457.6,448.724,448.809,452.000,3.191,14.408200,100.851000,51.510100,0.712790,18.000000,97.070027,6.545766,6.545766,6.545766,6.481250,6.481250,4.823994,2.499471,2.499471,1.073123,2.472062,2.876662,2.397466,2.716336,-0.00052102,-0.01214769,0.00678856,-0.050575,-1.179177,0.658966,4.874569,2.550047,3.678648,1.840505,1.925265,1.597180,,,,,,below deadband; feedforward + feedback
2026-05-16 16:36:17,1461.0,449.223,448.921,452.000,3.079,14.393200,100.848000,51.500200,0.711069,18.000000,97.067139,6.510570,6.510570,6.510570,6.543750,6.543750,4.851878,2.592122,2.592122,1.096670,2.398375,2.893574,2.508000,2.839600,0.01201705,-0.01168657,0.01008945,1.166460,-1.134382,0.979354,3.685418,1.425662,3.726504,1.612768,1.930866,1.645002,,,,,,below deadband; feedforward + feedback
2026-05-16 16:36:20,1464.0,449.339,448.996,452.000,3.004,14.396900,100.853000,51.510200,0.713050,18.000000,97.071952,6.527162,6.527162,6.527162,6.500000,6.500000,4.842584,2.671954,2.671954,1.123571,2.395439,2.908134,2.621962,2.963847,0.01058844,-0.01098724,0.01234588,1.027841,-1.066553,1.198438,3.814743,1.644113,3.738507,1.473516,1.954412,1.694786,,,,,,below deadband; feedforward + feedback
2026-05-16 16:36:23,1467.0,449.453,449.012,452.000,2.988,14.407000,100.850000,51.510100,0.711256,18.000000,97.069064,6.622462,6.622462,6.622462,6.525000,6.525000,4.851878,2.752212,2.752212,1.152820,2.400606,2.922697,2.738538,3.088268,0.01700873,-0.01060995,0.01349363,1.651022,-1.029898,1.309814,3.200857,1.101190,3.782110,1.442398,1.965112,1.745972,,,,,,below deadband; feedforward + feedback
2026-05-16 16:36:27,1470.5,449.254,449.144,452.000,2.856,14.411900,100.850000,51.503500,0.712130,18.000000,97.069064,6.567945,6.567945,6.567945,6.618750,6.618750,4.912294,2.846502,2.846502,1.185295,2.517921,2.939872,2.855535,3.206524,0.01842055,-0.00982057,0.01660293,1.788065,-0.953273,1.611631,3.124229,1.058437,3.799776,1.234872,1.949701,1.798741,,,,,,below deadband; feedforward + feedback
2026-05-16 16:36:30,1474.1,449.343,449.213,452.000,2.787,14.405200,100.852000,51.506800,0.712506,18.000000,97.070990,6.595414,6.595414,6.595414,6.568750,6.568750,4.870468,2.940741,2.940741,1.221022,2.496362,2.956989,2.971794,3.320570,0.01368095,-0.00913990,0.01715484,1.328023,-0.887219,1.665237,3.542445,1.612718,3.827960,1.275504,1.960925,1.853474,,,,,,below deadband; feedforward + feedback
2026-05-16 16:36:34,1477.6,449.488,449.361,452.000,2.639,14.433000,100.850000,51.503500,0.712412,18.000000,97.069064,6.517157,6.517157,6.517157,6.581250,6.581250,4.912294,3.035057,3.035057,1.259802,2.512501,2.974133,3.086977,3.432529,0.01394986,-0.00818709,0.01937639,1.354100,-0.794713,1.880848,3.558194,1.680957,3.829770,1.154209,1.997772,1.909673,,,,,,below deadband; feedforward + feedback
2026-05-16 16:36:37,1481.0,449.682,449.430,452.000,2.570,14.393500,100.852000,51.503500,0.709456,18.000000,97.070990,6.542166,6.542166,6.542166,6.525000,6.525000,4.847231,3.130523,3.130523,1.301665,2.402909,2.991071,3.200819,3.542343,0.02758038,-0.00749049,0.01917891,2.677254,-0.727110,1.861716,2.169977,0.453268,3.857632,1.268807,2.006702,1.967756,,,,,,below deadband; feedforward + feedback
2026-05-16 16:36:40,1484.0,449.431,449.457,452.000,2.543,14.393900,100.850000,51.496900,0.711555,18.000000,97.069064,6.618794,6.618794,6.618794,6.543750,6.543750,4.870468,3.211929,3.211929,1.346572,2.414950,3.005678,3.312504,3.647561,0.01510980,-0.00683183,0.01894348,1.466694,-0.663160,1.838826,3.403774,1.745235,3.875089,1.373104,2.024085,2.027308,,,,,,below deadband; feedforward + feedback
2026-05-16 16:36:43,1487.0,449.771,449.567,452.000,2.433,14.396000,100.852000,51.503500,0.712674,18.000000,97.070990,6.584291,6.584291,6.584291,6.625000,6.625000,4.912294,3.293530,3.293530,1.394295,2.517139,3.020425,3.421304,3.747704,0.00337827,-0.00594124,0.02073722,0.327932,-0.576722,2.012982,4.584362,2.965597,3.870252,1.280548,2.067427,2.087821,,,,,,below deadband; feedforward + feedback
2026-05-16 16:36:47,1490.5,449.485,449.490,452.000,2.510,14.394800,100.852000,51.503500,0.714178,18.000000,97.070990,6.790048,6.790048,6.790048,6.593750,6.593750,4.893705,3.388208,3.388208,1.443772,2.498769,3.037562,3.527221,3.844970,0.01778217,-0.00507017,0.02029549,1.726133,-0.492167,1.970103,3.167572,1.662075,3.880374,1.418104,2.077295,2.148136,,,,,,below deadband; feedforward + feedback
2026-05-16 16:36:50,1494.1,449.521,449.618,452.000,2.382,14.394900,100.848000,51.510100,0.713337,18.000000,97.067139,6.726805,6.726805,6.726805,6.781250,6.781250,5.037774,3.482666,3.482666,1.494998,2.589371,3.055096,3.630552,3.940546,0.01695860,-0.00405585,0.02148076,1.646123,-0.393690,2.085076,3.391651,1.836543,3.876355,1.397590,2.092690,2.207504,,,,,,below deadband; feedforward + feedback
2026-05-16 16:36:54,1497.6,449.906,449.683,452.000,2.317,14.402800,100.850000,51.506800,0.714690,18.000000,97.069064,6.744229,6.744229,6.744229,6.725000,6.725000,4.995947,3.578067,3.578067,1.547990,2.557625,3.072632,3.731696,4.035126,0.01941212,-0.00302716,0.02048248,1.884316,-0.293844,1.988215,3.111631,1.693750,3.871911,1.589852,2.104715,2.266527,,,,,,below deadband; feedforward + feedback
2026-05-16 16:36:57,1501.0,449.665,449.708,452.000,2.292,14.405100,100.848000,51.510100,0.711478,18.000000,97.067139,6.810991,6.810991,6.810991,6.743750,6.743750,5.009890,3.673325,3.673325,1.602747,2.481448,3.090104,3.830741,4.127877,0.01344574,-0.00197310,0.02199088,1.305140,-0.191523,2.134592,3.704750,2.368185,3.864849,1.538733,2.108143,2.325074,,,,,,below deadband; feedforward + feedback
2026-05-16 16:37:00,1504.0,450.391,449.848,452.000,2.152,14.391900,100.850000,51.513500,0.710509,18.000000,97.069064,6.725362,6.725362,6.725362,6.812500,6.812500,5.061011,3.756965,3.756965,1.659052,2.515556,3.105272,3.927415,4.217439,0.03808479,-0.00078564,0.02237440,3.696855,-0.076261,2.171862,1.364156,0.060111,3.833226,1.585103,2.079552,2.382683,,,,,,below deadband; feedforward + feedback
2026-05-16 16:37:03,1507.0,449.794,449.925,452.000,2.075,14.396500,100.853000,51.500200,0.713206,18.000000,97.071952,6.719253,6.719253,6.719253,6.718750,6.718750,5.005242,3.840515,3.840515,1.717968,2.564927,3.120340,4.021320,4.303033,0.01734482,0.00020627,0.02192639,1.683696,0.020023,2.128437,3.321547,2.156820,3.820492,1.712078,2.098467,2.440569,,,,,,below deadband; feedforward + feedback
2026-05-16 16:37:07,1510.5,450.327,450.062,452.000,1.938,14.387500,100.851000,51.513500,0.712380,18.000000,97.070027,0.000000,2.719253,2.719253,6.750000,6.750000,5.000595,3.937956,3.937956,1.780203,2.555423,3.137826,4.111885,4.383583,0.01976511,0.00146474,0.02277156,1.918600,0.142182,2.210436,3.081995,2.019355,3.795773,1.727520,2.126985,2.499387,,,,,,within deadband and CO2 rising; MFC zero
2026-05-16 16:37:10,1514.0,450.152,450.137,452.000,1.863,14.386400,100.852000,51.510200,0.711646,18.000000,97.070990,0.000000,0.000000,0.000000,16.118750,16.118750,12.603730,4.035964,4.035964,1.845877,6.443411,3.150733,4.198556,4.458568,0.02364751,0.00264850,0.02246119,2.295488,0.257093,2.180330,10.308242,1.740476,3.778871,1.855634,2.141237,2.559545,,,,,,within deadband and CO2 rising; MFC zero
2026-05-16 16:37:14,1517.6,449.881,450.189,452.000,1.811,14.419100,100.852000,51.506800,0.712010,18.000000,97.070990,0.000000,0.000000,0.000000,0.000000,0.000000,0.000000,4.133417,4.133417,1.914768,0.000000,3.156978,4.281206,4.529155,0.01907600,0.00365915,0.02079361,1.851726,0.355197,2.018457,-1.851726,2.281691,3.778220,2.114960,2.160853,2.620764,,,,,,within deadband and CO2 rising; MFC zero
2026-05-16 16:37:17,1521.0,449.886,450.069,452.000,1.931,14.384100,100.847000,51.503500,0.711143,18.000000,97.066177,0.000000,0.000000,0.000000,0.000000,0.000000,0.000000,4.223886,4.223886,1.986746,0.000000,3.156978,4.360103,4.596794,0.00904219,0.00439875,0.01761265,0.877691,0.426970,1.709592,-0.877691,3.346195,3.796917,2.514294,2.188844,2.683172,,,,,,within deadband and CO2 rising; MFC zero
2026-05-16 16:37:20,1524.0,449.509,450.030,452.000,1.970,14.418900,100.848000,51.506800,0.713379,18.000000,97.067139,0.000000,0.000000,0.000000,0.000000,0.000000,0.000000,4.287633,4.287633,2.060707,0.000000,3.156978,4.435166,4.660356,0.00578158,0.00520121,0.01540405,0.561201,0.504867,1.495227,-0.561201,3.726432,3.782766,2.792406,2.194738,2.745584,,,,,,within deadband and CO2 rising; MFC zero
2026-05-16 16:37:23,1527.0,449.387,449.852,452.000,2.148,14.362400,100.852000,51.503500,0.713728,18.000000,97.070990,7.298515,4.000000,0.000000,0.000000,0.000000,0.000000,4.321753,4.321753,2.135382,0.000000,3.156978,4.506201,4.719307,0.00684047,0.00553057,0.01036397,0.664012,0.536858,1.006040,-0.664012,3.657741,3.784895,3.315712,2.226452,2.807314,,,,,,below deadband; feedforward + feedback
2026-05-16 16:37:27,1530.5,449.726,449.724,452.000,2.276,14.395400,100.849000,51.503500,0.711557,18.000000,97.068102,7.530043,4.000000,0.000000,0.000000,0.000000,0.000000,4.205852,4.205852,2.205764,0.000000,3.156978,4.571590,4.767756,0.01031953,0.00603531,0.00727442,1.001698,0.585836,0.706114,-1.001698,3.204154,3.620016,3.499738,2.252966,2.862607,,,,,,below deadband; feedforward + feedback
2026-05-16 16:37:30,1534.0,449.646,449.683,452.000,2.317,14.387900,100.851000,51.510200,0.713520,18.000000,97.070027,7.642867,4.000000,0.000000,0.000000,0.000000,0.000000,4.122586,4.122586,2.273063,0.000000,3.156978,4.630420,4.806911,0.00164712,0.00658699,0.00370672,0.159886,0.639399,0.359812,-0.159886,3.962700,3.483187,3.762774,2.298633,2.912757,,,,,,below deadband; feedforward + feedback
2026-05-16 16:37:34,1537.6,449.361,449.633,452.000,2.367,14.393700,100.851000,51.503500,0.710576,18.000000,97.070027,7.759922,4.000000,4.000000,0.000000,0.000000,0.000000,4.090597,4.090597,2.339201,0.000000,3.156978,4.682432,4.838467,-0.00331103,0.00708263,0.00148224,-0.321402,0.687511,0.143882,0.321402,4.411998,3.403085,3.946715,2.354894,2.960356,,,,,,below deadband; feedforward + feedback
2026-05-16 16:37:37,1541.0,449.975,449.672,452.000,2.328,14.391400,100.849000,51.506800,0.713643,18.000000,97.068102,7.753482,7.753482,7.753482,3.687500,3.687500,2.690841,4.035822,4.035822,2.403636,1.334794,3.167260,4.726865,4.860166,0.00600022,0.00784287,-0.00001636,0.582430,0.761293,-0.001588,2.108411,3.453392,3.274529,4.037410,2.386307,3.003995,,,,,,below deadband; feedforward + feedback
2026-05-16 16:37:40,1544.0,449.936,449.714,452.000,2.286,14.367900,100.848000,51.503500,0.714519,18.000000,97.067139,7.735837,7.735837,7.735837,7.675000,7.675000,5.688409,3.979033,3.979033,2.465793,2.824124,3.184164,4.763777,4.874513,-0.00100842,0.00806443,-0.00231252,-0.097885,0.782791,-0.224470,5.786294,4.076918,3.196242,4.203503,2.428464,3.043583,,,,,,below deadband; feedforward + feedback
2026-05-16 16:37:43,1547.0,450.068,449.742,452.000,2.258,14.385000,100.852000,51.506800,0.712996,18.000000,97.070990,7.728511,7.728511,7.728511,7.681250,7.681250,5.711646,3.921561,3.921561,2.525646,2.924930,3.201314,4.793241,4.881633,0.00867244,0.00843836,-0.00238481,0.841843,0.819120,-0.231496,4.869803,3.079718,3.102440,4.153056,2.440069,3.079007,,,,,,below deadband; feedforward + feedback
2026-05-16 16:37:47,1550.5,450.106,449.911,452.000,2.089,14.384000,100.851000,51.506800,0.713057,18.000000,97.070027,7.530485,7.530485,7.530485,7.687500,7.687500,5.725588,3.903526,3.903526,2.584302,2.929592,3.221331,4.815392,4.881842,0.00559675,0.00902274,-0.00257736,0.543276,0.875837,-0.250185,5.182312,3.360250,3.027689,4.153711,2.448241,3.111434,,,,,,below deadband; feedforward + feedback
2026-05-16 16:37:50,1554.0,449.997,450.038,452.000,1.962,14.388900,100.851000,51.500200,0.711196,18.000000,97.070027,0.000000,3.530485,3.530485,7.512500,7.512500,5.586166,3.937426,3.937426,2.643298,2.857250,3.240987,4.830798,4.877016,0.00396647,0.00968746,-0.00084888,0.385025,0.940362,-0.082400,5.201141,3.552401,2.997064,4.019827,2.476603,3.142529,,,,,,within deadband and CO2 rising; MFC zero
2026-05-16 16:37:54,1557.5,450.096,450.125,452.000,1.875,14.402600,100.848000,51.500200,0.710348,18.000000,97.067139,0.000000,0.000000,3.530485,3.506250,3.506250,2.611835,3.980479,3.980479,2.703423,1.340007,3.250756,4.839993,4.867581,0.00107565,0.01023460,-0.00000001,0.104410,0.993443,-0.000001,2.507424,3.876069,2.987036,3.980480,2.505278,3.173028,,,,,,within deadband and CO2 rising; MFC zero
2026-05-16 16:37:57,1561.0,450.320,450.243,452.000,1.757,14.393800,100.850000,51.510100,0.710821,18.000000,97.069064,0.000000,0.000000,0.000000,3.512500,3.512500,2.611835,4.022641,4.022641,2.763833,1.331672,3.259902,4.843837,4.855369,0.01221873,0.01086131,0.00118349,1.186061,1.054297,0.114880,1.425774,2.836580,2.968344,3.907761,2.497169,3.202405,,,,,,within deadband and CO2 rising; MFC zero
2026-05-16 16:38:01,1564.5,449.852,450.276,452.000,1.724,14.380500,100.849000,51.500200,0.714556,18.000000,97.068102,0.000000,0.000000,0.000000,0.000000,0.000000,0.000000,4.055393,4.055393,2.824309,0.000000,3.259902,4.843034,4.840624,-0.01073971,0.01125161,0.00476622,-1.042484,1.092173,0.462648,1.042484,5.097876,2.963220,3.592744,2.546528,3.230691,,,,,,within deadband and CO2 rising; MFC zero
2026-05-16 16:38:04,1567.5,449.823,450.261,452.000,1.739,14.380200,100.847000,51.496900,0.710818,18.000000,97.066177,0.000000,0.000000,0.000000,0.000000,0.000000,0.000000,4.038830,4.038830,2.883838,0.000000,3.259902,4.837175,4.819597,-0.00838674,0.01149831,0.00635253,-0.814069,1.116097,0.616616,0.814069,4.852898,2.922733,3.422214,2.592975,3.256497,,,,,,within deadband and CO2 rising; MFC zero
2026-05-16 16:38:07,1570.5,450.439,450.256,452.000,1.744,14.364600,100.849000,51.506800,0.712671,18.000000,97.068102,0.000000,0.000000,0.000000,0.000000,0.000000,0.000000,4.020976,4.020976,2.942291,0.000000,3.259902,4.826285,4.793616,0.01228596,0.01153713,0.00911533,1.192575,1.119887,0.884808,-1.192575,2.828401,2.901089,3.136168,2.574176,3.279859,,,,,,within deadband and CO2 rising; MFC zero
2026-05-16 16:38:10,1574.0,449.978,450.176,452.000,1.824,14.404000,100.849000,51.506800,0.711911,18.000000,97.068102,0.000000,0.000000,0.000000,0.000000,0.000000,0.000000,3.957010,3.957010,2.998240,0.000000,3.259902,4.810798,4.764335,-0.00426899,0.01151948,0.01040820,-0.414383,1.118174,1.010304,0.414383,4.371393,2.838836,2.946706,2.590156,3.299623,,,,,,within deadband and CO2 rising; MFC zero
2026-05-16 16:38:14,1577.5,450.537,450.123,452.000,1.877,14.387300,100.847000,51.506800,0.712380,18.000000,97.066177,0.000000,0.000000,0.000000,0.000000,0.000000,0.000000,3.884665,3.884665,3.051510,0.000000,3.259902,4.790645,4.730189,0.01305908,0.01153940,0.01156246,1.267595,1.120086,1.122324,-1.267595,2.617071,2.764580,2.762341,2.590587,3.315843,,,,,,within deadband and CO2 rising; MFC zero
2026-05-16 16:38:17,1581.0,449.809,450.080,452.000,1.920,14.386300,100.848000,51.506800,0.712306,18.000000,97.067139,0.000000,0.000000,0.000000,0.000000,0.000000,0.000000,3.811082,3.811082,3.102252,0.000000,3.259902,4.765907,4.691692,0.00351273,0.01148791,0.01079057,0.340971,1.115099,1.047410,-0.340971,3.470111,2.695983,2.763672,2.597522,3.328986,,,,,,within deadband and CO2 rising; MFC zero
2026-05-16 16:38:20,1584.0,450.643,450.065,452.000,1.935,14.383100,100.846000,51.510200,0.710651,18.000000,97.065214,0.000000,0.000000,0.000000,0.000000,0.000000,0.000000,3.746354,3.746354,3.150600,0.000000,3.259902,4.737116,4.650744,0.03220287,0.01137357,0.01097041,3.125778,1.103978,1.064845,-3.125778,0.620576,2.642376,2.681508,2.556263,3.339377,,,,,,within deadband and CO2 rising; MFC zero
2026-05-16 16:38:23,1587.0,450.136,449.972,452.000,2.028,14.365900,100.848000,51.513500,0.715247,18.000000,97.067139,7.341031,4.000000,4.000000,0.000000,0.000000,0.000000,3.679974,3.679974,3.196289,0.000000,3.259902,4.704544,4.606828,0.01100880,0.01105894,0.00773223,1.068593,1.073460,0.750546,-1.068593,2.611380,2.606514,2.929428,2.544912,3.346778,,,,,,below deadband; feedforward + feedback
2026-05-16 16:38:27,1590.5,450.090,450.010,452.000,1.990,14.373800,100.852000,51.500200,0.711052,18.000000,97.070990,0.000000,0.000000,4.000000,3.656250,3.656250,2.704783,3.601291,3.601291,3.239063,1.380751,3.270414,4.668597,4.560757,0.00460522,0.01065992,0.00425233,0.447033,1.034769,0.412778,2.257749,3.154257,2.566521,3.188512,2.552582,3.351286,,,,,,within deadband and CO2 rising; MFC zero
2026-05-16 16:38:30,1594.0,449.635,449.974,452.000,2.026,14.366700,100.847000,51.503500,0.709744,18.000000,97.066177,7.263191,7.263191,7.263191,3.918750,3.918750,2.895326,3.521769,3.521769,3.278893,1.479747,3.280409,4.629521,4.512291,0.00653795,0.01021174,0.00223376,0.634614,0.991214,0.216823,2.260712,2.887155,2.530554,3.304946,2.551202,3.353055,,,,,,below deadband; feedforward + feedback
2026-05-16 16:38:34,1597.5,450.644,450.032,452.000,1.968,14.363600,100.848000,51.503500,0.711970,18.000000,97.067139,0.000000,3.263191,3.263191,7.218750,7.218750,5.358444,3.458577,3.458577,3.316067,2.734555,3.298705,4.587808,4.462671,0.01364736,0.00986000,-0.00008509,1.324710,0.957082,-0.008260,4.033734,2.133867,2.501495,3.466837,2.531157,3.352002,,,,,,within deadband and CO2 rising; MFC zero
2026-05-16 16:38:37,1601.0,451.067,450.167,452.000,1.833,14.377600,100.848000,51.503500,0.711364,18.000000,97.067139,0.000000,0.000000,3.263191,3.225000,3.225000,2.393407,3.425671,3.425671,3.351124,1.188365,3.307697,4.543678,4.411286,0.02803418,0.00972073,0.00223237,2.721197,0.943563,0.216689,-0.327790,0.704474,2.482108,3.208982,2.498782,3.348084,,,,,,within deadband and CO2 rising; MFC zero
2026-05-16 16:38:40,1604.0,450.951,450.303,452.000,1.697,14.381300,100.848000,51.510100,0.711957,18.000000,97.067139,0.000000,0.000000,3.263191,3.218750,3.218750,2.398055,3.402473,3.402473,3.384438,1.185551,3.314907,4.497552,4.359176,0.01260529,0.00950177,0.00188376,1.223559,0.922310,0.182852,1.174495,2.178913,2.480163,3.219621,2.488863,3.341935,,,,,,within deadband and CO2 rising; MFC zero
2026-05-16 16:38:43,1607.0,450.594,450.473,452.000,1.527,14.369100,100.846000,51.506800,0.712526,18.000000,97.065214,0.000000,0.000000,0.000000,3.237500,3.237500,2.393407,3.416492,3.416492,3.416662,1.186863,3.322127,4.450052,4.307553,0.00786570,0.00956185,0.00359143,0.763486,0.928123,0.348603,1.629921,2.653006,2.488369,3.067890,2.511481,3.334093,,,,,,within deadband and CO2 rising; MFC zero
2026-05-16 16:38:47,1610.5,450.052,450.595,452.000,1.405,14.390300,100.848000,51.503500,0.711390,18.000000,97.067139,0.000000,0.000000,0.000000,0.000000,0.000000,0.000000,3.387962,3.387962,3.446751,0.000000,3.322127,4.401426,4.255545,-0.00292443,0.00926984,0.00457520,-0.283866,0.899797,0.444101,0.283866,3.671829,2.488165,2.943861,2.523744,3.324206,,,,,,within deadband and CO2 rising; MFC zero
2026-05-16 16:38:50,1614.0,450.276,450.567,452.000,1.433,14.376300,100.849000,51.510100,0.712840,18.000000,97.068102,0.000000,0.000000,0.000000,0.000000,0.000000,0.000000,3.346265,3.346265,3.474432,0.000000,3.322127,4.351941,4.203488,0.00566398,0.00889506,0.00503282,0.549791,0.863426,0.488526,-0.549791,2.796474,2.482839,2.857739,2.536349,3.312290,,,,,,within deadband and CO2 rising; MFC zero
2026-05-16 16:38:54,1617.5,449.984,450.482,452.000,1.518,14.361000,100.849000,51.510200,0.710414,18.000000,97.068102,0.000000,0.000000,0.000000,0.000000,0.000000,0.000000,3.296254,3.296254,3.499519,0.000000,3.322127,4.301817,4.151446,-0.00705896,0.00842134,0.00583738,-0.685200,0.817443,0.566624,0.685200,3.981454,2.478810,2.729630,2.561436,3.298202,,,,,,within deadband and CO2 rising; MFC zero
2026-05-16 16:38:57,1621.0,449.623,450.373,452.000,1.627,14.412100,100.846000,51.506800,0.713581,18.000000,97.065214,0.000000,0.000000,0.000000,0.000000,0.000000,0.000000,3.206004,3.206004,3.521503,0.000000,3.322127,4.250624,4.097042,-0.01146228,0.00821613,0.00686890,-1.112588,0.797501,0.666731,1.112588,4.318592,2.408503,2.539273,2.627106,3.281781,,,,,,within deadband and CO2 rising; MFC zero
2026-05-16 16:39:01,1624.5,449.929,450.259,452.000,1.741,14.374200,100.846000,51.506800,0.713402,18.000000,97.065214,0.000000,0.000000,0.000000,0.000000,0.000000,0.000000,3.115199,3.115199,3.540365,0.000000,3.322127,4.198732,4.043058,-0.00489085,0.00749053,0.00672711,-0.474732,0.727070,0.652969,0.474732,3.589931,2.388129,2.462230,2.652675,3.263821,,,,,,within deadband and CO2 rising; MFC zero
2026-05-16 16:39:04,1627.5,450.445,450.252,452.000,1.748,14.383400,100.844000,51.506800,0.711110,18.000000,97.063289,0.000000,0.000000,0.000000,0.000000,0.000000,0.000000,2.994277,2.994277,3.554732,0.000000,3.322127,4.145786,3.986947,0.00425219,0.00696265,0.00599755,0.412731,0.675818,0.582142,-0.412731,2.581545,2.318459,2.412135,2.657254,3.242207,,,,,,within deadband and CO2 rising; MFC zero
2026-05-16 16:39:07,1630.5,450.894,450.283,452.000,1.717,14.377300,100.847000,51.506800,0.712917,18.000000,97.066177,0.000000,0.000000,0.000000,0.000000,0.000000,0.000000,2.890575,2.890575,3.564794,0.000000,3.322127,4.091489,3.928597,-0.00334466,0.00676628,0.00747750,-0.324654,0.656777,0.725812,0.324654,3.215229,2.233798,2.164763,2.691243,3.216971,,,,,,within deadband and CO2 rising; MFC zero
2026-05-16 16:39:10,1634.0,450.229,450.297,452.000,1.703,14.367800,100.846000,51.503500,0.711753,18.000000,97.065214,0.000000,0.000000,0.000000,0.000000,0.000000,0.000000,2.829914,2.829914,3.572610,0.000000,3.322127,4.036033,3.869666,0.00890789,0.00647559,0.00757991,0.864646,0.628555,0.735745,-0.864646,1.965268,2.201359,2.094168,2.683379,3.190651,,,,,,within deadband and CO2 rising; MFC zero
2026-05-16 16:39:14,1637.5,449.770,450.308,452.000,1.692,14.375900,100.848000,51.503500,0.712335,18.000000,97.067139,0.000000,0.000000,0.000000,0.000000,0.000000,0.000000,2.738321,2.738321,3.577033,0.000000,3.322127,3.979311,3.809144,-0.00855493,0.00597741,0.00602093,-0.830403,0.580211,0.584434,0.830403,3.568724,2.158111,2.153887,2.702244,3.162493,,,,,,within deadband and CO2 rising; MFC zero
2026-05-16 16:39:17,1641.0,450.087,450.380,452.000,1.620,14.354100,100.850000,51.503500,0.711414,18.000000,97.069064,0.000000,0.000000,0.000000,0.000000,0.000000,0.000000,2.645670,2.645670,3.578025,0.000000,3.322127,3.920974,3.745962,-0.00304208,0.00556383,0.00449010,-0.295292,0.540076,0.435850,0.295292,2.940962,2.105595,2.209820,2.730305,3.132476,,,,,,within deadband and CO2 rising; MFC zero
2026-05-16 16:39:21,1644.5,449.937,450.325,452.000,1.675,14.373500,100.847000,51.506800,0.713453,18.000000,97.066177,0.000000,0.000000,0.000000,0.000000,0.000000,0.000000,2.552490,2.552490,3.575812,0.000000,3.322127,3.861175,3.681778,-0.00310931,0.00502614,0.00194873,-0.301808,0.487869,0.189155,0.301808,2.854299,2.064622,2.363335,2.752716,3.101478,,,,,,within deadband and CO2 rising; MFC zero
2026-05-16 16:39:24,1647.5,450.376,450.170,452.000,1.830,14.386000,100.847000,51.500200,0.709756,18.000000,97.066177,0.000000,0.000000,0.000000,0.000000,0.000000,0.000000,2.472181,2.472181,3.570626,0.000000,3.322127,3.799997,3.616463,0.00842033,0.00448864,-0.00129766,0.817330,0.435695,-0.125959,-0.817330,1.654851,2.036486,2.598140,2.762969,3.069151,,,,,,within deadband and CO2 rising; MFC zero
2026-05-16 16:39:27,1650.5,450.399,450.125,452.000,1.875,14.378000,100.847000,51.503500,0.711847,18.000000,97.066177,0.000000,0.000000,0.000000,0.000000,0.000000,0.000000,2.391290,2.391290,3.562197,0.000000,3.322127,3.738802,3.555219,0.00137818,0.00423141,-0.00477518,0.133775,0.410727,-0.463509,-0.133775,2.257516,1.980564,2.854799,2.785174,3.035462,,,,,,within deadband and CO2 rising; MFC zero
2026-05-16 16:39:30,1654.0,449.811,450.120,452.000,1.880,14.369900,100.848000,51.503500,0.711771,18.000000,97.067139,0.000000,0.000000,0.000000,0.000000,0.000000,0.000000,2.297051,2.297051,3.550276,0.000000,3.322127,3.678366,3.497055,-0.00105885,0.00382047,-0.00717283,-0.102779,0.370843,-0.696246,0.102779,2.399831,1.926209,2.993297,2.799750,3.000245,,,,,,within deadband and CO2 rising; MFC zero
2026-05-16 16:39:34,1657.5,450.017,450.111,452.000,1.889,14.370700,100.846000,51.503500,0.711131,18.000000,97.065214,0.000000,0.000000,0.000000,0.000000,0.000000,0.000000,2.202735,2.202735,3.534863,0.000000,3.322127,3.618488,3.438853,-0.01137837,0.00368469,-0.00839600,-1.104444,0.357655,-0.814960,1.104444,3.307180,1.845080,3.017695,2.829865,2.963491,,,,,,within deadband and CO2 rising; MFC zero
2026-05-16 16:39:37,1661.0,450.401,450.153,452.000,1.847,14.376000,100.848000,51.503500,0.712644,18.000000,97.067139,0.000000,0.000000,0.000000,0.000000,0.000000,0.000000,2.107270,2.107270,3.515914,0.000000,3.322127,3.559769,3.383614,-0.00682367,0.00320851,-0.00819622,-0.662354,0.311441,-0.795584,0.662354,2.769624,1.795829,2.902854,2.872761,2.925310,,,,,,within deadband and CO2 rising; MFC zero
2026-05-16 16:39:41,1664.5,450.024,450.170,452.000,1.830,14.364000,100.848000,51.510200,0.711576,18.000000,97.067139,0.000000,0.000000,0.000000,0.000000,0.000000,0.000000,2.012282,2.012282,3.493698,0.000000,3.322127,3.502001,3.328697,-0.01099183,0.00294755,-0.00686536,-1.066945,0.286111,-0.666401,1.066945,3.079228,1.726172,2.678683,2.897464,2.885515,,,,,,within deadband and CO2 rising; MFC zero
2026-05-16 16:39:44,1668.0,450.454,450.189,452.000,1.811,14.365100,100.846000,51.500200,0.712162,18.000000,97.065214,0.000000,0.000000,0.000000,0.000000,0.000000,0.000000,1.917037,1.917037,3.468208,0.000000,3.322127,3.445064,3.274251,0.00040337,0.00280294,-0.00285184,0.039153,0.272068,-0.276814,-0.039153,1.877884,1.644969,2.193851,2.877321,2.844306,,,,,,within deadband and CO2 rising; MFC zero
2026-05-16 16:39:47,1671.0,450.335,450.139,452.000,1.861,14.349400,100.846000,51.503500,0.712158,18.000000,97.065214,0.000000,0.000000,0.000000,0.000000,0.000000,0.000000,1.836120,1.836120,3.439465,0.000000,3.322127,3.389009,3.220846,0.00030253,0.00245227,-0.00391068,0.029365,0.238030,-0.379591,-0.029365,1.806756,1.598091,2.215711,2.880001,2.802041,,,,,,within deadband and CO2 rising; MFC zero
2026-05-16 16:39:50,1674.0,450.107,450.189,452.000,1.811,14.379800,100.846000,51.510200,0.713316,18.000000,97.065214,0.000000,0.000000,0.000000,0.000000,0.000000,0.000000,1.755127,1.755127,3.407474,0.000000,3.322127,3.333178,3.165684,-0.00233618,0.00241796,-0.00282246,-0.226762,0.234700,-0.273963,0.226762,1.981889,1.520427,2.029090,2.882692,2.758413,,,,,,within deadband and CO2 rising; MFC zero
2026-05-16 16:39:54,1677.5,450.011,450.196,452.000,1.804,14.388500,100.842000,51.510100,0.714342,18.000000,97.061364,0.000000,0.000000,0.000000,0.000000,0.000000,0.000000,1.659726,1.659726,3.371949,0.000000,3.322127,3.276940,3.108228,0.00352954,0.00217113,-0.00252332,0.342582,0.210733,-0.244917,-0.342582,1.317144,1.448993,1.904643,2.875718,2.713544,,,,,,within deadband and CO2 rising; MFC zero
2026-05-16 16:39:57,1681.0,450.261,450.231,452.000,1.769,14.363800,100.845000,51.503500,0.712812,18.000000,97.064252,0.000000,0.000000,0.000000,0.000000,0.000000,0.000000,1.564467,1.564467,3.332896,0.000000,3.322127,3.219849,3.048574,0.00060506,0.00198815,-0.00183007,0.058730,0.192979,-0.177634,-0.058730,1.505737,1.371489,1.742102,2.859747,2.667371,,,,,,within deadband and CO2 rising; MFC zero
2026-05-16 16:40:01,1684.5,450.512,450.324,452.000,1.676,14.360200,100.844000,51.503500,0.712380,18.000000,97.063289,0.000000,0.000000,0.000000,0.000000,0.000000,0.000000,1.466846,1.466846,3.290486,0.000000,3.322127,3.160902,2.984060,0.00747927,0.00237593,0.00007244,0.725963,0.230616,0.007031,-0.725963,0.740884,1.236231,1.459815,2.872354,2.619278,,,,,,within deadband and CO2 rising; MFC zero
2026-05-16 16:40:04,1687.5,450.074,450.319,452.000,1.681,14.394600,100.845000,51.500200,0.710938,18.000000,97.064252,0.000000,0.000000,0.000000,0.000000,0.000000,0.000000,1.383400,1.383400,3.244984,0.000000,3.322127,3.100084,2.917633,0.00038657,0.00246074,0.00003880,0.037522,0.238850,0.003766,-0.037522,1.345878,1.144550,1.379634,2.857336,2.569724,,,,,,within deadband and CO2 rising; MFC zero
2026-05-16 16:40:07,1690.5,450.162,450.369,452.000,1.631,14.362600,100.846000,51.496900,0.714188,18.000000,97.065214,0.000000,0.000000,0.000000,0.000000,0.000000,0.000000,1.299837,1.299837,3.196130,0.000000,3.322127,3.037060,2.847987,-0.00879009,0.00271049,0.00258982,-0.853212,0.263094,0.251381,0.853212,2.153049,1.036743,1.048456,2.859812,2.518631,,,,,,within deadband and CO2 rising; MFC zero
2026-05-16 16:40:10,1694.0,450.371,450.425,452.000,1.575,14.374300,100.844000,51.503500,0.712000,18.000000,97.063289,0.000000,0.000000,0.000000,0.000000,0.000000,0.000000,1.201829,1.201829,3.143646,0.000000,3.322127,2.971956,2.776645,0.00514296,0.00281005,0.00455286,0.499193,0.272753,0.441916,-0.499193,0.702636,0.929076,0.759913,2.840593,2.465857,,,,,,within deadband and CO2 rising; MFC zero
2026-05-16 16:40:14,1697.5,450.310,450.392,452.000,1.608,14.361500,100.844000,51.506800,0.710986,18.000000,97.063289,0.000000,0.000000,0.000000,0.000000,0.000000,0.000000,1.104375,1.104375,3.087553,0.000000,3.322127,2.905062,2.704378,0.00403369,0.00282613,0.00480330,0.391523,0.274313,0.466225,-0.391523,0.712852,0.830062,0.638151,2.811540,2.411261,,,,,,within deadband and CO2 rising; MFC zero
2026-05-16 16:40:17,1701.0,450.446,450.323,452.000,1.677,14.378200,100.845000,51.506800,0.709866,18.000000,97.064252,0.000000,0.000000,0.000000,0.000000,0.000000,0.000000,1.013906,1.013906,3.028109,0.000000,3.322127,2.836742,2.631784,0.00517657,0.00269083,0.00569308,0.502460,0.261184,0.552594,-0.502460,0.511446,0.752723,0.461312,2.759045,2.354887,,,,,,within deadband and CO2 rising; MFC zero
2026-05-16 16:40:21,1704.5,450.123,450.329,452.000,1.671,14.363800,100.843000,51.500200,0.712019,18.000000,97.062327,0.000000,0.000000,0.000000,0.000000,0.000000,0.000000,0.929117,0.929117,2.965914,0.000000,3.322127,2.767149,2.558370,0.00346225,0.00259590,0.00594643,0.336055,0.251964,0.577174,-0.336055,0.593063,0.677153,0.351943,2.701019,2.297376,,,,,,within deadband and CO2 rising; MFC zero
2026-05-16 16:40:24,1708.0,450.364,450.307,452.000,1.693,14.373800,100.845000,51.510100,0.709722,18.000000,97.064252,0.000000,0.000000,0.000000,0.000000,0.000000,0.000000,0.916040,0.916040,2.902845,0.000000,3.322127,2.697180,2.487273,0.00218492,0.00219142,0.00421142,0.212077,0.212709,0.408779,-0.212077,0.703963,0.703331,0.507261,2.646320,2.240310,,,,,,within deadband and CO2 rising; MFC zero
2026-05-16 16:40:27,1711.0,450.235,450.335,452.000,1.665,14.363300,100.847000,51.510200,0.713255,18.000000,97.066177,0.000000,0.000000,0.000000,0.000000,0.000000,0.000000,0.916040,0.916040,2.841923,0.000000,3.322127,2.627514,2.418517,-0.00013446,0.00195795,0.00396267,-0.013051,0.190051,0.384641,0.013051,0.929091,0.725989,0.531399,2.604189,2.186717,,,,,,within deadband and CO2 rising; MFC zero
2026-05-16 16:40:30,1714.0,449.960,450.400,452.000,1.600,14.360200,100.842000,51.503500,0.712050,18.000000,97.061364,0.000000,0.000000,0.000000,0.000000,0.000000,0.000000,0.916040,0.916040,2.782542,0.000000,3.322127,2.558465,2.351316,-0.00458831,0.00189977,0.00495966,-0.445348,0.184395,0.481391,0.445348,1.361388,0.731645,0.434649,2.556017,2.135762,,,,,,within deadband and CO2 rising; MFC zero
2026-05-16 16:40:34,1717.5,450.544,450.438,452.000,1.562,14.388100,100.844000,51.510100,0.707958,18.000000,97.063289,0.000000,0.000000,0.000000,0.000000,0.000000,0.000000,0.916040,0.916040,2.723754,0.000000,3.322127,2.490383,2.286138,0.00589928,0.00164115,0.00591866,0.572603,0.159295,0.574484,-0.572603,0.343436,0.756745,0.341556,2.480673,2.086756,,,,,,within deadband and CO2 rising; MFC zero
2026-05-16 16:40:37,1721.0,450.347,450.447,452.000,1.553,14.355500,100.845000,51.496900,0.710979,18.000000,97.064252,0.000000,0.000000,0.000000,0.000000,0.000000,0.000000,0.916040,0.916040,2.665981,0.000000,3.322127,2.423290,2.222010,-0.00208408,0.00155109,0.00448006,-0.202289,0.150555,0.434853,0.202289,1.118329,0.765485,0.481187,2.437431,2.040292,,,,,,within deadband and CO2 rising; MFC zero
2026-05-16 16:40:41,1724.5,450.963,450.491,452.000,1.509,14.348700,100.846000,51.503500,0.712176,18.000000,97.065214,0.000000,0.000000,0.000000,0.000000,0.000000,0.000000,0.916040,0.916040,2.609258,0.000000,3.322127,2.357141,2.158693,0.01379882,0.00134765,0.00418547,1.339385,0.130810,0.406264,-1.339385,-0.423346,0.785230,0.509776,2.354093,1.995644,,,,,,within deadband and CO2 rising; MFC zero
2026-05-16 16:40:44,1727.5,450.209,450.431,452.000,1.569,14.351400,100.841000,51.503500,0.711389,18.000000,97.060402,0.000000,0.000000,0.000000,0.000000,0.000000,0.000000,0.916040,0.916040,2.553601,0.000000,3.322127,2.291763,2.095632,-0.00411780,0.00119271,0.00408546,-0.399675,0.115765,0.396536,0.399675,1.315715,0.800275,0.519504,2.321426,1.953011,,,,,,within deadband and CO2 rising; MFC zero
2026-05-16 16:40:47,1730.5,450.433,450.346,452.000,1.654,14.348500,100.844000,51.506800,0.712011,18.000000,97.063289,0.000000,0.000000,0.000000,0.000000,0.000000,0.000000,0.866739,0.866739,2.497364,0.000000,3.322127,2.226585,2.031050,0.00164712,0.00110605,0.00150245,0.159875,0.107357,0.145833,-0.159875,0.706864,0.759382,0.720906,2.272289,1.911006,,,,,,within deadband and CO2 rising; MFC zero
2026-05-16 16:40:50,1734.0,450.336,450.430,452.000,1.570,14.347500,100.843000,51.500200,0.711691,18.000000,97.062327,0.000000,0.000000,0.000000,0.000000,0.000000,0.000000,0.765477,0.765477,2.438624,0.000000,3.322127,2.160502,1.962253,0.00317658,0.00128045,0.00239938,0.308326,0.124283,0.232889,-0.308326,0.457151,0.641194,0.532588,2.214970,1.867378,,,,,,within deadband and CO2 rising; MFC zero
2026-05-16 16:40:54,1737.5,450.065,450.403,452.000,1.597,14.363100,100.845000,51.513500,0.712981,18.000000,97.064252,0.000000,0.000000,0.000000,0.000000,0.000000,0.000000,0.654482,0.654482,2.377032,0.000000,3.322127,2.092703,1.889307,-0.00031933,0.00132237,0.00081253,-0.030996,0.128355,0.078868,0.030996,0.685478,0.526127,0.575614,2.155885,1.821806,,,,,,within deadband and CO2 rising; MFC zero
2026-05-16 16:40:57,1741.0,450.394,450.359,452.000,1.641,14.351600,100.842000,51.506800,0.711683,18.000000,97.061364,0.000000,0.000000,0.000000,0.000000,0.000000,0.000000,0.543422,0.543422,2.312602,0.000000,3.322127,2.023215,1.814752,-0.00477320,0.00134642,-0.00107796,-0.463294,0.130685,-0.104628,0.463294,1.006716,0.412737,0.648050,2.121998,1.774480,,,,,,within deadband and CO2 rising; MFC zero
2026-05-16 16:41:01,1744.5,450.187,450.424,452.000,1.576,14.342800,100.844000,51.510100,0.713701,18.000000,97.063289,0.000000,0.000000,0.000000,0.000000,0.000000,0.000000,0.440289,0.440289,2.245655,0.000000,3.322127,1.951544,1.736532,-0.00416815,0.00150438,0.00083477,-0.404574,0.146020,0.081025,0.404574,0.844863,0.294269,0.359263,2.043239,1.725055,,,,,,within deadband and CO2 rising; MFC zero
2026-05-16 16:41:04,1748.0,450.405,450.371,452.000,1.629,14.349700,100.843000,51.506800,0.713792,18.000000,97.062327,0.000000,0.000000,0.000000,0.000000,0.000000,0.000000,0.388612,0.388612,2.178059,0.000000,3.322127,1.878454,1.659184,-0.00768083,0.00144941,0.00061070,-0.745519,0.140683,0.059276,0.745519,1.134131,0.247929,0.329337,1.974373,1.675521,,,,,,within deadband and CO2 rising; MFC zero
2026-05-16 16:41:07,1751.0,450.287,450.240,452.000,1.760,14.365400,100.844000,51.506800,0.713522,18.000000,97.063289,0.000000,0.000000,0.000000,0.000000,0.000000,0.000000,0.345043,0.345043,2.109986,0.000000,3.322127,1.804880,1.584156,-0.00317654,0.00123298,-0.00168284,-0.308325,0.119677,-0.163342,0.308325,0.653368,0.225366,0.508385,1.934094,1.625971,,,,,,within deadband and CO2 rising; MFC zero
2026-05-16 16:41:10,1754.0,449.946,450.270,452.000,1.730,14.356000,100.845000,51.503500,0.712630,18.000000,97.064252,0.000000,0.000000,0.000000,0.000000,0.000000,0.000000,0.345043,0.345043,2.043097,0.000000,3.322127,1.731440,1.511122,-0.00662199,0.00101706,-0.00247713,-0.642758,0.098720,-0.240441,0.642758,0.987801,0.246323,0.585484,1.871435,1.577962,,,,,,within deadband and CO2 rising; MFC zero
2026-05-16 16:41:14,1757.5,449.657,450.177,452.000,1.823,14.344700,100.846000,51.503500,0.712764,18.000000,97.065214,0.000000,0.000000,0.000000,0.000000,0.000000,0.000000,0.345043,0.345043,1.977549,0.000000,3.322127,1.658769,1.440757,-0.00638668,0.00072658,-0.00454177,-0.619925,0.070525,-0.440847,0.619925,0.964968,0.274518,0.785891,1.840841,1.531849,,,,,,within deadband and CO2 rising; MFC zero
2026-05-16 16:41:17,1761.0,449.978,450.059,452.000,1.941,14.343100,100.846000,51.510100,0.713736,18.000000,97.065214,0.000000,0.000000,0.000000,0.000000,0.000000,0.000000,0.345043,0.345043,1.913363,0.000000,3.322127,1.587550,1.373892,-0.01048762,0.00030252,-0.00715000,-1.017983,0.029365,-0.694016,1.017983,1.363026,0.315679,1.039059,1.801821,1.487770,,,,,,within deadband and CO2 rising; MFC zero
2026-05-16 16:41:21,1764.5,449.564,450.065,452.000,1.935,14.353500,100.843000,51.510200,0.712467,18.000000,97.062327,0.000000,0.000000,0.000000,0.000000,0.000000,0.000000,0.345043,0.345043,1.850376,0.000000,3.322127,1.518020,1.309430,-0.00668921,0.00006171,-0.00758896,-0.649270,0.005990,-0.736602,0.649270,0.994313,0.339053,1.081645,1.808742,1.445115,,,,,,within deadband and CO2 rising; MFC zero
2026-05-16 16:41:24,1768.0,449.813,450.006,452.000,1.994,14.354500,100.844000,51.503500,0.712011,18.000000,97.063289,0.000000,0.000000,0.000000,0.000000,0.000000,0.000000,0.345043,0.345043,1.788618,0.000000,3.322127,1.450456,1.247764,-0.00946236,-0.00041930,-0.01026794,-0.918448,-0.040699,-0.996640,0.918448,1.263491,0.385742,1.341683,1.783781,1.403990,,,,,,within lower deadband; partial feedforward
2026-05-16 16:41:28,1771.5,450.142,449.966,452.000,2.034,14.336000,100.847000,51.500200,0.712932,18.000000,97.066177,4.029937,4.000000,4.000000,0.000000,0.000000,0.000000,0.345043,0.345043,1.728317,0.000000,3.322127,1.385304,1.189846,-0.01714318,-0.00087695,-0.01104752,-1.664023,-0.085122,-1.072340,1.664023,2.009066,0.430165,1.417384,1.762574,1.364428,,,,,,below deadband; feedforward + feedback
2026-05-16 16:41:31,1774.5,449.665,449.909,452.000,2.091,14.332700,100.844000,51.513500,0.711578,18.000000,97.063289,4.041685,4.041685,4.041685,9.518750,9.518750,7.143043,0.345043,0.345043,1.669489,3.539431,3.346313,1.322951,1.135894,-0.02808509,-0.00141069,-0.01228184,-2.726031,-0.136927,-1.192116,9.869074,3.071074,0.481970,1.537159,1.765980,1.326491,,,,,,below deadband; feedforward + feedback
2026-05-16 16:41:34,1777.5,450.057,449.822,452.000,2.178,14.341100,100.848000,51.510100,0.711928,18.000000,97.067139,4.094710,4.094710,4.094710,3.743750,3.743750,2.807025,0.328054,0.328054,1.611516,1.433049,3.358034,1.263527,1.085254,-0.01206767,-0.00166309,-0.01223108,-1.171375,-0.161432,-1.187236,3.978400,1.499429,0.489486,1.515290,1.754231,1.289232,,,,,,below deadband; feedforward + feedback
2026-05-16 16:41:37,1781.0,449.342,449.750,452.000,2.250,14.346100,100.844000,51.513500,0.712549,18.000000,97.063289,4.131311,4.131311,4.131311,0.306250,0.306250,0.241664,0.279554,0.279554,1.553255,0.123494,3.361845,1.206571,1.035701,-0.02179913,-0.00195536,-0.01496022,-2.115895,-0.189794,-1.452089,2.357560,2.395449,0.469347,1.731642,1.785545,1.251958,,,,,,below deadband; feedforward + feedback
2026-05-16 16:41:41,1784.5,449.587,449.664,452.000,2.336,14.334300,100.848000,51.506800,0.711250,18.000000,97.067139,4.190077,4.190077,4.190077,3.981250,3.981250,2.960389,0.352350,0.352350,1.496771,1.513268,3.369358,1.152974,0.992184,-0.01719364,-0.00215217,-0.01590679,-1.668937,-0.208905,-1.544027,4.629327,2.021287,0.561254,1.896377,1.782626,1.216423,,,,,,below deadband; feedforward + feedback
2026-05-16 16:41:44,1788.0,449.427,449.543,452.000,2.457,14.333800,100.848000,51.503500,0.711985,18.000000,97.067139,4.296576,4.296576,4.296576,4.131250,4.131250,3.076574,0.326053,0.326053,1.439541,1.525672,3.379986,1.102562,0.951328,-0.01033634,-0.00232071,-0.01840794,-1.003319,-0.225264,-1.786806,4.079893,1.329372,0.551318,2.112859,1.758114,1.180552,,,,,,below deadband; feedforward + feedback
2026-05-16 16:41:47,1791.0,449.185,449.516,452.000,2.484,14.336500,100.849000,51.506800,0.712291,18.000000,97.068102,4.284294,4.284294,4.284294,4.237500,4.237500,3.160227,0.299705,0.299705,1.382351,1.560319,3.389412,1.055094,0.912690,-0.02595010,-0.00272050,-0.01952342,-2.518927,-0.264074,-1.895101,5.679154,2.818632,0.563779,2.194806,1.742314,1.144915,,,,,,below deadband; feedforward + feedback
2026-05-16 16:41:50,1794.0,449.555,449.454,452.000,2.546,14.349900,100.846000,51.510100,0.711822,18.000000,97.065214,4.320082,4.320082,4.320082,4.262500,4.262500,3.169522,0.293212,0.293212,1.325813,1.620018,3.398915,1.010759,0.877752,-0.01206747,-0.00300779,-0.01849305,-1.171331,-0.291952,-1.795032,4.340853,1.464543,0.585163,2.088244,1.717649,1.109773,,,,,,below deadband; feedforward + feedback
2026-05-16 16:41:54,1797.5,449.390,449.439,452.000,2.561,14.342300,100.846000,51.510100,0.712641,18.000000,97.065214,4.299176,4.299176,4.299176,4.293750,4.293750,3.206701,0.312163,0.312163,1.270552,1.639205,3.410077,0.969963,0.847576,-0.00941196,-0.00338999,-0.01856791,-0.913574,-0.329050,-1.802298,4.120275,1.225737,0.641213,2.114461,1.666617,1.075743,,,,,,below deadband; feedforward + feedback
2026-05-16 16:41:57,1801.0,449.446,449.387,452.000,2.613,14.342300,100.846000,51.500200,0.709632,18.000000,97.065214,4.330183,4.330183,4.330183,4.287500,4.287500,3.183464,0.372992,0.372992,1.218088,1.628432,3.421233,0.933543,0.824284,-0.01690790,-0.00386332,-0.01951538,-1.641169,-0.374994,-1.894265,4.824633,2.014161,0.747986,2.267257,1.623943,1.044993,,,,,,below deadband; feedforward + feedback
2026-05-16 16:42:01,1804.5,449.104,449.279,452.000,2.721,14.362500,100.843000,51.510100,0.710806,18.000000,97.062327,4.440471,4.440471,4.440471,4.312500,4.312500,3.202054,0.434480,0.434480,1.168445,1.641492,3.432447,0.902867,0.810841,-0.02341222,-0.00455268,-0.01926412,-2.272444,-0.441893,-1.869820,5.474498,2.706924,0.876373,2.304300,1.607591,1.016997,,,,,,below deadband; feedforward + feedback
2026-05-16 16:42:04,1808.0,448.986,449.168,452.000,2.832,14.338700,100.845000,51.500200,0.711898,18.000000,97.064252,4.560214,4.560214,4.560214,4.425000,4.425000,3.281059,0.496548,0.496548,1.122191,1.679113,3.443895,0.878657,0.806026,-0.01759698,-0.00534810,-0.02021133,-1.708038,-0.519109,-1.961798,4.989097,2.204586,1.015657,2.458346,1.600610,0.992871,,,,,,below deadband; feedforward + feedback
2026-05-16 16:42:08,1811.5,448.598,449.098,452.000,2.902,14.338600,100.844000,51.506800,0.711306,18.000000,97.063289,4.633769,4.633769,4.633769,4.543750,4.543750,3.383302,0.558500,0.558500,1.079005,1.674543,3.455611,0.861039,0.808183,-0.02996699,-0.00552220,-0.02075914,-2.908694,-0.536003,-2.014950,6.291996,3.467195,1.094503,2.573451,1.605276,0.971773,,,,,,below deadband; feedforward + feedback
2026-05-16 16:42:11,1814.5,448.996,448.981,452.000,3.019,14.310500,100.844000,51.503500,0.712985,18.000000,97.063289,4.774906,4.774906,4.774906,4.625000,4.625000,3.429776,0.611907,0.611907,1.037930,1.698780,3.465896,0.850423,0.818577,-0.01741210,-0.00613405,-0.02167177,-1.690076,-0.595391,-2.103534,5.119852,2.301983,1.207298,2.715440,1.611511,0.953365,,,,,,below deadband; feedforward + feedback
2026-05-16 16:42:14,1817.5,448.505,448.840,452.000,3.160,14.345700,100.843000,51.506800,0.714183,18.000000,97.062327,4.954725,4.954725,4.954725,4.756250,4.756250,3.536666,0.666385,0.666385,0.999561,1.757249,3.476458,0.847115,0.837190,-0.01963061,-0.00681971,-0.02329822,-1.905393,-0.661937,-2.261380,5.442059,2.571777,1.328321,2.927764,1.593049,0.937998,,,,,,below deadband; feedforward + feedback
2026-05-16 16:42:17,1821.0,448.695,448.804,452.000,3.196,14.334800,100.846000,51.503500,0.711457,18.000000,97.065214,5.005666,5.005666,5.005666,4.943750,4.943750,3.676088,0.731474,0.731474,0.964113,1.881553,3.489227,0.851213,0.863507,-0.02690853,-0.00747678,-0.02460031,-2.611882,-0.725735,-2.387834,6.287970,3.343356,1.457209,3.119308,1.600501,0.925991,,,,,,below deadband; feedforward + feedback
2026-05-16 16:42:21,1824.5,448.174,448.696,452.000,3.304,14.331500,100.844000,51.500200,0.712789,18.000000,97.063289,5.157939,5.157939,5.157939,5.000000,5.000000,3.708620,0.797906,0.797906,0.931621,1.891988,3.502194,0.862912,0.898009,-0.02968174,-0.00827117,-0.02393097,-2.881007,-0.802827,-2.322818,6.589627,3.678913,1.600733,3.120724,1.615772,0.917401,,,,,,below deadband; feedforward + feedback
2026-05-16 16:42:24,1828.0,449.055,448.611,452.000,3.389,14.345000,100.844000,51.510100,0.711633,18.000000,97.063289,5.286894,5.286894,5.286894,5.143750,5.143750,3.820157,0.866442,0.866442,0.901885,1.894616,3.515447,0.881497,0.937253,-0.01438706,-0.00914248,-0.02417360,-1.396456,-0.887399,-2.346369,5.216613,2.262898,1.753841,3.212811,1.627032,0.912167,,,,,,below deadband; feedforward + feedback
2026-05-16 16:42:27,1831.0,448.637,448.600,452.000,3.400,14.342600,100.845000,51.506800,0.710795,18.000000,97.064252,5.325875,5.325875,5.325875,5.268750,5.268750,3.913105,0.927413,0.927413,0.874776,1.935853,3.527169,0.906135,0.980048,-0.02529461,-0.00972731,-0.02324612,-2.455203,-0.944174,-2.256368,6.368307,3.382616,1.871587,3.183781,1.647867,0.910148,,,,,,below deadband; feedforward + feedback
2026-05-16 16:42:30,1834.0,448.455,448.585,452.000,3.415,14.336700,100.841000,51.503500,0.708805,18.000000,97.060402,5.375305,5.375305,5.375305,5.312500,5.312500,3.959579,0.989159,0.989159,0.850556,1.956175,3.539032,0.936325,1.026894,-0.02033651,-0.01026660,-0.02235653,-1.973870,-0.996480,-2.169934,5.933448,2.963028,1.985639,3.159092,1.658297,0.911249,,,,,,below deadband; feedforward + feedback
2026-05-16 16:42:34,1837.5,448.379,448.605,452.000,3.395,14.339600,100.843000,51.506800,0.712693,18.000000,97.062327,5.384431,5.384431,5.384431,5.362500,5.362500,3.982816,1.062756,1.062756,0.829445,2.032874,3.552963,0.971581,1.077350,-0.01655494,-0.01076269,-0.01991999,-1.606861,-1.044652,-1.933480,5.589677,2.669617,2.107407,2.996236,1.646490,0.916107,,,,,,below deadband; feedforward + feedback
2026-05-16 16:42:37,1841.1,448.789,448.603,452.000,3.397,14.345800,100.846000,51.510100,0.722221,18.000000,97.065214,5.427756,5.427756,5.427756,5.375000,5.375000,3.992111,1.138392,1.138392,0.811503,2.108283,3.567031,1.011873,1.132748,-0.00811768,-0.01143608,-0.01952867,-0.787944,-1.110046,-1.895554,4.780055,1.926336,2.248438,3.033946,1.630874,0.924489,,,,,,below deadband; feedforward + feedback
2026-05-16 16:42:41,1844.5,448.076,448.529,452.000,3.471,14.342000,100.845000,51.503500,0.712909,18.000000,97.064252,5.569991,5.569991,5.569991,5.425000,5.425000,4.043232,1.215177,1.215177,0.796742,2.073992,3.581066,1.057171,1.193066,-0.02625261,-0.01220533,-0.01984682,-2.548190,-1.184701,-1.926417,6.591422,3.763367,2.399878,3.141594,1.643543,0.936965,,,,,,below deadband; feedforward + feedback
2026-05-16 16:42:44,1848.0,448.348,448.414,452.000,3.586,14.344900,100.844000,51.500200,0.711660,18.000000,97.063289,5.769653,5.769653,5.769653,5.562500,5.562500,4.131532,1.292685,1.292685,0.785180,2.045276,3.595386,1.107376,1.257991,-0.01887433,-0.01283257,-0.02075193,-1.832005,-1.245572,-2.014251,5.963537,3.124690,2.538257,3.306936,1.666632,0.953507,,,,,,below deadband; feedforward + feedback
2026-05-16 16:42:47,1851.0,448.318,448.307,452.000,3.693,14.327100,100.848000,51.510100,0.713688,18.000000,97.067139,5.963731,5.963731,5.963731,5.750000,5.750000,4.280249,1.359324,1.359324,0.776350,2.123515,3.608156,1.162874,1.329369,-0.01852139,-0.01350364,-0.02019666,-1.797819,-1.310760,-1.960432,6.078068,3.157142,2.670084,3.319756,1.691639,0.973359,,,,,,below deadband; feedforward + feedback
2026-05-16 16:42:50,1854.0,448.059,448.250,452.000,3.750,14.335600,100.844000,51.503500,0.712519,18.000000,97.063289,6.099247,6.099247,6.099247,5.937500,5.937500,4.410376,1.426401,1.426401,0.770263,2.184270,3.621347,1.224463,1.409231,-0.03225274,-0.01393561,-0.01856834,-3.130557,-1.352636,-1.802304,7.540933,4.556958,2.779038,3.228705,1.739325,0.996666,,,,,,below deadband; feedforward + feedback
2026-05-16 16:42:54,1857.5,448.012,448.261,452.000,3.739,14.337400,100.846000,51.510200,0.711117,18.000000,97.065214,6.153537,6.153537,6.153537,6.087500,6.087500,4.531208,1.506078,1.506078,0.767417,2.318813,3.637133,1.292837,1.497959,-0.01858860,-0.01437385,-0.01527356,-1.804307,-1.395201,-1.482532,6.335515,3.310385,2.901279,2.988610,1.776237,1.023561,,,,,,below deadband; feedforward + feedback
2026-05-16 16:42:57,1861.0,448.505,448.330,452.000,3.670,14.361500,100.845000,51.503500,0.714442,18.000000,97.064252,6.139284,6.139284,6.139284,6.143750,6.143750,4.582329,1.588324,1.588324,0.767859,2.342425,3.653123,1.368457,1.595317,-0.01568098,-0.01473863,-0.01245253,-1.522062,-1.430594,-1.208695,6.104392,3.110386,3.018918,2.797020,1.805953,1.054068,,,,,,below deadband; feedforward + feedback
2026-05-16 16:43:01,1864.5,448.392,448.368,452.000,3.632,14.324200,100.843000,51.496900,0.711311,18.000000,97.062327,6.173423,6.173423,6.173423,7.187500,7.187500,5.390976,1.673901,1.673901,0.771693,2.764693,3.675707,1.451520,1.700707,-0.00574801,-0.01485171,-0.01084919,-0.557915,-1.441541,-1.053048,5.948891,2.231816,3.115442,2.726948,1.833563,1.088869,,,,,,below deadband; feedforward + feedback
2026-05-16 16:43:04,1868.0,447.812,448.352,452.000,3.648,14.329200,100.846000,51.510100,0.711229,18.000000,97.065214,6.283528,6.283528,6.283528,6.156250,6.156250,4.638098,1.761788,1.761788,0.778701,2.296689,3.690699,1.541648,1.812032,-0.02020239,-0.01510543,-0.01058817,-1.960949,-1.466212,-1.027743,6.599047,3.722737,3.228000,2.789530,1.877579,1.127451,,,,,,below deadband; feedforward + feedback
2026-05-16 16:43:07,1871.0,448.215,448.313,452.000,3.687,14.342300,100.844000,51.503500,0.711057,18.000000,97.063289,6.431023,6.431023,6.431023,6.037500,6.037500,4.466145,1.837979,1.837979,0.788666,2.212734,3.701661,1.638183,1.927789,-0.00643722,-0.01531043,-0.00792483,-0.624818,-1.486081,-0.769210,5.090962,2.462797,3.324060,2.607189,1.883315,1.169809,,,,,,below deadband; feedforward + feedback
2026-05-16 16:43:10,1874.0,448.086,448.262,452.000,3.738,14.330500,100.846000,51.503500,0.713032,18.000000,97.065214,6.599849,6.599849,6.599849,6.387500,6.387500,4.744988,1.948639,1.948639,0.802496,2.429820,3.715766,1.740492,2.047419,-0.01529470,-0.01545402,-0.00751714,-1.484583,-1.500047,-0.729653,6.229572,3.433222,3.448686,2.678292,1.933881,1.216468,,,,,,below deadband; feedforward + feedback
2026-05-16 16:43:14,1877.5,448.290,448.237,452.000,3.763,14.350800,100.843000,51.503500,0.710593,18.000000,97.062327,6.739721,6.739721,6.739721,6.587500,6.587500,4.907647,2.034370,2.034370,0.819718,2.516625,3.732801,1.847864,2.169981,-0.00551281,-0.01567056,-0.00758529,-0.535086,-1.521021,-0.736246,5.442733,2.569456,3.555392,2.770617,1.968263,1.266937,,,,,,below deadband; feedforward + feedback
2026-05-16 16:43:17,1881.0,448.830,448.287,452.000,3.713,14.335200,100.846000,51.500200,0.711370,18.000000,97.065214,6.786501,6.786501,6.786501,6.712500,6.712500,4.986653,2.107903,2.107903,0.839977,2.553391,3.750210,1.959297,2.293597,0.00319335,-0.01562691,-0.00549297,0.309963,-1.516829,-0.533176,4.676690,1.797940,3.624732,2.641079,1.992087,1.320123,,,,,,below deadband; feedforward + feedback
2026-05-16 16:43:21,1884.5,448.728,448.447,452.000,3.553,14.335000,100.844000,51.506800,0.712816,18.000000,97.063289,6.692987,6.692987,6.692987,6.775000,6.775000,5.042421,2.199443,2.199443,0.863502,2.579455,3.767823,2.074043,2.418282,0.00440345,-0.01521999,-0.00166824,0.427413,-1.477303,-0.161925,4.615008,1.772030,3.676746,2.361368,2.013919,1.375671,,,,,,below deadband; feedforward + feedback
2026-05-16 16:43:24,1888.0,448.422,448.612,452.000,3.388,14.328500,100.844000,51.506800,0.711842,18.000000,97.063289,6.595197,6.595197,6.595197,6.687500,6.687500,4.972711,2.294392,2.294392,0.889027,2.465629,3.785183,2.191404,2.543484,-0.01023550,-0.01486540,0.00184395,-0.993491,-1.442885,0.178980,5.966202,3.287884,3.737277,2.115412,2.061770,1.431855,,,,,,below deadband; feedforward + feedback
2026-05-16 16:43:27,1891.0,449.047,448.728,452.000,3.272,14.332900,100.845000,51.506800,0.712419,18.000000,97.064252,6.549695,6.549695,6.549695,6.600000,6.600000,4.907647,2.377374,2.377374,0.916089,2.430018,3.799977,2.296658,2.612422,0.01132795,-0.01453238,0.00453327,1.099539,-1.410575,0.440019,3.808108,1.277835,3.787948,1.937355,2.068228,1.488558,,,,,,below deadband; feedforward + feedback
2026-05-16 16:43:30,1894.0,448.863,448.845,452.000,3.155,14.323900,100.847000,51.503500,0.711255,18.000000,97.066177,6.508368,6.508368,6.508368,6.543750,6.543750,4.879763,2.461234,2.461234,0.944703,2.416218,3.814630,2.406392,2.735592,0.00159667,-0.01398699,0.00739771,0.154983,-1.357664,0.718068,4.724780,2.306251,3.818897,1.743166,2.085726,1.545729,,,,,,below deadband; feedforward + feedback
2026-05-16 16:43:34,1897.5,448.902,448.901,452.000,3.099,14.324800,100.844000,51.506800,0.712321,18.000000,97.063289,6.562912,6.562912,6.562912,6.506250,6.506250,4.833289,2.558325,2.558325,0.975116,2.470344,3.831582,2.534559,2.919062,0.00315973,-0.01329322,0.01166883,0.306693,-1.290284,1.132615,4.526595,2.251632,3.848609,1.425710,2.121063,1.602986,,,,,,below deadband; feedforward + feedback
2026-05-16 16:43:37,1901.0,448.780,448.974,452.000,3.026,14.337200,100.843000,51.513500,0.713551,18.000000,97.062327,6.595878,6.595878,6.595878,6.556250,6.556250,4.870468,2.654152,2.654152,1.007303,2.492225,3.848625,2.662468,3.046196,0.00396646,-0.01255322,0.01600289,0.384994,-1.218445,1.553278,4.485474,2.269158,3.872597,1.100874,2.142374,1.660525,,,,,,below deadband; feedforward + feedback
2026-05-16 16:43:41,1904.5,449.471,449.065,452.000,2.935,14.333500,100.844000,51.506800,0.712364,18.000000,97.063289,6.604436,6.604436,6.604436,6.593750,6.593750,4.889057,2.748920,2.748920,1.041246,2.497230,3.865752,2.789412,3.170245,0.01998360,-0.01167297,0.01818033,1.939673,-1.133017,1.764643,2.949384,0.809247,3.881937,0.984277,2.165200,1.717871,,,,,,below deadband; feedforward + feedback
2026-05-16 16:43:44,1908.0,448.619,449.167,452.000,2.833,14.319200,100.845000,51.513500,0.712685,18.000000,97.064252,6.598564,6.598564,6.598564,6.625000,6.625000,4.912294,2.843056,2.843056,1.076931,2.517325,3.882930,2.915837,3.295113,0.00791612,-0.01082618,0.01980394,0.768372,-1.050835,1.922255,4.143922,2.074683,3.893891,0.920801,2.179255,1.775161,,,,,,below deadband; feedforward + feedback
2026-05-16 16:43:48,1911.5,448.781,449.217,452.000,2.783,14.322600,100.845000,51.506800,0.711586,18.000000,97.064252,6.660007,6.660007,6.660007,6.593750,6.593750,4.907647,2.937772,2.937772,1.115283,2.434882,3.900036,3.041934,3.420222,0.00771444,-0.01004552,0.01981811,0.748796,-0.975061,1.923630,4.158851,2.188976,3.912833,1.014142,2.206701,1.833558,,,,,,below deadband; feedforward + feedback
2026-05-16 16:43:51,1914.5,449.777,449.206,452.000,2.794,14.322200,100.845000,51.500200,0.711543,18.000000,97.064252,6.799261,6.799261,6.799261,6.650000,6.650000,4.949474,3.019321,3.019321,1.157021,2.458454,3.914879,3.167668,3.544869,0.02196721,-0.00929815,0.01914626,2.132231,-0.902518,1.858417,2.817242,0.887090,3.921839,1.160904,2.214663,1.894311,,,,,,below deadband; feedforward + feedback
2026-05-16 16:43:54,1917.5,449.555,449.238,452.000,2.762,14.338000,100.846000,51.510200,0.711414,18.000000,97.065214,6.883407,6.883407,6.883407,6.793750,6.793750,5.056364,3.101063,3.101063,1.202328,2.588820,3.929996,3.292590,3.667359,0.02391685,-0.00843850,0.02070627,2.321494,-0.819085,2.009859,2.734869,0.779569,3.920149,1.091205,2.216406,1.957163,,,,,,below deadband; feedforward + feedback
2026-05-16 16:43:57,1921.0,449.763,449.253,452.000,2.747,14.335600,100.842000,51.506800,0.714103,18.000000,97.061364,6.986979,6.986979,6.986979,6.868750,6.868750,5.107485,3.196490,3.196490,1.251459,2.617116,3.947853,3.415879,3.785745,0.01847126,-0.00742387,0.02242234,1.792846,-0.720571,2.176343,3.314639,1.403644,3.917061,1.020147,2.223756,2.022058,,,,,,below deadband; feedforward + feedback
2026-05-16 16:44:01,1924.5,449.709,449.292,452.000,2.708,14.324300,100.844000,51.513500,0.713478,18.000000,97.063289,7.056837,7.056837,7.056837,6.975000,6.975000,5.191138,3.292471,3.292471,1.304277,2.655107,3.965975,3.536524,3.898458,0.02327833,-0.00619280,0.02311763,2.259471,-0.601094,2.243873,2.931667,1.033001,3.893565,1.048599,2.227240,2.088711,,,,,,below deadband; feedforward + feedback
2026-05-16 16:44:04,1928.0,449.597,449.417,452.000,2.583,14.326200,100.846000,51.510200,0.714016,18.000000,97.065214,7.011131,7.011131,7.011131,7.062500,7.062500,5.251554,3.390376,3.390376,1.359866,2.688349,3.984294,3.653837,4.005778,0.02114329,-0.00513203,0.02173860,2.052278,-0.498142,2.110062,3.199277,1.338099,3.888518,1.280315,2.231017,2.156130,,,,,,below deadband; feedforward + feedback
2026-05-16 16:44:08,1931.5,449.073,449.534,452.000,2.466,14.338400,100.844000,51.510100,0.711875,18.000000,97.063289,6.974142,6.974142,6.974142,7.012500,7.012500,5.223670,3.489714,3.489714,1.418100,2.591317,4.002487,3.767909,4.110123,0.00873967,-0.00410030,0.02122508,0.848301,-0.397989,2.060176,4.375368,2.641413,3.887703,1.429538,2.267833,2.223951,,,,,,below deadband; feedforward + feedback
2026-05-16 16:44:11,1934.5,449.994,449.604,452.000,2.396,14.330200,100.844000,51.510200,0.713408,18.000000,97.063289,6.993179,6.993179,6.993179,6.975000,6.975000,5.191138,3.576130,3.576130,1.477935,2.580285,4.018112,3.878336,4.209616,0.02731149,-0.00303407,0.02035709,2.650943,-0.294497,1.975926,2.540195,0.925187,3.870627,1.600204,2.266674,2.291067,,,,,,below deadband; feedforward + feedback
2026-05-16 16:44:14,1937.5,449.523,449.675,452.000,2.325,14.321100,100.846000,51.503500,0.712400,18.000000,97.065214,7.006640,7.006640,7.006640,6.987500,6.987500,5.195785,3.663282,3.663282,1.539384,2.578433,4.033722,3.984790,4.304153,0.02139533,-0.00201610,0.01874996,2.076743,-0.195693,1.819969,3.119043,1.586539,3.858975,1.843312,2.278184,2.357446,,,,,,below deadband; feedforward + feedback
2026-05-16 16:44:17,1941.0,449.531,449.713,452.000,2.287,14.315800,100.849000,51.503500,0.714851,18.000000,97.068102,7.060366,7.060366,7.060366,7.018750,7.018750,5.214375,3.764866,3.764866,1.602714,2.667316,4.051947,4.087092,4.393999,0.01115990,-0.00100395,0.01690178,1.083270,-0.097451,1.640623,4.131105,2.681596,3.862317,2.124243,2.302602,2.423125,,,,,,below deadband; feedforward + feedback
2026-05-16 16:44:21,1944.5,449.572,449.773,452.000,2.227,14.320900,100.844000,51.513500,0.713054,18.000000,97.063289,7.079574,7.079574,7.079574,7.037500,7.037500,5.246907,3.865986,3.865986,1.667917,2.681734,4.070292,4.184647,4.477311,0.01349606,0.00036155,0.01829727,1.309972,0.035094,1.775993,3.936935,2.556014,3.830892,2.089992,2.331522,2.487788,,,,,,below deadband; feedforward + feedback
2026-05-16 16:44:24,1948.0,450.221,449.955,452.000,2.045,14.325600,100.846000,51.503500,0.711524,18.000000,97.065214,6.934864,6.934864,6.934864,5.587500,5.587500,4.182654,3.967028,3.967028,1.734991,2.144692,4.095376,4.276927,4.553769,0.02489126,0.00171502,0.02058416,2.416076,0.166469,1.998006,1.766578,1.550952,3.800559,1.969021,2.336846,2.551026,,,,,,below deadband; feedforward + feedback
2026-05-16 16:44:28,1951.5,450.010,449.951,452.000,2.049,14.328400,100.845000,51.510100,0.713009,18.000000,97.064252,7.028009,7.028009,7.028009,6.437500,6.437500,4.786815,4.068328,4.068328,1.803940,2.370422,4.109249,4.364006,4.625241,0.02161387,0.00292106,0.02001324,2.097934,0.283530,1.942570,2.688881,1.970394,3.784798,2.125758,2.336130,2.613149,,,,,,below deadband; feedforward + feedback
2026-05-16 16:44:31,1954.5,450.306,450.029,452.000,1.971,14.325300,100.847000,51.506800,0.711452,18.000000,97.066177,0.000000,3.028009,3.028009,6.925000,6.925000,5.144664,4.155699,4.155699,1.874508,2.546411,4.124452,4.446078,4.692296,0.02480722,0.00386376,0.01912362,2.407942,0.375040,1.856257,2.736722,1.747757,3.780658,2.299442,2.311624,2.674235,,,,,,within deadband and CO2 rising; MFC zero
2026-05-16 16:44:34,1957.5,449.953,449.994,452.000,2.006,14.317100,100.845000,51.506800,0.712040,18.000000,97.064252,7.131681,7.028009,7.028009,3.037500,3.037500,2.258633,4.285774,4.285774,1.947799,1.117407,4.131825,4.523708,4.756596,0.02410130,0.00470953,0.01730415,2.339375,0.457127,1.679614,-0.080742,1.946399,3.828647,2.606160,2.319901,2.736072,,,,,,below deadband; feedforward + feedback
2026-05-16 16:44:37,1961.0,450.269,450.030,452.000,1.970,14.311000,100.848000,51.510200,0.714754,18.000000,97.067139,0.000000,3.028009,3.028009,7.012500,7.012500,5.223670,4.361553,4.361553,2.023392,2.667858,4.149563,4.596499,4.814873,0.02368112,0.00569805,0.01773832,2.298658,0.553094,1.721808,2.925011,2.062894,3.808459,2.639744,2.313743,2.797907,,,,,,within deadband and CO2 rising; MFC zero
2026-05-16 16:44:41,1964.5,450.019,449.956,452.000,2.044,14.342200,100.846000,51.503500,0.712739,18.000000,97.065214,7.320456,7.028009,7.028009,3.025000,3.025000,2.249338,4.325471,4.325471,2.096968,1.154330,4.158024,4.663083,4.862834,0.01531147,0.00661125,0.01688130,1.486211,0.641723,1.638587,0.763128,2.839260,3.683748,2.686884,2.328890,2.855731,,,,,,below deadband; feedforward + feedback
2026-05-16 16:44:44,1968.0,449.781,450.007,452.000,1.993,14.330200,100.846000,51.506800,0.712738,18.000000,97.065214,0.000000,3.028009,3.028009,7.018750,7.018750,5.219022,4.306920,4.306920,2.170688,2.676347,4.176035,4.722798,4.901943,0.00811794,0.00743599,0.01666644,0.787970,0.721776,1.617732,4.431053,3.518950,3.585144,2.689188,2.369438,2.911913,,,,,,within deadband and CO2 rising; MFC zero
2026-05-16 16:44:48,1971.5,450.512,450.104,452.000,1.896,14.327500,100.847000,51.506800,0.712551,18.000000,97.066177,0.000000,0.000000,0.000000,2.981250,2.981250,2.253986,4.386932,4.386932,2.246377,1.117733,4.184224,4.775914,4.935261,0.03260622,0.00849876,0.01624483,3.164961,0.824942,1.576824,-0.910975,1.221972,3.561991,2.810109,2.339870,2.967436,,,,,,within deadband and CO2 rising; MFC zero
2026-05-16 16:44:51,1974.5,450.269,450.193,452.000,1.807,14.301500,100.846000,51.503500,0.712299,18.000000,97.065214,0.000000,0.000000,0.000000,0.000000,0.000000,0.000000,4.384067,4.384067,2.322134,0.000000,4.184224,4.822100,4.960659,0.01127753,0.00953132,0.01535189,1.094656,0.925159,1.490134,-1.094656,3.289411,3.458907,2.893932,2.373664,3.020653,,,,,,within deadband and CO2 rising; MFC zero
2026-05-16 16:44:54,1977.5,450.395,450.243,452.000,1.757,14.315900,100.849000,51.506800,0.712529,18.000000,97.068102,0.000000,0.000000,0.000000,0.000000,0.000000,0.000000,4.418909,4.418909,2.398185,0.000000,4.184224,4.861523,4.979791,0.01932812,0.01035855,0.01514923,1.876144,1.005485,1.470507,-1.876144,2.542765,3.413424,2.948402,2.398053,3.071990,,,,,,within deadband and CO2 rising; MFC zero
2026-05-16 16:44:57,1981.0,450.100,450.249,452.000,1.751,14.318800,100.847000,51.503500,0.715587,18.000000,97.066177,0.000000,0.000000,0.000000,0.000000,0.000000,0.000000,4.411951,4.411951,2.472980,0.000000,4.184224,4.894149,4.992027,0.01273976,0.01097704,0.01247752,1.236600,1.065499,1.211145,-1.236600,3.175351,3.346452,3.200806,2.419557,3.120110,,,,,,within deadband and CO2 rising; MFC zero
2026-05-16 16:45:01,1984.5,450.137,450.237,452.000,1.763,14.323200,100.846000,51.503500,0.710709,18.000000,97.065214,0.000000,0.000000,0.000000,0.000000,0.000000,0.000000,4.356724,4.356724,2.545614,0.000000,4.184224,4.919721,4.996439,0.00934472,0.01157120,0.01079398,0.907047,1.123161,1.047720,-0.907047,3.449677,3.233564,3.309005,2.433312,3.163762,,,,,,within deadband and CO2 rising; MFC zero
2026-05-16 16:45:04,1988.0,450.404,450.110,452.000,1.890,14.313500,100.847000,51.510100,0.713100,18.000000,97.066177,0.000000,0.000000,0.000000,0.000000,0.000000,0.000000,4.294656,4.294656,2.615950,0.000000,4.184224,4.938056,4.993060,0.00682366,0.01192101,0.00733611,0.662347,1.157126,0.712088,-0.662347,3.632309,3.137529,3.582568,2.459751,3.203056,,,,,,within deadband and CO2 rising; MFC zero
2026-05-16 16:45:08,1991.5,450.024,449.977,452.000,2.023,14.332700,100.845000,51.510200,0.713785,18.000000,97.064252,7.578409,4.000000,4.000000,0.000000,0.000000,0.000000,4.232704,4.232704,2.683990,0.000000,4.184224,4.949115,4.982294,0.01620201,0.01233026,0.00435522,1.572636,1.196828,0.422737,-1.572636,2.660068,3.035876,3.809967,2.444804,3.239007,,,,,,below deadband; feedforward + feedback
2026-05-16 16:45:11,1994.5,449.927,449.992,452.000,2.008,14.310800,100.846000,51.506800,0.709309,18.000000,97.065214,7.563074,7.563074,7.563074,3.437500,3.437500,2.616482,4.179297,4.179297,2.750053,1.292905,4.193569,4.952847,4.964041,0.00114288,0.01256080,0.00336958,0.110934,1.219216,0.327069,2.505548,4.068363,2.960081,3.852228,2.477515,3.271466,,,,,,below deadband; feedforward + feedback
2026-05-16 16:45:14,1997.5,450.287,449.981,452.000,2.019,14.310400,100.845000,51.500200,0.716043,18.000000,97.064252,7.573574,7.573574,7.573574,7.456250,7.456250,5.539692,4.124819,4.124819,2.814098,2.734098,4.209972,4.949524,4.939553,0.00675642,0.01261992,0.00196684,0.655807,1.224943,0.190910,4.883886,3.469013,2.899876,3.933909,2.494130,3.300569,,,,,,below deadband; feedforward + feedback
2026-05-16 16:45:17,2001.0,450.818,450.082,452.000,1.918,14.320100,100.845000,51.510100,0.711418,18.000000,97.064252,0.000000,3.573574,3.573574,7.525000,7.525000,5.590814,4.059730,4.059730,2.875733,2.865540,4.229504,4.939346,4.908815,0.01593309,0.01295888,0.00142919,1.546533,1.257844,0.138723,4.044280,2.513197,2.801886,3.921007,2.478757,3.325470,,,,,,within deadband and CO2 rising; MFC zero
2026-05-16 16:45:21,2004.5,449.960,450.198,452.000,1.802,14.371000,100.846000,51.506800,0.715225,18.000000,97.065214,0.000000,0.000000,3.573574,3.550000,3.550000,2.644367,4.044200,4.044200,2.935849,1.352309,4.239289,4.923045,4.874141,0.00073951,0.01334795,0.00345582,0.071781,1.295621,0.335440,2.572586,3.972419,2.748579,3.708760,2.484192,3.346727,,,,,,within deadband and CO2 rising; MFC zero
2026-05-16 16:45:24,2008.0,450.588,450.399,452.000,1.601,14.313200,100.843000,51.500200,0.710832,18.000000,97.062327,0.000000,0.000000,3.573574,3.550000,3.550000,2.625777,4.082102,4.082102,2.995399,1.342844,4.248492,4.901601,4.837267,0.00341184,0.01372219,0.00724856,0.331161,1.331908,0.703562,2.294616,3.750941,2.750194,3.378540,2.511749,3.365178,,,,,,within deadband and CO2 rising; MFC zero
2026-05-16 16:45:28,2011.5,450.964,450.467,452.000,1.533,14.313600,100.845000,51.513500,0.711995,18.000000,97.064252,0.000000,0.000000,3.573574,3.556250,3.556250,2.639719,4.113588,4.113588,3.054402,1.307518,4.257694,4.875997,4.799185,0.01798385,0.01385761,0.00736277,1.745589,1.345079,0.714661,0.894131,2.368000,2.768510,3.398927,2.492960,3.381787,,,,,,within deadband and CO2 rising; MFC zero
2026-05-16 16:45:31,2014.5,450.317,450.461,452.000,1.539,14.317000,100.844000,51.506800,0.714895,18.000000,97.063289,0.000000,0.000000,0.000000,3.531250,3.531250,2.653661,4.096341,4.096341,3.111942,1.315471,4.265644,4.846748,4.759001,0.01798385,0.01394055,0.00716744,1.745572,1.353116,0.695696,0.908089,2.350769,2.743226,3.400646,2.481621,3.395817,,,,,,within deadband and CO2 rising; MFC zero
2026-05-16 16:45:34,2017.5,450.336,450.371,452.000,1.629,14.314400,100.845000,51.513500,0.712997,18.000000,97.064252,0.000000,0.000000,0.000000,0.000000,0.000000,0.000000,4.076861,4.076861,3.167759,0.000000,4.265644,4.814213,4.716610,0.00968102,0.01404247,0.00557293,0.939681,1.363022,0.540932,-0.939681,3.137180,2.713839,3.535929,2.490280,3.407047,,,,,,within deadband and CO2 rising; MFC zero
2026-05-16 16:45:37,2021.0,450.402,450.324,452.000,1.676,14.326300,100.846000,51.510200,0.712583,18.000000,97.065214,0.000000,0.000000,0.000000,0.000000,0.000000,0.000000,4.052540,4.052540,3.221725,0.000000,4.265644,4.778832,4.672689,0.00615149,0.01396636,0.00508852,0.597096,1.355647,0.493918,-0.597096,3.455444,2.696892,3.558622,2.518597,3.415352,,,,,,within deadband and CO2 rising; MFC zero
2026-05-16 16:45:41,2024.5,449.814,450.247,452.000,1.753,14.309400,100.847000,51.510200,0.714884,18.000000,97.066177,0.000000,0.000000,0.000000,0.000000,0.000000,0.000000,4.027173,4.027173,3.273799,0.000000,4.265644,4.741368,4.628975,-0.00431942,0.01355194,0.00280746,-0.419270,1.315435,0.272510,0.419270,4.446442,2.711737,3.754663,2.531246,3.421127,,,,,,within deadband and CO2 rising; MFC zero
2026-05-16 16:45:44,2028.0,449.606,450.156,452.000,1.844,14.300900,100.846000,51.510100,0.715351,18.000000,97.065214,0.000000,0.000000,0.000000,0.000000,0.000000,0.000000,3.949664,3.949664,3.323002,0.000000,4.265644,4.702028,4.584008,-0.01410111,0.01297562,0.00021679,-1.368727,1.259482,0.021043,1.368727,5.318391,2.690183,3.928621,2.571870,3.423940,,,,,,within deadband and CO2 rising; MFC zero
2026-05-16 16:45:48,2031.5,450.061,450.055,452.000,1.945,14.314200,100.846000,51.506800,0.710368,18.000000,97.065214,0.000000,0.000000,0.000000,0.000000,0.000000,0.000000,3.871872,3.871872,3.369531,0.000000,4.265644,4.660960,4.537756,-0.01909282,0.01233354,-0.00101496,-1.853248,1.197158,-0.098517,1.853248,5.725121,2.674715,3.970389,2.619426,3.424026,,,,,,within deadband and CO2 rising; MFC zero
2026-05-16 16:45:51,2034.5,450.638,450.070,452.000,1.930,14.308100,100.848000,51.506800,0.712379,18.000000,97.067139,0.000000,0.000000,0.000000,0.000000,0.000000,0.000000,3.804717,3.804717,3.413574,0.000000,4.265644,4.618222,4.490009,0.00112607,0.01196107,0.00066190,0.109305,1.161027,0.064249,-0.109305,3.695413,2.643690,3.740468,2.603471,3.421520,,,,,,within deadband and CO2 rising; MFC zero
2026-05-16 16:45:54,2037.5,449.830,450.079,452.000,1.921,14.326100,100.849000,51.506800,0.713922,18.000000,97.068102,0.000000,0.000000,0.000000,0.000000,0.000000,0.000000,3.736272,3.736272,3.454873,0.000000,4.265644,4.573839,4.440690,-0.00769763,0.01170660,0.00225277,-0.747194,1.136337,0.218672,0.747194,4.483466,2.599934,3.517599,2.625195,3.415939,,,,,,within deadband and CO2 rising; MFC zero
2026-05-16 16:45:57,2041.0,449.776,450.083,452.000,1.917,14.310600,100.844000,51.510100,0.713297,18.000000,97.063289,0.000000,0.000000,0.000000,0.000000,0.000000,0.000000,3.654026,3.654026,3.493127,0.000000,4.265644,4.527912,4.390129,-0.00968086,0.01123424,0.00046649,-0.939657,1.090432,0.045279,0.939657,4.593682,2.563594,3.608746,2.652663,3.407507,,,,,,within deadband and CO2 rising; MFC zero
2026-05-16 16:46:01,2044.5,450.139,450.148,452.000,1.852,14.306900,100.848000,51.506900,0.712492,18.000000,97.067139,0.000000,0.000000,0.000000,0.000000,0.000000,0.000000,3.568449,3.568449,3.528211,0.000000,4.265644,4.480761,4.339309,0.00905900,0.01066555,-0.00012102,0.879331,1.035274,-0.011747,-0.879331,2.689118,2.533175,3.580196,2.661132,3.396724,,,,,,within deadband and CO2 rising; MFC zero
2026-05-16 16:46:04,2048.0,449.759,450.119,452.000,1.881,14.299500,100.847000,51.510200,0.713833,18.000000,97.066177,0.000000,0.000000,0.000000,0.000000,0.000000,0.000000,3.480562,3.480562,3.560040,0.000000,4.265644,4.432670,4.288398,-0.00652114,0.00983747,-0.00294054,-0.632982,0.954886,-0.285427,0.632982,4.113544,2.525676,3.765988,2.668369,3.383718,,,,,,within deadband and CO2 rising; MFC zero
2026-05-16 16:46:08,2051.5,449.722,450.075,452.000,1.925,14.308700,100.850000,51.503500,0.710551,18.000000,97.069064,0.000000,0.000000,0.000000,0.000000,0.000000,0.000000,3.391655,3.391655,3.588812,0.000000,4.265644,4.383684,4.236727,-0.00757998,0.00913919,-0.00549138,-0.735782,0.887132,-0.533043,0.735782,4.127436,2.504522,3.924698,2.699196,3.368542,,,,,,within deadband and CO2 rising; MFC zero
2026-05-16 16:46:11,2055.0,450.154,450.034,452.000,1.966,14.306000,100.848000,51.510200,0.711983,18.000000,97.067139,0.000000,0.000000,0.000000,0.000000,0.000000,0.000000,3.264923,3.264923,3.613188,0.000000,4.265644,4.333806,4.184171,0.00085716,0.00825380,-0.00766832,0.083202,0.801173,-0.744342,-0.083202,3.181721,2.463749,4.009264,2.694538,3.350302,,,,,,within deadband and CO2 rising; MFC zero
2026-05-16 16:46:14,2058.0,450.200,450.025,452.000,1.975,14.315400,100.848000,51.503500,0.712407,18.000000,97.067139,0.000000,0.000000,0.000000,0.000000,0.000000,0.000000,3.195096,3.195096,3.634683,0.000000,4.265644,4.283383,4.132115,-0.00420184,0.00751638,-0.00915847,-0.407861,0.729593,-0.888987,0.407861,3.602956,2.465502,4.084082,2.713677,3.330119,,,,,,within deadband and CO2 rising; MFC zero
2026-05-16 16:46:17,2061.0,450.160,450.007,452.000,1.993,14.307200,100.846000,51.510100,0.711258,18.000000,97.065214,0.000000,0.000000,0.000000,0.000000,0.000000,0.000000,3.134447,3.134447,3.653693,0.000000,4.265644,4.232547,4.080040,-0.02065623,0.00686273,-0.00945223,-2.005002,0.666132,-0.917483,2.005002,5.139449,2.468315,4.051930,2.775557,3.308704,,,,,,within deadband and CO2 rising; MFC zero
2026-05-16 16:46:21,2064.5,450.060,449.960,452.000,2.040,14.302000,100.847000,51.500200,0.714087,18.000000,97.066177,6.833798,4.000000,4.000000,0.000000,0.000000,0.000000,3.042906,3.042906,3.669313,0.000000,4.265644,4.181322,4.027645,-0.00759692,0.00633152,-0.00772940,-0.737404,0.614577,-0.750263,0.737404,3.780310,2.428330,3.793170,2.812747,3.285585,,,,,,below deadband; feedforward + feedback
2026-05-16 16:46:24,2068.0,449.901,449.976,452.000,2.024,14.320800,100.846000,51.506800,0.712216,18.000000,97.065214,6.760739,6.760739,6.760739,3.637500,3.637500,2.700135,2.947958,2.947958,3.681416,1.379557,4.276291,4.129755,3.975056,-0.00295809,0.00571931,-0.00576424,-0.287128,0.555146,-0.559507,2.987263,3.235085,2.392812,3.507465,2.811769,3.260688,,,,,,below deadband; feedforward + feedback
2026-05-16 16:46:28,2071.5,450.301,449.949,452.000,2.051,14.311600,100.846000,51.513500,0.712216,18.000000,97.065214,6.744650,6.744650,6.744650,6.643750,6.643750,4.940179,2.851059,2.851059,3.690188,2.448745,4.292764,4.077743,3.921706,-0.00295804,0.00509330,-0.00491747,-0.287123,0.494382,-0.477315,5.227302,3.138182,2.356677,3.328375,2.846220,3.234183,,,,,,below deadband; feedforward + feedback
2026-05-16 16:46:31,2074.5,450.756,450.031,452.000,1.969,14.317000,100.845000,51.516800,0.711177,18.000000,97.064252,0.000000,2.744650,2.744650,6.681250,6.681250,4.963416,2.767109,2.767109,3.695852,2.459423,4.307657,4.025028,3.866883,0.00393285,0.00467740,-0.00288485,0.381740,0.454008,-0.280016,4.581676,2.385370,2.313101,3.047125,2.847686,3.206297,,,,,,within deadband and CO2 rising; MFC zero
2026-05-16 16:46:34,2077.5,450.762,450.121,452.000,1.879,14.303200,100.847000,51.503500,0.710449,18.000000,97.066177,0.000000,0.000000,2.744650,2.712500,2.712500,2.021616,2.734991,2.734991,3.699124,1.035303,4.314432,3.971250,3.809917,0.00907581,0.00444319,0.00022720,0.880954,0.431283,0.022054,1.140662,1.854037,2.303708,2.712937,2.840323,3.177688,,,,,,within deadband and CO2 rising; MFC zero
2026-05-16 16:46:37,2081.0,450.402,450.288,452.000,1.712,14.299000,100.847000,51.506900,0.711436,18.000000,97.066177,0.000000,0.000000,2.744650,2.712500,2.712500,2.026263,2.724909,2.724909,3.700434,1.035944,4.321473,3.916808,3.753479,0.00292443,0.00440131,0.00443372,0.283863,0.427218,0.430364,1.742400,2.441045,2.297691,2.294544,2.843506,3.148523,,,,,,within deadband and CO2 rising; MFC zero
2026-05-16 16:46:41,2084.5,450.595,450.389,452.000,1.611,14.294900,100.849000,51.503500,0.711528,18.000000,97.068102,0.000000,0.000000,2.744650,2.712500,2.712500,2.016969,2.726471,2.726471,3.700018,1.032342,4.328529,3.863270,3.702658,0.00727745,0.00415345,0.00584482,0.706409,0.403168,0.567345,1.310560,2.020062,2.323303,2.159125,2.865928,3.119660,,,,,,within deadband and CO2 rising; MFC zero
2026-05-16 16:46:44,2088.0,450.342,450.473,452.000,1.527,14.311700,100.846000,51.500200,0.711216,18.000000,97.065214,0.000000,0.000000,0.000000,2.700000,2.700000,2.021616,2.675362,2.675362,3.696913,1.036364,4.335591,3.811002,3.654199,0.01090777,0.00399119,0.00673091,1.058765,0.387406,0.653337,0.962851,1.616597,2.287957,2.022025,2.857445,3.089920,,,,,,within deadband and CO2 rising; MFC zero
2026-05-16 16:46:48,2091.5,450.577,450.514,452.000,1.486,14.312600,100.849000,51.510200,0.711007,18.000000,97.068102,0.000000,0.000000,0.000000,0.000000,0.000000,0.000000,2.619774,2.619774,3.691024,0.000000,4.335591,3.759698,3.605787,0.00349587,0.00364413,0.00648710,0.339337,0.353729,0.629690,-0.339337,2.280437,2.266046,1.990084,2.859139,3.059424,,,,,,within deadband and CO2 rising; MFC zero
2026-05-16 16:46:51,2094.5,450.271,450.440,452.000,1.560,14.297100,100.848000,51.513500,0.712731,18.000000,97.067139,0.000000,0.000000,0.000000,0.000000,0.000000,0.000000,2.571816,2.571816,3.682737,0.000000,4.335591,3.709937,3.560651,-0.00273955,0.00330867,0.00822794,-0.265920,0.321163,0.798663,0.265920,2.837736,2.250653,1.773153,2.895262,3.028476,,,,,,within deadband and CO2 rising; MFC zero
2026-05-16 16:46:54,2097.5,450.685,450.442,452.000,1.558,14.307500,100.849000,51.506800,0.712445,18.000000,97.068102,0.000000,0.000000,0.000000,0.000000,0.000000,0.000000,2.523676,2.523676,3.672044,0.000000,4.335591,3.661503,3.516204,0.01107585,0.00309110,0.00988253,1.075112,0.300047,0.959279,-1.075112,1.448565,2.223630,1.564398,2.907651,2.997059,,,,,,within deadband and CO2 rising; MFC zero
2026-05-16 16:46:57,2101.0,450.476,450.414,452.000,1.586,14.271500,100.848000,51.503500,0.712604,18.000000,97.067139,0.000000,0.000000,0.000000,0.000000,0.000000,0.000000,2.433866,2.433866,3.657922,0.000000,4.335591,3.614175,3.472191,0.00546229,0.00273626,0.00931159,0.530209,0.265601,0.903850,-0.530209,1.903657,2.168264,1.530016,2.916910,2.964674,,,,,,within deadband and CO2 rising; MFC zero
2026-05-16 16:47:01,2104.5,450.456,450.381,452.000,1.619,14.306000,100.851000,51.506900,0.710380,18.000000,97.070027,0.000000,0.000000,0.000000,0.000000,0.000000,0.000000,2.337884,2.337884,3.640244,0.000000,4.335591,3.568000,3.429475,0.00455471,0.00255260,0.01013530,0.442126,0.247781,0.983834,-0.442126,1.895758,2.090103,1.354050,2.932887,2.931277,,,,,,within deadband and CO2 rising; MFC zero
2026-05-16 16:47:04,2108.0,450.005,450.328,452.000,1.672,14.301800,100.850000,51.513500,0.711555,18.000000,97.069064,0.000000,0.000000,0.000000,0.000000,0.000000,0.000000,2.239979,2.239979,3.618940,0.000000,4.335591,3.523067,3.388267,-0.00334466,0.00211752,0.00800674,-0.324663,0.205545,0.777207,0.324663,2.564642,2.034433,1.462772,2.955601,2.896942,,,,,,within deadband and CO2 rising; MFC zero
2026-05-16 16:47:08,2111.5,450.168,450.268,452.000,1.732,14.292900,100.848000,51.510200,0.712730,18.000000,97.067139,0.000000,0.000000,0.000000,0.000000,0.000000,0.000000,2.140641,2.140641,3.593958,0.000000,4.335591,3.479322,3.348087,0.00643722,0.00185778,0.00728361,0.624843,0.180330,0.706999,-0.624843,1.515798,1.960311,1.433641,2.934756,2.861249,,,,,,within deadband and CO2 rising; MFC zero
2026-05-16 16:47:11,2114.5,450.083,450.219,452.000,1.781,14.298700,100.851000,51.506800,0.712988,18.000000,97.070027,0.000000,0.000000,0.000000,0.000000,0.000000,0.000000,2.054225,2.054225,3.565774,0.000000,4.335591,3.436643,3.308608,-0.00119332,0.00155530,0.00425843,-0.115836,0.150973,0.413366,0.115836,2.170061,1.903253,1.640859,2.957810,2.824816,,,,,,within deadband and CO2 rising; MFC zero
2026-05-16 16:47:14,2117.5,450.504,450.188,452.000,1.812,14.307300,100.848000,51.503500,0.712772,18.000000,97.067139,0.000000,0.000000,0.000000,0.000000,0.000000,0.000000,1.967074,1.967074,3.534363,0.000000,4.335591,3.394662,3.268720,0.00510934,0.00139033,0.00322147,0.495949,0.134955,0.312699,-0.495949,1.471124,1.832118,1.654375,2.955672,2.787282,,,,,,within deadband and CO2 rising; MFC zero
2026-05-16 16:47:17,2121.0,450.378,450.195,452.000,1.805,14.303200,100.847000,51.496900,0.713846,18.000000,97.066177,0.000000,0.000000,0.000000,0.000000,0.000000,0.000000,1.865489,1.865489,3.499189,0.000000,4.335591,3.353318,3.229285,0.00616819,0.00122845,0.00235136,0.598722,0.119241,0.228238,-0.598722,1.266767,1.746248,1.637252,2.929472,2.748096,,,,,,within deadband and CO2 rising; MFC zero
2026-05-16 16:47:21,2124.5,450.166,450.243,452.000,1.757,14.298900,100.851000,51.510200,0.713846,18.000000,97.070027,0.000000,0.000000,0.000000,0.000000,0.000000,0.000000,1.764370,1.764370,3.460270,0.000000,4.335591,3.312047,3.188232,0.00205046,0.00118185,0.00072899,0.199038,0.114723,0.070763,-0.199038,1.565331,1.649647,1.693607,2.911126,2.707702,,,,,,within deadband and CO2 rising; MFC zero
2026-05-16 16:47:24,2128.0,449.975,450.271,452.000,1.729,14.310900,100.847000,51.503500,0.711762,18.000000,97.066177,0.000000,0.000000,0.000000,0.000000,0.000000,0.000000,1.663328,1.663328,3.417609,0.000000,4.335591,3.269818,3.143132,-0.00139498,0.00124051,-0.00225673,-0.135406,0.120411,-0.219053,0.135406,1.798734,1.542916,1.882380,2.915714,2.665894,,,,,,within deadband and CO2 rising; MFC zero
2026-05-16 16:47:28,2131.5,449.944,450.297,452.000,1.703,14.296700,100.848000,51.503500,0.712420,18.000000,97.067139,0.000000,0.000000,0.000000,0.000000,0.000000,0.000000,1.562028,1.562028,3.371196,0.000000,4.335591,3.225870,3.094024,-0.00352948,0.00111357,-0.00500509,-0.342597,0.108091,-0.485830,0.342597,1.904624,1.453936,2.047857,2.914496,2.622730,,,,,,within deadband and CO2 rising; MFC zero
2026-05-16 16:47:31,2134.5,450.514,450.264,452.000,1.736,14.304400,100.850000,51.506900,0.710975,18.000000,97.069064,0.000000,0.000000,0.000000,0.000000,0.000000,0.000000,1.474657,1.474657,3.321547,0.000000,4.335591,3.180080,3.042713,0.00206727,0.00108156,-0.00551828,0.200668,0.104986,-0.535654,-0.200668,1.273989,1.369671,2.010311,2.905723,2.578082,,,,,,within deadband and CO2 rising; MFC zero
2026-05-16 16:47:34,2137.5,450.173,450.260,452.000,1.740,14.294600,100.849000,51.500200,0.711755,18.000000,97.068102,0.000000,0.000000,0.000000,0.000000,0.000000,0.000000,1.344581,1.344581,3.267081,0.000000,4.335591,3.132125,2.988257,-0.01309269,0.00091134,-0.00493300,-1.270883,0.088462,-0.478837,1.270883,2.615464,1.256119,1.823418,2.918113,2.530442,,,,,,within deadband and CO2 rising; MFC zero
2026-05-16 16:47:37,2141.0,450.746,450.250,452.000,1.750,14.304100,100.848000,51.506900,0.710727,18.000000,97.067139,0.000000,0.000000,0.000000,0.000000,0.000000,0.000000,1.268803,1.268803,3.209808,0.000000,4.335591,3.081996,2.931611,0.00939515,0.00090949,-0.00280450,0.911960,0.088282,-0.272225,-0.911960,0.356843,1.180521,1.541028,2.886519,2.481777,,,,,,within deadband and CO2 rising; MFC zero
2026-05-16 16:47:41,2144.5,450.283,450.289,452.000,1.711,14.303700,100.848000,51.510100,0.712323,18.000000,97.067139,0.000000,0.000000,0.000000,0.000000,0.000000,0.000000,1.171156,1.171156,3.151395,0.000000,4.335591,3.029322,2.871301,0.00324377,0.00076094,-0.00273708,0.314863,0.073862,-0.265680,-0.314863,0.856293,1.097294,1.436836,2.849798,2.433880,,,,,,within deadband and CO2 rising; MFC zero
2026-05-16 16:47:44,2148.0,450.182,450.345,452.000,1.655,14.332400,100.849000,51.503500,0.713626,18.000000,97.068102,0.000000,0.000000,0.000000,0.000000,0.000000,0.000000,1.118214,1.118214,3.092344,0.000000,4.335591,2.974401,2.809636,-0.00282359,0.00081106,-0.00087422,-0.274080,0.078728,-0.084858,0.274080,1.392294,1.039487,1.203073,2.810415,2.386738,,,,,,within deadband and CO2 rising; MFC zero
2026-05-16 16:47:48,2151.5,449.613,450.277,452.000,1.723,14.296100,100.847000,51.506800,0.713269,18.000000,97.066177,0.000000,0.000000,0.000000,0.000000,0.000000,0.000000,1.023214,1.023214,3.030053,0.000000,4.335591,2.917015,2.744859,-0.01420198,0.00085004,-0.00072123,-1.378531,0.082510,-0.070007,1.378531,2.401745,0.940704,1.093221,2.832263,2.338196,,,,,,within deadband and CO2 rising; MFC zero
2026-05-16 16:47:51,2155.0,450.073,450.316,452.000,1.684,14.298900,100.848000,51.500200,0.713320,18.000000,97.067139,0.000000,0.000000,0.000000,0.000000,0.000000,0.000000,0.971563,0.971563,2.966859,0.000000,4.335591,2.857427,2.678661,-0.00532792,0.00102962,0.00031779,-0.517166,0.099942,0.030847,0.517166,1.488729,0.871621,0.940716,2.798917,2.290283,,,,,,within deadband and CO2 rising; MFC zero
2026-05-16 16:47:54,2158.0,450.098,450.243,452.000,1.757,14.290300,100.851000,51.513500,0.708512,18.000000,97.070027,0.000000,0.000000,0.000000,0.000000,0.000000,0.000000,0.884786,0.884786,2.901412,0.000000,4.335591,2.795780,2.610838,-0.00010084,0.00103410,0.00044607,-0.009789,0.100380,0.043300,0.009789,0.894575,0.784406,0.841486,2.768395,2.241597,,,,,,within deadband and CO2 rising; MFC zero
2026-05-16 16:47:57,2161.0,450.374,450.214,452.000,1.786,14.282100,100.848000,51.503500,0.712196,18.000000,97.067139,0.000000,0.000000,0.000000,0.000000,0.000000,0.000000,0.845412,0.845412,2.835365,0.000000,4.335591,2.732571,2.542946,0.00104205,0.00102216,0.00097045,0.101148,0.099219,0.094199,-0.101148,0.744264,0.746194,0.751214,2.723375,2.193444,,,,,,within deadband and CO2 rising; MFC zero
2026-05-16 16:48:01,2164.5,449.776,450.263,452.000,1.737,14.304000,100.850000,51.503500,0.711807,18.000000,97.069064,0.000000,0.000000,0.000000,0.000000,0.000000,0.000000,0.839151,0.839151,2.770225,0.000000,4.335591,2.668432,2.476013,-0.00653806,0.00100669,0.00211490,-0.634643,0.097719,0.205292,0.634643,1.473795,0.741433,0.633860,2.686784,2.147294,,,,,,within deadband and CO2 rising; MFC zero
2026-05-16 16:48:04,2168.0,450.103,450.292,452.000,1.708,14.303800,100.849000,51.506900,0.711107,18.000000,97.068102,0.000000,0.000000,0.000000,0.000000,0.000000,0.000000,0.839151,0.839151,2.706234,0.000000,4.335591,2.603786,2.409850,0.00332780,0.00087153,0.00172145,0.323023,0.084597,0.167098,-0.323023,0.516128,0.754554,0.672054,2.629077,2.103165,,,,,,within deadband and CO2 rising; MFC zero
2026-05-16 16:48:08,2171.5,450.365,450.283,452.000,1.717,14.295800,100.848000,51.506800,0.711475,18.000000,97.067139,0.000000,0.000000,0.000000,0.000000,0.000000,0.000000,0.839151,0.839151,2.643391,0.000000,4.335591,2.539208,2.345473,0.00078993,0.00059673,0.00103748,0.076676,0.057923,0.100705,-0.076676,0.762475,0.781229,0.738446,2.593937,2.061412,,,,,,within deadband and CO2 rising; MFC zero
2026-05-16 16:48:11,2175.0,450.429,450.272,452.000,1.728,14.298300,100.846000,51.510200,0.714105,18.000000,97.065214,0.000000,0.000000,0.000000,0.000000,0.000000,0.000000,0.839151,0.839151,2.581536,0.000000,4.335591,2.475159,2.283013,0.00842033,0.00048821,-0.00104251,0.817322,0.047388,-0.101191,-0.817322,0.021830,0.791763,0.940343,2.519001,2.021258,,,,,,within deadband and CO2 rising; MFC zero
2026-05-16 16:48:14,2178.0,449.722,450.179,452.000,1.821,14.312800,100.848000,51.513500,0.713745,18.000000,97.067139,0.000000,0.000000,0.000000,0.000000,0.000000,0.000000,0.839151,0.839151,2.520690,0.000000,4.335591,2.411707,2.221349,-0.01265570,0.00025067,-0.00207690,-1.228453,0.024332,-0.201599,1.228453,2.067604,0.814819,1.040750,2.493049,1.982646,,,,,,within deadband and CO2 rising; MFC zero
2026-05-16 16:48:17,2181.0,450.212,450.159,452.000,1.841,14.297900,100.849000,51.503500,0.714386,18.000000,97.068102,0.000000,0.000000,0.000000,0.000000,0.000000,0.000000,0.839151,0.839151,2.461050,0.000000,4.335591,2.348685,2.159621,-0.00650432,0.00023944,-0.00221016,-0.631362,0.023242,-0.214536,0.631362,1.470513,0.815909,1.053688,2.473740,1.945868,,,,,,within deadband and CO2 rising; MFC zero
2026-05-16 16:48:21,2184.5,450.056,450.151,452.000,1.849,14.304700,100.849000,51.513500,0.713206,18.000000,97.068102,0.000000,0.000000,0.000000,0.000000,0.000000,0.000000,0.788249,0.788249,2.400755,0.000000,4.335591,2.285660,2.096582,-0.00759679,0.00048842,-0.00179668,-0.737406,0.047410,-0.174401,0.737406,1.525656,0.740839,0.962650,2.428429,1.908688,,,,,,within deadband and CO2 rising; MFC zero
2026-05-16 16:48:24,2188.0,450.065,450.182,452.000,1.818,14.291000,100.847000,51.506800,0.713101,18.000000,97.066177,0.000000,0.000000,0.000000,0.000000,0.000000,0.000000,0.681811,0.681811,2.337786,0.000000,4.335591,2.221710,2.029860,-0.00119330,0.00077348,-0.00216826,-0.115829,0.075079,-0.210465,0.115829,0.797640,0.606732,0.892276,2.373739,1.868994,,,,,,within deadband and CO2 rising; MFC zero
2026-05-16 16:48:28,2191.5,449.866,450.116,452.000,1.884,14.293000,100.852000,51.500200,0.709882,18.000000,97.070990,0.000000,0.000000,0.000000,0.000000,0.000000,0.000000,0.579130,0.579130,2.272333,0.000000,4.335591,2.156509,1.960907,0.00455471,0.00070319,-0.00395983,0.442130,0.068260,-0.384384,-0.442130,0.136999,0.510870,0.963514,2.332424,1.827186,,,,,,within deadband and CO2 rising; MFC zero
2026-05-16 16:48:31,2195.0,450.166,450.173,452.000,1.827,14.325100,100.850000,51.506800,0.712849,18.000000,97.069064,0.000000,0.000000,0.000000,0.000000,0.000000,0.000000,0.527273,0.527273,2.206239,0.000000,4.335591,2.090229,1.891390,-0.00754637,0.00077320,-0.00374472,-0.732519,0.075054,-0.363496,0.732519,1.259792,0.452219,0.890769,2.312221,1.784760,,,,,,within deadband and CO2 rising; MFC zero
2026-05-16 16:48:34,2198.0,450.379,450.157,452.000,1.843,14.298400,100.848000,51.513500,0.711913,18.000000,97.067139,0.000000,0.000000,0.000000,0.000000,0.000000,0.000000,0.483445,0.483445,2.139695,0.000000,4.335591,2.022814,1.820569,-0.00181516,0.00077825,-0.00363670,-0.176193,0.075543,-0.353004,0.176193,0.659638,0.407903,0.836449,2.266340,1.742058,,,,,,within deadband and CO2 rising; MFC zero
2026-05-16 16:48:37,2201.0,450.076,450.129,452.000,1.871,14.287400,100.850000,51.500200,0.713919,18.000000,97.069064,0.000000,0.000000,0.000000,0.000000,0.000000,0.000000,0.439424,0.439424,2.072785,0.000000,4.335591,1.954235,1.748495,-0.00573130,0.00073233,-0.00377549,-0.556332,0.071086,-0.366483,0.556332,0.995756,0.368338,0.805907,2.220790,1.698936,,,,,,within deadband and CO2 rising; MFC zero
2026-05-16 16:48:41,2204.5,449.931,450.090,452.000,1.910,14.309800,100.845000,51.513500,0.710303,18.000000,97.064252,0.000000,0.000000,0.000000,0.000000,0.000000,0.000000,0.388006,0.388006,2.005393,0.000000,4.335591,1.884265,1.674357,-0.02811867,0.00050811,-0.00492094,-2.729318,0.049320,-0.477648,2.729318,3.117323,0.338686,0.865653,2.196177,1.654991,,,,,,within deadband and CO2 rising; MFC zero
2026-05-16 16:48:44,2208.0,449.438,450.043,452.000,1.957,14.301100,100.846000,51.500200,0.712640,18.000000,97.065214,0.000000,0.000000,0.000000,0.000000,0.000000,0.000000,0.388006,0.388006,1.939436,0.000000,4.335591,1.813817,1.602473,-0.01213490,0.00025028,-0.00393401,-1.177877,0.024294,-0.381856,1.177877,1.565882,0.363712,0.769862,2.126686,1.611908,,,,,,within deadband and CO2 rising; MFC zero
2026-05-16 16:48:48,2211.5,449.265,450.006,452.000,1.994,14.288700,100.850000,51.506800,0.713189,18.000000,97.069064,0.523087,0.523087,0.523087,0.000000,0.000000,0.000000,0.388006,0.388006,1.874920,0.000000,4.335591,1.743624,1.533045,-0.01158027,-0.00020103,-0.00572011,-1.124086,-0.019514,-0.555245,1.124086,1.512092,0.407519,0.943251,2.048667,1.569923,,,,,,within lower deadband; partial feedforward
2026-05-16 16:48:51,2215.0,450.251,449.974,452.000,2.026,14.294000,100.847000,51.503500,0.712272,18.000000,97.066177,4.308310,4.308310,4.308310,0.000000,0.000000,0.000000,0.388006,0.388006,1.811648,0.000000,4.335591,1.673860,1.464570,0.00169751,-0.00030529,-0.00619207,0.164771,-0.029634,-0.601041,-0.164771,0.223234,0.417639,0.989047,1.984368,1.528700,,,,,,below deadband; feedforward + feedback
2026-05-16 16:48:54,2218.0,449.694,449.979,452.000,2.021,14.289300,100.848000,51.510100,0.712673,18.000000,97.067139,4.231629,4.231629,4.231629,8.156250,8.156250,6.036964,0.388006,0.388006,1.749643,2.990639,4.357799,1.604719,1.397296,-0.00564716,-0.00035823,-0.00670810,-0.548153,-0.034772,-0.651136,6.585117,0.936159,0.422778,1.039141,1.918677,1.488382,,,,,,below deadband; feedforward + feedback
2026-05-16 16:48:57,2221.0,450.093,449.926,452.000,2.074,14.300600,100.846000,51.510100,0.710736,18.000000,97.065214,4.233606,4.233606,4.233606,5.018750,5.018750,3.778331,0.388006,0.388006,1.689161,1.932671,4.372300,1.536842,1.333211,-0.00433623,-0.00066742,-0.00675992,-0.420897,-0.064783,-0.656153,4.199228,0.808903,0.452789,1.044159,1.848588,1.449293,,,,,,below deadband; feedforward + feedback
2026-05-16 16:49:01,2224.5,449.981,449.876,452.000,2.124,14.300200,100.846000,51.500200,0.712164,18.000000,97.065214,4.232616,4.232616,4.232616,0.237500,0.237500,0.181248,0.388006,0.388006,1.630264,0.093025,4.376143,1.470896,1.273056,0.00157986,-0.00094583,-0.00712648,0.153350,-0.091807,-0.691733,0.027898,0.234656,0.479813,1.079739,1.803135,1.411268,,,,,,below deadband; feedforward + feedback
2026-05-16 16:49:04,2228.0,449.818,449.868,452.000,2.132,14.289600,100.848000,51.503500,0.711110,18.000000,97.067139,4.179486,4.179486,4.179486,4.093750,4.093750,3.034748,0.510361,0.510361,1.575260,1.556412,4.383665,1.408449,1.221109,-0.00702535,-0.00137518,-0.00747353,-0.681931,-0.133485,-0.725434,3.716679,1.192292,0.643846,1.235796,1.749038,1.376419,,,,,,below deadband; feedforward + feedback
2026-05-16 16:49:08,2231.5,449.643,449.819,452.000,2.181,14.288700,100.847000,51.510200,0.711818,18.000000,97.066177,4.185940,4.185940,4.185940,4.131250,4.131250,3.071927,0.599488,0.599488,1.523554,1.568013,4.394376,1.350337,1.176001,-0.00734468,-0.00157985,-0.00714222,-0.712920,-0.153350,-0.693268,3.784847,1.312408,0.752837,1.292756,1.696908,1.343981,,,,,,below deadband; feedforward + feedback
2026-05-16 16:49:11,2235.0,450.092,449.801,452.000,2.199,14.293000,100.847000,51.510200,0.711395,18.000000,97.066177,4.155415,4.155415,4.155415,4.143750,4.143750,3.090516,0.612281,0.612281,1.474431,1.532650,4.405134,1.296542,1.135156,-0.00126053,-0.00203553,-0.00761050,-0.122355,-0.197581,-0.738722,3.212871,0.734636,0.809862,1.351003,1.651591,1.313353,,,,,,below deadband; feedforward + feedback
2026-05-16 16:49:14,2238.0,449.678,449.770,452.000,2.230,14.295300,100.849000,51.510100,0.710712,18.000000,97.068102,4.146058,4.146058,4.146058,4.143750,4.143750,3.071927,0.653643,0.653643,1.427367,1.522949,4.414386,1.247362,1.099821,-0.00295804,-0.00239617,-0.00918438,-0.287132,-0.232592,-0.891510,3.359058,0.940775,0.886234,1.545153,1.602292,1.284107,,,,,,below deadband; feedforward + feedback
2026-05-16 16:49:17,2241.0,450.609,449.801,452.000,2.199,14.287500,100.848000,51.506800,0.712478,18.000000,97.067139,4.061965,4.061965,4.061965,4.118750,4.118750,3.071927,0.704584,0.704584,1.382369,1.526185,4.423609,1.203092,1.070283,0.00739511,-0.00258538,-0.00817844,0.717822,-0.250956,-0.793858,2.354105,-0.013238,0.955539,1.498441,1.506872,1.256093,,,,,,below deadband; feedforward + feedback
2026-05-16 16:49:21,2244.5,449.920,449.737,452.000,2.263,14.287600,100.847000,51.506800,0.712396,18.000000,97.066177,4.106407,4.106407,4.106407,4.062500,4.062500,3.016158,0.764548,0.764548,1.340177,1.543202,4.434190,1.164464,1.048579,-0.00423538,-0.00313305,-0.00909781,-0.411112,-0.304113,-0.883089,3.427270,1.175660,1.068661,1.647637,1.458637,1.230914,,,,,,below deadband; feedforward + feedback
2026-05-16 16:49:24,2248.0,449.179,449.626,452.000,2.374,14.293300,100.846000,51.510100,0.712459,18.000000,97.065214,4.218704,4.218704,4.218704,4.100000,4.100000,3.048690,0.824435,0.824435,1.300853,1.557418,4.444807,1.132287,1.035758,-0.01591629,-0.00386624,-0.01087657,-1.544918,-0.375277,-1.055737,4.593607,2.369352,1.199712,1.880171,1.442605,1.208819,,,,,,below deadband; feedforward + feedback
2026-05-16 16:49:28,2251.5,449.372,449.533,452.000,2.467,14.281300,100.846000,51.510100,0.712342,18.000000,97.065214,4.313977,4.313977,4.313977,4.200000,4.200000,3.132343,0.884050,0.884050,1.264427,1.600671,4.455689,1.106877,1.030648,-0.01173153,-0.00446200,-0.01281556,-1.138723,-0.433105,-1.243945,4.271066,2.022773,1.317155,2.127995,1.421950,1.189569,,,,,,below deadband; feedforward + feedback
2026-05-16 16:49:31,2255.0,449.610,449.457,452.000,2.543,14.274300,100.851000,51.500200,0.710747,18.000000,97.070027,4.393557,4.393557,4.393557,4.300000,4.300000,3.197406,0.924934,0.924934,1.230312,1.581098,4.466772,1.088047,1.031554,-0.01534509,-0.00483148,-0.01276905,-1.489549,-0.468992,-1.239492,4.686955,2.414483,1.393926,2.164427,1.422489,1.172547,,,,,,below deadband; feedforward + feedback
2026-05-16 16:49:34,2258.0,449.474,449.340,452.000,2.660,14.287600,100.846000,51.506800,0.711708,18.000000,97.065214,4.533397,4.533397,4.533397,4.381250,4.381250,3.257822,0.934862,0.934862,1.196977,1.611236,4.476514,1.075570,1.038141,-0.01438710,-0.00512611,-0.01385177,-1.396487,-0.497567,-1.344525,4.654310,2.331349,1.432429,2.279387,1.431328,1.156412,,,,,,below deadband; feedforward + feedback
2026-05-16 16:49:37,2261.0,448.819,449.292,452.000,2.708,14.298800,100.846000,51.506900,0.712867,18.000000,97.065214,4.589203,4.589203,4.589203,4.525000,4.525000,3.350770,0.908372,0.908372,1.163337,1.714916,4.486540,1.068457,1.047115,-0.01749614,-0.00527886,-0.01424307,-1.698267,-0.512393,-1.382506,5.049037,2.606638,1.420765,2.290878,1.434394,1.140173,,,,,,below deadband; feedforward + feedback
2026-05-16 16:49:41,2264.5,449.608,449.306,452.000,2.694,14.283500,100.844000,51.503500,0.711845,18.000000,97.063289,4.568810,4.568810,4.568810,4.581250,4.581250,3.406539,0.873697,0.873697,1.129027,1.741348,4.498435,1.066047,1.058817,-0.00225215,-0.00553084,-0.01434504,-0.218601,-0.536841,-1.392377,3.625140,1.092298,1.410538,2.266074,1.417214,1.123270,,,,,,below deadband; feedforward + feedback
2026-05-16 16:49:44,2268.0,449.158,449.219,452.000,2.781,14.282400,100.845000,51.503500,0.713081,18.000000,97.064252,4.683228,4.683228,4.683228,4.562500,4.562500,3.378655,0.893577,0.893577,1.096031,1.731258,4.510314,1.068231,1.074785,-0.00958002,-0.00590689,-0.01526778,-0.929878,-0.573348,-1.481955,4.308532,1.823455,1.466925,2.375533,1.421044,1.108066,,,,,,below deadband; feedforward + feedback
2026-05-16 16:49:48,2271.5,448.902,449.156,452.000,2.844,14.288200,100.846000,51.513500,0.712499,18.000000,97.065214,4.772177,4.772177,4.772177,4.662500,4.662500,3.471603,0.919422,0.919422,1.064543,1.768486,4.522409,1.075367,1.096776,-0.01176494,-0.00628395,-0.01694209,-1.141967,-0.609953,-1.644488,4.613569,2.061389,1.529375,2.563910,1.416988,1.094424,,,,,,below deadband; feedforward + feedback
2026-05-16 16:49:51,2275.0,448.800,449.128,452.000,2.872,14.292000,100.847000,51.500200,0.711297,18.000000,97.066177,4.820773,4.820773,4.820773,4.756250,4.756250,3.532019,0.946364,0.946364,1.034442,1.805528,4.534767,1.087346,1.123282,-0.02393325,-0.00653993,-0.01696025,-2.323109,-0.634806,-1.646267,5.855128,3.269473,1.581170,2.592631,1.424983,1.082026,,,,,,below deadband; feedforward + feedback
2026-05-16 16:49:55,2278.5,448.993,449.072,452.000,2.928,14.286200,100.848000,51.500200,0.713435,18.000000,97.067139,4.910223,4.910223,4.910223,4.812500,4.812500,3.578493,0.978754,0.978754,1.005832,1.774667,4.547206,1.104343,1.155333,-0.01272294,-0.00683673,-0.01611922,-1.234980,-0.663622,-1.564646,4.813472,2.213733,1.642376,2.543400,1.439153,1.071262,,,,,,below deadband; feedforward + feedback
2026-05-16 16:49:58,2281.5,448.133,448.978,452.000,3.022,14.315500,100.845000,51.510200,0.712488,18.000000,97.064252,5.054915,5.054915,5.054915,4.887500,4.887500,3.638909,1.036446,1.036446,0.979954,1.807388,4.558110,1.126488,1.192925,-0.02595009,-0.00737708,-0.01782899,-2.518826,-0.716051,-1.730557,6.157735,3.555272,1.752497,2.767003,1.469738,1.063563,,,,,,below deadband; feedforward + feedback
2026-05-16 16:50:01,2284.5,448.762,448.903,452.000,3.097,14.285900,100.846000,51.506800,0.711440,18.000000,97.065214,5.179280,5.179280,5.179280,5.043750,5.043750,3.741151,1.095274,1.095274,0.956942,1.917277,4.569303,1.153397,1.234122,-0.01761383,-0.00771597,-0.01887559,-1.709690,-0.748953,-1.832164,5.450842,2.804965,1.844227,2.927438,1.486575,1.059009,,,,,,below deadband; feedforward + feedback
2026-05-16 16:50:04,2288.0,449.326,448.914,452.000,3.086,14.279300,100.846000,51.506800,0.712866,18.000000,97.065214,5.196302,5.196302,5.196302,5.175000,5.175000,3.848041,1.164546,1.164546,0.937027,1.968169,4.582695,1.184675,1.278510,-0.00813461,-0.00801762,-0.01729737,-0.789588,-0.778232,-1.678973,4.637629,1.954134,1.942778,2.843519,1.475270,1.057312,,,,,,below deadband; feedforward + feedback
2026-05-16 16:50:08,2291.5,448.172,448.795,452.000,3.205,14.266600,100.848000,51.500200,0.712039,18.000000,97.067139,5.386470,5.386470,5.386470,5.181250,5.181250,3.857336,1.234967,1.234967,0.920255,1.968683,4.596189,1.220317,1.327242,-0.02245422,-0.00876483,-0.01881715,-2.179567,-0.850777,-1.826527,6.036903,3.414534,2.085744,3.061495,1.510431,1.059635,,,,,,below deadband; feedforward + feedback
2026-05-16 16:50:11,2295.0,448.751,448.732,452.000,3.268,14.279200,100.844000,51.500200,0.712352,18.000000,97.063289,5.509342,5.509342,5.509342,5.387500,5.387500,3.996758,1.307518,1.307518,0.906427,2.044505,4.610084,1.260378,1.380562,-0.02147941,-0.00939145,-0.01853740,-2.084862,-0.911565,-1.799301,6.081620,3.392381,2.219083,3.106819,1.533067,1.065483,,,,,,below deadband; feedforward + feedback
2026-05-16 16:50:15,2298.5,448.860,448.712,452.000,3.288,14.274100,100.847000,51.506800,0.709120,18.000000,97.066177,5.579496,5.579496,5.579496,5.500000,5.500000,4.085058,1.382096,1.382096,0.895594,2.022326,4.624262,1.304576,1.437170,-0.00848770,-0.00976721,-0.01825233,-0.823869,-0.948066,-1.771684,4.908927,2.205965,2.330162,3.153780,1.546675,1.074707,,,,,,below deadband; feedforward + feedback
2026-05-16 16:50:18,2301.5,448.315,448.648,452.000,3.352,14.269400,100.848000,51.510100,0.711307,18.000000,97.067139,5.709755,5.709755,5.709755,5.575000,5.575000,4.140827,1.446385,1.446385,0.887833,2.054901,4.636698,1.352762,1.497318,-0.00852131,-0.01009208,-0.01599041,-0.827140,-0.979609,-1.552143,4.967967,2.273524,2.425994,2.998528,1.565319,1.087294,,,,,,below deadband; feedforward + feedback
2026-05-16 16:50:21,2304.5,448.677,448.609,452.000,3.391,14.275700,100.846000,51.503500,0.714185,18.000000,97.065214,5.813951,5.813951,5.813951,5.712500,5.712500,4.238422,1.512430,1.512430,0.883168,2.111327,4.649383,1.405478,1.563626,-0.01359713,-0.01033739,-0.01497685,-1.319809,-1.003401,-1.453731,5.558231,2.832238,2.515830,2.966161,1.588780,1.103335,,,,,,below deadband; feedforward + feedback
2026-05-16 16:50:24,2308.0,448.466,448.655,452.000,3.345,14.277200,100.847000,51.513500,0.714127,18.000000,97.066177,5.812280,5.812280,5.812280,5.800000,5.800000,4.312781,1.591319,1.591319,0.881834,2.207004,4.664439,1.463867,1.639035,-0.01710975,-0.01065306,-0.01464618,-1.660778,-1.034052,-1.421649,5.973559,3.252097,2.625371,3.012968,1.615694,1.123380,,,,,,below deadband; feedforward + feedback
2026-05-16 16:50:28,2311.5,448.822,448.695,452.000,3.305,14.273100,100.845000,51.500200,0.712882,18.000000,97.064252,5.825307,5.825307,5.825307,5.812500,5.812500,4.322075,1.671603,1.671603,0.883863,2.206747,4.679550,1.528374,1.721894,-0.01515997,-0.01089295,-0.01286255,-1.471491,-1.057316,-1.248494,5.793567,3.143094,2.728919,2.920097,1.638629,1.146991,,,,,,below deadband; feedforward + feedback
2026-05-16 16:50:31,2315.0,449.130,448.796,452.000,3.204,14.273000,100.845000,51.513500,0.711023,18.000000,97.064252,5.763607,5.763607,5.763607,8.281250,8.281250,6.213564,1.753771,1.753771,0.889032,3.176392,4.707703,1.598710,1.809719,-0.00436984,-0.01081162,-0.00870625,-0.424155,-1.049421,-0.845066,6.637720,2.177926,2.803193,2.598837,1.655368,1.173538,,,,,,below deadband; feedforward + feedback
2026-05-16 16:50:35,2318.5,448.865,448.902,452.000,3.098,14.276400,100.843000,51.506800,0.713974,18.000000,97.062327,5.701772,5.701772,5.701772,3.250000,3.250000,2.449176,1.837566,1.837566,0.898162,1.214041,4.720893,1.674545,1.902052,-0.00236981,-0.01073538,-0.00637600,-0.230019,-1.042001,-0.618870,2.679195,2.067585,2.879567,2.456436,1.645222,1.203602,,,,,,below deadband; feedforward + feedback
2026-05-16 16:50:38,2321.5,448.264,448.878,452.000,3.122,14.279200,100.847000,51.503500,0.711452,18.000000,97.066177,5.814839,5.814839,5.814839,5.600000,5.600000,4.173359,1.909536,1.909536,0.910027,2.069887,4.729860,1.755719,1.999239,-0.02284079,-0.01092455,-0.00619842,-2.217068,-1.060404,-0.601657,6.390427,4.126605,2.969940,2.511193,1.715033,1.236739,,,,,,below deadband; feedforward + feedback
2026-05-16 16:50:41,2324.5,448.977,448.841,452.000,3.159,14.274600,100.844000,51.506800,0.711941,18.000000,97.063289,5.949518,5.949518,5.949518,5.781250,5.781250,4.298839,2.048610,2.048610,0.926276,2.126723,4.742688,1.842644,2.103421,-0.00189919,-0.01111579,-0.00458970,-0.184342,-1.078935,-0.445491,4.483181,2.232952,3.127544,2.494101,1.740527,1.274336,,,,,,below deadband; feedforward + feedback
2026-05-16 16:50:44,2328.0,448.602,448.797,452.000,3.203,14.266800,100.846000,51.506800,0.710623,18.000000,97.065214,6.098643,6.098643,6.098643,5.931250,5.931250,4.415023,2.132534,2.132534,0.945060,2.263620,4.758049,1.934310,2.209305,-0.00820185,-0.01097797,-0.00323303,-0.796114,-1.065579,-0.313815,5.211137,2.928648,3.198113,2.446348,1.768978,1.314311,,,,,,below deadband; feedforward + feedback
2026-05-16 16:50:48,2331.5,449.018,448.746,452.000,3.254,14.272000,100.849000,51.510200,0.713010,18.000000,97.068102,6.259511,6.259511,6.259511,6.081250,6.081250,4.531208,2.188987,2.188987,0.966648,2.320868,4.773811,2.029701,2.315874,-0.00260509,-0.01103640,-0.00218873,-0.252871,-1.071282,-0.212456,4.784080,2.441858,3.260269,2.401442,1.769720,1.357266,,,,,,below deadband; feedforward + feedback
2026-05-16 16:50:51,2335.0,449.720,448.776,452.000,3.224,14.263800,100.845000,51.503500,0.712177,18.000000,97.064252,6.319013,6.319013,6.319013,6.256250,6.256250,4.656688,2.272162,2.272162,0.990733,2.384944,4.790006,2.128420,2.424578,0.01463895,-0.01087293,0.00081330,1.420919,-1.055373,0.078942,3.235769,0.851243,3.327535,2.193220,1.757915,1.402746,,,,,,below deadband; feedforward + feedback
2026-05-16 16:50:55,2338.5,449.517,448.867,452.000,3.133,14.270500,100.845000,51.510100,0.712715,18.000000,97.064252,6.302725,6.302725,6.302725,6.312500,6.312500,4.689220,2.357803,2.357803,1.018011,2.329176,4.806339,2.230302,2.535947,0.01618520,-0.01077838,0.00355685,1.571004,-1.046195,0.345243,3.118215,0.786799,3.403998,2.012560,1.755919,1.451257,,,,,,below deadband; feedforward + feedback
2026-05-16 16:50:58,2341.5,449.386,448.985,452.000,3.015,14.279300,100.846000,51.500200,0.713398,18.000000,97.065214,6.253791,6.253791,6.253791,6.306250,6.306250,4.689220,2.433001,2.433001,1.047411,2.328764,4.820418,2.334465,2.646953,0.02242062,-0.01021295,0.00601745,2.176263,-0.991322,0.584085,2.512957,0.256738,3.424323,1.848916,1.746891,1.500852,,,,,,below deadband; feedforward + feedback
2026-05-16 16:51:01,2344.5,449.666,449.120,452.000,2.880,14.271400,100.847000,51.510200,0.710507,18.000000,97.066177,6.184769,6.184769,6.184769,6.256250,6.256250,4.647393,2.509992,2.509992,1.078353,2.373730,4.834407,2.440379,2.758123,0.01712667,-0.00974308,0.00847884,1.662421,-0.945723,0.823009,2.984972,0.847572,3.455716,1.686984,1.735294,1.551116,,,,,,below deadband; feedforward + feedback
2026-05-16 16:51:04,2348.0,449.782,449.307,452.000,2.693,14.269600,100.845000,51.510200,0.711560,18.000000,97.064252,6.046958,6.046958,6.046958,6.193750,6.193750,4.610214,2.601030,2.601030,1.110980,2.361568,4.850559,2.546318,2.864135,0.01947968,-0.00907267,0.01411576,1.890780,-0.880632,1.370136,2.719433,0.710249,3.481662,1.230894,1.738889,1.601618,,,,,,below deadband; feedforward + feedback
2026-05-16 16:51:08,2351.5,449.054,449.291,452.000,2.709,14.262200,100.844000,51.510100,0.713649,18.000000,97.063289,6.173319,6.173319,6.173319,6.056250,6.056250,4.494029,2.692131,2.692131,1.145295,2.302293,4.866387,2.651836,2.968388,0.00837005,-0.00877222,0.01179414,0.812425,-0.851461,1.144778,3.681604,1.879707,3.543592,1.547353,1.759579,1.652773,,,,,,below deadband; feedforward + feedback
2026-05-16 16:51:11,2355.0,450.080,449.452,452.000,2.548,14.263000,100.844000,51.506800,0.714462,18.000000,97.063289,6.068927,6.068927,6.068927,6.162500,6.162500,4.586977,2.782575,2.782575,1.181284,2.347350,4.882373,2.756614,3.070950,0.02221929,-0.00796151,0.01539017,2.156677,-0.772770,1.493820,2.430300,0.625898,3.555345,1.288755,1.770765,1.703950,,,,,,below deadband; feedforward + feedback
2026-05-16 16:51:15,2358.5,449.037,449.400,452.000,2.600,14.269200,100.847000,51.510200,0.713901,18.000000,97.066177,6.240582,6.240582,6.240582,6.062500,6.062500,4.517266,2.872076,2.872076,1.218931,2.246139,4.898171,2.860712,3.173006,0.00290762,-0.00768659,0.01440156,0.282232,-0.746108,1.397905,4.235034,2.589844,3.618184,1.474171,1.780436,1.755865,,,,,,below deadband; feedforward + feedback
2026-05-16 16:51:18,2361.5,449.147,449.387,452.000,2.613,14.265800,100.850000,51.500200,0.710820,18.000000,97.069064,6.360759,6.360759,6.360759,6.225000,6.225000,4.628803,2.947299,2.947299,1.257970,2.292174,4.911984,2.963903,3.273475,0.00823545,-0.00718737,0.01403050,0.799408,-0.697671,1.361928,3.829396,2.147892,3.644970,1.585371,1.792980,1.808255,,,,,,below deadband; feedforward + feedback
2026-05-16 16:51:21,2364.5,449.410,449.356,452.000,2.644,14.274600,100.843000,51.506900,0.711313,18.000000,97.062327,6.502964,6.502964,6.502964,6.356250,6.356250,4.735693,3.023374,3.023374,1.299362,2.347756,4.926130,3.065634,3.370826,0.01875668,-0.00670998,0.01353383,1.820567,-0.651287,1.313625,2.915126,1.202807,3.674661,1.709749,1.787001,1.862585,,,,,,below deadband; feedforward + feedback
2026-05-16 16:51:24,2368.0,449.290,449.474,452.000,2.526,14.259000,100.846000,51.510100,0.713568,18.000000,97.065214,6.449186,6.449186,6.449186,6.500000,6.500000,4.833289,3.111662,3.111662,1.344359,2.472449,4.942956,3.165082,3.463429,0.00751276,-0.00584069,0.01504384,0.729228,-0.566928,1.460233,4.104061,2.382434,3.678590,1.651429,1.816350,1.919471,,,,,,below deadband; feedforward + feedback
2026-05-16 16:51:28,2371.5,449.682,449.519,452.000,2.481,14.254500,100.846000,51.510100,0.711724,18.000000,97.065214,6.487150,6.487150,6.487150,6.450000,6.450000,4.796110,3.200853,3.200853,1.392909,2.454411,4.959765,3.261893,3.552326,0.00431941,-0.00510996,0.01639995,0.419264,-0.495999,1.591865,4.376845,2.781589,3.696852,1.608988,1.865323,1.978471,,,,,,below deadband; feedforward + feedback
2026-05-16 16:51:31,2375.0,449.956,449.656,452.000,2.344,14.267900,100.842000,51.503500,0.711343,18.000000,97.061364,6.403750,6.403750,6.403750,6.481250,6.481250,4.814699,3.292497,3.292497,1.444117,2.466559,4.976625,3.355943,3.638093,0.02144579,-0.00409347,0.02027390,2.081558,-0.397317,1.967813,2.733141,1.210939,3.689815,1.324685,1.864419,2.038426,,,,,,below deadband; feedforward + feedback
2026-05-16 16:51:35,2378.5,449.923,449.810,452.000,2.190,14.253400,100.844000,51.510100,0.713813,18.000000,97.063289,6.294579,6.294579,6.294579,6.387500,6.387500,4.763578,3.386091,3.386091,1.497870,2.362442,4.993275,3.447579,3.722486,0.02484082,-0.00314685,0.02252599,2.411132,-0.305444,2.186447,2.352446,0.974959,3.691534,1.199644,1.870258,2.099234,,,,,,below deadband; feedforward + feedback
2026-05-16 16:51:38,2381.5,450.725,449.914,452.000,2.086,14.265100,100.846000,51.506800,0.712653,18.000000,97.065214,6.248751,6.248751,6.248751,6.287500,6.287500,4.679925,3.466090,3.466090,1.553919,2.317535,5.007406,3.537384,3.806801,0.04368154,-0.00218105,0.02360123,4.239958,-0.211704,2.290858,0.439967,-0.773868,3.677794,1.175232,1.837487,2.160520,,,,,,below deadband; feedforward + feedback
2026-05-16 16:51:41,2384.5,450.102,449.972,452.000,2.028,14.285000,100.846000,51.506800,0.713287,18.000000,97.065214,6.262910,6.262910,6.262910,6.250000,6.250000,4.647393,3.546361,3.546361,1.612407,2.308622,5.021400,3.626033,3.891981,0.02516012,-0.00148720,0.02175878,2.442172,-0.144355,2.112021,2.205221,1.104189,3.690716,1.434340,1.800207,2.222595,,,,,,below deadband; feedforward + feedback
2026-05-16 16:51:44,2388.0,450.196,450.042,452.000,1.958,14.266500,100.846000,51.506800,0.712075,18.000000,97.065214,1.113971,2.262910,2.262910,6.231250,6.231250,4.647393,3.639386,3.639386,1.672618,2.375024,5.037691,3.713236,3.974845,0.02537866,-0.00047118,0.02168623,2.463385,-0.045736,2.104978,2.184008,1.176001,3.685122,1.534408,1.792987,2.284102,,,,,,within lower deadband; partial feedforward
2026-05-16 16:51:48,2391.5,450.062,450.051,452.000,1.949,14.253200,100.844000,51.503500,0.711239,18.000000,97.063289,0.000000,0.000000,0.000000,2.237500,2.237500,1.691651,3.730992,3.730992,1.734525,0.868117,5.044013,3.798929,4.056009,0.02716067,0.00029826,0.01936035,2.636304,0.028950,1.879179,-0.944653,1.094687,3.702041,1.851813,1.785257,2.345112,,,,,,within deadband and CO2 rising; MFC zero
2026-05-16 16:51:51,2395.0,450.179,450.053,452.000,1.947,14.250700,100.845000,51.506800,0.712727,18.000000,97.064252,0.000000,0.000000,0.000000,0.000000,0.000000,0.000000,3.821461,3.821461,1.798108,0.000000,5.044013,3.882967,4.135078,0.02210166,0.00127414,0.01865633,2.145281,0.123674,1.810863,-2.145281,1.676180,3.697787,2.010598,1.812164,2.405856,,,,,,within deadband and CO2 rising; MFC zero
2026-05-16 16:51:54,2398.0,449.580,450.031,452.000,1.969,14.245000,100.848000,51.503500,0.711899,18.000000,97.067139,0.000000,0.000000,0.000000,0.000000,0.000000,0.000000,3.899072,3.899072,1.863127,0.000000,5.044013,3.951692,4.157867,0.00105886,0.00203286,0.01579825,0.102781,0.197323,1.533491,-0.102781,3.796292,3.701749,2.365581,1.865129,2.466577,,,,,,within deadband and CO2 rising; MFC zero
2026-05-16 16:51:57,2401.0,449.904,450.042,452.000,1.958,14.268300,100.846000,51.513500,0.711950,18.000000,97.065214,0.000000,0.000000,0.000000,0.000000,0.000000,0.000000,3.929422,3.929422,1.928709,0.000000,5.044013,4.021727,4.231834,0.00870619,0.00259657,0.01496539,0.845068,0.252036,1.452618,-0.845068,3.084354,3.677386,2.476804,1.907267,2.526292,,,,,,within deadband and CO2 rising; MFC zero
2026-05-16 16:52:01,2404.5,449.318,449.942,452.000,2.058,14.258700,100.845000,51.500200,0.713600,18.000000,97.064252,6.779586,4.000000,0.000000,0.000000,0.000000,0.000000,3.934121,3.934121,1.994378,0.000000,5.044013,4.103926,4.350520,-0.00312612,0.00316277,0.01263918,-0.303434,0.306992,1.226812,0.303434,4.237556,3.627129,2.707309,1.981395,2.584576,,,,,,below deadband; feedforward + feedback
2026-05-16 16:52:04,2408.0,449.582,449.792,452.000,2.208,14.265300,100.844000,51.510100,0.712083,18.000000,97.063289,7.050789,4.000000,0.000000,0.000000,0.000000,0.000000,3.811766,3.811766,2.055515,0.000000,5.044013,4.179739,4.407179,0.00090758,0.00362944,0.01048107,0.088093,0.352286,1.017328,-0.088093,3.723673,3.459480,2.794438,2.028272,2.636717,,,,,,below deadband; feedforward + feedback
2026-05-16 16:52:08,2411.5,449.615,449.689,452.000,2.311,14.265000,100.846000,51.503500,0.714060,18.000000,97.065214,7.252524,4.000000,0.000000,0.000000,0.000000,0.000000,3.722639,3.722639,2.113351,0.000000,5.044013,4.248094,4.453159,0.00218492,0.00418352,0.00497296,0.212080,0.406075,0.482701,-0.212080,3.510560,3.316565,3.239938,2.068979,2.684193,,,,,,below deadband; feedforward + feedback
2026-05-16 16:52:11,2415.0,449.256,449.601,452.000,2.399,14.248700,100.844000,51.500200,0.713391,18.000000,97.063289,7.428324,4.000000,4.000000,0.000000,0.000000,0.000000,3.709846,3.709846,2.170714,0.000000,5.044013,4.309147,4.492307,-0.00205046,0.00456207,0.00316946,-0.199024,0.442809,0.307639,0.199024,3.908870,3.267037,3.402207,2.127761,2.729697,,,,,,below deadband; feedforward + feedback
2026-05-16 16:52:15,2418.5,449.754,449.574,452.000,2.426,14.254600,100.846000,51.506800,0.710835,18.000000,97.065214,7.516163,7.516163,7.516163,3.606250,3.606250,2.681546,3.660003,3.660003,2.226387,1.324628,5.054800,4.362753,4.523570,0.00201678,0.00507863,-0.00064744,0.195759,0.492958,-0.062844,2.485787,3.464244,3.167045,3.722847,2.174492,2.771934,,,,,,below deadband; feedforward + feedback
2026-05-16 16:52:18,2421.5,449.908,449.636,452.000,2.364,14.271900,100.846000,51.503500,0.712626,18.000000,97.065214,7.481354,7.481354,7.481354,8.306250,8.306250,6.213564,3.609010,3.609010,2.280173,3.082519,5.077719,4.408761,4.546786,0.01685748,0.00578533,-0.00233134,1.636275,0.561554,-0.226292,4.577290,1.972736,3.047456,3.835303,2.211269,2.810673,,,,,,below deadband; feedforward + feedback
2026-05-16 16:52:21,2424.5,450.498,449.754,452.000,2.246,14.251000,100.842000,51.503500,0.714538,18.000000,97.061364,7.366916,7.366916,7.366916,4.768750,4.768750,3.559903,3.557579,3.557579,2.331895,1.819721,5.091268,4.447246,4.562702,0.00897497,0.00634334,-0.00364751,0.871123,0.615693,-0.354032,2.688780,2.686456,2.941886,3.911611,2.239247,2.845362,,,,,,below deadband; feedforward + feedback
2026-05-16 16:52:24,2428.0,449.925,449.788,452.000,2.212,14.257600,100.845000,51.503500,0.713361,18.000000,97.064252,7.353818,7.353818,7.353818,7.250000,7.250000,5.390976,3.549705,3.549705,2.382363,2.756529,5.108268,4.478738,4.573213,0.00731106,0.00662397,-0.00459949,0.709643,0.642951,-0.446446,4.681333,2.840062,2.906754,3.996151,2.247964,2.876974,,,,,,below deadband; feedforward + feedback
2026-05-16 16:52:28,2431.5,449.822,449.909,452.000,2.091,14.276100,100.845000,51.513500,0.711078,18.000000,97.064252,7.222299,7.222299,7.222299,7.312500,7.312500,5.442097,3.625031,3.625031,2.433122,2.786830,5.127290,4.504302,4.580995,0.00055463,0.00708608,-0.00462411,0.053835,0.687805,-0.448836,5.388262,3.571196,2.937226,4.073867,2.276638,2.906976,,,,,,below deadband; feedforward + feedback
2026-05-16 16:52:31,2435.0,449.990,450.001,452.000,1.999,14.252600,100.845000,51.503500,0.713826,18.000000,97.064252,0.000000,3.222299,3.222299,7.200000,7.200000,5.353797,3.650785,3.650785,2.483601,2.734058,5.146093,4.524459,4.584930,0.00431941,0.00764696,-0.00266690,0.419261,0.742247,-0.258860,4.934536,3.231525,2.908539,3.909646,2.291768,2.935024,,,,,,within deadband and CO2 rising; MFC zero
2026-05-16 16:52:35,2438.5,449.910,450.116,452.000,1.884,14.250100,100.846000,51.513500,0.711989,18.000000,97.065214,0.000000,0.000000,0.000000,3.200000,3.200000,2.388760,3.691941,3.691941,2.534658,1.182945,5.155005,4.539718,4.585494,-0.00485732,0.00821390,0.00027812,-0.471477,0.797284,0.026996,2.860237,4.163418,2.894657,3.664945,2.325696,2.962102,,,,,,within deadband and CO2 rising; MFC zero
2026-05-16 16:52:38,2441.5,450.362,450.221,452.000,1.779,14.247800,100.846000,51.510200,0.711865,18.000000,97.065214,0.000000,0.000000,0.000000,0.000000,0.000000,0.000000,3.730604,3.730604,2.586922,0.000000,5.155005,4.550329,4.582162,-0.00176477,0.00875553,0.00518755,-0.171298,0.849857,0.503530,0.171298,3.901902,2.880747,3.227074,2.349682,2.989139,,,,,,within deadband and CO2 rising; MFC zero
2026-05-16 16:52:41,2444.5,450.109,450.192,452.000,1.808,14.257200,100.843000,51.510200,0.713369,18.000000,97.062327,0.000000,0.000000,0.000000,0.000000,0.000000,0.000000,3.767190,3.767190,2.640505,0.000000,5.155005,4.556004,4.573029,0.00794988,0.00910878,0.00529841,0.771634,0.884119,0.514276,-0.771634,2.995556,2.883071,3.252914,2.384928,3.016408,,,,,,within deadband and CO2 rising; MFC zero
2026-05-16 16:52:44,2448.0,449.796,450.194,452.000,1.806,14.268400,100.846000,51.516800,0.711302,18.000000,97.065214,0.000000,0.000000,0.000000,0.000000,0.000000,0.000000,3.762129,3.762129,2.693626,0.000000,5.155005,4.557169,4.560665,-0.00213453,0.00922061,0.00642380,-0.207189,0.895001,0.623528,0.207189,3.969318,2.867128,3.138602,2.424666,3.042338,,,,,,within deadband and CO2 rising; MFC zero
2026-05-16 16:52:48,2451.5,449.602,450.171,452.000,1.829,14.249000,100.846000,51.510200,0.712863,18.000000,97.065214,0.000000,0.000000,0.000000,0.000000,0.000000,0.000000,3.703791,3.703791,2.745189,0.000000,5.155005,4.553724,4.543387,-0.00475639,0.00933431,0.00701496,-0.461680,0.906037,0.680909,0.461680,4.165472,2.797755,3.022883,2.463630,3.065826,,,,,,within deadband and CO2 rising; MFC zero
2026-05-16 16:52:51,2455.0,450.413,450.053,452.000,1.947,14.244500,100.845000,51.506900,0.713164,18.000000,97.064252,0.000000,0.000000,0.000000,0.000000,0.000000,0.000000,3.637669,3.637669,2.795027,0.000000,5.155005,4.545418,4.520502,0.00615138,0.00950640,0.00921713,0.597079,0.922732,0.894654,-0.597079,3.040590,2.714938,2.743015,2.459392,3.086822,,,,,,within deadband and CO2 rising; MFC zero
2026-05-16 16:52:54,2458.0,449.759,450.012,452.000,1.988,14.245600,100.845000,51.516800,0.711615,18.000000,97.064252,0.000000,0.000000,0.000000,0.000000,0.000000,0.000000,3.581126,3.581126,2.809320,0.000000,5.155005,4.532725,4.494645,0.00146221,0.00959332,0.00970474,0.141929,0.931168,0.941983,-0.141929,3.439197,2.649958,2.639143,2.477206,3.078879,,,,,,within deadband and CO2 rising; MFC zero
2026-05-16 16:52:57,2461.0,450.143,449.976,452.000,2.024,14.242300,100.846000,51.513500,0.710862,18.000000,97.065214,7.147378,4.000000,4.000000,0.000000,0.000000,0.000000,3.523602,3.523602,2.855590,0.000000,5.155005,4.515918,4.465498,0.01033634,0.00949359,0.00951201,1.003299,0.921497,0.923286,-1.003299,2.520303,2.602105,2.600316,2.482780,3.096329,,,,,,below deadband; feedforward + feedback
2026-05-16 16:53:01,2464.5,450.138,450.020,452.000,1.980,14.257100,100.844000,51.503500,0.713435,18.000000,97.063289,0.000000,0.000000,4.000000,3.625000,3.625000,2.695488,3.455130,3.455130,2.932979,1.378422,5.166067,4.493885,4.427787,0.01033634,0.00932417,0.00895726,1.003280,0.905034,0.869421,1.692208,2.451851,2.550096,2.585709,2.456380,3.134286,,,,,,within deadband and CO2 rising; MFC zero
2026-05-16 16:53:04,2468.0,450.332,450.017,452.000,1.983,14.244900,100.844000,51.510100,0.712110,18.000000,97.063289,0.000000,0.000000,4.000000,3.900000,3.900000,2.895326,3.385858,3.385858,2.974114,1.481831,5.176027,4.467958,4.390176,0.01109265,0.00938590,0.00695564,1.076689,0.911027,0.675137,1.818637,2.309169,2.474831,2.710721,2.462955,3.144139,,,,,,within deadband and CO2 rising; MFC zero
2026-05-16 16:53:08,2471.5,450.623,450.074,452.000,1.926,14.264900,100.842000,51.506800,0.709876,18.000000,97.061364,0.000000,0.000000,4.000000,3.943750,3.943750,2.941800,3.335589,3.335589,3.013015,1.504403,5.186281,4.438314,4.349383,0.01736170,0.00910737,0.00628283,1.685150,0.883974,0.609820,1.256649,1.650438,2.451615,2.725769,2.430286,3.150914,,,,,,within deadband and CO2 rising; MFC zero
2026-05-16 16:53:11,2475.0,451.229,450.149,452.000,1.851,14.243600,100.844000,51.506800,0.712688,18.000000,97.063289,0.000000,0.000000,4.000000,3.975000,3.975000,2.960389,3.311190,3.311190,3.050120,1.521318,5.196624,4.405671,4.307743,0.02638706,0.00896851,0.00427139,2.561215,0.870513,0.414595,0.399175,0.749975,2.440677,2.896595,2.381353,3.155018,,,,,,within deadband and CO2 rising; MFC zero
2026-05-16 16:53:15,2478.5,450.545,450.341,452.000,1.659,14.291500,100.844000,51.510100,0.715260,18.000000,97.063289,0.000000,0.000000,4.000000,3.987500,3.987500,2.955742,3.292394,3.292394,3.085496,1.463799,5.206929,4.369882,4.262513,0.01194981,0.00911729,0.00643195,1.159888,0.884954,0.624306,1.795854,2.132506,2.407439,2.668088,2.379993,3.156449,,,,,,within deadband and CO2 rising; MFC zero
2026-05-16 16:53:18,2481.5,450.165,450.390,452.000,1.610,14.256500,100.846000,51.510200,0.710847,18.000000,97.065214,0.000000,0.000000,0.000000,3.956250,3.956250,2.965037,3.276941,3.276941,3.119395,1.468327,5.215833,4.331574,4.216652,0.00381520,0.00885613,0.00568222,0.370324,0.859622,0.551546,2.594713,2.906618,2.417319,2.725396,2.391717,3.156288,,,,,,within deadband and CO2 rising; MFC zero
2026-05-16 16:53:21,2484.5,450.743,450.505,452.000,1.495,14.238400,100.844000,51.503500,0.711463,18.000000,97.063289,0.000000,0.000000,0.000000,0.000000,0.000000,0.000000,3.260082,3.260082,3.151759,0.000000,5.215833,4.290880,4.168795,0.01922725,0.00892725,0.00845512,1.866260,0.866508,0.820682,-1.866260,1.393822,2.393574,2.439400,2.365079,3.154024,,,,,,within deadband and CO2 rising; MFC zero
2026-05-16 16:53:24,2488.0,449.967,450.534,452.000,1.466,14.257900,100.844000,51.513500,0.710547,18.000000,97.063289,0.000000,0.000000,0.000000,0.000000,0.000000,0.000000,3.238729,3.238729,3.182266,0.000000,5.215833,4.248475,4.121263,-0.01168106,0.00857723,0.00594356,-1.133802,0.832535,0.576901,1.133802,4.372531,2.406195,2.661828,2.385828,3.149966,,,,,,within deadband and CO2 rising; MFC zero
2026-05-16 16:53:28,2491.5,450.036,450.379,452.000,1.621,14.275400,100.846000,51.506800,0.712541,18.000000,97.065214,0.000000,0.000000,0.000000,0.000000,0.000000,0.000000,3.216022,3.216022,3.210867,0.000000,5.215833,4.204678,4.073287,-0.00431948,0.00827725,0.00474931,-0.419272,0.803433,0.460993,0.419272,3.635293,2.412589,2.755029,2.394943,3.144108,,,,,,within deadband and CO2 rising; MFC zero
2026-05-16 16:53:31,2495.0,450.452,450.351,452.000,1.649,14.246800,100.843000,51.510100,0.712975,18.000000,97.062327,0.000000,0.000000,0.000000,0.000000,0.000000,0.000000,3.133853,3.133853,3.236424,0.000000,5.215833,4.159249,4.022963,0.00226899,0.00815109,0.00424924,0.220233,0.791164,0.412441,-0.220233,2.913620,2.342689,2.721412,2.408567,3.135580,,,,,,within deadband and CO2 rising; MFC zero
2026-05-16 16:53:35,2498.5,450.255,450.303,452.000,1.697,14.241700,100.843000,51.510200,0.711609,18.000000,97.062327,0.000000,0.000000,0.000000,0.000000,0.000000,0.000000,3.050058,3.050058,3.258877,0.000000,5.215833,4.111883,3.969784,-0.00594969,0.00805734,0.00651141,-0.577491,0.782064,0.632012,0.577491,3.627549,2.267994,2.418046,2.437455,3.124254,,,,,,within deadband and CO2 rising; MFC zero
2026-05-16 16:53:38,2501.5,450.698,450.345,452.000,1.655,14.241800,100.845000,51.520200,0.713783,18.000000,97.064252,0.000000,0.000000,0.000000,0.000000,0.000000,0.000000,2.978088,2.978088,3.278665,0.000000,5.215833,4.062777,3.915457,0.00462194,0.00777392,0.00969066,0.448625,0.754570,0.940616,-0.448625,2.529463,2.223518,2.037472,2.407878,3.110432,,,,,,within deadband and CO2 rising; MFC zero
2026-05-16 16:53:41,2504.5,449.890,450.284,452.000,1.716,14.241500,100.847000,51.503500,0.710914,18.000000,97.066177,0.000000,0.000000,0.000000,0.000000,0.000000,0.000000,2.839015,2.839015,3.293303,0.000000,5.215833,4.011476,3.857576,-0.00420177,0.00718819,0.00780587,-0.407849,0.697730,0.757686,0.407849,3.246864,2.141285,2.081329,2.426655,3.092168,,,,,,within deadband and CO2 rising; MFC zero
2026-05-16 16:53:44,2508.0,450.536,450.327,452.000,1.673,14.234800,100.845000,51.510100,0.712502,18.000000,97.064252,0.000000,0.000000,0.000000,0.000000,0.000000,0.000000,2.755091,2.755091,3.304831,0.000000,5.215833,3.958261,3.798616,0.00665557,0.00667867,0.00569797,0.646018,0.648260,0.553069,-0.646018,2.109072,2.106831,2.202022,2.411477,3.071959,,,,,,within deadband and CO2 rising; MFC zero
2026-05-16 16:53:48,2511.5,449.867,450.221,452.000,1.779,14.248400,100.850000,51.500200,0.712709,18.000000,97.069064,0.000000,0.000000,0.000000,0.000000,0.000000,0.000000,2.698638,2.698638,3.314269,0.000000,5.215833,3.903544,3.739394,0.00026891,0.00599483,0.00295904,0.026103,0.581912,0.287231,-0.026103,2.672535,2.116726,2.411407,2.415749,3.050782,,,,,,within deadband and CO2 rising; MFC zero
2026-05-16 16:53:51,2515.0,449.790,450.185,452.000,1.815,14.239400,100.847000,51.503500,0.712073,18.000000,97.066177,0.000000,0.000000,0.000000,0.000000,0.000000,0.000000,2.615462,2.615462,3.320627,0.000000,5.215833,3.847334,3.678704,-0.00942877,0.00558660,0.00187581,-0.915215,0.542269,0.182078,0.915215,3.530677,2.073193,2.433385,2.465368,3.027553,,,,,,within deadband and CO2 rising; MFC zero
2026-05-16 16:53:55,2518.5,449.834,450.139,452.000,1.861,14.240100,100.849000,51.513500,0.711192,18.000000,97.068102,0.000000,0.000000,0.000000,0.000000,0.000000,0.000000,2.529821,2.529821,3.323812,0.000000,5.215833,3.789639,3.616554,-0.00527743,0.00506623,-0.00042778,-0.512270,0.491770,-0.041524,0.512270,3.042091,2.038052,2.571345,2.507133,3.002258,,,,,,within deadband and CO2 rising; MFC zero
2026-05-16 16:53:58,2521.5,449.674,450.171,452.000,1.829,14.238000,100.845000,51.510100,0.712248,18.000000,97.064252,0.000000,0.000000,0.000000,0.000000,0.000000,0.000000,2.454624,2.454624,3.324213,0.000000,5.215833,3.730570,3.553362,-0.00672283,0.00483021,-0.00223877,-0.652546,0.468841,-0.217305,0.652546,3.107170,1.985783,2.671929,2.559919,2.975618,,,,,,within deadband and CO2 rising; MFC zero
2026-05-16 16:54:01,2524.5,449.350,450.202,452.000,1.798,14.233800,100.846000,51.503500,0.710579,18.000000,97.065214,0.000000,0.000000,0.000000,0.000000,0.000000,0.000000,2.377632,2.377632,3.321762,0.000000,5.215833,3.670310,3.489531,-0.01258848,0.00473072,-0.00300604,-1.221904,0.459188,-0.291782,1.221904,3.599536,1.918444,2.669414,2.610881,2.947150,,,,,,within deadband and CO2 rising; MFC zero
2026-05-16 16:54:04,2528.0,450.205,450.189,452.000,1.811,14.245700,100.844000,51.506800,0.712240,18.000000,97.063289,0.000000,0.000000,0.000000,0.000000,0.000000,0.000000,2.286595,2.286595,3.315939,0.000000,5.215833,3.610118,3.429543,-0.00912623,0.00446033,-0.00617366,-0.885822,0.432935,-0.599236,0.885822,3.172416,1.853660,2.885831,2.656477,2.917002,,,,,,within deadband and CO2 rising; MFC zero
2026-05-16 16:54:08,2531.5,450.216,450.216,452.000,1.784,14.242800,100.846000,51.506800,0.713345,18.000000,97.065214,0.000000,0.000000,0.000000,0.000000,0.000000,0.000000,2.195493,2.195493,3.306742,0.000000,5.215833,3.550866,3.373110,0.00240341,0.00401345,-0.00587536,0.233288,0.389567,-0.570293,-0.233288,1.962205,1.805926,2.765786,2.658004,2.884823,,,,,,within deadband and CO2 rising; MFC zero
2026-05-16 16:54:11,2535.0,450.162,450.218,452.000,1.782,14.251400,100.845000,51.506800,0.711656,18.000000,97.064252,0.000000,0.000000,0.000000,0.000000,0.000000,0.000000,2.105050,2.105050,3.294195,0.000000,5.215833,3.491972,3.315291,-0.01724433,0.00397456,-0.00662583,-1.673808,0.385788,-0.643132,1.673808,3.778858,1.719261,2.748181,2.716392,2.850822,,,,,,within deadband and CO2 rising; MFC zero
2026-05-16 16:54:14,2538.0,450.349,450.235,452.000,1.765,14.241000,100.846000,51.503500,0.712064,18.000000,97.065214,0.000000,0.000000,0.000000,0.000000,0.000000,0.000000,2.028226,2.028226,3.271177,0.000000,5.215833,3.440570,3.286361,-0.00329424,0.00369810,-0.00287893,-0.319756,0.358956,-0.279444,0.319756,2.347982,1.669269,2.307670,2.709694,2.829339,,,,,,within deadband and CO2 rising; MFC zero
2026-05-16 16:54:17,2541.0,450.292,450.238,452.000,1.762,14.253000,100.846000,51.506800,0.713920,18.000000,97.065214,0.000000,0.000000,0.000000,0.000000,0.000000,0.000000,1.952809,1.952809,3.254463,0.000000,5.215833,3.387968,3.230163,0.00213453,0.00341953,-0.00262749,0.207189,0.331917,-0.255038,-0.207189,1.745620,1.620891,2.207846,2.694345,2.793025,,,,,,within deadband and CO2 rising; MFC zero
2026-05-16 16:54:21,2544.5,450.540,450.289,452.000,1.711,14.236000,100.846000,51.503500,0.714551,18.000000,97.065214,0.000000,0.000000,0.000000,0.000000,0.000000,0.000000,1.864250,1.864250,3.238686,0.000000,5.215833,3.329696,3.154880,-0.00223534,0.00300892,0.00004922,-0.216973,0.292061,0.004778,0.216973,2.081223,1.572189,1.859472,2.720731,2.738313,,,,,,within deadband and CO2 rising; MFC zero
2026-05-16 16:54:24,2548.0,450.146,450.318,452.000,1.682,14.244100,100.845000,51.506800,0.711490,18.000000,97.064252,0.000000,0.000000,0.000000,0.000000,0.000000,0.000000,1.775963,1.775963,3.213951,0.000000,5.215833,3.272743,3.101883,-0.00406731,0.00296570,0.00045892,-0.394791,0.287863,0.044545,0.394791,2.170753,1.488099,1.731418,2.716811,2.697748,,,,,,within deadband and CO2 rising; MFC zero
2026-05-16 16:54:28,2551.5,450.374,450.305,452.000,1.695,14.226600,100.844000,51.506800,0.712227,18.000000,97.063289,0.000000,0.000000,0.000000,0.000000,0.000000,0.000000,1.686771,1.686771,3.185913,0.000000,5.215833,3.215750,3.044773,0.01257168,0.00286751,0.00081524,1.220248,0.278330,0.079130,-1.220248,0.466523,1.408441,1.607641,2.673939,2.655370,,,,,,within deadband and CO2 rising; MFC zero
2026-05-16 16:54:31,2555.0,450.783,450.405,452.000,1.595,14.218800,100.847000,51.506800,0.713467,18.000000,97.066177,0.000000,0.000000,0.000000,0.000000,0.000000,0.000000,1.595127,1.595127,3.154480,0.000000,5.215833,3.157906,2.984372,0.00744552,0.00312639,0.00295289,0.722708,0.303467,0.286626,-0.722708,0.872419,1.291661,1.308501,2.667671,2.610960,,,,,,within deadband and CO2 rising; MFC zero
2026-05-16 16:54:35,2558.5,450.209,450.422,452.000,1.578,14.227300,100.845000,51.506800,0.713416,18.000000,97.064252,0.000000,0.000000,0.000000,0.000000,0.000000,0.000000,1.501534,1.501534,3.119581,0.000000,5.215833,3.098750,2.921281,-0.00036975,0.00304714,0.00374657,-0.035890,0.295768,0.363658,0.035890,1.537424,1.205766,1.137876,2.678087,2.564927,,,,,,within deadband and CO2 rising; MFC zero
2026-05-16 16:54:38,2561.5,450.278,450.401,452.000,1.599,14.245000,100.850000,51.506800,0.711567,18.000000,97.069064,0.000000,0.000000,0.000000,0.000000,0.000000,0.000000,1.421534,1.421534,3.081719,0.000000,5.215833,3.037806,2.854974,-0.00273955,0.00325291,0.00564286,-0.265925,0.315757,0.547747,0.265925,1.687460,1.105777,0.873787,2.723667,2.517298,,,,,,within deadband and CO2 rising; MFC zero
2026-05-16 16:54:41,2564.5,450.366,450.429,452.000,1.571,14.233400,100.846000,51.503500,0.714101,18.000000,97.065214,0.000000,0.000000,0.000000,0.000000,0.000000,0.000000,1.341263,1.341263,3.040883,0.000000,5.215833,2.974784,2.785720,0.00315974,0.00321479,0.00511416,0.306701,0.312045,0.496407,-0.306701,1.034563,1.029219,0.844856,2.722377,2.468011,,,,,,within deadband and CO2 rising; MFC zero
2026-05-16 16:54:44,2568.0,450.447,450.379,452.000,1.621,14.216700,100.845000,51.503500,0.711208,18.000000,97.064252,0.000000,0.000000,0.000000,0.000000,0.000000,0.000000,1.248238,1.248238,2.996603,0.000000,5.215833,2.909392,2.713215,0.00294123,0.00331741,0.00477378,0.285489,0.322002,0.463364,-0.285489,0.962750,0.926236,0.784875,2.718428,2.416920,,,,,,within deadband and CO2 rising; MFC zero
2026-05-16 16:54:48,2571.5,449.174,450.353,452.000,1.647,14.223200,100.848000,51.506800,0.714953,18.000000,97.067139,0.000000,0.000000,0.000000,0.000000,0.000000,0.000000,1.156633,1.156633,2.948930,0.000000,5.215833,2.842027,2.639932,-0.01838692,0.00330282,0.00338231,-1.784766,0.320595,0.328311,1.784766,2.941399,0.836037,0.828322,2.752627,2.363846,,,,,,within deadband and CO2 rising; MFC zero
2026-05-16 16:54:51,2575.0,450.210,450.350,452.000,1.650,14.231300,100.843000,51.503500,0.711821,18.000000,97.062327,0.000000,0.000000,0.000000,0.000000,0.000000,0.000000,1.066164,1.066164,2.897906,0.000000,5.215833,2.773027,2.566028,0.00922707,0.00339529,0.00315174,0.895601,0.329555,0.305915,-0.895601,0.170562,0.736609,0.760248,2.724745,2.309009,,,,,,within deadband and CO2 rising; MFC zero
2026-05-16 16:54:55,2578.5,449.876,450.297,452.000,1.703,14.233300,100.844000,51.500200,0.713068,18.000000,97.063289,0.000000,0.000000,0.000000,0.000000,0.000000,0.000000,0.982317,0.982317,2.843892,0.000000,5.215833,2.702791,2.492082,-0.00317654,0.00321244,0.00136717,-0.308325,0.311810,0.132702,0.308325,1.290642,0.670507,0.849615,2.678344,2.252875,,,,,,within deadband and CO2 rising; MFC zero
2026-05-16 16:54:58,2582.0,450.513,450.300,452.000,1.700,14.221000,100.846000,51.510200,0.712216,18.000000,97.065214,0.000000,0.000000,0.000000,0.000000,0.000000,0.000000,0.953503,0.953503,2.788782,0.000000,5.215833,2.631889,2.419182,-0.00519346,0.00312013,0.00110939,-0.504104,0.302856,0.107683,0.504104,1.457607,0.650647,0.845820,2.648219,2.196824,,,,,,within deadband and CO2 rising; MFC zero
2026-05-16 16:55:01,2585.0,450.412,450.217,452.000,1.783,14.221800,100.851000,51.506800,0.713071,18.000000,97.070027,0.000000,0.000000,0.000000,0.000000,0.000000,0.000000,0.953503,0.953503,2.733585,0.000000,5.215833,2.561258,2.349364,-0.00625233,0.00280579,0.00020068,-0.606914,0.272358,0.019480,0.606914,1.560417,0.681145,0.934023,2.598642,2.142269,,,,,,within deadband and CO2 rising; MFC zero
2026-05-16 16:55:04,2588.0,450.568,450.252,452.000,1.748,14.230600,100.848000,51.506800,0.711277,18.000000,97.067139,0.000000,0.000000,0.000000,0.000000,0.000000,0.000000,0.953503,0.953503,2.680655,0.000000,5.215833,2.491793,2.283398,0.00327743,0.00251907,-0.00127762,0.318131,0.244519,-0.124015,-0.318131,0.635372,0.708984,1.077518,2.541451,2.091334,,,,,,within deadband and CO2 rising; MFC zero
2026-05-16 16:55:08,2591.5,450.183,450.251,452.000,1.749,14.230900,100.850000,51.506800,0.712526,18.000000,97.069064,0.000000,0.000000,0.000000,0.000000,0.000000,0.000000,0.953503,0.953503,2.629374,0.000000,5.215833,2.423752,2.219630,-0.00042018,0.00215210,-0.00143438,-0.040787,0.208902,-0.139234,0.040787,0.994290,0.744601,1.092737,2.494854,2.043705,,,,,,within deadband and CO2 rising; MFC zero
2026-05-16 16:55:11,2595.0,450.343,450.263,452.000,1.737,14.229400,100.847000,51.510100,0.710803,18.000000,97.066177,0.000000,0.000000,0.000000,0.000000,0.000000,0.000000,0.953503,0.953503,2.578331,0.000000,5.215833,2.357345,2.158125,-0.00087397,0.00164068,-0.00268748,-0.084833,0.159254,-0.260863,0.084833,1.038336,0.794249,1.214366,2.441696,1.997913,,,,,,within deadband and CO2 rising; MFC zero
2026-05-16 16:55:14,2598.0,449.926,450.194,452.000,1.806,14.235200,100.850000,51.510200,0.712499,18.000000,97.069064,0.000000,0.000000,0.000000,0.000000,0.000000,0.000000,0.953503,0.953503,2.548789,0.000000,5.215833,2.300488,2.129919,-0.00294123,0.00128551,-0.00323491,-0.285503,0.124783,-0.314010,0.285503,1.239006,0.828720,1.267513,2.419829,1.976655,,,,,,within deadband and CO2 rising; MFC zero
2026-05-16 16:55:17,2601.0,450.293,450.238,452.000,1.762,14.217800,100.846000,51.510100,0.712736,18.000000,97.065214,0.000000,0.000000,0.000000,0.000000,0.000000,0.000000,0.953503,0.953503,2.499579,0.000000,5.215833,2.243650,2.073135,-0.00401689,0.00111612,-0.00332921,-0.389900,0.108336,-0.323151,0.389900,1.343403,0.845167,1.276654,2.381268,1.934439,,,,,,within deadband and CO2 rising; MFC zero
2026-05-16 16:55:21,2604.5,450.628,450.278,452.000,1.722,14.225900,100.847000,51.506800,0.714195,18.000000,97.066177,0.000000,0.000000,0.000000,0.000000,0.000000,0.000000,0.953503,0.953503,2.430811,0.000000,5.215833,2.178293,1.982221,0.01003381,0.00121384,-0.00218301,0.973944,0.117822,-0.211896,-0.973944,-0.020441,0.835681,1.165399,2.338706,1.874823,,,,,,within deadband and CO2 rising; MFC zero
2026-05-16 16:55:24,2608.0,450.194,450.275,452.000,1.725,14.234200,100.846000,51.500200,0.713427,18.000000,97.065214,0.000000,0.000000,0.000000,0.000000,0.000000,0.000000,0.901491,0.901491,2.381770,0.000000,5.215833,2.114450,1.922922,0.00652114,0.00085166,-0.00269821,0.632975,0.082666,-0.261902,-0.632975,0.268516,0.818825,1.163393,2.291084,1.836158,,,,,,within deadband and CO2 rising; MFC zero
2026-05-16 16:55:28,2611.5,450.118,450.279,452.000,1.721,14.227700,100.848000,51.510100,0.713280,18.000000,97.067139,0.000000,0.000000,0.000000,0.000000,0.000000,0.000000,0.766549,0.766549,2.328835,0.000000,5.215833,2.050626,1.859153,-0.00352948,0.00062831,-0.00333050,-0.342597,0.060989,-0.323282,0.342597,1.109145,0.705560,1.089831,2.245491,1.794831,,,,,,within deadband and CO2 rising; MFC zero
2026-05-16 16:55:31,2615.0,449.763,450.225,452.000,1.775,14.229700,100.849000,51.500200,0.711557,18.000000,97.068102,0.000000,0.000000,0.000000,0.000000,0.000000,0.000000,0.682108,0.682108,2.273859,0.000000,5.215833,1.986925,1.795821,-0.00927749,0.00035796,-0.00279060,-0.900548,0.034746,-0.270878,0.900548,1.582656,0.647362,0.952986,2.214956,1.752957,,,,,,within deadband and CO2 rising; MFC zero
2026-05-16 16:55:35,2618.5,449.699,450.142,452.000,1.858,14.219800,100.849000,51.503500,0.710866,18.000000,97.068102,0.000000,0.000000,0.000000,0.000000,0.000000,0.000000,0.581841,0.581841,2.216265,0.000000,5.215833,1.923043,1.731396,-0.00759679,0.00039603,-0.00335489,-0.737406,0.038442,-0.325653,0.737406,1.319247,0.543399,0.907494,2.162287,1.709416,,,,,,within deadband and CO2 rising; MFC zero
2026-05-16 16:55:38,2621.5,449.855,450.040,452.000,1.960,14.217400,100.848000,51.500200,0.713646,18.000000,97.067139,0.000000,0.000000,0.000000,0.000000,0.000000,0.000000,0.491242,0.491242,2.156277,0.000000,5.215833,1.858692,1.665641,-0.01179854,0.00028771,-0.00511799,-1.145251,0.027927,-0.496788,1.145251,1.636493,0.463315,0.988031,2.120335,1.664648,,,,,,within deadband and CO2 rising; MFC zero
2026-05-16 16:55:41,2624.5,450.460,449.986,452.000,2.014,14.220500,100.848000,51.500200,0.710320,18.000000,97.067139,4.412559,4.000000,4.000000,0.000000,0.000000,0.000000,0.401703,0.401703,2.093953,0.000000,5.215833,1.794273,1.601015,0.00425219,-0.00009893,-0.00658202,0.412748,-0.009603,-0.638898,-0.412748,-0.011045,0.411305,1.040601,2.064657,1.618875,,,,,,below deadband; feedforward + feedback
2026-05-16 16:55:44,2628.0,450.063,449.884,452.000,2.116,14.211600,100.847000,51.500200,0.710590,18.000000,97.066177,4.480623,4.480623,4.480623,3.656250,3.656250,2.709430,0.343855,0.343855,2.030652,1.385854,5.226514,1.730040,1.537340,-0.00282364,-0.00060232,-0.00813029,-0.274080,-0.058465,-0.789176,2.983510,0.617935,0.402321,1.133032,2.002594,1.573230,,,,,,below deadband; feedforward + feedback
2026-05-16 16:55:48,2631.5,449.685,449.824,452.000,2.176,14.223500,100.845000,51.510200,0.714950,18.000000,97.064252,4.494582,4.494582,4.494582,4.375000,4.375000,3.239233,0.337220,0.337220,1.968308,1.653707,5.237424,1.666172,1.474570,-0.00084037,-0.00102211,-0.00889934,-0.081570,-0.099211,-0.863808,3.320802,0.418790,0.436431,1.201028,1.933211,1.529502,,,,,,below deadband; feedforward + feedback
2026-05-16 16:55:51,2635.0,449.519,449.793,452.000,2.207,14.226700,100.846000,51.503500,0.712076,18.000000,97.065214,4.472812,4.472812,4.472812,6.668750,6.668750,5.014537,0.355061,0.355061,1.907519,2.480817,5.265233,1.603495,1.415464,-0.01169790,-0.00140033,-0.00958241,-1.135459,-0.135924,-0.930118,6.149997,1.490520,0.490985,1.285179,1.904506,1.488318,,,,,,below deadband; feedforward + feedback
2026-05-16 16:55:54,2638.0,449.519,449.733,452.000,2.267,14.218700,100.849000,51.510200,0.711022,18.000000,97.068102,4.499176,4.499176,4.499176,2.762500,2.762500,2.109916,0.395906,0.395906,1.848533,1.044951,5.275221,1.552206,1.398338,-0.00600022,-0.00191052,-0.01185259,-0.582430,-0.185451,-1.150508,2.692346,0.978336,0.581357,1.546414,1.858935,1.450010,,,,,,below deadband; feedforward + feedback
2026-05-16 16:55:57,2641.0,449.638,449.695,452.000,2.305,14.221600,100.847000,51.503500,0.711748,18.000000,97.066177,4.498422,4.498422,4.498422,3.312500,3.312500,2.319049,0.447518,0.447518,1.791569,1.145571,5.277647,1.501402,1.348990,-0.01539525,-0.00239871,-0.01320579,-1.494358,-0.232834,-1.281836,3.813407,1.941876,0.680352,1.729354,1.848223,1.414422,,,,,,below deadband; feedforward + feedback
2026-05-16 16:56:01,2644.5,449.680,449.624,452.000,2.376,14.221500,100.849000,51.506800,0.712121,18.000000,97.068102,4.532959,4.532959,4.532959,4.437500,4.437500,3.295002,0.597409,0.597409,1.738648,1.686672,5.288961,1.444462,1.273642,-0.01230276,-0.00295407,-0.01529379,-1.194206,-0.286746,-1.484539,4.489207,1.791615,0.884156,2.081949,1.835996,1.383572,,,,,,below deadband; feedforward + feedback
2026-05-16 16:56:04,2648.0,449.315,449.501,452.000,2.499,14.230600,100.849000,51.503500,0.713601,18.000000,97.068102,4.642261,4.642261,4.642261,4.500000,4.500000,3.336828,0.666527,0.666527,1.688290,1.704950,5.300614,1.393951,1.242419,-0.02129456,-0.00361918,-0.01691889,-2.067023,-0.351307,-1.642285,5.403851,2.733549,1.017833,2.308811,1.843855,1.356590,,,,,,below deadband; feedforward + feedback
2026-05-16 16:56:08,2651.5,448.885,449.433,452.000,2.567,14.226200,100.847000,51.500200,0.712846,18.000000,97.066177,4.686405,4.686405,4.686405,4.625000,4.625000,3.434423,0.668437,0.668437,1.638898,1.752435,5.312545,1.349132,1.214673,-0.02015164,-0.00406706,-0.01804301,-1.956043,-0.394774,-1.751366,5.390466,2.624480,1.063211,2.419803,1.861893,1.330879,,,,,,below deadband; feedforward + feedback
2026-05-16 16:56:11,2655.0,449.085,449.345,452.000,2.655,14.219300,100.847000,51.510200,0.714170,18.000000,97.066177,4.761503,4.761503,4.761503,4.668750,4.668750,3.476250,0.683683,0.683683,1.590241,1.778534,5.324679,1.310046,1.192790,-0.01637007,-0.00463394,-0.01999666,-1.588981,-0.449798,-1.941000,5.065230,2.272664,1.133482,2.624683,1.890091,1.306672,,,,,,below deadband; feedforward + feedback
2026-05-16 16:56:15,2658.5,449.169,449.308,452.000,2.692,14.233800,100.846000,51.503500,0.713299,18.000000,97.065214,4.775195,4.775195,4.775195,4.731250,4.731250,3.532019,0.692823,0.692823,1.542100,1.754129,5.336946,1.275899,1.173455,-0.01884070,-0.00472732,-0.02170210,-1.828777,-0.458858,-2.106519,5.360795,2.521600,1.151681,2.799342,1.897296,1.283417,,,,,,below deadband; feedforward + feedback
2026-05-16 16:56:18,2661.5,449.033,449.218,452.000,2.782,14.242000,100.847000,51.513500,0.714014,18.000000,97.066177,4.862743,4.862743,4.862743,4.756250,4.756250,3.541313,0.700917,0.700917,1.494396,1.758625,5.347582,1.246403,1.157915,-0.02969809,-0.00519215,-0.02145062,-2.882680,-0.503982,-2.082129,6.423993,3.583597,1.204899,2.783047,1.909833,1.260965,,,,,,below deadband; feedforward + feedback
2026-05-16 16:56:21,2664.5,450.283,449.195,452.000,2.805,14.223900,100.847000,51.510100,0.711267,18.000000,97.066177,4.867143,4.867143,4.867143,4.856250,4.856250,3.611024,0.709437,0.709437,1.447162,1.792516,5.358380,1.220990,1.144752,0.00189920,-0.00525819,-0.01892163,0.184348,-0.510392,-1.836651,3.426677,0.525090,1.219830,2.546088,1.893745,1.239229,,,,,,below deadband; feedforward + feedback
2026-05-16 16:56:24,2668.0,448.730,449.177,452.000,2.823,14.199200,100.851000,51.510100,0.713591,18.000000,97.070027,4.869952,4.869952,4.869952,4.856250,4.856250,3.606377,0.720178,0.720178,1.400522,1.836468,5.371030,1.199966,1.136893,-0.02552991,-0.00574368,-0.01828378,-2.478189,-0.557539,-1.774807,6.084566,3.198367,1.277717,2.494985,1.872002,1.218331,,,,,,below deadband; feedforward + feedback
2026-05-16 16:56:28,2671.5,448.751,449.081,452.000,2.919,14.224700,100.850000,51.500200,0.709674,18.000000,97.069064,4.978141,4.978141,4.978141,4.856250,4.856250,3.611024,0.731396,0.731396,1.354511,1.849074,5.383700,1.183658,1.134733,-0.01707599,-0.00637938,-0.01867458,-1.657550,-0.619241,-1.812724,5.268575,2.388947,1.350637,2.544120,1.848921,1.198665,,,,,,below deadband; feedforward + feedback
2026-05-16 16:56:31,2675.0,449.039,449.070,452.000,2.930,14.220900,100.849000,51.510100,0.714063,18.000000,97.068102,4.981574,4.981574,4.981574,4.956250,4.956250,3.694677,0.801301,0.801301,1.311315,1.890478,5.396579,1.173051,1.141229,-0.01352992,-0.00684313,-0.01816918,-1.313323,-0.664249,-1.763648,5.008001,2.114624,1.465550,2.564949,1.834125,1.182422,,,,,,below deadband; feedforward + feedback
2026-05-16 16:56:35,2678.5,448.580,449.025,452.000,2.975,14.210100,100.849000,51.503500,0.710497,18.000000,97.068102,5.036297,5.036297,5.036297,4.968750,4.968750,3.685383,0.871619,0.871619,1.270974,1.826338,5.409467,1.168624,1.155344,-0.01337865,-0.00733482,-0.01762528,-1.298641,-0.711977,-1.710853,4.984023,2.170259,1.583595,2.582471,1.807138,1.169748,,,,,,below deadband; feedforward + feedback
2026-05-16 16:56:38,2681.5,448.582,448.881,452.000,3.119,14.218300,100.846000,51.496900,0.711723,18.000000,97.065214,5.225937,5.225937,5.225937,5.018750,5.018750,3.736504,0.931880,0.931880,1.233081,1.851139,5.420660,1.170631,1.176651,-0.01694181,-0.00766776,-0.01860598,-1.644460,-0.744273,-1.805994,5.380964,2.576340,1.676153,2.737874,1.808006,1.159611,,,,,,below deadband; feedforward + feedback
2026-05-16 16:56:41,2684.5,448.694,448.831,452.000,3.169,14.222500,100.847000,51.513500,0.712720,18.000000,97.066177,5.298829,5.298829,5.298829,5.212500,5.212500,3.880573,0.993187,0.993187,1.198899,1.981958,5.432200,1.179302,1.205316,-0.02618585,-0.00827631,-0.01940869,-2.541760,-0.803350,-1.883927,6.422333,3.534947,1.796536,2.877114,1.813341,1.153227,,,,,,below deadband; feedforward + feedback
2026-05-16 16:56:44,2688.0,448.735,448.712,452.000,3.288,14.216900,100.847000,51.506800,0.711155,18.000000,97.066177,5.469577,5.469577,5.469577,5.293750,5.293750,3.927047,1.065105,1.065105,1.167603,2.010325,5.445924,1.195264,1.243151,-0.01914323,-0.00900355,-0.02065180,-1.858160,-0.873940,-2.004591,5.785208,2.923265,1.939045,3.069696,1.828419,1.150120,,,,,,below deadband; feedforward + feedback
2026-05-16 16:56:48,2691.5,448.883,448.683,452.000,3.317,14.232800,100.847000,51.506800,0.710563,18.000000,97.066177,5.530757,5.530757,5.530757,5.450000,5.450000,4.057174,1.137411,1.137411,1.138691,2.075228,5.460048,1.218744,1.289182,-0.02203411,-0.00958981,-0.01899485,-2.138767,-0.930846,-1.843757,6.195941,3.276178,2.068257,2.981168,1.839597,1.149222,,,,,,below deadband; feedforward + feedback
2026-05-16 16:56:51,2695.0,448.628,448.665,452.000,3.335,14.215100,100.847000,51.503500,0.712918,18.000000,97.066177,5.584919,5.584919,5.584919,5.531250,5.531250,4.108295,1.212260,1.212260,1.112706,2.102722,5.474391,1.249895,1.343350,-0.01408433,-0.01003802,-0.01710576,-1.367112,-0.974352,-1.660391,5.475408,2.579372,2.186611,2.872650,1.821981,1.151323,,,,,,below deadband; feedforward + feedback
2026-05-16 16:56:55,2698.5,448.708,448.661,452.000,3.339,14.234300,100.848000,51.510200,0.712180,18.000000,97.067139,5.629969,5.629969,5.629969,5.575000,5.575000,4.150122,1.288670,1.288670,1.089722,2.059515,5.488823,1.288619,1.404790,-0.01374815,-0.01057548,-0.01649633,-1.334494,-1.026532,-1.601252,5.484616,2.623164,2.315202,2.889922,1.814223,1.156455,,,,,,below deadband; feedforward + feedback
2026-05-16 16:56:58,2701.5,448.285,448.629,452.000,3.371,14.217400,100.849000,51.506800,0.712839,18.000000,97.068102,5.713231,5.713231,5.713231,5.625000,5.625000,4.182654,1.356071,1.356071,1.069378,2.066858,5.501369,1.330325,1.455443,-0.01689106,-0.01114775,-0.01677615,-1.639584,-1.082091,-1.628429,5.822237,2.995654,2.438162,2.984500,1.812158,1.164832,,,,,,below deadband; feedforward + feedback
2026-05-16 16:57:01,2704.5,448.236,448.612,452.000,3.388,14.208800,100.848000,51.506800,0.711672,18.000000,97.067139,5.783168,5.783168,5.783168,5.700000,5.700000,4.243070,1.424310,1.424310,1.051724,2.094415,5.514085,1.378768,1.524096,-0.02287443,-0.01148857,-0.01651486,-2.220356,-1.115163,-1.603050,6.463426,3.644666,2.539473,3.027360,1.812993,1.176333,,,,,,below deadband; feedforward + feedback
2026-05-16 16:57:04,2708.0,448.387,448.502,452.000,3.498,14.217700,100.849000,51.500200,0.711572,18.000000,97.068102,5.984903,5.984903,5.984903,5.775000,5.775000,4.284896,1.504748,1.504748,1.037246,2.190983,5.529086,1.437763,1.614749,-0.02117689,-0.01214398,-0.01673398,-2.055600,-1.178793,-1.624336,6.340497,3.560349,2.683542,3.129085,1.820177,1.191701,,,,,,below deadband; feedforward + feedback
2026-05-16 16:57:08,2711.5,448.689,448.475,452.000,3.525,14.213200,100.849000,51.510100,0.712599,18.000000,97.068102,6.084055,6.084055,6.084055,5.968750,5.968750,4.442908,1.585871,1.585871,1.025956,2.269331,5.544528,1.501165,1.691372,-0.00410092,-0.01246370,-0.01538878,-0.398069,-1.209828,-1.493759,4.840976,1.983940,2.795699,3.079631,1.820580,1.210030,,,,,,below deadband; feedforward + feedback
2026-05-16 16:57:11,2715.0,448.427,448.474,452.000,3.526,14.250900,100.846000,51.506800,0.714652,18.000000,97.065214,6.152559,6.152559,6.152559,6.075000,6.075000,4.517266,1.668195,1.668195,1.017866,2.312423,5.560291,1.568456,1.770327,-0.01700875,-0.01277080,-0.01422525,-1.650958,-1.239600,-1.380777,6.168224,3.319153,2.907795,3.048971,1.812067,1.232040,,,,,,below deadband; feedforward + feedback
2026-05-16 16:57:15,2718.5,448.795,448.521,452.000,3.479,14.209000,100.849000,51.500200,0.711726,18.000000,97.068102,6.162202,6.162202,6.162202,6.156250,6.156250,4.568387,1.751719,1.751719,1.012746,2.335319,5.576255,1.639285,1.851775,-0.00761360,-0.01295277,-0.01219610,-0.739038,-1.257301,-1.183852,5.307425,2.490756,3.009019,2.935571,1.814711,1.256850,,,,,,below deadband; feedforward + feedback
2026-05-16 16:57:18,2722.0,448.700,448.578,452.000,3.422,14.204800,100.848000,51.503500,0.710953,18.000000,97.067139,6.162029,6.162029,6.162029,6.156250,6.156250,4.582329,1.837889,1.837889,1.010618,2.269695,5.592218,1.713559,1.936379,-0.00357996,-0.01310464,-0.01075387,-0.347497,-1.272029,-1.043848,4.929826,2.185386,3.109919,2.881737,1.822854,1.284425,,,,,,below deadband; feedforward + feedback
2026-05-16 16:57:21,2725.0,449.043,448.726,452.000,3.274,14.202000,100.852000,51.506800,0.712013,18.000000,97.070990,6.047046,6.047046,6.047046,6.175000,6.175000,4.586977,1.912996,1.912996,1.011520,2.275547,5.605998,1.791063,2.023574,-0.00181519,-0.01294725,-0.00398445,-0.176202,-1.256802,-0.386774,4.763179,2.089199,3.169798,2.299771,1.823002,1.314010,,,,,,below deadband; feedforward + feedback
2026-05-16 16:57:24,2728.0,448.651,448.732,452.000,3.268,14.214800,100.847000,51.506800,0.716147,18.000000,97.066177,6.120465,6.120465,6.120465,8.250000,8.250000,6.176385,1.988968,1.988968,1.015465,3.163078,5.628492,1.871762,2.113860,0.00126055,-0.01284418,-0.00216859,0.122357,-1.246736,-0.210497,6.054028,1.866611,3.235704,2.199465,1.817370,1.346373,,,,,,below deadband; feedforward + feedback
2026-05-16 16:57:28,2731.5,448.545,448.811,452.000,3.189,14.219300,100.849000,51.500200,0.713135,18.000000,97.068102,6.101908,6.101908,6.101908,0.400000,0.400000,0.320670,2.078004,2.078004,1.022710,0.163639,5.641229,1.956728,2.211625,-0.01102563,-0.01282196,-0.00095040,-1.070237,-1.244603,-0.092254,1.390907,3.148241,3.322608,2.170258,1.867031,1.381821,,,,,,below deadband; feedforward + feedback
2026-05-16 16:57:31,2735.0,448.902,448.861,452.000,3.139,14.213100,100.849000,51.500200,0.711430,18.000000,97.068102,6.126553,6.126553,6.126553,6.056250,6.056250,4.503324,2.167131,2.167131,1.033303,2.304767,5.654593,2.045983,2.313749,-0.00070590,-0.01250655,0.00191216,-0.068520,-1.213987,0.185610,4.571844,2.235651,3.381118,1.981521,1.892276,1.420515,,,,,,below deadband; feedforward + feedback
2026-05-16 16:57:35,2738.5,448.709,448.780,452.000,3.220,14.209600,100.848000,51.513500,0.712618,18.000000,97.067139,6.327197,6.327197,6.327197,6.106250,6.106250,4.540503,2.308799,2.308799,1.048252,2.243393,5.670369,2.140720,2.424932,-0.00193281,-0.01247461,0.00266506,-0.187613,-1.210875,0.258690,4.728116,2.496412,3.519674,2.050109,1.910035,1.463365,,,,,,below deadband; feedforward + feedback
2026-05-16 16:57:38,2741.5,448.323,448.760,452.000,3.240,14.208500,100.848000,51.506800,0.714726,18.000000,97.067139,6.452029,6.452029,6.452029,6.306250,6.306250,4.684572,2.363871,2.363871,1.065703,2.324821,5.684359,2.240636,2.540382,-0.00771444,-0.01225877,0.00406950,-0.748818,-1.189924,0.395015,5.433390,3.112689,3.553795,1.968856,1.936428,1.508698,,,,,,below deadband; feedforward + feedback
2026-05-16 16:57:41,2744.5,448.930,448.780,452.000,3.220,14.210800,100.849000,51.513500,0.713232,18.000000,97.068102,6.531153,6.531153,6.531153,6.425000,6.425000,4.796110,2.426120,2.426120,1.085793,2.451824,5.698687,2.345240,2.659053,0.00564718,-0.01196968,0.00547643,0.548161,-1.161874,0.531587,4.247949,1.877959,3.587994,1.894533,1.952047,1.556083,,,,,,below deadband; feedforward + feedback
2026-05-16 16:57:44,2748.0,449.493,448.926,452.000,3.074,14.207600,100.848000,51.510100,0.711647,18.000000,97.067139,6.449578,6.449578,6.449578,6.518750,6.518750,4.856526,2.514072,2.514072,1.109234,2.480815,5.715623,2.453768,2.779353,0.01003381,-0.01142068,0.00751865,0.973953,-1.108572,0.729814,3.882572,1.540118,3.622644,1.784258,1.962739,1.606017,,,,,,below deadband; feedforward + feedback
2026-05-16 16:57:48,2751.5,449.228,449.008,452.000,2.992,14.213200,100.850000,51.506800,0.711834,18.000000,97.069064,6.454905,6.454905,6.454905,6.443750,6.443750,4.800757,2.604231,2.604231,1.136041,2.454427,5.732449,2.565305,2.899915,0.00460514,-0.01091498,0.01026915,0.447016,-1.059507,0.996817,4.353741,2.157215,3.663739,1.607414,1.948217,1.658381,,,,,,below deadband; feedforward + feedback
