timestamp,elapsed_s,li850_co2_ppm,co2_avg_ppm,target_co2_ppm,co2_error_ppm,li850_h2o_mmol_mol,li850_cellpres_kpa,li850_celltemp_c,li850_flowrate,chamber_air_temp_c,chamber_air_mol,mfc_raw_requested_mln_min,mfc_rate_limited_mln_min,mfc_setpoint_mln_min,mfc_actual_mln_min,mfc_flow_used_mln_min,co2_supply_inst_umol_s,co2_supply_avg_umol_s,A_MFC_only_umol_s,A_MFC_only_smoothed_umol_s,co2_supplied_umol_step,co2_supplied_mmol_total,feedforward_flow_mln_min,raw_feedforward_flow_mln_min,dCdt_simple_ppm_s,dCdt_regression_ppm_s,dCdt_regression_short_ppm_s,storage_simple_umol_s,storage_regression_umol_s,storage_regression_short_umol_s,A_inst_umol_s,A_from_avg_supply_umol_s,A_regression_umol_s,A_regression_short_umol_s,A_smoothed_umol_s,A_regression_smoothed_umol_s,A_inst_umol_m2_s,A_from_avg_supply_umol_m2_s,A_MFC_only_umol_m2_s,A_regression_umol_m2_s,A_smoothed_umol_m2_s,control_note
2026-05-16 16:57:54,0.0,449.224,449.224,452.000,2.776,14.200200,100.844000,51.513500,0.721354,18.000000,97.063289,3.608800,3.608800,0.000000,0.000000,0.000000,0.000000,0.000000,0.000000,0.000000,0.000000,0.000000,0.000000,0.000000,,,,,,,,,,,,,,,,,,below deadband; feedforward + feedback
2026-05-16 16:57:57,3.2,447.906,449.075,452.000,2.925,14.207000,100.852000,51.506800,0.708733,18.000000,97.070990,7.552314,4.000000,0.000000,0.000000,0.000000,0.000000,0.000000,0.000000,0.000000,0.000000,0.000000,3.750000,15.000000,-0.43817411,-0.38495369,-0.38495369,-42.533995,-37.367836,-37.367836,42.533995,42.533995,37.367836,37.367836,42.533995,37.367836,,,,,,below deadband; feedforward + feedback
2026-05-16 16:58:00,6.2,448.966,448.963,452.000,3.037,14.199200,100.850000,51.500200,0.713004,18.000000,97.069064,10.510500,4.000000,0.000000,0.000000,0.000000,0.000000,0.000000,0.000000,0.000000,0.000000,0.000000,6.562500,15.000000,-0.04294318,-0.10817371,-0.10817371,-4.168454,-10.500321,-10.500321,4.168454,4.168454,10.500321,10.500321,23.351224,23.934078,,,,,,below deadband; feedforward + feedback
2026-05-16 16:58:04,9.7,448.919,448.878,452.000,3.122,14.202600,100.850000,51.510100,0.711456,18.000000,97.069064,12.731060,4.000000,0.000000,0.000000,0.000000,0.000000,0.000000,0.000000,0.000000,0.000000,0.000000,8.671875,15.000000,-0.03208191,-0.06588074,-0.06588074,-3.114161,-6.394981,-6.394981,3.114161,3.114161,6.394981,6.394981,16.605537,18.087713,,,,,,below deadband; feedforward + feedback
2026-05-16 16:58:07,12.7,449.411,448.863,452.000,3.137,14.194900,100.851000,51.500200,0.711393,18.000000,97.070027,14.332156,4.000000,0.000000,0.000000,0.000000,0.000000,0.000000,0.000000,0.000000,0.000000,0.000000,10.253906,15.000000,0.01495173,-0.03255407,-0.03255407,1.451365,-3.160024,-3.160024,-1.451365,-1.451365,3.160024,3.160024,12.091311,14.355791,,,,,,below deadband; feedforward + feedback
2026-05-16 16:58:10,15.7,449.400,448.878,452.000,3.122,14.208300,100.852000,51.510200,0.711576,18.000000,97.070990,15.499290,4.000000,0.000000,0.000000,0.000000,0.000000,0.000000,0.000000,0.000000,0.000000,0.000000,11.440430,15.000000,0.01134979,-0.00721414,-0.00721414,1.101736,-0.700283,-0.700283,-1.101736,-1.101736,0.700283,0.700283,9.452702,11.624689,,,,,,below deadband; feedforward + feedback
2026-05-16 16:58:13,19.2,449.061,448.832,452.000,3.168,14.200200,100.848000,51.510200,0.711294,18.000000,97.067139,16.006987,4.000000,0.000000,0.000000,0.000000,0.000000,0.000000,0.000000,0.000000,0.000000,0.000000,11.888717,13.233581,-0.00857585,-0.00945880,-0.00945880,-0.832433,-0.918139,-0.918139,0.832433,0.832433,0.918139,0.918139,8.015990,9.840264,,,,,,below deadband; feedforward + feedback
2026-05-16 16:58:17,22.7,448.971,448.813,452.000,3.187,14.219900,100.851000,51.506800,0.714182,18.000000,97.070027,15.935302,4.000000,4.000000,0.000000,0.000000,0.000000,0.000000,0.000000,0.000000,0.000000,0.000000,11.791726,11.500750,-0.01124100,-0.00845513,-0.00845513,-1.091165,-0.820739,-0.820739,1.091165,1.091165,0.820739,0.820739,7.026729,8.551761,,,,,,below deadband; feedforward + feedback
2026-05-16 16:58:20,26.2,448.625,448.855,452.000,3.145,14.208300,100.851000,51.506800,0.712380,18.000000,97.070027,15.477914,8.000000,8.000000,3.625000,3.625000,2.686193,0.000000,0.000000,0.000000,1.373585,0.010734,11.388851,10.180228,-0.02303233,-0.00717442,-0.00717442,-2.235749,-0.696421,-0.696421,4.921942,2.235749,0.696421,0.696421,6.427857,7.569843,,,,,,below deadband; feedforward + feedback
2026-05-16 16:58:24,29.7,448.997,448.848,452.000,3.152,14.203900,100.851000,51.506800,0.711480,18.000000,97.070027,14.912094,12.000000,12.000000,7.918750,7.918750,5.869657,0.000000,0.000000,0.000000,2.907069,0.031047,10.814841,9.092810,-0.00769312,-0.00301405,-0.00301405,-0.746771,-0.292574,-0.292574,6.616428,0.746771,0.292574,0.292574,5.796625,6.761258,,,,,,below deadband; feedforward + feedback
2026-05-16 16:58:27,32.7,449.385,448.932,452.000,3.068,14.207900,100.850000,51.506800,0.714314,18.000000,97.069064,14.129254,14.129254,14.129254,11.956250,11.956250,8.895110,0.000000,0.000000,0.000000,4.399804,0.057673,10.140464,8.117332,0.00495281,0.00507088,0.00507088,0.480764,0.492226,0.492226,8.414346,-0.480764,-0.492226,-0.492226,5.168886,6.035909,,,,,,below deadband; feedforward + feedback
2026-05-16 16:58:30,35.7,449.824,449.127,452.000,2.873,14.194700,100.851000,51.510100,0.713310,18.000000,97.070027,13.154468,13.154468,13.154468,14.056250,14.056250,10.433397,0.356241,0.356241,0.029687,5.175854,0.088394,9.420001,7.258614,0.01689815,0.01384712,0.01384712,1.640304,1.344141,1.344141,8.793093,-1.284064,-0.987900,-0.987900,4.582254,5.397381,,,,,,below deadband; feedforward + feedback
2026-05-16 16:58:33,39.2,449.908,449.360,452.000,2.640,14.202900,100.851000,51.503500,0.712776,18.000000,97.070027,12.126726,12.126726,12.126726,13.150000,13.150000,9.768820,0.951692,0.951692,0.100610,5.002787,0.123076,8.694899,6.519593,0.01753540,0.02213443,0.02213443,1.702162,2.148589,2.148589,8.066659,-0.750470,-1.196898,-1.196898,4.137861,4.847858,,,,,,below deadband; feedforward + feedback
2026-05-16 16:58:37,42.7,450.396,449.750,452.000,2.250,14.214600,100.852000,51.513500,0.709739,18.000000,97.070990,10.917792,10.917792,10.917792,12.143750,12.143750,9.020590,1.745237,1.745237,0.218084,4.617551,0.155210,7.992532,5.885431,0.02757204,0.03118911,0.03118911,2.676445,3.027558,3.027558,6.344144,-0.931209,-1.282321,-1.282321,3.747932,4.376306,,,,,,below deadband; feedforward + feedback
2026-05-16 16:58:40,46.2,449.930,450.039,452.000,1.961,14.201300,100.849000,51.506800,0.712627,18.000000,97.068102,0.000000,6.917792,6.917792,10.850000,10.850000,8.142233,2.558040,2.558040,0.374081,4.164891,0.184322,7.341262,5.387450,0.01534555,0.03467458,0.03467458,1.489564,3.365796,3.365796,6.652669,1.068476,-0.807756,-0.807756,3.556543,4.006016,,,,,,within deadband and CO2 rising; MFC zero
2026-05-16 16:58:44,49.7,450.914,450.243,452.000,1.757,14.216300,100.849000,51.506800,0.712248,18.000000,97.068102,0.000000,2.917792,2.917792,6.912500,6.912500,5.130722,3.192352,3.192352,0.550223,2.619978,0.202485,6.751438,4.981965,0.03413673,0.03821041,0.03821041,3.313587,3.709012,3.709012,1.817134,-0.121235,-0.516659,-0.516659,3.311357,3.704504,,,,,,within deadband and CO2 rising; MFC zero
2026-05-16 16:58:47,53.2,450.165,450.258,452.000,1.742,14.212800,100.849000,51.503500,0.711587,18.000000,97.068102,0.000000,0.000000,0.000000,2.906250,2.906250,2.170333,3.664550,3.664550,0.733418,1.072823,0.210703,6.236300,4.690889,0.01775241,0.03526465,0.03526465,1.723193,3.423073,3.423073,0.447140,1.941356,0.241477,0.241477,3.225732,3.488065,,,,,,within deadband and CO2 rising; MFC zero
2026-05-16 16:58:50,56.2,449.831,450.248,452.000,1.752,14.202900,100.850000,51.500200,0.714033,18.000000,97.069064,0.000000,0.000000,0.000000,0.000000,0.000000,0.000000,3.960378,3.960378,0.912694,0.000000,0.210703,5.794377,4.468608,0.01083798,0.03381252,0.03381252,1.052032,3.282150,3.282150,-1.052032,2.908346,0.678229,0.678229,3.207063,3.322780,,,,,,within deadband and CO2 rising; MFC zero
2026-05-16 16:58:53,59.2,449.963,450.174,452.000,1.826,14.193200,100.850000,51.506800,0.714213,18.000000,97.069064,0.000000,0.000000,0.000000,0.000000,0.000000,0.000000,4.035158,4.035158,1.077034,0.000000,0.210703,5.417935,4.288607,0.01252420,0.03215848,0.03215848,1.215713,3.121593,3.121593,-1.215713,2.819445,0.913564,0.913564,3.185528,3.188935,,,,,,within deadband and CO2 rising; MFC zero
2026-05-16 16:58:57,62.7,449.497,450.094,452.000,1.906,14.189300,100.850000,51.510100,0.712299,18.000000,97.069064,0.000000,0.000000,0.000000,0.000000,0.000000,0.000000,3.951906,3.951906,1.220778,0.000000,0.210703,5.098459,4.140033,0.02674049,0.02948450,0.03306310,2.595674,2.862033,3.209404,-2.595674,1.356232,1.089874,0.742502,3.089249,3.078458,,,,,,within deadband and CO2 rising; MFC zero
2026-05-16 16:59:00,66.2,449.983,449.994,452.000,2.006,14.194200,100.850000,51.510200,0.712834,18.000000,97.069064,7.434220,4.000000,0.000000,0.000000,0.000000,0.000000,3.726304,3.726304,1.340088,0.000000,0.210703,4.826376,4.010127,0.01566416,0.02657671,0.02993926,1.520505,2.579777,2.906176,-1.520505,2.205799,1.146528,0.820128,3.045077,2.981861,,,,,,below deadband; feedforward + feedback
2026-05-16 16:59:04,69.7,449.331,449.878,452.000,2.122,14.197600,100.852000,51.503500,0.712039,18.000000,97.070990,7.352239,4.000000,0.000000,0.000000,0.000000,0.000000,3.508937,3.508937,1.438672,0.000000,0.210703,4.593725,3.895773,0.00712619,0.02382522,0.02588635,0.691746,2.312738,2.512813,-0.691746,2.817190,1.196199,0.996123,3.034225,2.896830,,,,,,below deadband; feedforward + feedback
2026-05-16 16:59:07,72.7,450.008,449.819,452.000,2.181,14.210700,100.848000,51.506900,0.713477,18.000000,97.067139,7.228623,4.000000,0.000000,0.000000,0.000000,0.000000,3.341844,3.341844,1.521419,0.000000,0.210703,4.393930,3.794543,0.01635324,0.02164500,0.02210846,1.587362,2.101018,2.146005,-1.587362,1.754482,1.240826,1.195839,2.976055,2.821557,,,,,,below deadband; feedforward + feedback
2026-05-16 16:59:10,75.7,449.577,449.775,452.000,2.225,14.199300,100.850000,51.503500,0.711483,18.000000,97.069064,7.113189,4.000000,4.000000,0.000000,0.000000,0.000000,3.189942,3.189942,1.590941,0.000000,0.210703,4.221339,3.703567,0.01094139,0.01982397,0.01913485,1.062070,1.924294,1.857402,-1.062070,2.127872,1.265649,1.332540,2.939178,2.753909,,,,,,below deadband; feedforward + feedback
2026-05-16 16:59:13,79.2,449.387,449.684,452.000,2.316,14.202100,100.849000,51.496900,0.711120,18.000000,97.068102,7.083388,7.083388,7.083388,7.900000,7.900000,5.939368,3.029298,3.029298,1.648475,3.038591,0.232762,4.072545,3.626164,0.00433622,0.01706767,0.01210850,0.420909,1.656727,1.175349,5.518460,2.608389,1.372571,1.853949,2.925395,2.696353,,,,,,below deadband; feedforward + feedback
2026-05-16 16:59:17,82.7,449.492,449.627,452.000,2.373,14.214000,100.851000,51.510200,0.715181,18.000000,97.070027,7.028293,7.028293,7.028293,0.150000,0.150000,0.088300,2.884058,2.884058,1.695998,0.045266,0.244605,3.943350,3.555765,0.00741191,0.01541547,0.00589295,0.719475,1.496380,0.572028,-0.631174,2.164583,1.387678,2.312029,2.894962,2.644006,,,,,,below deadband; feedforward + feedback
2026-05-16 16:59:20,86.2,449.626,449.654,452.000,2.346,14.199800,100.848000,51.496900,0.712450,18.000000,97.067139,6.879730,6.879730,6.879730,6.950000,6.950000,5.163254,2.788314,2.788314,1.736454,2.645050,0.258729,3.830580,3.492270,0.01687429,0.01413314,-0.00044975,1.637939,1.371863,-0.043656,3.525315,1.150375,1.416451,2.831971,2.827863,2.596792,,,,,,below deadband; feedforward + feedback
2026-05-16 16:59:24,89.7,450.527,449.654,452.000,2.346,14.209900,100.847000,51.506800,0.712734,18.000000,97.066177,6.783705,6.783705,6.783705,6.831250,6.831250,5.088895,2.939708,2.939708,1.779427,2.609276,0.276558,3.734295,3.445440,0.03195020,0.01321896,-0.00618919,3.101284,1.283114,-0.600761,1.987612,-0.161575,1.656595,3.540469,2.717143,2.561970,,,,,,below deadband; feedforward + feedback
2026-05-16 16:59:27,93.2,450.187,449.769,452.000,2.231,14.186900,100.850000,51.510100,0.712893,18.000000,97.069064,6.551492,6.551492,6.551492,6.743750,6.743750,5.014537,2.927551,2.927551,1.819018,2.483708,0.294097,3.651452,3.402921,0.00907581,0.01288601,-0.00878589,0.880980,1.250833,-0.852838,4.133557,2.046571,1.676718,3.780389,2.693194,2.530354,,,,,,below deadband; feedforward + feedback
2026-05-16 16:59:30,96.2,450.483,449.858,452.000,2.142,14.187300,100.849000,51.506800,0.714177,18.000000,97.068102,6.364298,6.364298,6.364298,6.550000,6.550000,4.875115,2.989402,2.989402,1.858030,2.418154,0.308828,3.580348,3.367037,0.00778166,0.01270105,-0.00891539,0.755351,1.232867,-0.865400,4.119765,2.234051,1.756535,3.854802,2.677361,2.503671,,,,,,below deadband; feedforward + feedback
2026-05-16 16:59:33,99.2,449.851,449.970,452.000,2.030,14.246200,100.850000,51.510100,0.712723,18.000000,97.069064,6.157967,6.157967,6.157967,6.362500,6.362500,4.717104,3.059932,3.059932,1.896801,2.337657,0.323121,3.519487,3.336903,-0.00904219,0.01265559,-0.00783197,-0.877717,1.228466,-0.760242,5.594821,3.937649,1.831466,3.820174,2.719371,2.481264,,,,,,below deadband; feedforward + feedback
2026-05-16 16:59:37,102.7,449.949,450.061,452.000,1.939,14.193400,100.851000,51.510200,0.712790,18.000000,97.070027,0.000000,2.157967,2.157967,6.143750,6.143750,4.577682,3.134592,3.134592,1.935482,2.339794,0.339236,3.468104,3.313958,-0.00707578,0.01217922,-0.00485857,-0.686846,1.182238,-0.471622,5.264528,3.821437,1.952354,3.606213,2.754921,2.464202,,,,,,within deadband and CO2 rising; MFC zero
2026-05-16 16:59:40,106.2,450.525,450.215,452.000,1.785,14.191600,100.852000,51.500200,0.711011,18.000000,97.070990,0.000000,0.000000,0.000000,2.125000,2.125000,1.612645,3.199212,3.199212,1.973777,0.823091,0.345690,3.424384,3.293222,0.00690782,0.01265482,0.00064495,0.670549,1.228415,0.062606,0.942097,2.528664,1.970797,3.136606,2.747851,2.448783,,,,,,within deadband and CO2 rising; MFC zero
2026-05-16 16:59:44,109.7,450.172,450.222,452.000,1.778,14.186300,100.849000,51.506800,0.712121,18.000000,97.068102,0.000000,0.000000,0.000000,0.000000,0.000000,0.000000,3.253291,3.253291,2.011410,0.000000,0.345690,3.387407,3.276477,0.00937847,0.01252102,0.00609925,0.910351,1.215392,0.592043,-0.910351,2.342941,2.037899,2.661249,2.735581,2.436332,,,,,,within deadband and CO2 rising; MFC zero
2026-05-16 16:59:47,113.2,450.347,450.226,452.000,1.774,14.189300,100.847000,51.500200,0.710224,18.000000,97.066177,0.000000,0.000000,0.000000,0.000000,0.000000,0.000000,3.289389,3.289389,2.047924,0.000000,0.345690,3.356388,3.263329,0.00458840,0.01221293,0.00741572,0.445379,1.185462,0.719815,-0.445379,2.844010,2.103927,2.569574,2.738770,2.426556,,,,,,within deadband and CO2 rising; MFC zero
2026-05-16 16:59:50,116.2,449.813,450.192,452.000,1.808,14.190300,100.852000,51.506800,0.712999,18.000000,97.070990,0.000000,0.000000,0.000000,0.000000,0.000000,0.000000,3.244382,3.244382,2.081159,0.000000,0.345690,3.330214,3.251693,-0.00065549,0.01154487,0.00799042,-0.063629,1.120672,0.775638,0.063629,3.308011,2.123711,2.468744,2.755034,2.417903,,,,,,within deadband and CO2 rising; MFC zero
2026-05-16 16:59:53,119.2,449.783,450.133,452.000,1.867,14.200200,100.851000,51.506800,0.710717,18.000000,97.070027,0.000000,0.000000,0.000000,0.000000,0.000000,0.000000,3.155495,3.155495,2.110195,0.000000,0.345690,3.307539,3.239513,-0.00349587,0.01095745,0.00862285,-0.339344,1.063640,0.837020,0.339344,3.494839,2.091855,2.318475,2.775584,2.408846,,,,,,within deadband and CO2 rising; MFC zero
2026-05-16 16:59:57,122.7,450.108,450.029,452.000,1.971,14.201100,100.853000,51.506800,0.712910,18.000000,97.071952,0.000000,0.000000,0.000000,0.000000,0.000000,0.000000,3.057758,3.057758,2.135131,0.000000,0.345690,3.287215,3.226245,0.01623561,0.01044529,0.00903321,1.576023,1.013945,0.876871,-1.576023,1.481736,2.043814,2.180887,2.740615,2.398980,,,,,,within deadband and CO2 rising; MFC zero
2026-05-16 17:00:00,126.2,450.133,449.988,452.000,2.012,14.192200,100.853000,51.503500,0.711967,18.000000,97.071952,5.883512,4.000000,0.000000,0.000000,0.000000,0.000000,2.965894,2.965894,2.156432,0.000000,0.345690,3.268302,3.211564,0.00156306,0.01011360,0.00923612,0.151729,0.981747,0.896568,-0.151729,2.814166,1.984147,2.069326,2.742551,2.388064,,,,,,below deadband; feedforward + feedback
2026-05-16 17:00:04,129.7,450.419,449.949,452.000,2.051,14.183200,100.849000,51.503500,0.710459,18.000000,97.068102,5.917227,4.000000,4.000000,0.000000,0.000000,0.000000,2.879389,2.879389,2.174506,0.000000,0.345690,3.250364,3.196548,0.01848776,0.00954772,0.00790530,1.794572,0.926779,0.767352,-1.794572,1.084818,1.952610,2.112037,2.700045,2.376898,,,,,,below deadband; feedforward + feedback
2026-05-16 17:00:07,133.2,449.720,449.914,452.000,2.086,14.205100,100.852000,51.506800,0.711673,18.000000,97.070990,5.945017,5.945017,5.945017,3.637500,3.637500,2.704783,2.797787,2.797787,2.189708,1.341379,0.356309,3.233260,3.181950,-0.00233618,0.00880862,0.00513865,-0.226775,0.855061,0.498814,2.931558,3.024562,1.942726,2.298973,2.708158,2.366044,,,,,,below deadband; feedforward + feedback
2026-05-16 17:00:10,136.2,449.984,449.946,452.000,2.054,14.193700,100.852000,51.510200,0.711971,18.000000,97.070990,5.886659,5.886659,5.886659,5.768750,5.768750,4.270954,2.731436,2.731436,2.202606,2.114586,0.368255,3.216546,3.166402,0.01339522,0.00864754,0.00434211,1.300288,0.839425,0.421493,2.970667,1.431149,1.892011,2.309943,2.677011,2.354482,,,,,,below deadband; feedforward + feedback
2026-05-16 17:00:13,139.2,449.751,449.907,452.000,2.093,14.193800,100.852000,51.496900,0.711589,18.000000,97.070990,5.921468,5.921468,5.921468,5.831250,5.831250,4.345312,2.668160,2.668160,2.213433,2.150093,0.381241,3.200134,3.150900,0.00299166,0.00821861,0.00123267,0.290404,0.797789,0.119657,4.054909,2.377756,1.870371,2.548503,2.669886,2.342956,,,,,,below deadband; feedforward + feedback
2026-05-16 17:00:17,142.7,450.036,449.950,452.000,2.050,14.188900,100.850000,51.506800,0.714972,18.000000,97.069064,5.849245,5.849245,5.849245,5.875000,5.875000,4.377844,2.666992,2.666992,2.223741,2.238580,0.396530,3.184245,3.136578,0.00677325,0.00805585,0.00011488,0.657473,0.781973,0.011151,3.720372,2.009519,1.885019,2.655841,2.654529,2.332306,,,,,,below deadband; feedforward + feedback
2026-05-16 17:00:20,146.2,451.151,450.121,452.000,1.879,14.236400,100.849000,51.503500,0.713208,18.000000,97.068102,0.000000,1.849245,1.849245,5.731250,5.731250,4.331370,2.696050,2.696050,2.234237,2.210780,0.411731,3.168952,3.123074,0.03203423,0.00829920,0.00133412,3.109502,0.805587,0.129500,1.221868,-0.413452,1.890462,2.566549,2.584802,2.322264,,,,,,within deadband and CO2 rising; MFC zero
2026-05-16 17:00:24,149.7,450.582,450.293,452.000,1.707,14.187400,100.848000,51.503500,0.712267,18.000000,97.067139,0.000000,0.000000,1.849245,0.000000,0.000000,0.000000,2.736767,2.736767,2.245162,0.000000,0.411731,3.154426,3.110848,0.00937834,0.00848477,0.00236328,0.910329,0.823592,0.229397,-0.910329,1.826438,1.913175,2.507370,2.567949,2.313173,,,,,,within deadband and CO2 rising; MFC zero
2026-05-16 17:00:27,153.2,450.220,450.381,452.000,1.619,14.186500,100.851000,51.500200,0.712790,18.000000,97.070027,0.000000,0.000000,0.000000,0.000000,0.000000,0.000000,2.776631,2.776631,2.256470,0.000000,0.411731,3.140942,3.100488,-0.00168073,0.00842484,0.00300121,-0.163149,0.817800,0.291327,0.163149,2.939780,1.958831,2.485304,2.576033,2.305470,,,,,,within deadband and CO2 rising; MFC zero
2026-05-16 17:00:31,156.7,449.822,450.428,452.000,1.572,14.187400,100.849000,51.513500,0.711121,18.000000,97.068102,0.000000,0.000000,0.000000,0.000000,0.000000,0.000000,2.799027,2.799027,2.267773,0.000000,0.411731,3.128622,3.091662,-0.01226935,0.00826248,0.00411437,-1.190962,0.802023,0.399374,1.190962,3.989989,1.997004,2.399653,2.606117,2.298907,,,,,,within deadband and CO2 rising; MFC zero
2026-05-16 17:00:34,159.7,449.818,450.336,452.000,1.664,14.177700,100.853000,51.503500,0.711529,18.000000,97.071952,0.000000,0.000000,0.000000,0.000000,0.000000,0.000000,2.743046,2.743046,2.277472,0.000000,0.411731,3.117082,3.082461,-0.00078995,0.00795833,0.00278244,-0.076682,0.772531,0.270097,0.076682,2.819728,1.970515,2.472949,2.610567,2.292065,,,,,,within deadband and CO2 rising; MFC zero
2026-05-16 17:00:37,162.7,449.893,450.194,452.000,1.806,14.181400,100.853000,51.513500,0.712419,18.000000,97.071952,0.000000,0.000000,0.000000,0.000000,0.000000,0.000000,2.689261,2.689261,2.285708,0.000000,0.411731,3.106061,3.072999,-0.00371442,0.00764356,0.00142493,-0.360566,0.741976,0.138321,0.360566,3.049827,1.947285,2.550940,2.619532,2.285029,,,,,,within deadband and CO2 rising; MFC zero
2026-05-16 17:00:40,166.2,449.873,450.080,452.000,1.920,14.180400,100.852000,51.506800,0.712179,18.000000,97.070990,0.000000,0.000000,0.000000,0.000000,0.000000,0.000000,2.629118,2.629118,2.292442,0.000000,0.411731,3.095364,3.063271,-0.00336141,0.00727044,0.00270036,-0.326295,0.705749,0.262126,0.326295,2.955413,1.923369,2.366991,2.626249,2.277796,,,,,,within deadband and CO2 rising; MFC zero
2026-05-16 17:00:44,169.7,450.255,450.021,452.000,1.979,14.188900,100.849000,51.506800,0.712784,18.000000,97.068102,0.000000,0.000000,0.000000,0.000000,0.000000,0.000000,2.571606,2.571606,2.297810,0.000000,0.411731,3.084790,3.053067,0.00072270,0.00701321,0.00342997,0.070151,0.680759,0.332941,-0.070151,2.501454,1.890847,2.238665,2.623802,2.270209,,,,,,within deadband and CO2 rising; MFC zero
2026-05-16 17:00:47,173.2,450.032,449.997,452.000,2.003,14.190300,100.851000,51.503500,0.712649,18.000000,97.070027,5.678125,4.000000,0.000000,0.000000,0.000000,0.000000,2.516556,2.516556,2.301937,0.000000,0.411731,3.074225,3.042533,0.00060505,0.00673390,0.00349946,0.058733,0.653660,0.339693,-0.058733,2.457824,1.862896,2.176863,2.620610,2.262376,,,,,,below deadband; feedforward + feedback
2026-05-16 17:00:50,176.2,449.661,449.966,452.000,2.034,14.176600,100.852000,51.503500,0.712349,18.000000,97.070990,5.707618,4.000000,4.000000,0.000000,0.000000,0.000000,2.471213,2.471213,2.305072,0.000000,0.411731,3.063678,3.032037,0.00121011,0.00641286,0.00129102,0.117467,0.622503,0.125320,-0.117467,2.353746,1.848710,2.345893,2.615575,2.254571,,,,,,below deadband; feedforward + feedback
2026-05-16 17:00:53,179.2,449.689,449.920,452.000,2.080,14.206400,100.850000,51.503500,0.711963,18.000000,97.069064,5.757665,5.757665,5.757665,3.487500,3.487500,2.583951,2.427475,2.427475,2.307298,1.321044,0.422309,3.053188,3.021718,-0.00305888,0.00604987,-0.00133729,-0.296923,0.587255,-0.129809,2.880873,2.724397,1.840219,2.557284,2.617590,2.246898,,,,,,below deadband; feedforward + feedback
2026-05-16 17:00:57,182.7,450.377,449.941,452.000,2.059,14.197400,100.849000,51.503500,0.711022,18.000000,97.068102,5.719023,5.719023,5.719023,5.606250,5.606250,4.154769,2.378364,2.378364,2.308567,2.126797,0.435579,3.042627,3.010942,0.00615138,0.00589444,-0.00154454,0.597103,0.572162,-0.149926,3.557666,1.781261,1.806201,2.528289,2.602384,2.238885,,,,,,below deadband; feedforward + feedback
2026-05-16 17:01:00,186.2,450.269,450.064,452.000,1.936,14.177100,100.851000,51.503500,0.714841,18.000000,97.070027,0.000000,1.719023,1.719023,5.612500,5.612500,4.210538,2.331201,2.331201,2.308964,2.155042,0.450253,2.761749,1.919117,0.00845394,0.00558870,0.00099999,0.820625,0.542495,0.097069,3.389913,1.510576,1.788706,2.234131,2.582888,1.427023,,,,,,within deadband and CO2 rising; MFC zero
2026-05-16 17:01:04,189.7,450.550,450.227,452.000,1.773,14.188700,100.852000,51.496900,0.713038,18.000000,97.070990,0.000000,0.000000,1.719023,0.000000,0.000000,0.000000,2.352071,2.352071,2.309707,0.000000,0.450253,2.522724,1.805648,0.00636987,0.00528765,0.00231194,0.618330,0.513277,0.224422,-0.618330,1.733742,1.838794,2.127649,2.567990,1.342649,,,,,,within deadband and CO2 rising; MFC zero
2026-05-16 17:01:07,193.2,448.338,450.306,452.000,1.694,14.188700,100.848000,51.510200,0.713843,18.000000,97.067139,0.000000,0.000000,1.719023,0.000000,0.000000,0.000000,2.382593,2.382593,2.310942,0.000000,0.450253,2.335766,1.774891,-0.02732828,0.00471367,-0.00072897,-2.652677,0.457542,-0.070759,2.652677,5.035271,1.925051,2.453352,2.610530,1.319779,,,,,,within deadband and CO2 rising; MFC zero
2026-05-16 17:01:11,196.7,449.957,450.339,452.000,1.661,14.183100,100.850000,51.503500,0.712893,18.000000,97.069064,0.000000,0.000000,0.000000,0.000000,0.000000,0.000000,2.405312,2.405312,2.312515,0.000000,0.450253,2.203614,1.807158,0.00092439,0.00421764,-0.00126741,0.089730,0.409402,-0.123026,-0.089730,2.315582,1.995909,2.528338,2.605531,1.343772,,,,,,within deadband and CO2 rising; MFC zero
2026-05-16 17:01:14,199.7,449.951,450.216,452.000,1.784,14.191200,100.852000,51.510100,0.712421,18.000000,97.070990,0.000000,0.000000,0.000000,0.000000,0.000000,0.000000,2.367333,2.367333,2.351971,0.000000,0.450253,2.111365,1.834620,0.00104206,0.00356980,-0.00425240,0.101153,0.346524,-0.412784,-0.101153,2.266180,2.020809,2.780118,2.599875,1.364192,,,,,,within deadband and CO2 rising; MFC zero
2026-05-16 17:01:17,202.7,449.746,450.131,452.000,1.869,14.179600,100.852000,51.503500,0.712379,18.000000,97.070990,0.000000,0.000000,0.000000,0.000000,0.000000,0.000000,2.330535,2.330535,2.351619,0.000000,0.450253,2.049840,1.865264,-0.00647083,0.00287767,-0.00495802,-0.628129,0.279338,-0.481279,0.628129,2.958665,2.051197,2.811815,2.605757,1.386978,,,,,,within deadband and CO2 rising; MFC zero
2026-05-16 17:01:20,206.2,450.203,449.998,452.000,2.002,14.181100,100.852000,51.503500,0.713715,18.000000,97.070990,4.615532,4.000000,0.000000,0.000000,0.000000,0.000000,2.289024,2.289024,2.428963,0.000000,0.450253,2.012326,1.899783,-0.01391648,0.00212743,-0.00316406,-1.350886,0.206512,-0.307138,1.350886,3.639911,2.082512,2.596163,1.931477,1.412646,,,,,,below deadband; feedforward + feedback
2026-05-16 17:01:24,209.7,450.197,450.040,452.000,1.960,14.174100,100.855000,51.506800,0.710648,18.000000,97.073877,0.000000,0.000000,0.000000,0.000000,0.000000,0.000000,2.254603,2.254603,2.466540,0.000000,0.450253,1.995488,1.944975,-0.00371442,0.00151891,-0.00012519,-0.360573,0.147447,-0.012153,0.360573,2.615176,2.107156,2.266756,1.923161,1.446250,,,,,,within deadband and CO2 rising; MFC zero
2026-05-16 17:01:27,212.7,449.675,450.035,452.000,1.965,14.170100,100.852000,51.506800,0.713038,18.000000,97.070990,0.000000,0.000000,0.000000,0.000000,0.000000,0.000000,2.248966,2.248966,2.504023,0.000000,0.450253,1.999273,2.010626,-0.00915984,0.00108222,0.00062333,-0.889155,0.105052,0.060507,0.889155,3.138121,2.143915,2.188460,1.999652,1.495067,,,,,,within deadband and CO2 rising; MFC zero
2026-05-16 17:01:30,215.7,450.055,450.049,452.000,1.951,14.181300,100.852000,51.510100,0.710757,18.000000,97.070990,0.000000,0.000000,0.000000,0.000000,0.000000,0.000000,2.248966,2.248966,2.541506,0.000000,0.450253,2.021723,2.089074,0.00236980,0.00089548,0.00209850,0.230039,0.086925,0.203704,-0.230039,2.018928,2.162041,2.045263,2.051663,1.553399,,,,,,within deadband and CO2 rising; MFC zero
2026-05-16 17:01:33,219.2,450.080,450.088,452.000,1.912,14.185900,100.852000,51.506800,0.713250,18.000000,97.070990,0.000000,0.000000,0.000000,0.000000,0.000000,0.000000,2.248966,2.248966,2.578988,0.000000,0.450253,2.059511,2.172876,0.00440345,0.00083340,0.00175674,0.427447,0.080899,0.170528,-0.427447,1.821520,2.168068,2.078438,2.068148,1.615714,,,,,,within deadband and CO2 rising; MFC zero
2026-05-16 17:01:37,222.7,450.524,450.121,452.000,1.879,14.177900,100.848000,51.503500,0.713772,18.000000,97.067139,0.000000,0.000000,0.000000,0.000000,0.000000,0.000000,2.248966,2.248966,2.616471,0.000000,0.450253,2.109123,2.257960,0.00754636,0.00118343,0.00196170,0.732504,0.114872,0.190417,-0.732504,1.516462,2.134095,2.058549,2.075236,1.678981,,,,,,within deadband and CO2 rising; MFC zero
2026-05-16 17:01:40,226.2,450.205,450.192,452.000,1.808,14.171400,100.852000,51.500200,0.714360,18.000000,97.070990,0.000000,0.000000,0.000000,0.000000,0.000000,0.000000,2.248966,2.248966,2.653954,0.000000,0.450253,2.164423,2.330322,-0.00124372,0.00155707,0.00264315,-0.120729,0.151146,0.256574,0.120729,2.369696,2.097820,1.992393,2.077469,1.732788,,,,,,within deadband and CO2 rising; MFC zero
2026-05-16 17:01:44,229.7,450.504,450.259,452.000,1.741,14.186800,100.852000,51.503500,0.711578,18.000000,97.070990,0.000000,0.000000,0.000000,0.000000,0.000000,0.000000,2.248966,2.248966,2.691437,0.000000,0.450253,2.221881,2.394254,0.00969767,0.00204519,0.00328862,0.941363,0.198528,0.319229,-0.941363,1.307604,2.050438,1.929737,2.086816,1.780326,,,,,,within deadband and CO2 rising; MFC zero
2026-05-16 17:01:47,233.2,450.279,450.298,452.000,1.702,14.187500,100.852000,51.503500,0.712546,18.000000,97.070990,0.000000,0.000000,0.000000,0.000000,0.000000,0.000000,2.232433,2.232433,2.728644,0.000000,0.450253,2.276085,2.438696,0.00388243,0.00212692,0.00349954,0.376872,0.206462,0.339704,-0.376872,1.855562,2.025971,1.892730,2.125755,1.813373,,,,,,within deadband and CO2 rising; MFC zero
2026-05-16 17:01:50,236.2,450.102,450.325,452.000,1.675,14.199100,100.851000,51.503500,0.712157,18.000000,97.070027,0.000000,0.000000,0.000000,0.000000,0.000000,0.000000,2.195940,2.195940,2.759306,0.000000,0.450253,2.324803,2.470960,0.01092458,0.00228920,0.00256615,1.060450,0.222213,0.249096,-1.060450,1.135490,1.973727,1.946844,2.166080,1.837363,,,,,,within deadband and CO2 rising; MFC zero
2026-05-16 17:01:53,239.2,451.202,450.392,452.000,1.608,14.180100,100.849000,51.506800,0.712898,18.000000,97.068102,0.000000,0.000000,0.000000,0.000000,0.000000,0.000000,2.108592,2.108592,2.778587,0.000000,0.450253,2.367205,2.494408,0.02556355,0.00261134,0.00235439,2.481405,0.253478,0.228536,-2.481405,-0.372813,1.855114,1.880056,2.172375,1.854799,,,,,,within deadband and CO2 rising; MFC zero
2026-05-16 17:01:57,242.7,449.973,450.417,452.000,1.583,14.166700,100.852000,51.503500,0.711461,18.000000,97.070990,0.000000,0.000000,0.000000,0.000000,0.000000,0.000000,1.961002,1.961002,2.782183,0.000000,0.450253,2.402753,2.509397,-0.00568078,0.00277401,0.00305996,-0.551439,0.269276,0.297034,0.551439,2.512442,1.691726,1.663969,2.229769,1.865945,,,,,,within deadband and CO2 rising; MFC zero
2026-05-16 17:02:00,246.2,450.197,450.418,452.000,1.582,14.170200,100.852000,51.506800,0.713575,18.000000,97.070990,0.000000,0.000000,0.000000,0.000000,0.000000,0.000000,1.782124,1.782124,2.769251,0.000000,0.450253,2.431736,2.518687,-0.00872301,0.00270499,0.00492273,-0.846751,0.262576,0.477855,0.846751,2.628876,1.519548,1.304270,2.255776,1.872853,,,,,,within deadband and CO2 rising; MFC zero
2026-05-16 17:02:04,249.7,450.181,450.403,452.000,1.597,14.177800,100.853000,51.510100,0.714905,18.000000,97.071952,0.000000,0.000000,0.000000,0.000000,0.000000,0.000000,1.610496,1.610496,2.742887,0.000000,0.450253,2.454484,2.522728,-0.00670613,0.00259635,0.00729526,-0.650977,0.252033,0.708165,0.650977,2.261473,1.358463,0.902331,2.295487,1.875857,,,,,,within deadband and CO2 rising; MFC zero
2026-05-16 17:02:07,252.7,449.898,450.344,452.000,1.656,14.175500,100.852000,51.513500,0.711037,18.000000,97.070990,0.000000,0.000000,0.000000,0.000000,0.000000,0.000000,1.473723,1.473723,2.722081,0.000000,0.450253,2.471534,2.522682,0.02621944,0.00241842,0.00824333,2.545147,0.234759,0.800189,-2.545147,-1.071424,1.238964,0.673535,2.240292,1.875823,,,,,,within deadband and CO2 rising; MFC zero
2026-05-16 17:02:10,255.7,450.438,450.230,452.000,1.770,14.176700,100.855000,51.506800,0.712045,18.000000,97.073877,0.000000,0.000000,0.000000,0.000000,0.000000,0.000000,1.348534,1.348534,2.684114,0.000000,0.450253,2.483436,2.519144,0.00265556,0.00231709,0.00696343,0.257786,0.224929,0.675967,-0.257786,1.090748,1.123605,0.672567,2.226348,1.873193,,,,,,within deadband and CO2 rising; MFC zero
2026-05-16 17:02:13,258.7,450.328,450.260,452.000,1.740,14.178500,100.853000,51.506800,0.711079,18.000000,97.071952,0.000000,0.000000,0.000000,0.000000,0.000000,0.000000,1.263080,1.263080,2.639896,0.000000,0.450253,2.487445,2.499470,0.00741204,0.00200390,0.00580033,0.719501,0.194523,0.563049,-0.719501,0.543579,1.068557,0.700031,2.187581,1.858563,,,,,,within deadband and CO2 rising; MFC zero
2026-05-16 17:02:16,262.2,450.387,450.236,452.000,1.764,14.180800,100.851000,51.506800,0.711887,18.000000,97.070027,0.000000,0.000000,0.000000,0.000000,0.000000,0.000000,1.207160,1.207160,2.593535,0.000000,0.450253,2.488389,2.491221,0.01077332,0.00177110,0.00453161,1.045767,0.171921,0.439884,-1.045767,0.161394,1.035239,0.767276,2.144006,1.852430,,,,,,within deadband and CO2 rising; MFC zero
2026-05-16 17:02:19,265.2,450.368,450.289,452.000,1.711,14.171500,100.849000,51.500200,0.712798,18.000000,97.068102,0.000000,0.000000,0.000000,0.000000,0.000000,0.000000,1.196285,1.196285,2.548361,0.000000,0.450253,2.486949,2.482631,0.00332779,0.00164741,0.00375131,0.323023,0.159911,0.364132,-0.323023,0.873263,1.036375,0.832153,2.136089,1.846042,,,,,,within deadband and CO2 rising; MFC zero
2026-05-16 17:02:22,268.2,450.116,450.330,452.000,1.670,14.173600,100.853000,51.503500,0.714542,18.000000,97.071952,0.000000,0.000000,0.000000,0.000000,0.000000,0.000000,1.196285,1.196285,2.506885,0.000000,0.450253,2.483635,2.473692,-0.00112607,0.00149831,0.00351510,-0.109310,0.145444,0.341218,0.109310,1.305596,1.050842,0.855068,2.121331,1.839395,,,,,,within deadband and CO2 rising; MFC zero
2026-05-16 17:02:26,271.7,450.514,450.331,452.000,1.669,14.165800,100.855000,51.510100,0.713916,18.000000,97.073877,0.000000,0.000000,0.000000,0.000000,0.000000,0.000000,1.196285,1.196285,2.468973,0.000000,0.450253,2.477491,2.459058,0.00813462,0.00142343,0.00271940,0.789659,0.138178,0.263983,-0.789659,0.406626,1.058108,0.932302,2.081814,1.828513,,,,,,within deadband and CO2 rising; MFC zero
2026-05-16 17:02:29,275.2,449.967,450.340,452.000,1.660,14.177500,100.853000,51.510100,0.711007,18.000000,97.071952,0.000000,0.000000,0.000000,0.000000,0.000000,0.000000,1.196285,1.196285,2.433800,0.000000,0.450253,2.469089,2.443883,-0.00147902,0.00144403,0.00052988,-0.143571,0.140174,0.051436,0.143571,1.339857,1.056111,1.144849,2.075017,1.817229,,,,,,within deadband and CO2 rising; MFC zero
2026-05-16 17:02:33,278.7,449.908,450.275,452.000,1.725,14.181500,100.852000,51.506800,0.711475,18.000000,97.070990,0.000000,0.000000,0.000000,0.000000,0.000000,0.000000,1.196285,1.196285,2.401117,0.000000,0.450253,2.458509,2.426769,-0.00289081,0.00143862,-0.00193314,-0.280614,0.139649,-0.187652,0.280614,1.476899,1.056637,1.383937,2.064345,1.804504,,,,,,within deadband and CO2 rising; MFC zero
2026-05-16 17:02:36,281.7,450.385,450.244,452.000,1.756,14.202600,100.853000,51.513500,0.711373,18.000000,97.071952,0.000000,0.000000,0.000000,0.000000,0.000000,0.000000,1.196285,1.196285,2.371068,0.000000,0.450253,2.445865,2.407935,0.00262189,0.00139171,-0.00283724,0.254512,0.135096,-0.275416,-0.254512,0.941773,1.061190,1.471702,2.037024,1.790499,,,,,,within deadband and CO2 rising; MFC zero
2026-05-16 17:02:39,284.7,450.344,450.181,452.000,1.819,14.186900,100.852000,51.500200,0.713041,18.000000,97.070990,0.000000,0.000000,0.000000,0.000000,0.000000,0.000000,1.196285,1.196285,2.343399,0.000000,0.450253,2.430950,2.386206,-0.00423538,0.00136576,-0.00382238,-0.411132,0.132575,-0.371042,0.411132,1.607418,1.063710,1.567327,2.027890,1.774342,,,,,,within deadband and CO2 rising; MFC zero
2026-05-16 17:02:42,288.2,449.156,450.208,452.000,1.792,14.178100,100.850000,51.500200,0.713791,18.000000,97.069064,0.000000,0.000000,0.000000,0.000000,0.000000,0.000000,1.117419,1.117419,2.316008,0.000000,0.450253,2.413559,2.361383,-0.01919369,0.00166694,-0.00275659,-1.863113,0.161808,-0.267579,1.863113,2.980533,0.955611,1.384999,2.057892,1.755884,,,,,,within deadband and CO2 rising; MFC zero
2026-05-16 17:02:46,291.7,450.686,450.169,452.000,1.831,14.183000,100.850000,51.506900,0.711006,18.000000,97.069064,0.000000,0.000000,0.000000,0.000000,0.000000,0.000000,1.032453,1.032453,2.284741,0.000000,0.450253,2.393436,2.333067,0.00110927,0.00157202,-0.00459537,0.107675,0.152595,-0.446068,-0.107675,0.924778,0.879858,1.478521,2.075701,1.734829,,,,,,within deadband and CO2 rising; MFC zero
2026-05-16 17:02:49,295.2,450.038,450.208,452.000,1.792,14.184400,100.850000,51.506800,0.712684,18.000000,97.069064,0.000000,0.000000,0.000000,0.000000,0.000000,0.000000,0.981843,0.981843,2.252844,0.000000,0.450253,2.370587,2.302040,-0.00660529,0.00151243,-0.00458434,-0.641170,0.146811,-0.444997,0.641170,1.623013,0.835033,1.426840,2.068758,1.711758,,,,,,within deadband and CO2 rising; MFC zero
2026-05-16 17:02:53,298.7,450.031,450.227,452.000,1.773,14.178000,100.855000,51.503500,0.710294,18.000000,97.073877,0.000000,0.000000,0.000000,0.000000,0.000000,0.000000,0.892346,0.892346,2.218466,0.000000,0.450253,2.345129,2.268757,-0.01968138,0.00133759,-0.00401144,-1.910548,0.129846,-0.389406,1.910548,2.802894,0.762500,1.281752,2.078083,1.687009,,,,,,within deadband and CO2 rising; MFC zero
2026-05-16 17:02:56,301.7,450.400,450.181,452.000,1.819,14.175300,100.853000,51.506800,0.711713,18.000000,97.071952,0.000000,0.000000,0.000000,0.000000,0.000000,0.000000,0.816477,0.816477,2.181688,0.000000,0.450253,2.317488,2.234565,0.00544549,0.00126660,-0.00122412,0.528604,0.122951,-0.118828,-0.528604,0.287873,0.693526,0.935305,2.018251,1.661584,,,,,,within deadband and CO2 rising; MFC zero
2026-05-16 17:02:59,304.7,449.844,450.183,452.000,1.817,14.179900,100.850000,51.510100,0.713131,18.000000,97.069064,0.000000,0.000000,0.000000,0.000000,0.000000,0.000000,0.741898,0.741898,2.142464,0.000000,0.450253,2.288142,2.200103,-0.00467244,0.00110718,-0.00250074,-0.453549,0.107473,-0.242744,0.453549,1.195447,0.634426,0.984642,1.975202,1.635959,,,,,,within deadband and CO2 rising; MFC zero
2026-05-16 17:03:02,308.2,450.147,450.195,452.000,1.805,14.157800,100.853000,51.503500,0.712699,18.000000,97.071952,0.000000,0.000000,0.000000,0.000000,0.000000,0.000000,0.657629,0.657629,2.100798,0.000000,0.450253,2.257408,2.165204,0.00053783,0.00103782,-0.00199810,0.052208,0.100743,-0.193959,-0.052208,0.605422,0.556887,0.851589,1.943673,1.610009,,,,,,within deadband and CO2 rising; MFC zero
2026-05-16 17:03:06,311.7,450.421,450.239,452.000,1.761,14.162700,100.851000,51.506800,0.713538,18.000000,97.070027,0.000000,0.000000,0.000000,0.000000,0.000000,0.000000,0.576346,0.576346,2.056914,0.000000,0.450253,2.225397,2.129367,0.00416815,0.00092096,-0.00114709,0.404602,0.089398,-0.111348,-0.404602,0.171744,0.486948,0.687694,1.908080,1.583361,,,,,,within deadband and CO2 rising; MFC zero
2026-05-16 17:03:09,315.2,449.795,450.179,452.000,1.821,14.171300,100.853000,51.506800,0.711050,18.000000,97.071952,0.000000,0.000000,0.000000,0.000000,0.000000,0.000000,0.529419,0.529419,2.011669,0.000000,0.450253,2.192432,2.093535,-0.01080694,0.00053668,-0.00305769,-1.049050,0.052096,-0.296816,1.049050,1.578470,0.477323,0.826236,1.887333,1.556717,,,,,,within deadband and CO2 rising; MFC zero
2026-05-16 17:03:13,318.7,449.797,450.071,452.000,1.929,14.168800,100.854000,51.503500,0.711019,18.000000,97.072915,0.000000,0.000000,0.000000,0.000000,0.000000,0.000000,0.521333,0.521333,1.967029,0.000000,0.450253,2.159280,2.059824,-0.00682365,0.00008249,-0.00538181,-0.662391,0.008007,-0.522428,0.662391,1.183724,0.513326,1.043761,1.852509,1.531650,,,,,,within deadband and CO2 rising; MFC zero
2026-05-16 17:03:16,322.2,449.849,449.976,452.000,2.024,14.164600,100.854000,51.510100,0.713920,18.000000,97.072915,4.757293,4.000000,4.000000,0.000000,0.000000,0.000000,0.521333,0.521333,1.923846,0.000000,0.450253,2.126309,2.027399,-0.00724384,-0.00023623,-0.00713712,-0.703181,-0.022931,-0.692821,0.703181,1.224514,0.544264,1.214154,1.815290,1.507539,,,,,,below deadband; feedforward + feedback
2026-05-16 17:03:19,325.2,449.870,449.893,452.000,2.107,14.176200,100.852000,51.506800,0.710813,18.000000,97.070990,4.833076,4.833076,4.833076,11.393750,11.393750,8.597677,0.521333,0.521333,1.882265,4.260720,0.471025,2.093413,1.994724,-0.00831950,-0.00028210,-0.00714395,-0.807582,-0.027384,-0.693471,9.405259,1.328915,0.548717,1.214804,1.812785,1.483242,,,,,,below deadband; feedforward + feedback
2026-05-16 17:03:22,328.2,449.717,449.795,452.000,2.205,14.168500,100.852000,51.500200,0.715009,18.000000,97.070990,4.927400,4.927400,4.927400,3.825000,3.825000,2.862794,0.521333,0.521333,1.842190,1.419424,0.483529,2.060553,1.961974,-0.01028592,-0.00030655,-0.00818014,-0.998465,-0.029757,-0.794055,3.861259,1.519798,0.551090,1.315388,1.791566,1.458890,,,,,,below deadband; feedforward + feedback
2026-05-16 17:03:26,331.7,449.710,449.775,452.000,2.225,14.162300,100.855000,51.510200,0.711862,18.000000,97.073877,4.919807,4.919807,4.919807,0.437500,0.437500,0.274196,0.521333,0.521333,1.803533,0.140502,0.489964,2.027611,1.928783,-0.01089115,-0.00035488,-0.00866939,-1.057247,-0.034449,-0.841571,1.331443,1.578580,0.555782,1.362904,1.799660,1.434210,,,,,,below deadband; feedforward + feedback
2026-05-16 17:03:29,335.2,449.253,449.812,452.000,2.188,14.148700,100.853000,51.506800,0.712530,18.000000,97.071952,4.839676,4.839676,4.839676,4.812500,4.812500,3.578493,0.624226,0.624226,1.767901,1.831018,0.499712,1.994973,1.897059,-0.01825246,-0.00038309,-0.00850338,-1.771802,-0.037187,-0.825440,5.350295,2.396028,0.661413,1.449666,1.789357,1.410621,,,,,,below deadband; feedforward + feedback
2026-05-16 17:03:33,338.7,449.253,449.697,452.000,2.303,14.175500,100.853000,51.510200,0.711386,18.000000,97.071952,4.957147,4.957147,4.957147,4.781250,4.781250,3.559903,0.692984,0.692984,1.734484,1.825323,0.512176,1.963074,1.867375,-0.01569779,-0.00092744,-0.01187181,-1.523815,-0.090029,-1.152419,5.083718,2.216799,0.783013,1.845404,1.802236,1.388548,,,,,,below deadband; feedforward + feedback
2026-05-16 17:03:36,342.2,449.188,449.628,452.000,2.372,14.173500,100.849000,51.506800,0.712600,18.000000,97.068102,5.015282,5.015282,5.015282,4.912500,4.912500,3.652851,0.679402,0.679402,1.701881,1.810247,0.524840,1.932159,1.839414,-0.01146261,-0.00152051,-0.01427020,-1.112654,-0.147593,-1.385181,4.765504,1.792056,0.826996,2.064584,1.792634,1.367757,,,,,,below deadband; feedforward + feedback
2026-05-16 17:03:39,345.2,449.442,449.581,452.000,2.419,14.156700,100.853000,51.510100,0.711699,18.000000,97.071952,5.047377,5.047377,5.047377,4.975000,4.975000,3.703972,0.676242,0.676242,1.669246,1.834114,0.535937,1.902373,1.813016,-0.01317697,-0.00197218,-0.01605261,-1.279114,-0.191443,-1.558259,4.983086,1.955356,0.867686,2.234501,1.791747,1.348128,,,,,,below deadband; feedforward + feedback
2026-05-16 17:03:42,348.2,449.601,449.479,452.000,2.521,14.165000,100.852000,51.503500,0.711575,18.000000,97.070990,5.151615,5.151615,5.151615,5.037500,5.037500,3.741151,0.665181,0.665181,1.635953,1.908833,0.547160,1.873795,1.788059,-0.00445394,-0.00244683,-0.01586582,-0.432349,-0.237517,-1.540111,4.173500,1.097530,0.902698,2.205292,1.816517,1.329570,,,,,,below deadband; feedforward + feedback
2026-05-16 17:03:46,351.7,449.440,449.396,452.000,2.604,14.155300,100.852000,51.506800,0.713745,18.000000,97.070990,5.231220,5.231220,5.231220,5.137500,5.137500,3.796920,0.652343,0.652343,1.601782,1.933559,0.560437,1.846540,1.764774,-0.01853848,-0.00294837,-0.01736521,-1.799549,-0.286201,-1.685658,5.596469,2.451892,0.938544,2.338001,1.826770,1.312256,,,,,,below deadband; feedforward + feedback
2026-05-16 17:03:49,355.2,449.473,449.386,452.000,2.614,14.167900,100.849000,51.506800,0.711741,18.000000,97.068102,5.218531,5.218531,5.218531,5.218750,5.218750,3.880573,0.640643,0.640643,1.566766,1.987061,0.573978,1.820764,1.743438,-0.01119350,-0.00360249,-0.01836369,-1.086532,-0.349687,-1.782529,4.967105,1.727175,0.990330,2.423172,1.806891,1.296391,,,,,,below deadband; feedforward + feedback
2026-05-16 17:03:53,358.7,448.818,449.330,452.000,2.670,14.167700,100.852000,51.503500,0.712054,18.000000,97.070990,5.267910,5.267910,5.267910,5.200000,5.200000,3.880573,0.684410,0.684410,1.532100,1.922547,0.587472,1.796910,1.725348,-0.02179876,-0.00437248,-0.01925075,-2.116027,-0.424441,-1.868689,5.996600,2.800437,1.108851,2.553099,1.787390,1.282939,,,,,,below deadband; feedforward + feedback
2026-05-16 17:03:56,361.7,449.210,449.277,452.000,2.723,14.154600,100.852000,51.506900,0.712408,18.000000,97.070990,5.315240,5.315240,5.315240,5.243750,5.243750,3.903810,0.741399,0.741399,1.499286,1.934271,0.599178,1.775167,1.709937,-0.02015165,-0.00482698,-0.01828763,-1.956141,-0.468560,-1.775198,5.859951,2.697540,1.209958,2.516597,1.785387,1.271480,,,,,,below deadband; feedforward + feedback
2026-05-16 17:03:59,364.7,449.110,449.249,452.000,2.751,14.173500,100.852000,51.503500,0.713038,18.000000,97.070990,5.332216,5.332216,5.332216,5.300000,5.300000,3.936342,0.799352,0.799352,1.468304,1.956101,0.610998,1.755699,1.697297,-0.01994998,-0.00504727,-0.01900698,-1.936564,-0.489943,-1.845027,5.872906,2.735916,1.289295,2.644378,1.780241,1.262081,,,,,,below deadband; feedforward + feedback
2026-05-16 17:04:02,368.2,448.942,449.169,452.000,2.831,14.161600,100.848000,51.510100,0.711225,18.000000,97.067139,5.419296,5.419296,5.419296,5.312500,5.312500,3.964226,0.867111,0.867111,1.439419,2.024159,0.624845,1.738693,1.687674,-0.02336180,-0.00543963,-0.01824624,-2.267663,-0.528009,-1.771110,6.231889,3.134774,1.395120,2.638221,1.783182,1.254925,,,,,,below deadband; feedforward + feedback
2026-05-16 17:04:06,371.7,449.304,449.115,452.000,2.885,14.163600,100.853000,51.506800,0.711868,18.000000,97.071952,5.474597,5.474597,5.474597,5.406250,5.406250,4.019995,0.935253,0.935253,1.412594,2.048924,0.638879,1.723750,1.678921,-0.00618500,-0.00562054,-0.01600113,-0.600390,-0.545596,-1.553261,4.620385,1.535643,1.480849,2.488514,1.767349,1.248417,,,,,,below deadband; feedforward + feedback
2026-05-16 17:04:09,375.2,449.020,448.994,452.000,3.006,14.171600,100.852000,51.506800,0.709822,18.000000,97.070990,5.618070,5.618070,5.618070,5.468750,5.468750,4.061821,1.004081,1.004081,1.387799,2.078764,0.653094,1.710790,1.671910,-0.01405070,-0.00653360,-0.01774115,-1.363916,-0.634223,-1.722151,5.425737,2.367996,1.638304,2.726231,1.765876,1.243204,,,,,,below deadband; feedforward + feedback
2026-05-16 17:04:13,378.7,448.799,448.884,452.000,3.116,14.161400,100.852000,51.503500,0.713759,18.000000,97.070990,5.750148,5.750148,5.750148,5.606250,5.606250,4.159417,1.073397,1.073397,1.364884,2.057640,0.667549,1.699738,1.666583,-0.01621880,-0.00725924,-0.01914209,-1.574375,-0.704662,-1.858142,5.733792,2.647772,1.778059,2.931538,1.770696,1.239243,,,,,,below deadband; feedforward + feedback
2026-05-16 17:04:16,381.7,449.626,448.887,452.000,3.113,14.163500,100.851000,51.516800,0.711422,18.000000,97.070027,5.737417,5.737417,5.737417,5.737500,5.737500,4.261659,1.133627,1.133627,1.343673,2.111669,0.680291,1.690604,1.663201,-0.00374797,-0.00771475,-0.01828899,-0.363816,-0.748871,-1.775313,4.625475,1.497443,1.882498,2.908940,1.750582,1.236728,,,,,,below deadband; feedforward + feedback
2026-05-16 17:04:19,384.7,448.910,448.811,452.000,3.189,14.133600,100.850000,51.510200,0.711371,18.000000,97.069064,5.829084,5.829084,5.829084,5.731250,5.731250,4.261659,1.194485,1.194485,1.324265,2.110849,0.693111,1.683514,1.662244,-0.01613477,-0.00842249,-0.01879807,-1.566187,-0.817563,-1.824711,5.827846,2.760671,2.012048,3.019196,1.766638,1.236016,,,,,,below deadband; feedforward + feedback
2026-05-16 17:04:22,388.2,448.566,448.735,452.000,3.265,14.161800,100.855000,51.510200,0.712707,18.000000,97.073877,5.922248,5.922248,5.922248,5.831250,5.831250,4.331370,1.227609,1.227609,1.306174,2.216711,0.708224,1.678354,1.662875,-0.02031972,-0.00907269,-0.01948356,-1.972514,-0.880721,-1.891345,6.303885,3.200123,2.108330,3.118954,1.794336,1.236485,,,,,,below deadband; feedforward + feedback
2026-05-16 17:04:26,391.7,447.890,448.679,452.000,3.321,14.150800,100.850000,51.506800,0.712652,18.000000,97.069064,5.992511,5.992511,5.992511,5.912500,5.912500,4.396434,1.243247,1.243247,1.287996,2.240750,0.723583,1.674994,1.664914,-0.03067337,-0.00975913,-0.01965874,-2.977436,-0.947310,-1.908256,7.373869,4.220683,2.190557,3.151503,1.835105,1.238002,,,,,,below deadband; feedforward + feedback
2026-05-16 17:04:29,395.2,448.502,448.648,452.000,3.352,14.177500,100.851000,51.500200,0.711172,18.000000,97.070027,6.030798,6.030798,6.030798,5.987500,5.987500,4.447555,1.244874,1.244874,1.269345,2.274539,0.739127,1.673155,1.667636,-0.01003381,-0.01040844,-0.01737277,-0.973982,-1.010348,-1.686375,5.421537,2.218856,2.255222,2.931249,1.788934,1.240026,,,,,,below deadband; feedforward + feedback
2026-05-16 17:04:33,398.7,448.601,448.587,452.000,3.413,14.168300,100.848000,51.503500,0.714615,18.000000,97.067139,6.109496,6.109496,6.109496,6.012500,6.012500,4.484734,1.299585,1.299585,1.251218,2.222768,0.754718,1.673030,1.672655,-0.01455518,-0.01099966,-0.01789427,-1.412830,-1.067706,-1.736945,5.897564,2.712415,2.367291,3.036531,1.795440,1.243757,,,,,,below deadband; feedforward + feedback
2026-05-16 17:04:36,401.7,448.730,448.606,452.000,3.394,14.173300,100.852000,51.510200,0.711802,18.000000,97.070990,6.086403,6.086403,6.086403,6.100000,6.100000,4.545150,1.365462,1.365462,1.234794,2.253072,0.768327,1.674766,1.679974,-0.00769763,-0.01135198,-0.01702928,-0.747217,-1.101948,-1.653050,5.292367,2.112679,2.467410,3.018512,1.792923,1.249200,,,,,,below deadband; feedforward + feedback
2026-05-16 17:04:39,404.7,448.893,448.548,452.000,3.452,14.159400,100.850000,51.506900,0.712429,18.000000,97.069064,6.166761,6.166761,6.166761,6.081250,6.081250,4.531208,1.432036,1.432036,1.220065,2.243073,0.781928,1.678727,1.690612,-0.00922707,-0.01171427,-0.01718600,-0.895663,-1.137094,-1.668229,5.426872,2.327699,2.569130,3.100265,1.782580,1.257110,,,,,,below deadband; feedforward + feedback
2026-05-16 17:04:42,408.2,448.394,448.562,452.000,3.438,14.161100,100.851000,51.513500,0.710646,18.000000,97.070027,6.154022,6.154022,6.154022,6.156250,6.156250,4.582329,1.510240,1.510240,1.207298,2.343887,0.797926,1.685229,1.704733,-0.02519377,-0.01200288,-0.01588482,-2.445559,-1.165120,-1.541940,7.027889,3.955800,2.675360,3.052180,1.787758,1.267611,,,,,,below deadband; feedforward + feedback
2026-05-16 17:04:46,411.7,448.876,448.598,452.000,3.402,14.157300,100.849000,51.506800,0.711601,18.000000,97.068102,6.117029,6.117029,6.117029,6.162500,6.162500,4.577682,1.589350,1.589350,1.196392,2.341498,0.813946,1.694559,1.722550,-0.00710939,-0.01225655,-0.01315043,-0.690095,-1.189720,-1.276487,5.267777,2.279445,2.779070,2.865838,1.782254,1.280858,,,,,,below deadband; feedforward + feedback
2026-05-16 17:04:49,415.2,448.697,448.627,452.000,3.373,14.164600,100.852000,51.503500,0.712436,18.000000,97.070990,6.091400,6.091400,6.091400,6.106250,6.106250,4.563740,1.668600,1.668600,1.186878,2.332285,0.829916,1.706717,1.743190,-0.01531122,-0.01237776,-0.01110893,-1.486275,-1.201522,-1.078355,6.050015,3.154875,2.870122,2.746955,1.782529,1.296207,,,,,,below deadband; feedforward + feedback
2026-05-16 17:04:53,418.7,449.056,448.713,452.000,3.287,14.162300,100.848000,51.503500,0.712732,18.000000,97.067139,5.994305,5.994305,5.994305,6.093750,6.093750,4.531208,1.748686,1.748686,1.178677,2.314538,0.845776,1.721768,1.766922,0.00005042,-0.01231725,-0.00831594,0.004894,-1.195600,-0.807204,4.526314,1.743792,2.944286,2.555890,1.778019,1.313853,,,,,,below deadband; feedforward + feedback
2026-05-16 17:04:56,422.2,449.172,448.777,452.000,3.223,14.150900,100.855000,51.510200,0.713493,18.000000,97.073877,5.929312,5.929312,5.929312,7.362500,7.362500,5.553635,1.828738,1.828738,1.171788,2.749688,0.873143,1.740019,1.794770,0.00067228,-0.01200390,-0.00405538,0.065261,-1.165265,-0.393672,5.488374,1.763477,2.994002,2.222409,1.777067,1.334560,,,,,,below deadband; feedforward + feedback
2026-05-16 17:04:59,425.2,448.353,448.806,452.000,3.194,14.168700,100.852000,51.500200,0.710559,18.000000,97.070990,5.914576,5.914576,5.914576,2.937500,2.937500,2.207512,1.897112,1.897112,1.166019,1.092558,0.882540,1.762116,1.828407,-0.01121031,-0.01205567,-0.00209967,-1.088196,-1.170255,-0.203817,3.295708,2.985308,3.067368,2.100929,1.801147,1.359572,,,,,,below deadband; feedforward + feedback
2026-05-16 17:05:02,428.2,448.600,448.783,452.000,3.217,14.159500,100.853000,51.510100,0.711136,18.000000,97.071952,5.970634,5.970634,5.970634,5.837500,5.837500,4.340665,1.965069,1.965069,1.161365,2.153843,0.893416,1.788621,1.868137,-0.00510934,-0.01214927,-0.00108637,-0.495974,-1.179354,-0.105456,4.836639,2.461043,3.144422,2.070525,1.802644,1.389115,,,,,,below deadband; feedforward + feedback
2026-05-16 17:05:06,431.7,448.545,448.747,452.000,3.253,14.205600,100.852000,51.500200,0.711603,18.000000,97.070990,6.049586,6.049586,6.049586,5.943750,5.943750,4.410376,2.101842,2.101842,1.158954,2.254052,0.908809,1.820296,1.915321,-0.00134456,-0.01222085,0.00043716,-0.130518,-1.186290,0.042435,4.540894,2.232360,3.288131,2.059406,1.817804,1.424200,,,,,,below deadband; feedforward + feedback
2026-05-16 17:05:09,435.2,448.509,448.662,452.000,3.338,14.156700,100.850000,51.513500,0.709549,18.000000,97.069064,6.196197,6.196197,6.196197,6.037500,6.037500,4.494029,2.162409,2.162409,1.157806,2.297378,0.924478,1.857014,1.967167,-0.00801691,-0.01233050,-0.00055149,-0.778194,-1.196910,-0.053532,5.272223,2.940603,3.359319,2.215941,1.835592,1.462752,,,,,,below deadband; feedforward + feedback
2026-05-16 17:05:13,438.7,448.984,448.625,452.000,3.375,14.157400,100.848000,51.506800,0.712463,18.000000,97.067139,6.289284,6.289284,6.289284,6.175000,6.175000,4.582329,2.227786,2.227786,1.158328,2.344698,0.940482,1.901264,2.034016,-0.00206727,-0.01221693,0.00042818,-0.200664,-1.185862,0.041562,4.782993,2.428450,3.413648,2.186224,1.856788,1.512460,,,,,,below deadband; feedforward + feedback
2026-05-16 17:05:16,442.2,448.742,448.719,452.000,3.281,14.148400,100.852000,51.510200,0.713139,18.000000,97.070990,6.214374,6.214374,6.214374,6.275000,6.275000,4.656688,2.304909,2.304909,1.161546,2.306114,0.956690,1.949551,2.094410,0.00958022,-0.01190217,0.00482721,0.929962,-1.155356,0.468582,3.726726,1.374948,3.460265,1.836328,1.885439,1.557368,,,,,,below deadband; feedforward + feedback
2026-05-16 17:05:19,445.2,448.800,448.819,452.000,3.181,14.154000,100.853000,51.510100,0.711571,18.000000,97.071952,6.135847,6.135847,6.135847,6.225000,6.225000,4.624156,2.372146,2.372146,1.168286,2.289387,0.970603,2.000980,2.155267,0.00717673,-0.01141256,0.00615449,0.696659,-1.107840,0.597428,3.927497,1.675486,3.479985,1.774717,1.871719,1.602620,,,,,,below deadband; feedforward + feedback
2026-05-16 17:05:22,448.2,448.625,448.899,452.000,3.101,14.171200,100.855000,51.510100,0.711269,18.000000,97.073877,6.086124,6.086124,6.086124,6.131250,6.131250,4.563740,2.440671,2.440671,1.179082,2.335677,0.984359,2.054911,2.216704,0.00322701,-0.01109545,0.00654757,0.313258,-1.077078,0.635598,4.250482,2.127413,3.517750,1.805074,1.863498,1.648303,,,,,,below deadband; feedforward + feedback
2026-05-16 17:05:26,451.7,449.173,449.068,452.000,2.932,14.158300,100.851000,51.500200,0.710871,18.000000,97.070027,5.922218,5.922218,5.922218,6.081250,6.081250,4.517266,2.521885,2.521885,1.194023,2.311038,1.000212,2.110748,2.278259,0.01341203,-0.01038304,0.00921012,1.301907,-1.007882,0.894027,3.215359,1.219978,3.529766,1.627858,1.846424,1.694075,,,,,,below deadband; feedforward + feedback
2026-05-16 17:05:29,455.2,449.161,449.135,452.000,2.865,14.149900,100.855000,51.496900,0.711623,18.000000,97.073877,5.892399,5.892399,5.892399,5.925000,5.925000,4.405729,2.602958,2.602958,1.212535,2.257547,1.015723,2.168202,2.340563,0.00643710,-0.00983643,0.01079485,0.624874,-0.954860,1.047898,3.780854,1.978084,3.557819,1.555061,1.896416,1.740403,,,,,,below deadband; feedforward + feedback
2026-05-16 17:05:33,458.7,449.728,449.313,452.000,2.687,14.151800,100.852000,51.506800,0.713744,18.000000,97.070990,5.719490,5.719490,5.719490,5.881250,5.881250,4.363902,2.682963,2.682963,1.233933,2.231601,1.031067,2.226910,2.403036,0.01860542,-0.00908802,0.01384102,1.806046,-0.882183,1.343562,2.557856,0.876917,3.565147,1.339402,1.915400,1.786857,,,,,,below deadband; feedforward + feedback
2026-05-16 17:05:36,462.2,449.141,449.415,452.000,2.585,14.168000,100.850000,51.506800,0.715380,18.000000,97.069064,5.646758,5.646758,5.646758,5.718750,5.718750,4.261659,2.762073,2.762073,1.259848,2.116743,1.046004,2.286561,2.465513,0.01467257,-0.00832153,0.01642810,1.424253,-0.807763,1.594660,2.837406,1.337820,3.569837,1.167413,1.935007,1.833313,,,,,,below deadband; feedforward + feedback
2026-05-16 17:05:39,465.2,449.860,449.511,452.000,2.489,14.166600,100.852000,51.510100,0.711943,18.000000,97.070990,5.582453,5.582453,5.582453,5.643750,5.643750,4.201243,2.828369,2.828369,1.287049,2.086840,1.058654,2.346883,2.527847,0.02502571,-0.00760576,0.01811335,2.429270,-0.738299,1.758281,1.771973,0.399099,3.566668,1.070088,1.927104,1.879664,,,,,,below deadband; feedforward + feedback
2026-05-16 17:05:42,468.2,449.448,449.573,452.000,2.427,14.148400,100.853000,51.506800,0.712486,18.000000,97.071952,5.562912,5.562912,5.562912,5.575000,5.575000,4.150122,2.894164,2.894164,1.315347,2.123001,1.071151,2.408245,2.592334,0.01695833,-0.00670425,0.01897238,1.646178,-0.650794,1.841686,2.503944,1.247986,3.544958,1.052478,1.926144,1.927615,,,,,,below deadband; feedforward + feedback
2026-05-16 17:05:46,471.7,449.643,449.641,452.000,2.359,14.136200,100.853000,51.506800,0.713233,18.000000,97.071952,5.537579,5.537579,5.537579,5.562500,5.562500,4.131532,2.969394,2.969394,1.344899,2.112920,1.085645,2.470879,2.658780,0.01699195,-0.00595971,0.02010288,1.649442,-0.578520,1.951425,2.482090,1.319952,3.547914,1.017968,1.941366,1.977023,,,,,,below deadband; feedforward + feedback
2026-05-16 17:05:49,475.2,449.940,449.734,452.000,2.266,14.148300,100.852000,51.506800,0.710953,18.000000,97.070990,5.480795,5.480795,5.480795,5.531250,5.531250,4.108295,3.043183,3.043183,1.375681,2.104391,1.100061,2.534518,2.725435,0.01640413,-0.00482425,0.02292985,1.592365,-0.468295,2.225823,2.515930,1.450818,3.511477,0.817359,1.943215,2.026587,,,,,,below deadband; feedforward + feedback
2026-05-16 17:05:53,478.7,450.062,449.894,452.000,2.106,14.189500,100.850000,51.510100,0.712130,18.000000,97.069064,5.336817,5.336817,5.336817,5.468750,5.468750,4.075764,3.115914,3.115914,1.407675,2.089536,1.114344,2.599060,2.792687,0.01803397,-0.00357435,0.02667868,1.750540,-0.346959,2.589674,2.325223,1.365374,3.462874,0.526240,1.941357,2.076594,,,,,,below deadband; feedforward + feedback
2026-05-16 17:05:56,482.2,449.580,449.938,452.000,2.062,14.153800,100.850000,51.513500,0.712541,18.000000,97.069064,5.344706,5.344706,5.344706,5.337500,5.337500,3.968874,3.188297,3.188297,1.440875,2.031903,1.128311,2.664453,2.860631,0.00566396,-0.00240462,0.02886001,0.549796,-0.233415,2.801414,3.419078,2.638502,3.421712,0.386884,1.969636,2.127116,,,,,,below deadband; feedforward + feedback
2026-05-16 17:06:00,485.7,449.610,449.981,452.000,2.019,14.154200,100.852000,51.503500,0.714235,18.000000,97.070990,5.356006,5.356006,5.356006,5.325000,5.325000,3.973521,3.260286,3.260286,1.475275,1.967256,1.142133,2.730786,2.929786,0.01448796,-0.00155543,0.02756664,1.406361,-0.150987,2.675921,2.567160,1.853925,3.411273,0.584365,1.973744,2.178539,,,,,,below deadband; feedforward + feedback
2026-05-16 17:06:03,488.7,449.850,449.981,452.000,2.019,14.142900,100.851000,51.506800,0.713732,18.000000,97.070027,5.422176,5.422176,5.422176,5.350000,5.350000,3.982816,3.321445,3.321445,1.512009,1.975581,1.154092,2.798083,2.999972,0.01287442,-0.00055253,0.02644785,1.249720,-0.053634,2.567293,2.733095,2.071725,3.375079,0.754152,1.958597,2.230728,,,,,,below deadband; feedforward + feedback
2026-05-16 17:06:06,491.7,450.224,449.931,452.000,2.069,14.142700,100.852000,51.513500,0.712152,18.000000,97.070990,5.555896,5.555896,5.555896,5.418750,5.418750,4.029290,3.381339,3.381339,1.551157,2.061745,1.166165,2.866239,3.070708,0.03339615,0.00055745,0.02515047,3.241798,0.054112,2.441381,0.787492,0.139541,3.327226,0.939957,1.945510,2.283326,,,,,,below deadband; feedforward + feedback
2026-05-16 17:06:09,495.2,450.392,449.953,452.000,2.047,14.144700,100.852000,51.510200,0.713392,18.000000,97.070990,5.596282,5.596282,5.596282,5.550000,5.550000,4.131532,3.450747,3.450747,1.592305,2.117120,1.180543,2.934922,3.140972,0.02808505,0.00156632,0.02212713,2.726243,0.152044,2.147902,1.405289,0.724504,3.298704,1.302845,1.930535,2.335573,,,,,,below deadband; feedforward + feedback
2026-05-16 17:06:13,498.7,450.241,450.034,452.000,1.966,14.147600,100.853000,51.510100,0.715200,18.000000,97.071952,0.000000,1.596282,1.596282,5.568750,5.568750,4.150122,3.520354,3.520354,1.636105,2.055059,1.195008,3.003659,3.209870,0.01334479,0.00247799,0.01965932,1.295405,0.240543,1.908368,2.854717,2.224949,3.279810,1.611986,1.920902,2.386805,,,,,,within deadband and CO2 rising; MFC zero
2026-05-16 17:06:16,501.7,449.844,450.063,452.000,1.937,14.144100,100.852000,51.506800,0.711040,18.000000,97.070990,0.000000,0.000000,0.000000,0.000000,0.000000,0.000000,3.580607,3.580607,1.682174,0.000000,1.195008,3.060603,3.231433,0.01852138,0.00321381,0.01792140,1.797889,0.311968,1.739648,-1.797889,1.782718,3.268639,1.840959,1.945816,2.402838,,,,,,within deadband and CO2 rising; MFC zero
2026-05-16 17:06:19,504.7,450.492,450.163,452.000,1.837,14.149100,100.854000,51.503500,0.712499,18.000000,97.072915,0.000000,0.000000,0.000000,0.000000,0.000000,0.000000,3.642150,3.642150,1.730512,0.000000,1.195008,3.119699,3.296987,0.02843757,0.00429481,0.01892359,2.760518,0.416909,1.836968,-2.760518,0.881633,3.225241,1.805182,1.940586,2.451583,,,,,,within deadband and CO2 rising; MFC zero
2026-05-16 17:06:22,508.2,449.564,450.107,452.000,1.893,14.144700,100.852000,51.510100,0.711136,18.000000,97.070990,0.000000,0.000000,0.000000,0.000000,0.000000,0.000000,3.714743,3.714743,1.781463,0.000000,1.195008,3.192574,3.411199,0.00647073,0.00495007,0.01338732,0.628120,0.480509,1.299521,-0.628120,3.086623,3.234234,2.415222,1.981940,2.536509,,,,,,within deadband and CO2 rising; MFC zero
2026-05-16 17:06:26,511.7,449.721,450.041,452.000,1.959,14.158200,100.853000,51.510200,0.711021,18.000000,97.071952,0.000000,0.000000,0.000000,0.000000,0.000000,0.000000,3.725118,3.725118,1.833943,0.000000,1.195008,3.263550,3.476478,0.01379859,0.00564695,0.01054329,1.339456,0.548161,1.023458,-1.339456,2.385661,3.176957,2.701660,2.018838,2.585049,,,,,,within deadband and CO2 rising; MFC zero
2026-05-16 17:06:29,515.2,450.331,449.997,452.000,2.003,14.143300,100.852000,51.510100,0.713265,18.000000,97.070990,5.935984,4.000000,0.000000,0.000000,0.000000,0.000000,3.725118,3.725118,1.887205,0.000000,1.195008,3.331911,3.536995,0.01433641,0.00652837,0.00696021,1.391650,0.633715,0.675634,-1.391650,2.333468,3.091402,3.049484,2.031421,2.630049,,,,,,below deadband; feedforward + feedback
2026-05-16 17:06:33,518.7,449.860,449.876,452.000,2.124,14.148100,100.853000,51.513500,0.711629,18.000000,97.071952,6.158568,4.000000,0.000000,0.000000,0.000000,0.000000,3.725118,3.725118,1.940601,0.000000,1.195008,3.397325,3.593567,0.00122692,0.00690783,0.00410061,0.119099,0.670556,0.398054,-0.119099,3.606019,3.054562,3.327064,2.071793,2.672115,,,,,,below deadband; feedforward + feedback
2026-05-16 17:06:36,522.2,449.936,449.809,452.000,2.191,14.141300,100.852000,51.506800,0.712717,18.000000,97.070990,6.308552,4.000000,4.000000,0.000000,0.000000,0.000000,3.725118,3.725118,1.993997,0.000000,1.195008,3.459992,3.647994,0.00384882,0.00734173,0.00136096,0.373609,0.712669,0.132109,-0.373609,3.351509,3.012449,3.593009,2.107243,2.712586,,,,,,below deadband; feedforward + feedback
2026-05-16 17:06:39,525.2,449.314,449.902,452.000,2.098,14.155300,100.853000,51.503500,0.713009,18.000000,97.071952,6.247313,6.247313,6.247313,3.512500,3.512500,2.602540,3.725118,3.725118,2.047394,1.287785,1.204836,3.519957,3.699849,-0.01063887,0.00798657,0.00184215,-1.032736,0.775272,0.178821,3.635276,4.757853,2.949846,3.546296,2.164392,2.751145,,,,,,below deadband; feedforward + feedback
2026-05-16 17:06:42,528.2,449.777,449.874,452.000,2.126,14.161200,100.855000,51.503500,0.710660,18.000000,97.073877,6.341152,6.341152,6.341152,8.568750,8.568750,6.431992,3.725118,3.725118,2.100790,3.296031,1.229717,3.577525,3.750231,0.00510935,0.00823539,-0.00114356,0.495984,0.799442,-0.111010,5.936008,3.229134,2.925676,3.836127,2.192881,2.788607,,,,,,below deadband; feedforward + feedback
2026-05-16 17:06:46,531.7,449.726,449.846,452.000,2.154,14.153400,100.852000,51.503500,0.714123,18.000000,97.070990,6.432501,6.432501,6.432501,3.812500,3.812500,2.867441,3.725118,3.725118,2.154187,1.465712,1.243301,3.632821,3.798710,0.00558004,0.00865322,-0.00421419,0.541660,0.839977,-0.409076,2.325782,3.183458,2.885141,4.134193,2.219629,2.824655,,,,,,below deadband; feedforward + feedback
2026-05-16 17:06:49,535.2,449.768,449.876,452.000,2.124,14.144100,100.856000,51.513500,0.711362,18.000000,97.074840,6.447191,6.447191,6.447191,6.306250,6.306250,4.693867,3.670267,3.670267,2.204954,2.401378,1.256788,3.685558,3.843767,-0.00216815,0.00896955,-0.00453347,-0.210473,0.870717,-0.440086,4.904339,3.880740,2.799550,4.110353,2.244374,2.858159,,,,,,below deadband; feedforward + feedback
2026-05-16 17:06:53,538.7,450.153,449.832,452.000,2.168,14.145300,100.852000,51.510100,0.713195,18.000000,97.070990,6.554575,6.554575,6.554575,6.412500,6.412500,4.758930,3.740001,3.740001,2.255738,2.359139,1.273330,3.735915,3.886985,0.00179839,0.00922835,-0.00341571,0.174571,0.895805,-0.331567,4.584359,3.565430,2.844196,4.071568,2.266851,2.890295,,,,,,below deadband; feedforward + feedback
2026-05-16 17:06:56,541.7,449.978,449.878,452.000,2.122,14.153300,100.858000,51.506800,0.712626,18.000000,97.076765,6.542064,6.542064,6.542064,6.531250,6.531250,4.847231,3.769559,3.769559,2.280554,2.397741,1.287844,3.783767,3.927324,0.00668934,0.00968134,-0.00175462,0.649380,0.939833,-0.170333,4.197851,3.120179,2.829725,3.939891,2.280840,2.920291,,,,,,below deadband; feedforward + feedback
2026-05-16 17:06:59,544.7,451.082,450.025,452.000,1.975,14.152300,100.850000,51.506800,0.712273,18.000000,97.069064,0.000000,2.542064,2.542064,6.518750,6.518750,4.856526,3.785116,3.785116,2.331468,2.477318,1.302419,3.829027,3.964805,0.01867264,0.01020742,-0.00048589,1.812536,0.990824,-0.047165,3.043990,1.972580,2.794291,3.832281,2.283800,2.948161,,,,,,within deadband and CO2 rising; MFC zero
2026-05-16 17:07:02,548.2,450.642,450.143,452.000,1.857,14.149100,100.855000,51.510100,0.711833,18.000000,97.073877,0.000000,0.000000,0.000000,2.475000,2.475000,1.896136,3.805704,3.805704,2.411397,0.968359,1.309672,3.871564,3.999175,0.01331120,0.01061571,0.00118548,1.292169,1.030508,0.115079,0.603967,2.513534,2.775195,3.690625,2.312874,2.973718,,,,,,within deadband and CO2 rising; MFC zero
2026-05-16 17:07:06,551.7,450.232,450.299,452.000,1.701,14.142500,100.856000,51.510100,0.712069,18.000000,97.074840,0.000000,0.000000,0.000000,0.000000,0.000000,0.000000,3.826687,3.826687,2.464303,0.000000,1.309672,3.911399,4.030904,0.00258829,0.01104142,0.00348517,0.251258,1.071844,0.338322,-0.251258,3.575429,2.754843,3.488364,2.331599,2.997311,,,,,,within deadband and CO2 rising; MFC zero
2026-05-16 17:07:09,555.2,449.635,450.348,452.000,1.652,14.140100,100.855000,51.503500,0.712817,18.000000,97.073877,0.000000,0.000000,0.000000,0.000000,0.000000,0.000000,3.841965,3.841965,2.517658,0.000000,1.309672,3.948298,4.058995,-0.00961364,0.01108110,0.00493673,-0.933233,1.075686,0.479228,0.933233,4.775198,2.766279,3.362737,2.382400,3.018199,,,,,,within deadband and CO2 rising; MFC zero
2026-05-16 17:07:13,558.7,450.052,450.303,452.000,1.697,14.151000,100.854000,51.510100,0.712583,18.000000,97.072915,0.000000,0.000000,0.000000,0.000000,0.000000,0.000000,3.805622,3.805622,2.569678,0.000000,1.309672,3.981905,4.082728,0.00270596,0.01107003,0.00585263,0.262675,1.074600,0.568132,-0.262675,3.542947,2.731022,3.237490,2.394775,3.035847,,,,,,within deadband and CO2 rising; MFC zero
2026-05-16 17:07:16,561.7,450.052,450.251,452.000,1.749,14.150200,100.854000,51.503500,0.710608,18.000000,97.072915,0.000000,0.000000,0.000000,0.000000,0.000000,0.000000,3.748634,3.748634,2.619799,0.000000,1.309672,4.011966,4.102148,-0.00191601,0.01119131,0.00614382,-0.185992,1.086373,0.596399,0.185992,3.934626,2.662260,3.152235,2.415393,3.050287,,,,,,within deadband and CO2 rising; MFC zero
2026-05-16 17:07:19,564.7,449.895,450.111,452.000,1.889,14.153800,100.849000,51.510100,0.711080,18.000000,97.068102,0.000000,0.000000,0.000000,0.000000,0.000000,0.000000,3.690681,3.690681,2.667988,0.000000,1.309672,4.038370,4.117582,0.00010084,0.01090858,0.00808727,0.009789,1.058875,0.785016,-0.009789,3.680892,2.631805,2.905665,2.431143,3.061764,,,,,,within deadband and CO2 rising; MFC zero
2026-05-16 17:07:22,568.2,450.233,450.019,452.000,1.981,14.136100,100.852000,51.510200,0.713252,18.000000,97.070990,0.000000,0.000000,0.000000,0.000000,0.000000,0.000000,3.622922,3.622922,2.713918,0.000000,1.309672,4.061192,4.129657,0.00647071,0.01060836,0.00658099,0.628118,1.029764,0.638824,-0.628118,2.994803,2.593158,2.984098,2.428810,3.070742,,,,,,within deadband and CO2 rising; MFC zero
2026-05-16 17:07:26,571.7,451.338,450.088,452.000,1.912,14.145500,100.851000,51.510100,0.714940,18.000000,97.070027,0.000000,0.000000,0.000000,0.000000,0.000000,0.000000,3.554779,3.554779,2.757577,0.000000,1.309672,4.080492,4.138392,0.02909353,0.01044081,0.00706525,2.824110,1.013489,0.685824,-2.824110,0.730670,2.541290,2.868955,2.415394,3.077237,,,,,,within deadband and CO2 rising; MFC zero
2026-05-16 17:07:29,575.2,449.802,450.036,452.000,1.964,14.116600,100.853000,51.506800,0.711683,18.000000,97.071952,0.000000,0.000000,0.000000,0.000000,0.000000,0.000000,3.485951,3.485951,2.798941,0.000000,1.309672,4.096584,4.144862,-0.00161347,0.01000225,0.00532929,-0.156623,0.970938,0.517325,0.156623,3.642575,2.515013,2.968627,2.436637,3.082048,,,,,,within deadband and CO2 rising; MFC zero
2026-05-16 17:07:33,578.7,450.240,449.988,452.000,2.012,14.155900,100.856000,51.506800,0.713279,18.000000,97.074840,6.724427,4.000000,4.000000,0.000000,0.000000,0.000000,3.416636,3.416636,2.837995,0.000000,1.309672,4.109434,4.147983,0.00848756,0.00951866,0.00253091,0.823928,0.924022,0.245688,-0.823928,2.592707,2.492614,3.170948,2.435719,3.084369,,,,,,below deadband; feedforward + feedback
2026-05-16 17:07:36,582.2,450.055,450.058,452.000,1.942,14.141800,100.851000,51.513500,0.713678,18.000000,97.070027,0.000000,0.000000,4.000000,3.581250,3.581250,2.667604,3.346297,3.346297,2.874873,1.323823,1.321147,4.118977,4.147607,0.00398334,0.00920937,0.00132605,0.386663,0.893953,0.128719,2.280941,2.959634,2.452344,3.217578,2.460089,3.084090,,,,,,within deadband and CO2 rising; MFC zero
2026-05-16 17:07:39,585.2,449.876,450.025,452.000,1.975,14.131400,100.851000,51.510100,0.713917,18.000000,97.070027,0.000000,0.000000,4.000000,3.887500,3.887500,2.890678,3.285393,3.285393,2.909721,1.430939,1.329633,4.125343,4.144442,0.00989952,0.00868816,0.00136607,0.960947,0.843360,0.132604,1.929732,2.324446,2.442033,3.152789,2.452818,3.081736,,,,,,within deadband and CO2 rising; MFC zero
2026-05-16 17:07:42,588.2,450.872,450.152,452.000,1.848,14.136100,100.853000,51.510100,0.712432,18.000000,97.071952,0.000000,0.000000,4.000000,3.943750,3.943750,2.937152,3.223188,3.223188,2.942981,1.503079,1.338397,4.128270,4.137049,0.02117726,0.00870188,0.00311962,2.055718,0.844708,0.302828,0.881435,1.167470,2.378479,2.920360,2.418941,3.076238,,,,,,within deadband and CO2 rising; MFC zero
2026-05-16 17:07:46,591.7,450.715,450.315,452.000,1.685,14.134600,100.855000,51.516800,0.711693,18.000000,97.073877,0.000000,0.000000,4.000000,3.962500,3.962500,2.946447,3.199312,3.199312,2.975582,1.505562,1.348696,4.127794,4.126366,0.01031954,0.00874778,0.00501070,1.001758,0.849181,0.486408,1.944689,2.197554,2.350131,2.712904,2.385222,3.068295,,,,,,within deadband and CO2 rising; MFC zero
2026-05-16 17:07:49,595.2,450.591,450.464,452.000,1.536,14.138900,100.852000,51.506800,0.711364,18.000000,97.070990,0.000000,0.000000,4.000000,3.956250,3.956250,2.946447,3.173705,3.173705,3.007729,1.499638,1.359022,4.124169,4.113295,0.01482382,0.00853412,0.00476451,1.438963,0.828415,0.462496,1.507484,1.734742,2.345289,2.711209,2.377153,3.058576,,,,,,within deadband and CO2 rising; MFC zero
2026-05-16 17:07:53,598.7,451.587,450.699,452.000,1.301,14.145800,100.852000,51.513500,0.712408,18.000000,97.070990,0.000000,0.000000,4.000000,3.975000,3.975000,2.960389,3.149004,3.149004,3.038553,1.515236,1.369370,4.117486,4.097436,0.02398370,0.00866906,0.00662662,2.328121,0.841514,0.643253,0.632268,0.820883,2.307490,2.505751,2.345628,3.046784,,,,,,within deadband and CO2 rising; MFC zero
2026-05-16 17:07:56,602.2,450.417,450.796,452.000,1.204,14.140600,100.855000,51.510100,0.711707,18.000000,97.073877,0.000000,0.000000,0.000000,3.975000,3.975000,2.969684,3.123606,3.123606,3.067855,1.473235,1.379684,4.107971,4.079427,0.00087397,0.00878448,0.00931239,0.084839,0.852743,0.903990,2.884845,3.038766,2.270862,2.219616,2.361063,3.033392,,,,,,within deadband and CO2 rising; MFC zero
2026-05-16 17:07:59,605.2,450.629,450.766,452.000,1.234,14.126000,100.852000,51.510100,0.711573,18.000000,97.070990,0.000000,0.000000,0.000000,0.000000,0.000000,0.000000,3.101229,3.101229,3.095675,0.000000,1.379684,4.095851,4.059490,0.00495808,0.00859570,0.01220547,0.481286,0.834393,1.184797,-0.481286,2.619942,2.266835,1.916432,2.365933,3.018567,,,,,,within deadband and CO2 rising; MFC zero
2026-05-16 17:08:02,608.2,450.701,450.817,452.000,1.183,14.134100,100.852000,51.510100,0.712757,18.000000,97.070990,0.000000,0.000000,0.000000,0.000000,0.000000,0.000000,3.078445,3.078445,3.121812,0.000000,1.379684,4.081294,4.037622,-0.00205046,0.00836593,0.01435804,-0.199040,0.812089,1.393749,0.199040,3.277485,2.266356,1.684696,2.354628,3.002307,,,,,,within deadband and CO2 rising; MFC zero
2026-05-16 17:08:06,611.7,450.824,450.758,452.000,1.242,14.125500,100.854000,51.500200,0.712104,18.000000,97.072915,0.000000,0.000000,0.000000,0.000000,0.000000,0.000000,3.051118,3.051118,3.146175,0.000000,1.379684,4.064121,4.012602,0.00408411,0.00790781,0.01601581,0.396457,0.767634,1.554701,-0.396457,2.654661,2.283484,1.496417,2.360882,2.983702,,,,,,within deadband and CO2 rising; MFC zero
2026-05-16 17:08:09,615.2,450.324,450.709,452.000,1.291,14.126100,100.854000,51.500200,0.712667,18.000000,97.072915,0.000000,0.000000,0.000000,0.000000,0.000000,0.000000,2.979293,2.979293,3.168020,0.000000,1.379684,4.044409,3.985274,0.01267251,0.00738942,0.01700149,1.230158,0.717312,1.650385,-1.230158,1.749135,2.261980,1.328908,2.337453,2.963381,,,,,,within deadband and CO2 rising; MFC zero
2026-05-16 17:08:13,618.7,451.988,450.666,452.000,1.334,14.146500,100.853000,51.503500,0.711377,18.000000,97.071952,0.000000,0.000000,0.000000,0.000000,0.000000,0.000000,2.899206,2.899206,3.187195,0.000000,1.379684,4.022206,3.955597,0.03442086,0.00697605,0.01697952,3.341300,0.677179,1.648235,-3.341300,-0.442093,2.222027,1.250971,2.301021,2.941314,,,,,,within deadband and CO2 rising; MFC zero
2026-05-16 17:08:16,622.2,450.285,450.594,452.000,1.406,14.133800,100.853000,51.503500,0.711247,18.000000,97.071952,0.000000,0.000000,0.000000,0.000000,0.000000,0.000000,2.819155,2.819155,3.203702,0.000000,1.379684,3.997591,3.923746,0.00605054,0.00657043,0.01546125,0.587338,0.637804,1.500854,-0.587338,2.231817,2.181351,1.318301,2.308827,2.917631,,,,,,within deadband and CO2 rising; MFC zero
2026-05-16 17:08:19,625.2,450.038,450.554,452.000,1.446,14.136800,100.853000,51.510200,0.711668,18.000000,97.071952,0.000000,0.000000,0.000000,0.000000,0.000000,0.000000,2.750780,2.750780,3.217930,0.000000,1.379684,3.970836,3.890569,0.00191600,0.00621164,0.01181774,0.185990,0.602976,1.147171,-0.185990,2.564790,2.147804,1.603609,2.301818,2.892961,,,,,,within deadband and CO2 rising; MFC zero
2026-05-16 17:08:22,628.2,450.274,450.469,452.000,1.531,14.136700,100.854000,51.503500,0.713723,18.000000,97.072915,0.000000,0.000000,0.000000,0.000000,0.000000,0.000000,2.682824,2.682824,3.229892,0.000000,1.379684,3.942153,3.856104,0.00574812,0.00565502,0.00863676,0.557987,0.548949,0.838395,-0.557987,2.124837,2.133874,1.844429,2.296215,2.867333,,,,,,within deadband and CO2 rising; MFC zero
2026-05-16 17:08:26,631.7,450.713,450.523,452.000,1.477,14.134900,100.855000,51.510200,0.715739,18.000000,97.073877,0.000000,0.000000,0.000000,0.000000,0.000000,0.000000,2.546051,2.546051,3.237296,0.000000,1.379684,3.911138,3.818094,0.01670651,0.00558888,0.00895729,1.621765,0.542534,0.869519,-1.621765,0.924286,2.003517,1.676532,2.274414,2.839069,,,,,,within deadband and CO2 rising; MFC zero
2026-05-16 17:08:29,635.2,450.235,450.411,452.000,1.589,14.129000,100.854000,51.506800,0.710948,18.000000,97.072915,0.000000,0.000000,0.000000,0.000000,0.000000,0.000000,2.485484,2.485484,3.242680,0.000000,1.379684,3.878074,3.778881,0.00141181,0.00517349,0.00455526,0.137049,0.502206,0.442192,-0.137049,2.348435,1.983278,2.043292,2.264544,2.809911,,,,,,within deadband and CO2 rising; MFC zero
2026-05-16 17:08:33,638.7,450.476,450.482,452.000,1.518,14.137000,100.854000,51.506800,0.712652,18.000000,97.072915,0.000000,0.000000,0.000000,0.000000,0.000000,0.000000,2.420107,2.420107,3.245886,0.000000,1.379684,3.843087,3.738125,0.00067228,0.00506278,0.00072806,0.065260,0.491458,0.070675,-0.065260,2.354846,1.928648,2.349432,2.263317,2.779606,,,,,,within deadband and CO2 rising; MFC zero
2026-05-16 17:08:36,642.2,450.438,450.560,452.000,1.440,14.129300,100.852000,51.510100,0.712661,18.000000,97.070990,0.000000,0.000000,0.000000,0.000000,0.000000,0.000000,2.342983,2.342983,3.246520,0.000000,1.379684,3.806217,3.695608,0.01455492,0.00494850,-0.00173352,1.412860,0.480355,-0.168275,-1.412860,0.930123,1.862628,2.511258,2.255904,2.747991,,,,,,within deadband and CO2 rising; MFC zero
2026-05-16 17:08:39,645.2,451.111,450.608,452.000,1.392,14.129400,100.850000,51.510200,0.713751,18.000000,97.069064,0.000000,0.000000,0.000000,0.000000,0.000000,0.000000,2.275747,2.275747,3.244914,0.000000,1.379684,3.767519,3.651424,0.01423554,0.00497817,-0.00496553,1.381830,0.483226,-0.482000,-1.381830,0.893917,1.792521,2.757747,2.242877,2.715136,,,,,,within deadband and CO2 rising; MFC zero
2026-05-16 17:08:42,648.2,450.662,450.620,452.000,1.380,14.141000,100.853000,51.510100,0.713600,18.000000,97.071952,0.000000,0.000000,0.000000,0.000000,0.000000,0.000000,2.207221,2.207221,3.241023,0.000000,1.379684,3.727134,3.605979,-0.00413454,0.00501725,-0.00281654,-0.401348,0.487034,-0.273407,0.401348,2.608569,1.720187,2.480628,2.250897,2.681344,,,,,,within deadband and CO2 rising; MFC zero
2026-05-16 17:08:46,651.7,450.487,450.624,452.000,1.376,14.131500,100.852000,51.506800,0.713744,18.000000,97.070990,0.000000,0.000000,0.000000,0.000000,0.000000,0.000000,2.126008,2.126008,3.234425,0.000000,1.379684,3.685172,3.559287,0.00455471,0.00466594,-0.00353058,0.442130,0.452927,-0.342717,-0.442130,1.683878,1.673081,2.468725,2.258628,2.646625,,,,,,within deadband and CO2 rising; MFC zero
2026-05-16 17:08:49,655.2,450.831,450.609,452.000,1.391,14.130800,100.852000,51.513500,0.712436,18.000000,97.070990,0.000000,0.000000,0.000000,0.000000,0.000000,0.000000,2.044934,2.044934,3.225124,0.000000,1.379684,3.641706,3.511307,-0.00673963,0.00473888,-0.00449586,-0.654222,0.460008,-0.436417,0.654222,2.699156,1.584926,2.481352,2.270646,2.610948,,,,,,within deadband and CO2 rising; MFC zero
2026-05-16 17:08:53,658.7,450.228,450.653,452.000,1.347,14.138100,100.853000,51.506800,0.711924,18.000000,97.071952,0.000000,0.000000,0.000000,0.000000,0.000000,0.000000,1.964929,1.964929,3.213157,0.000000,1.379684,3.596740,3.461844,-0.01396666,0.00502924,-0.00168572,-1.355771,0.488198,-0.163636,1.355771,3.320701,1.476732,2.128566,2.311376,2.574168,,,,,,within deadband and CO2 rising; MFC zero
2026-05-16 17:08:56,662.2,450.759,450.594,452.000,1.406,14.129100,100.852000,51.500200,0.710362,18.000000,97.070990,0.000000,0.000000,0.000000,0.000000,0.000000,0.000000,1.885819,1.885819,3.198553,0.000000,1.379684,3.550370,3.411258,0.00897498,0.00510238,0.00053584,0.871210,0.495293,0.052015,-0.871210,1.014609,1.390526,1.833804,2.305989,2.536553,,,,,,within deadband and CO2 rising; MFC zero
2026-05-16 17:08:59,665.2,450.475,450.576,452.000,1.424,14.119600,100.855000,51.506800,0.712282,18.000000,97.073877,0.000000,0.000000,0.000000,0.000000,0.000000,0.000000,1.819524,1.819524,3.181739,0.000000,1.379684,3.508277,3.381999,-0.00680686,0.00494051,0.00045812,-0.660768,0.479594,0.044472,0.660768,2.480292,1.339930,1.775052,2.340676,2.514796,,,,,,within deadband and CO2 rising; MFC zero
2026-05-16 17:09:02,668.2,450.292,450.673,452.000,1.327,14.131700,100.855000,51.510200,0.711607,18.000000,97.073877,0.000000,0.000000,0.000000,0.000000,0.000000,0.000000,1.753729,1.753729,3.162732,0.000000,1.379684,3.463633,3.329701,0.00280678,0.00495789,0.00226877,0.272465,0.481282,0.220238,-0.272465,1.481263,1.272447,1.533490,2.344564,2.475909,,,,,,within deadband and CO2 rising; MFC zero
2026-05-16 17:09:06,671.7,450.581,450.583,452.000,1.417,14.132800,100.850000,51.506800,0.711950,18.000000,97.069064,0.000000,0.000000,0.000000,0.000000,0.000000,0.000000,1.678499,1.678499,3.141217,0.000000,1.379684,3.411402,3.254707,-0.00168071,0.00477339,0.00062521,-0.163144,0.463349,0.060689,0.163144,1.841643,1.215150,1.617810,2.353259,2.420145,,,,,,within deadband and CO2 rising; MFC zero
2026-05-16 17:09:09,675.2,450.429,450.547,452.000,1.453,14.130900,100.852000,51.506800,0.711040,18.000000,97.070990,0.000000,0.000000,0.000000,0.000000,0.000000,0.000000,1.604710,1.604710,3.117242,0.000000,1.379684,3.358789,3.200951,0.00763053,0.00478514,0.00124044,0.740703,0.464498,0.120411,-0.740703,0.864007,1.140212,1.484299,2.343478,2.380173,,,,,,within deadband and CO2 rising; MFC zero
2026-05-16 17:09:13,678.7,450.037,450.492,452.000,1.508,14.125200,100.854000,51.510100,0.712230,18.000000,97.072915,0.000000,0.000000,0.000000,0.000000,0.000000,0.000000,1.531978,1.531978,3.090843,0.000000,1.379684,3.305629,3.146149,-0.03146336,0.00466336,0.00057521,-3.054240,0.452686,0.055837,3.054240,4.586218,1.079292,1.476141,2.397159,2.339422,,,,,,within deadband and CO2 rising; MFC zero
2026-05-16 17:09:16,682.2,450.392,450.363,452.000,1.637,14.128300,100.849000,51.496900,0.712248,18.000000,97.068102,0.000000,0.000000,0.000000,0.000000,0.000000,0.000000,1.459595,1.459595,3.062032,0.000000,1.379684,3.251821,3.090397,-0.00462202,0.00442541,-0.00126689,-0.448651,0.429566,-0.122974,0.448651,1.908246,1.030029,1.582570,2.384988,2.297967,,,,,,within deadband and CO2 rising; MFC zero
2026-05-16 17:09:19,685.2,450.142,450.381,452.000,1.619,14.123000,100.852000,51.510100,0.713689,18.000000,97.070990,0.000000,0.000000,0.000000,0.000000,0.000000,0.000000,1.397866,1.397866,3.034750,0.000000,1.379684,3.197375,3.034038,0.00188239,0.00448812,-0.00360708,0.182726,0.435667,-0.350143,-0.182726,1.215140,0.962200,1.748009,2.365810,2.256058,,,,,,within deadband and CO2 rising; MFC zero
2026-05-16 17:09:22,688.2,450.103,450.287,452.000,1.713,14.126300,100.853000,51.503500,0.713179,18.000000,97.071952,0.000000,0.000000,0.000000,0.000000,0.000000,0.000000,1.336637,1.336637,3.003215,0.000000,1.379684,3.142287,2.977024,-0.00700854,0.00403524,-0.00710558,-0.680332,0.391709,-0.689752,0.680332,2.016969,0.944928,2.026389,2.368483,2.213664,,,,,,within deadband and CO2 rising; MFC zero
2026-05-16 17:09:26,691.7,450.033,450.190,452.000,1.810,14.115700,100.855000,51.510100,0.713257,18.000000,97.073877,0.000000,0.000000,0.000000,0.000000,0.000000,0.000000,1.266554,1.266554,2.962665,0.000000,1.379684,3.086933,2.920869,-0.01848777,0.00354774,-0.00812086,-1.794680,0.344393,-0.788323,1.794680,3.061234,0.922161,2.054877,2.422124,2.171908,,,,,,within deadband and CO2 rising; MFC zero
2026-05-16 17:09:29,695.2,450.529,450.172,452.000,1.828,14.129700,100.852000,51.506800,0.714545,18.000000,97.070990,0.000000,0.000000,0.000000,0.000000,0.000000,0.000000,1.197145,1.197145,2.925105,0.000000,1.379684,3.031697,2.865991,-0.00403370,0.00318633,-0.00995967,-0.391555,0.309301,-0.966795,0.391555,1.588700,0.887845,2.163941,2.436527,2.131102,,,,,,within deadband and CO2 rising; MFC zero
2026-05-16 17:09:33,698.7,449.767,450.146,452.000,1.854,14.122700,100.855000,51.503500,0.712271,18.000000,97.073877,0.000000,0.000000,0.000000,0.000000,0.000000,0.000000,1.127539,1.127539,2.885224,0.000000,1.379684,2.976645,2.811488,-0.01307589,0.00269355,-0.01090942,-1.269327,0.261474,-1.059020,1.269327,2.396866,0.866065,2.186558,2.439393,2.090574,,,,,,within deadband and CO2 rising; MFC zero
2026-05-16 17:09:36,702.2,450.239,450.178,452.000,1.822,14.116000,100.851000,51.503500,0.713650,18.000000,97.070027,0.000000,0.000000,0.000000,0.000000,0.000000,0.000000,1.057119,1.057119,2.843166,0.000000,1.379684,2.921836,2.757408,-0.00769763,0.00222658,-0.01119628,-0.747209,0.216134,-1.086824,0.747209,1.804329,0.840985,2.143943,2.439753,2.050362,,,,,,within deadband and CO2 rising; MFC zero
2026-05-16 17:09:39,705.2,450.169,450.239,452.000,1.761,14.121700,100.854000,51.506800,0.711823,18.000000,97.072915,0.000000,0.000000,0.000000,0.000000,0.000000,0.000000,0.995413,0.995413,2.799054,0.000000,1.379684,2.867238,2.703445,-0.00927750,0.00218790,-0.00973386,-0.900593,0.212385,-0.944894,0.900593,1.896007,0.783028,1.940307,2.456659,2.010235,,,,,,within deadband and CO2 rising; MFC zero
2026-05-16 17:09:42,708.2,450.753,450.273,452.000,1.727,14.122000,100.854000,51.510100,0.712231,18.000000,97.072915,0.000000,0.000000,0.000000,0.000000,0.000000,0.000000,0.933150,0.933150,2.752694,0.000000,1.379684,2.812831,2.649609,0.00184878,0.00174260,-0.00791337,0.179466,0.169160,-0.768174,-0.179466,0.753684,0.763990,1.701324,2.417777,1.970204,,,,,,within deadband and CO2 rising; MFC zero
2026-05-16 17:09:46,711.7,449.848,450.263,452.000,1.737,14.141200,100.855000,51.503500,0.712045,18.000000,97.073877,0.000000,0.000000,0.000000,0.000000,0.000000,0.000000,0.922775,0.922775,2.705988,0.000000,1.379684,2.759034,2.597641,-0.01134476,0.00128078,-0.00886921,-1.101280,0.124330,-0.860968,1.101280,2.024055,0.798444,1.783743,2.411750,1.931562,,,,,,within deadband and CO2 rising; MFC zero
2026-05-16 17:09:49,715.2,449.850,450.290,452.000,1.710,14.114100,100.855000,51.506800,0.713313,18.000000,97.073877,0.000000,0.000000,0.000000,0.000000,0.000000,0.000000,0.922775,0.922775,2.659283,0.000000,1.379684,2.706509,2.548936,-0.01806759,0.00081285,-0.00844973,-1.753891,0.078907,-0.820248,1.753891,2.676665,0.843868,1.743022,2.417470,1.895345,,,,,,within deadband and CO2 rising; MFC zero
2026-05-16 17:09:53,718.7,450.240,450.209,452.000,1.791,14.124000,100.853000,51.506800,0.711386,18.000000,97.071952,0.000000,0.000000,0.000000,0.000000,0.000000,0.000000,0.922775,0.922775,2.612577,0.000000,1.379684,2.655047,2.500660,-0.00717662,0.00017545,-0.00814405,-0.696648,0.017032,-0.790559,0.696648,1.619423,0.905743,1.713334,2.384360,1.859448,,,,,,within deadband and CO2 rising; MFC zero
2026-05-16 17:09:56,722.2,450.241,450.196,452.000,1.804,14.109900,100.853000,51.506800,0.711741,18.000000,97.071952,0.781389,0.781389,0.781389,0.000000,0.000000,0.000000,0.922775,0.922775,2.565871,0.000000,1.379684,2.604631,2.453383,-0.00292448,-0.00008848,-0.00624341,-0.283885,-0.008589,-0.606060,0.283885,1.206659,0.931364,1.528835,2.348612,1.824293,,,,,,within lower deadband; partial feedforward
2026-05-16 17:09:59,725.2,449.897,450.132,452.000,1.868,14.116900,100.854000,51.506800,0.713554,18.000000,97.072915,0.766575,0.766575,0.766575,0.000000,0.000000,0.000000,0.922775,0.922775,2.519165,0.000000,1.379684,2.555250,2.407107,-0.01242063,-0.00013801,-0.00572740,-1.205707,-0.013397,-0.555976,1.205707,2.128482,0.936172,1.478751,2.304790,1.789884,,,,,,within lower deadband; partial feedforward
2026-05-16 17:10:02,728.2,449.972,450.153,452.000,1.847,14.121700,100.851000,51.510100,0.710125,18.000000,97.070027,0.752072,0.752072,0.752072,0.000000,0.000000,0.000000,0.922775,0.922775,2.472460,0.000000,1.379684,2.506905,2.361871,-0.00921043,-0.00037129,-0.00418179,-0.894056,-0.036041,-0.405926,0.894056,1.816831,0.958816,1.328701,2.281251,1.756247,,,,,,within lower deadband; partial feedforward
2026-05-16 17:10:06,731.7,449.703,450.056,452.000,1.944,14.142200,100.853000,51.503500,0.712615,18.000000,97.071952,0.737898,0.737898,0.737898,0.000000,0.000000,0.000000,0.922775,0.922775,2.425754,0.000000,1.379684,2.459660,2.317923,-0.02026967,-0.00069448,-0.00574872,-1.967616,-0.067415,-0.558039,1.967616,2.890391,0.990190,1.480814,2.276367,1.723568,,,,,,within lower deadband; partial feedforward
2026-05-16 17:10:09,735.2,450.132,450.045,452.000,1.955,14.122500,100.849000,51.513500,0.712010,18.000000,97.068102,0.723922,0.723922,0.723922,0.000000,0.000000,0.000000,0.874732,0.874732,2.379162,0.000000,1.379684,2.413075,2.273319,-0.00257148,-0.00103567,-0.00467614,-0.249609,-0.100530,-0.453904,0.249609,1.124341,0.975263,1.328636,2.230427,1.690401,,,,,,within lower deadband; partial feedforward
2026-05-16 17:10:13,738.7,449.774,449.958,452.000,2.042,14.125300,100.850000,51.506800,0.712047,18.000000,97.069064,5.021885,4.723922,4.723922,0.000000,0.000000,0.000000,0.736240,0.736240,2.329099,0.000000,1.379684,2.366635,2.227315,-0.00868925,-0.00152024,-0.00511033,-0.843457,-0.147568,-0.496055,0.843457,1.579697,0.883808,1.232295,2.197331,1.656194,,,,,,below deadband; feedforward + feedback
2026-05-16 17:10:16,742.2,449.943,449.907,452.000,2.093,14.126000,100.853000,51.503500,0.712559,18.000000,97.071952,5.040924,5.040924,5.040924,4.300000,4.300000,3.202054,0.674871,0.674871,2.277521,1.589354,1.393125,2.320630,2.182617,-0.01055481,-0.00198410,-0.00564099,-1.024576,-0.192601,-0.547582,4.226629,1.699447,0.867472,1.222453,2.173652,1.622957,,,,,,below deadband; feedforward + feedback
2026-05-16 17:10:19,745.2,449.921,449.923,452.000,2.077,14.126500,100.854000,51.506800,0.714214,18.000000,97.072915,4.975388,4.975388,4.975388,18.281250,18.281250,10.944611,0.613944,0.613944,2.224668,5.413453,1.407343,2.275072,2.138395,0.00084035,-0.00249495,-0.00550538,0.081575,-0.242192,-0.534423,10.863035,0.532368,0.856136,1.148367,2.149649,1.590074,,,,,,below deadband; feedforward + feedback
2026-05-16 17:10:22,748.2,449.829,449.899,452.000,2.101,14.123800,100.852000,51.506800,0.712464,18.000000,97.070990,4.961406,4.961406,4.961406,7.206250,7.206250,5.390976,0.542769,0.542769,2.170286,2.755138,1.428614,2.229933,2.094518,-0.00793293,-0.00297258,-0.00688898,-0.770057,-0.288552,-0.668720,6.161033,1.312826,0.831321,1.211489,2.129637,1.557447,,,,,,below deadband; feedforward + feedback
2026-05-16 17:10:26,751.7,449.902,449.861,452.000,2.139,14.125000,100.850000,51.513500,0.713343,18.000000,97.069064,4.965882,4.965882,4.965882,1.175000,1.175000,0.910889,0.517034,0.517034,2.115125,0.465863,1.438583,2.185529,2.052316,-0.00339502,-0.00339663,-0.00868176,-0.329552,-0.329708,-0.842731,1.240441,0.846586,0.846742,1.359765,2.084156,1.526067,,,,,,below deadband; feedforward + feedback
2026-05-16 17:10:29,755.2,449.047,449.775,452.000,2.225,14.138900,100.850000,51.503500,0.712528,18.000000,97.069064,5.034979,5.034979,5.034979,4.862500,4.862500,3.615672,0.516442,0.516442,2.059700,1.851088,1.446525,2.142349,2.012809,-0.02321056,-0.00424685,-0.01096534,-2.253027,-0.412238,-1.064395,5.868699,2.769469,0.928680,1.580837,2.050727,1.496690,,,,,,below deadband; feedforward + feedback
2026-05-16 17:10:33,758.7,449.559,449.714,452.000,2.286,14.118600,100.851000,51.510200,0.712072,18.000000,97.070027,5.073205,5.073205,5.073205,4.993750,4.993750,3.713267,0.604742,0.604742,2.006352,1.895387,1.459422,2.101232,1.977880,-0.00771444,-0.00500013,-0.01202364,-0.748841,-0.485363,-1.167135,4.462108,1.353583,1.090105,1.771877,2.014238,1.470718,,,,,,below deadband; feedforward + feedback
2026-05-16 17:10:36,762.2,450.252,449.717,452.000,2.283,14.123300,100.852000,51.506900,0.712577,18.000000,97.070990,5.029877,5.029877,5.029877,5.043750,5.043750,3.745799,0.643106,0.643106,1.954593,1.857287,1.472454,2.062410,1.945945,0.00638669,-0.00542836,-0.01137037,0.619963,-0.526936,-1.103733,3.125836,0.023144,1.170042,1.746840,1.949047,1.446972,,,,,,below deadband; feedforward + feedback
2026-05-16 17:10:39,765.2,449.199,449.587,452.000,2.413,14.088400,100.850000,51.506800,0.712764,18.000000,97.069064,5.163066,5.163066,5.163066,5.006250,5.006250,3.722562,0.682493,0.682493,1.904456,1.846433,1.483662,2.026166,1.917436,-0.01319355,-0.00633344,-0.01305920,-1.280686,-0.614781,-1.267644,5.003248,1.963179,1.297274,1.950137,1.920418,1.425772,,,,,,below deadband; feedforward + feedback
2026-05-16 17:10:42,768.2,449.251,449.474,452.000,2.526,14.125900,100.852000,51.503500,0.711574,18.000000,97.070990,5.276177,5.276177,5.276177,5.150000,5.150000,3.820157,0.737692,0.737692,1.856369,1.953379,1.495084,1.992810,1.892742,-0.02290812,-0.00668853,-0.01497056,-2.223714,-0.649262,-1.453207,6.043871,2.961407,1.386955,2.190899,1.919862,1.407411,,,,,,below deadband; feedforward + feedback
2026-05-16 17:10:46,771.7,448.910,449.478,452.000,2.522,14.113800,100.853000,51.503500,0.710937,18.000000,97.071952,5.241139,5.241139,5.241139,5.262500,5.262500,3.917752,0.803023,0.803023,1.810507,2.006927,1.508707,1.962322,1.870857,-0.01369798,-0.00688490,-0.01475262,-1.329690,-0.668331,-1.432066,5.247442,2.132713,1.471354,2.235089,1.943229,1.391137,,,,,,below deadband; feedforward + feedback
2026-05-16 17:10:49,775.2,449.239,449.370,452.000,2.630,14.127300,100.853000,51.513500,0.713444,18.000000,97.071952,5.353583,5.353583,5.353583,5.231250,5.231250,3.885221,0.868331,0.868331,1.766880,1.924712,1.522287,1.934713,1.851886,-0.00536152,-0.00736789,-0.01526719,-0.520453,-0.715216,-1.482016,4.405673,1.388783,1.583546,2.350346,1.905666,1.377031,,,,,,below deadband; feedforward + feedback
2026-05-16 17:10:52,778.2,449.107,449.250,452.000,2.750,14.130500,100.852000,51.510200,0.711999,18.000000,97.070990,5.490248,5.490248,5.490248,5.343750,5.343750,3.973521,0.925342,0.925342,1.753084,1.969552,1.534166,1.915768,1.858934,-0.01904273,-0.00762264,-0.01737264,-1.848497,-0.739937,-1.686379,5.822018,2.773839,1.665279,2.611721,1.919898,1.382272,,,,,,below deadband; feedforward + feedback
2026-05-16 17:10:55,781.2,449.282,449.245,452.000,2.755,14.123200,100.855000,51.506800,0.713382,18.000000,97.073877,5.480075,5.480075,5.480075,5.475000,5.475000,4.071116,0.983644,0.983644,1.713199,2.019750,1.546316,1.898055,1.844916,-0.01779897,-0.00773161,-0.01738494,-1.727815,-0.750537,-1.687623,5.798932,2.711459,1.734181,2.671267,1.921845,1.371848,,,,,,below deadband; feedforward + feedback
2026-05-16 17:10:58,784.2,449.401,449.254,452.000,2.746,14.115500,100.849000,51.506800,0.712911,18.000000,97.068102,5.452097,5.452097,5.452097,5.500000,5.500000,4.066469,1.042189,1.042189,1.675427,2.082599,1.558536,1.881994,1.833808,-0.01102543,-0.00797803,-0.01665887,-1.070217,-0.774412,-1.617045,5.136686,2.112407,1.816601,2.659235,1.907956,1.363589,,,,,,below deadband; feedforward + feedback
2026-05-16 17:11:02,787.7,448.986,449.136,452.000,2.864,14.122000,100.853000,51.510100,0.713542,18.000000,97.071952,5.590806,5.590806,5.590806,5.443750,5.443750,4.043232,1.110959,1.110959,1.639780,2.003682,1.572648,1.867822,1.825309,-0.01657175,-0.00832650,-0.01760261,-1.608652,-0.808269,-1.708720,5.651884,2.719611,1.919228,2.819679,1.914434,1.357268,,,,,,below deadband; feedforward + feedback
2026-05-16 17:11:05,790.7,449.247,449.092,452.000,2.908,14.121000,100.850000,51.506800,0.714636,18.000000,97.069064,5.635626,5.635626,5.635626,5.581250,5.581250,4.154769,1.133976,1.133976,1.605531,2.050498,1.585031,1.855443,1.818304,-0.00917665,-0.00871460,-0.01835407,-0.890769,-0.845918,-1.781612,5.045538,2.024744,1.979894,2.915588,1.928488,1.352060,,,,,,below deadband; feedforward + feedback
2026-05-16 17:11:08,793.7,449.190,449.049,452.000,2.951,14.119700,100.850000,51.513500,0.713386,18.000000,97.069064,5.680418,5.680418,5.680418,5.631250,5.631250,4.191948,1.154726,1.154726,1.572013,2.148897,1.597582,1.844595,1.812049,-0.00969768,-0.00899296,-0.01882466,-0.941345,-0.872938,-1.827292,5.133293,2.096071,2.027664,2.982018,1.926824,1.347409,,,,,,below deadband; feedforward + feedback
2026-05-16 17:11:11,797.2,448.519,448.971,452.000,3.029,14.119100,100.851000,51.503500,0.713675,18.000000,97.070027,5.772572,5.772572,5.772572,5.675000,5.675000,4.215185,1.175024,1.175024,1.539248,2.155479,1.612321,1.835478,1.808130,-0.02258864,-0.00954639,-0.01931766,-2.192680,-0.926668,-1.875166,6.407866,3.367704,2.101692,3.050189,1.953594,1.344494,,,,,,below deadband; feedforward + feedback
2026-05-16 17:11:15,800.7,448.595,448.949,452.000,3.051,14.131800,100.852000,51.500200,0.715020,18.000000,97.070990,5.794799,5.794799,5.794799,5.750000,5.750000,4.280249,1.195577,1.195577,1.507224,2.194682,1.627274,1.828109,1.806000,-0.01758018,-0.00967677,-0.01867925,-1.706525,-0.939334,-1.813213,5.986774,2.902102,2.134911,3.008790,1.987712,1.342911,,,,,,below deadband; feedforward + feedback
2026-05-16 17:11:18,804.2,448.630,448.889,452.000,3.111,14.109500,100.850000,51.503500,0.711133,18.000000,97.069064,5.866650,5.866650,5.866650,5.793750,5.793750,4.289544,1.217036,1.217036,1.475969,2.191975,1.642317,1.822740,1.806635,-0.02798373,-0.01020174,-0.01838067,-2.716354,-0.990273,-1.784194,7.005898,3.933391,2.207309,3.001230,2.002378,1.343382,,,,,,below deadband; feedforward + feedback
2026-05-16 17:11:22,807.7,448.718,448.860,452.000,3.140,14.116400,100.853000,51.506800,0.711501,18.000000,97.071952,5.902047,5.902047,5.902047,5.856250,5.856250,4.354607,1.239169,1.239169,1.445443,2.158851,1.657477,1.819570,1.810061,-0.01867266,-0.01080392,-0.01736727,-1.812591,-1.048757,-1.685875,6.167199,3.051761,2.287927,2.925044,2.009457,1.345930,,,,,,below deadband; feedforward + feedback
2026-05-16 17:11:25,810.7,448.021,448.846,452.000,3.154,14.115800,100.851000,51.503500,0.712693,18.000000,97.070027,5.917978,5.917978,5.917978,5.893750,5.893750,4.377844,1.258944,1.258944,1.415616,2.163850,1.670615,1.818384,1.814827,-0.02576519,-0.01102135,-0.01600418,-2.501028,-1.069843,-1.553526,6.878872,3.759971,2.328787,2.812470,2.017367,1.349474,,,,,,below deadband; feedforward + feedback
2026-05-16 17:11:28,813.7,447.992,448.805,452.000,3.195,14.120100,100.856000,51.506800,0.712194,18.000000,97.074840,5.972981,5.972981,5.972981,5.918750,5.918750,4.387139,1.301200,1.301200,1.386928,2.242490,1.683815,1.819915,1.824505,-0.02566439,-0.01131228,-0.01588856,-2.491367,-1.098138,-1.542379,6.878506,3.792567,2.399338,2.843579,2.036021,1.356671,,,,,,below deadband; feedforward + feedback
2026-05-16 17:11:31,817.2,448.856,448.708,452.000,3.292,14.107300,100.850000,51.510200,0.714721,18.000000,97.069064,6.103667,6.103667,6.103667,5.981250,5.981250,4.452202,1.377139,1.377139,1.360664,2.272963,1.699325,1.824371,1.837739,-0.01764770,-0.01182005,-0.01682836,-1.713046,-1.147362,-1.633513,6.165248,3.090185,2.524500,3.010652,2.058005,1.366511,,,,,,below deadband; feedforward + feedback
2026-05-16 17:11:35,820.7,448.459,448.627,452.000,3.373,14.107500,100.852000,51.506800,0.711155,18.000000,97.070990,6.217147,6.217147,6.217147,6.093750,6.093750,4.535856,1.453635,1.453635,1.336966,2.323261,1.715135,1.832030,1.855009,-0.02489167,-0.01216972,-0.01610749,-2.416259,-1.181327,-1.563570,6.952115,3.869894,2.634962,3.017205,2.128694,1.379353,,,,,,below deadband; feedforward + feedback
2026-05-16 17:11:38,824.2,448.923,448.610,452.000,3.390,14.106900,100.854000,51.510100,0.713427,18.000000,97.072915,6.250191,6.250191,6.250191,6.218750,6.218750,4.605566,1.530538,1.530538,1.315841,2.284212,1.731157,1.843061,1.876152,-0.00331100,-0.01232842,-0.01352489,-0.321408,-1.196755,-1.312900,4.926974,1.851946,2.727293,2.843438,2.122466,1.395074,,,,,,below deadband; feedforward + feedback
2026-05-16 17:11:41,827.2,448.494,448.571,452.000,3.429,14.103700,100.855000,51.510200,0.712566,18.000000,97.073877,6.315680,6.315680,6.315680,6.250000,6.250000,4.647393,1.597030,1.597030,1.296927,2.301489,1.745106,1.857460,1.900659,-0.00717674,-0.01233857,-0.01452697,-0.696674,-1.197753,-1.410190,5.344067,2.293704,2.794783,3.007220,2.118022,1.413297,,,,,,below deadband; feedforward + feedback
2026-05-16 17:11:44,830.2,448.705,448.601,452.000,3.399,14.127900,100.853000,51.503500,0.713092,18.000000,97.071952,6.294549,6.294549,6.294549,6.318750,6.318750,4.698514,1.664696,1.664696,1.280236,2.406884,1.759190,1.875286,1.928763,-0.01879030,-0.01241226,-0.01320819,-1.824011,-1.204882,-1.282145,6.522526,3.488708,2.869578,2.946841,2.140381,1.434195,,,,,,below deadband; feedforward + feedback
2026-05-16 17:11:48,833.7,448.547,448.653,452.000,3.347,14.114000,100.855000,51.510200,0.713901,18.000000,97.073877,6.247819,6.247819,6.247819,10.018750,10.018750,7.654256,1.745003,1.745003,1.267104,3.921193,1.780336,1.896632,1.960672,-0.00932793,-0.01270194,-0.01176134,-0.905498,-1.233026,-1.141719,8.559754,2.650501,2.978029,2.886722,2.168679,1.457922,,,,,,below deadband; feedforward + feedback
2026-05-16 17:11:51,837.2,448.892,448.696,452.000,3.304,14.108300,100.853000,51.506800,0.712373,18.000000,97.071952,6.216185,6.216185,6.216185,4.487500,4.487500,3.364713,1.826123,1.826123,1.256295,1.718323,1.797597,1.921505,1.996121,-0.00477320,-0.01245032,-0.00890498,-0.463344,-1.208577,-0.864424,3.828056,2.289467,3.034701,2.690547,2.167713,1.484281,,,,,,below deadband; feedforward + feedback
2026-05-16 17:11:55,840.7,448.861,448.726,452.000,3.274,14.126700,100.853000,51.503500,0.712783,18.000000,97.071952,6.206854,6.206854,6.206854,5.825000,5.825000,4.317428,1.908127,1.908127,1.247902,2.209535,1.809581,1.950091,2.035848,-0.00707576,-0.01229339,-0.00684051,-0.686858,-1.193343,-0.664022,5.004286,2.594985,3.101470,2.572149,2.171649,1.513822,,,,,,below deadband; feedforward + feedback
2026-05-16 17:11:58,844.2,448.783,448.735,452.000,3.265,14.109700,100.855000,51.506800,0.711943,18.000000,97.073877,6.226690,6.226690,6.226690,6.181250,6.181250,4.596272,2.018584,2.018584,1.242584,2.283756,1.825422,1.982623,2.080221,-0.00384882,-0.01222402,-0.00526242,-0.373620,-1.186633,-0.510843,4.969891,2.392203,3.205216,2.529427,2.195618,1.546816,,,,,,below deadband; feedforward + feedback
2026-05-16 17:12:01,847.2,449.280,448.847,452.000,3.153,14.117500,100.852000,51.503500,0.712633,18.000000,97.070990,6.117361,6.117361,6.117361,6.200000,6.200000,4.624156,2.088411,2.088411,1.239513,2.289015,1.839288,2.018548,2.126322,0.00494128,-0.01171230,-0.00245989,0.479654,-1.136925,-0.238784,4.144502,1.608756,3.225336,2.327194,2.207337,1.581096,,,,,,below deadband; feedforward + feedback
2026-05-16 17:12:04,850.2,449.267,448.927,452.000,3.073,14.114600,100.852000,51.510100,0.712816,18.000000,97.070990,6.052370,6.052370,6.052370,6.118750,6.118750,4.554445,2.137406,2.137406,1.238368,2.255006,1.853009,2.057600,2.174758,0.00033614,-0.01149605,0.00081252,0.032630,-1.115933,0.078872,4.521816,2.104776,3.253339,2.058534,2.199078,1.617113,,,,,,below deadband; feedforward + feedback
2026-05-16 17:12:08,853.7,449.472,449.014,452.000,2.986,14.104500,100.852000,51.506800,0.713882,18.000000,97.070990,5.981459,5.981459,5.981459,6.043750,6.043750,4.503324,2.216237,2.216237,1.239848,2.298342,1.868807,2.099529,2.225317,0.01275677,-0.01098818,0.00447233,1.238313,-1.066633,0.434133,3.265011,0.977924,3.282870,1.782104,2.187505,1.654708,,,,,,below deadband; feedforward + feedback
2026-05-16 17:12:11,857.2,449.902,449.246,452.000,2.754,14.112400,100.854000,51.513500,0.711921,18.000000,97.072915,5.723908,5.723908,5.723908,5.987500,5.987500,4.438260,2.296974,2.296974,1.243979,2.272462,1.884399,2.144098,2.277804,0.01870663,-0.01019646,0.00981715,1.815907,-0.989800,0.952980,2.622354,0.481067,3.286774,1.343994,2.151143,1.693736,,,,,,below deadband; feedforward + feedback
2026-05-16 17:12:15,860.7,449.417,449.344,452.000,2.656,14.099700,100.856000,51.506800,0.713629,18.000000,97.074840,5.643848,5.643848,5.643848,5.725000,5.725000,4.266307,2.376781,2.376781,1.250731,2.185456,1.899465,2.191265,2.332766,0.00842033,-0.00978922,0.01300086,0.817403,-0.950287,1.262057,3.448904,1.559379,3.327068,1.114724,2.122269,1.734605,,,,,,below deadband; feedforward + feedback
2026-05-16 17:12:18,864.2,449.562,449.379,452.000,2.621,14.116600,100.851000,51.513500,0.715221,18.000000,97.070027,5.648334,5.648334,5.648334,5.631250,5.631250,4.196596,2.455601,2.455601,1.260072,2.083112,1.914130,2.240861,2.389647,0.01527788,-0.00927903,0.01562832,1.483024,-0.900715,1.517041,2.713572,0.972577,3.356316,0.938560,2.121579,1.776901,,,,,,below deadband; feedforward + feedback
2026-05-16 17:12:21,867.2,449.368,449.404,452.000,2.596,14.107900,100.854000,51.510100,0.711371,18.000000,97.072915,5.667421,5.667421,5.667421,5.637500,5.637500,4.196596,2.522326,2.522326,1.271593,2.080669,1.926756,2.292925,2.449117,0.01092477,-0.00898303,0.01662943,1.060499,-0.872009,1.614267,3.136096,1.461827,3.394335,0.908059,2.104883,1.821121,,,,,,below deadband; feedforward + feedback
2026-05-16 17:12:24,870.2,449.708,449.466,452.000,2.534,14.119900,100.851000,51.510100,0.713720,18.000000,97.070027,5.641543,5.641543,5.641543,5.662500,5.662500,4.219833,2.586971,2.586971,1.285253,2.158906,1.939404,2.347039,2.509384,0.02835399,-0.00847530,0.02049194,2.752323,-0.822697,1.989153,1.467510,-0.165351,3.409669,0.597818,2.077890,1.865935,,,,,,below deadband; feedforward + feedback
2026-05-16 17:12:28,873.7,448.975,449.415,452.000,2.585,14.120600,100.852000,51.516800,0.712124,18.000000,97.070990,5.763354,5.763354,5.763354,5.637500,5.637500,4.187301,2.660772,2.660772,1.301356,2.138749,1.954100,2.403028,2.570992,0.01174833,-0.00804533,0.01972083,1.140422,-0.780968,1.914320,3.046879,1.520350,3.441740,0.746452,2.072623,1.911745,,,,,,below deadband; feedforward + feedback
2026-05-16 17:12:31,877.2,449.998,449.411,452.000,2.589,14.112800,100.851000,51.506800,0.713889,18.000000,97.070027,5.826476,5.826476,5.826476,5.750000,5.750000,4.289544,2.734282,2.734282,1.319873,2.189109,1.969016,2.460732,2.633847,0.02679044,-0.00746026,0.01929162,2.600548,-0.724168,1.872638,1.688995,0.133734,3.458450,0.861644,2.060651,1.958484,,,,,,below deadband; feedforward + feedback
2026-05-16 17:12:35,880.7,449.876,449.527,452.000,2.473,14.108600,100.852000,51.503500,0.712589,18.000000,97.070990,5.734895,5.734895,5.734895,5.812500,5.812500,4.317428,2.807932,2.807932,1.340790,2.208575,1.984129,2.519822,2.697090,0.02084073,-0.00664041,0.02033894,2.023031,-0.644592,1.974321,2.294398,0.784901,3.452523,0.833610,1.998334,2.005510,,,,,,below deadband; feedforward + feedback
2026-05-16 17:12:38,884.2,450.236,449.626,452.000,2.374,14.109400,100.852000,51.496900,0.713559,18.000000,97.070990,5.665814,5.665814,5.665814,5.725000,5.725000,4.261659,2.881430,2.881430,1.364099,2.115333,1.999043,2.579960,2.760375,0.02316009,-0.00564230,0.02177947,2.248173,-0.547704,2.114155,2.013487,0.633257,3.429134,0.767275,1.977433,2.052567,,,,,,below deadband; feedforward + feedback
2026-05-16 17:12:41,887.2,449.786,449.665,452.000,2.335,14.115200,100.853000,51.513500,0.711162,18.000000,97.071952,5.676792,5.676792,5.676792,5.662500,5.662500,4.205891,2.945425,2.945425,1.389469,2.082229,2.011729,2.641249,2.825114,0.02257185,-0.00499862,0.02034119,2.191094,-0.485226,1.974559,2.014797,0.754331,3.430650,0.970866,1.969878,2.100706,,,,,,below deadband; feedforward + feedback
2026-05-16 17:12:44,890.2,450.180,449.780,452.000,2.220,14.125400,100.852000,51.506800,0.711686,18.000000,97.070990,5.589412,5.589412,5.589412,5.662500,5.662500,4.219833,3.010163,3.010163,1.416904,2.155484,2.024402,2.703412,2.889903,0.02230298,-0.00415683,0.01961458,2.164973,-0.403508,1.904007,2.054860,0.845190,3.413671,1.106156,1.950669,2.148882,,,,,,below deadband; feedforward + feedback
2026-05-16 17:12:48,893.7,449.531,449.809,452.000,2.191,14.105800,100.858000,51.496900,0.710833,18.000000,97.076765,5.614379,5.614379,5.614379,5.587500,5.587500,4.145475,3.085172,3.085172,1.446717,2.122521,2.038998,2.765992,2.953733,0.01689108,-0.00333515,0.01854968,1.639732,-0.323766,1.800743,2.505743,1.445440,3.408938,1.284429,1.924181,2.196346,,,,,,below deadband; feedforward + feedback
2026-05-16 17:12:51,897.2,449.939,449.810,452.000,2.190,14.108500,100.855000,51.500200,0.712409,18.000000,97.073877,5.675992,5.675992,5.675992,5.612500,5.612500,4.178006,3.159170,3.159170,1.478882,2.137784,2.053596,2.828515,3.016083,0.02110964,-0.00241676,0.01825602,2.049195,-0.234604,1.772183,2.128812,1.109975,3.393774,1.386987,1.916333,2.242708,,,,,,below deadband; feedforward + feedback
2026-05-16 17:12:55,900.7,450.238,449.937,452.000,2.063,14.107700,100.854000,51.503500,0.713625,18.000000,97.072915,5.572486,5.572486,5.572486,5.668750,5.668750,4.215185,3.232912,3.232912,1.513396,2.157101,2.068320,2.890456,3.076280,0.02837079,-0.00138771,0.01884624,2.754036,-0.134709,1.829459,1.461150,0.478877,3.367622,1.403453,1.884890,2.287469,,,,,,below deadband; feedforward + feedback
2026-05-16 17:12:58,904.2,450.962,450.055,452.000,1.945,14.103900,100.856000,51.500200,0.710783,18.000000,97.074840,0.885460,1.572486,1.572486,5.543750,5.543750,4.140827,3.305760,3.305760,1.550259,2.042938,2.082815,2.951533,3.134765,0.03438725,-0.00018016,0.01711835,3.338137,-0.017489,1.661761,0.802690,-0.032377,3.323249,1.644000,1.854780,2.330958,,,,,,within lower deadband; partial feedforward
2026-05-16 17:13:01,907.2,450.086,450.060,452.000,1.940,14.092600,100.854000,51.503500,0.712879,18.000000,97.072915,0.000000,0.000000,0.000000,0.000000,0.000000,0.000000,3.368303,3.368303,1.589159,0.000000,2.082815,3.011825,3.192700,0.01183209,0.00064676,0.01678648,1.148576,0.062783,1.629513,-1.148576,2.219727,3.305520,1.738790,1.860087,2.374037,,,,,,within deadband and CO2 rising; MFC zero
2026-05-16 17:13:04,910.2,450.111,450.159,452.000,1.841,14.125300,100.853000,51.510200,0.710091,18.000000,97.071952,0.000000,0.000000,0.000000,0.000000,0.000000,0.000000,3.431391,3.431391,1.630113,0.000000,2.082815,3.071309,3.249760,0.01679025,0.00143147,0.01699466,1.629862,0.138956,1.649705,-1.629862,1.801529,3.292435,1.781686,1.877265,2.416466,,,,,,within deadband and CO2 rising; MFC zero
2026-05-16 17:13:08,913.7,450.048,450.187,452.000,1.813,14.105800,100.853000,51.510100,0.712260,18.000000,97.071952,0.000000,0.000000,0.000000,0.000000,0.000000,0.000000,3.504378,3.504378,1.672435,0.000000,2.082815,3.129908,3.305704,0.00934473,0.00233095,0.01600414,0.907111,0.226270,1.553553,-0.907111,2.597267,3.278108,1.950825,1.886662,2.458065,,,,,,within deadband and CO2 rising; MFC zero
2026-05-16 17:13:11,917.2,449.930,450.107,452.000,1.893,14.108800,100.855000,51.500200,0.712242,18.000000,97.073877,0.000000,0.000000,0.000000,0.000000,0.000000,0.000000,3.514730,3.514730,1.714926,0.000000,2.082815,3.187580,3.360595,0.02213491,0.00303441,0.01590895,2.148721,0.294562,1.544344,-2.148721,1.366009,3.220169,1.970387,1.865176,2.498881,,,,,,within deadband and CO2 rising; MFC zero
2026-05-16 17:13:15,920.7,449.578,450.047,452.000,1.953,14.118000,100.852000,51.503500,0.710673,18.000000,97.070990,0.000000,0.000000,0.000000,0.000000,0.000000,0.000000,3.514730,3.514730,1.757417,0.000000,2.082815,3.244661,3.415905,-0.00057145,0.00380047,0.01388337,-0.055471,0.368916,1.347672,0.055471,3.570202,3.145815,2.167058,1.897156,2.540009,,,,,,within deadband and CO2 rising; MFC zero
2026-05-16 17:13:18,924.2,450.085,449.991,452.000,2.009,14.110800,100.853000,51.510200,0.713795,18.000000,97.071952,5.913155,4.000000,0.000000,0.000000,0.000000,0.000000,3.514730,3.514730,1.799908,0.000000,2.082815,3.300935,3.469755,0.01699192,0.00458378,0.01241606,1.649439,0.444957,1.205252,-1.649439,1.865292,3.069774,2.309479,1.907953,2.580051,,,,,,below deadband; feedforward + feedback
2026-05-16 17:13:21,927.2,449.743,449.964,452.000,2.036,14.120200,100.855000,51.506800,0.710871,18.000000,97.073877,6.003080,4.000000,4.000000,0.000000,0.000000,0.000000,3.514730,3.514730,1.842399,0.000000,2.082815,3.356280,3.522315,-0.00139499,0.00524408,0.00986761,-0.135417,0.509064,0.957887,0.135417,3.650147,3.005667,2.556843,1.932898,2.619133,,,,,,below deadband; feedforward + feedback
2026-05-16 17:13:24,930.2,450.137,449.937,452.000,2.063,14.101300,100.855000,51.506800,0.712707,18.000000,97.073877,6.093015,6.093015,6.093015,3.506250,3.506250,2.607187,3.514730,3.514730,1.884890,1.290164,2.092918,3.410768,3.574234,0.01445406,0.00576957,0.00823422,1.403112,0.560075,0.799328,1.204075,2.111618,2.954656,2.715402,1.937731,2.657739,,,,,,below deadband; feedforward + feedback
2026-05-16 17:13:28,933.7,450.360,449.890,452.000,2.110,14.108100,100.850000,51.506800,0.710597,18.000000,97.069064,6.207687,6.207687,6.207687,11.981250,11.981250,9.234370,3.514730,3.514730,1.927381,4.720270,2.115508,3.464210,3.624535,0.02176520,0.00629243,0.00414662,2.112728,0.610800,0.402508,7.121642,1.402002,2.903930,3.112222,1.913331,2.695142,,,,,,below deadband; feedforward + feedback
2026-05-16 17:13:31,937.2,450.394,450.011,452.000,1.989,14.115300,100.854000,51.503500,0.713849,18.000000,97.072915,0.000000,2.207687,2.207687,4.512500,4.512500,3.369360,3.514730,3.514730,1.970660,1.721494,2.132225,3.515925,3.671070,0.00818503,0.00703491,0.00361844,0.794545,0.682899,0.351252,2.574815,2.720186,2.831831,3.163478,1.939492,2.729745,,,,,,within deadband and CO2 rising; MFC zero
2026-05-16 17:13:35,940.7,450.403,449.997,452.000,2.003,14.098400,100.853000,51.516800,0.712319,18.000000,97.071952,6.169356,6.169356,6.169356,1.006250,1.006250,0.943421,3.572776,3.572776,2.017161,0.483160,2.139558,3.565326,3.713529,0.00445387,0.00768735,0.00354077,0.432345,0.746226,0.343710,0.511075,3.140431,2.826551,3.229066,1.965078,2.761317,,,,,,below deadband; feedforward + feedback
2026-05-16 17:13:38,944.2,450.098,450.064,452.000,1.936,14.099400,100.854000,51.510200,0.712964,18.000000,97.072915,0.000000,2.169356,2.169356,6.081250,6.081250,4.512619,3.696815,3.696815,2.066701,2.309438,2.149012,3.612925,3.755724,0.00213450,0.00825314,0.00267589,0.207202,0.801157,0.259757,4.305417,3.489614,2.895659,3.437059,1.994425,2.792692,,,,,,within deadband and CO2 rising; MFC zero
2026-05-16 17:13:42,947.7,450.004,450.070,452.000,1.930,14.107100,100.852000,51.506900,0.713221,18.000000,97.070990,0.000000,0.000000,0.000000,2.087500,2.087500,1.584761,3.768432,3.768432,2.118414,0.785977,2.155321,3.658774,3.796319,0.00357990,0.00835380,-0.00017425,0.347505,0.810912,-0.016914,1.237256,3.420927,2.957520,3.785346,2.041779,2.822878,,,,,,within deadband and CO2 rising; MFC zero
2026-05-16 17:13:45,950.7,450.475,450.097,452.000,1.903,14.095500,100.854000,51.510100,0.712497,18.000000,97.072915,0.000000,0.000000,0.000000,0.000000,0.000000,0.000000,3.754222,3.754222,2.171060,0.000000,2.155321,3.702326,3.832984,0.01171450,0.00893955,-0.00002507,1.137161,0.867789,-0.002434,-1.137161,2.617061,2.886434,3.756656,2.063159,2.850141,,,,,,within deadband and CO2 rising; MFC zero
2026-05-16 17:13:48,953.7,449.778,450.143,452.000,1.857,14.139500,100.850000,51.510100,0.711597,18.000000,97.069064,0.000000,0.000000,0.000000,0.000000,0.000000,0.000000,3.740675,3.740675,2.223907,0.000000,2.155321,3.743244,3.865995,0.00042018,0.00947039,0.00169477,0.040786,0.919282,0.164510,-0.040786,3.699889,2.821393,3.576165,2.109935,2.874687,,,,,,within deadband and CO2 rising; MFC zero
2026-05-16 17:13:51,957.2,449.552,450.099,452.000,1.901,14.116500,100.850000,51.503500,0.711033,18.000000,97.069064,0.000000,0.000000,0.000000,0.000000,0.000000,0.000000,3.657045,3.657045,2.275392,0.000000,2.155321,3.780910,3.893910,-0.00633625,0.00959998,-0.00074229,-0.615054,0.931862,-0.072053,0.615054,4.272099,2.725184,3.729098,2.134568,2.895444,,,,,,within deadband and CO2 rising; MFC zero
2026-05-16 17:13:55,960.7,450.134,450.060,452.000,1.940,14.107100,100.852000,51.503500,0.711689,18.000000,97.070990,0.000000,0.000000,0.000000,0.000000,0.000000,0.000000,3.588543,3.588543,2.324307,0.000000,2.155321,3.815205,3.918089,0.00667240,0.00962589,-0.00115921,0.647696,0.934394,-0.112526,-0.647696,2.940846,2.654148,3.701068,2.160589,2.913424,,,,,,within deadband and CO2 rising; MFC zero
2026-05-16 17:13:58,964.2,450.133,450.002,452.000,1.998,14.099800,100.853000,51.510100,0.712261,18.000000,97.071952,0.000000,0.000000,0.000000,0.000000,0.000000,0.000000,3.561007,3.561007,2.372141,0.000000,2.155321,3.853276,3.967490,-0.00796654,0.00968401,-0.00138199,-0.773328,0.940045,-0.134153,0.773328,4.334335,2.620961,3.695160,2.231264,2.950157,,,,,,within deadband and CO2 rising; MFC zero
2026-05-16 17:14:01,967.2,449.697,449.822,452.000,2.178,14.104200,100.853000,51.510200,0.711951,18.000000,97.071952,6.710897,4.000000,0.000000,0.000000,0.000000,0.000000,3.506319,3.506319,2.418434,0.000000,2.155321,3.879540,3.958333,-0.01235338,0.00958722,-0.00192571,-1.199167,0.930650,-0.186932,1.199167,4.705485,2.575668,3.693251,2.276220,2.943348,,,,,,below deadband; feedforward + feedback
2026-05-16 17:14:04,970.2,449.671,449.783,452.000,2.217,14.103100,100.855000,51.503500,0.709290,18.000000,97.073877,6.785306,4.000000,4.000000,0.000000,0.000000,0.000000,3.450527,3.450527,2.462906,0.000000,2.155321,3.903033,3.973510,-0.00917681,0.00938045,-0.00264211,-0.890829,0.910597,-0.256479,0.890829,4.341355,2.539930,3.707006,2.298842,2.954634,,,,,,below deadband; feedforward + feedback
2026-05-16 17:14:08,973.7,449.959,449.787,452.000,2.213,14.105000,100.852000,51.500200,0.712999,18.000000,97.070990,6.806492,6.806492,6.806492,3.662500,3.662500,2.714078,3.385091,3.385091,2.505235,1.386863,2.165772,3.929592,4.009269,0.00166390,0.00923370,-0.00286475,0.161516,0.896325,-0.278084,2.552561,3.223575,2.488767,3.663175,2.316725,2.981224,,,,,,below deadband; feedforward + feedback
2026-05-16 17:14:11,977.2,449.961,449.762,452.000,2.238,14.112500,100.854000,51.506800,0.711991,18.000000,97.072915,6.861551,6.861551,6.861551,6.693750,6.693750,4.982005,3.319249,3.319249,2.545414,2.542962,2.182447,3.951674,4.017923,-0.00440345,0.00896296,-0.00461197,-0.427456,0.870061,-0.447697,5.409461,3.746705,2.449188,3.766947,2.355380,2.987659,,,,,,below deadband; feedforward + feedback
2026-05-16 17:14:15,980.7,450.471,449.832,452.000,2.168,14.100800,100.852000,51.506800,0.712913,18.000000,97.070990,6.787937,6.787937,6.787937,6.812500,6.812500,5.061011,3.266501,3.266501,2.583794,2.588883,2.200111,3.969841,4.024339,0.01015146,0.00900330,-0.00319577,0.985413,0.873959,-0.310217,4.075598,2.281089,2.392542,3.576718,2.347302,2.992430,,,,,,below deadband; feedforward + feedback
2026-05-16 17:14:18,984.2,450.622,450.013,452.000,1.987,14.103200,100.852000,51.506800,0.712490,18.000000,97.070990,0.000000,2.787937,2.787937,6.737500,6.737500,5.019184,3.245263,3.245263,2.647181,2.557212,2.217714,3.984436,4.028222,0.01050442,0.00908648,-0.00014298,1.019674,0.882034,-0.013879,3.999510,2.225589,2.363229,3.259142,2.343119,2.995317,,,,,,within deadband and CO2 rising; MFC zero
2026-05-16 17:14:22,987.7,450.088,450.152,452.000,1.848,14.105700,100.853000,51.506800,0.712444,18.000000,97.071952,0.000000,0.000000,2.787937,2.768750,2.768750,2.058795,3.262145,3.262145,2.683034,1.019359,2.225609,3.996011,4.030735,0.00831949,0.00899679,0.00120150,0.807589,0.873336,0.116632,1.251206,2.454555,2.388808,3.145513,2.338701,2.997185,,,,,,within deadband and CO2 rising; MFC zero
2026-05-16 17:14:25,990.7,450.202,450.310,452.000,1.690,14.107700,100.851000,51.503500,0.715083,18.000000,97.070027,0.000000,0.000000,0.000000,2.693750,2.693750,2.049500,3.277446,3.277446,2.718759,1.017801,2.231789,4.005094,4.032346,0.00574801,0.00910646,0.00292259,0.557960,0.883964,0.283696,1.491540,2.719486,2.393482,2.993750,2.350280,2.998383,,,,,,within deadband and CO2 rising; MFC zero
2026-05-16 17:14:28,993.7,450.759,450.394,452.000,1.606,14.101300,100.854000,51.506800,0.713483,18.000000,97.072915,0.000000,0.000000,0.000000,0.000000,0.000000,0.000000,3.291969,3.291969,2.754379,0.000000,2.231789,4.012040,4.032875,0.00484044,0.00897653,0.00355380,0.469875,0.871378,0.344978,-0.469875,2.822094,2.420592,2.946991,2.362381,2.998777,,,,,,within deadband and CO2 rising; MFC zero
2026-05-16 17:14:31,997.2,449.787,450.417,452.000,1.583,14.107600,100.850000,51.500200,0.709308,18.000000,97.069064,0.000000,0.000000,0.000000,0.000000,0.000000,0.000000,3.267954,3.267954,2.789261,0.000000,2.231789,4.016684,4.030616,-0.00593301,0.00859351,0.00629511,-0.575912,0.834164,0.611061,0.575912,3.843866,2.433790,2.656893,2.370317,2.997097,,,,,,within deadband and CO2 rising; MFC zero
2026-05-16 17:14:35,1000.7,449.873,450.354,452.000,1.646,14.146300,100.853000,51.506800,0.713316,18.000000,97.071952,0.000000,0.000000,0.000000,0.000000,0.000000,0.000000,3.231971,3.231971,2.823201,0.000000,2.231789,4.018947,4.025736,-0.00766402,0.00816882,0.00748612,-0.743962,0.792963,0.726692,0.743962,3.975933,2.439008,2.505279,2.388214,2.993468,,,,,,within deadband and CO2 rising; MFC zero
2026-05-16 17:14:38,1004.2,449.912,450.230,452.000,1.770,14.093900,100.854000,51.516800,0.715296,18.000000,97.072915,0.000000,0.000000,0.000000,0.000000,0.000000,0.000000,3.158903,3.158903,2.855566,0.000000,2.231789,4.018743,4.018131,-0.00139498,0.00759195,0.00581719,-0.135415,0.736973,0.564692,0.135415,3.294318,2.421930,2.594211,2.377563,2.987813,,,,,,within deadband and CO2 rising; MFC zero
2026-05-16 17:14:41,1007.2,450.253,450.161,452.000,1.839,14.110200,100.854000,51.506800,0.711259,18.000000,97.072915,0.000000,0.000000,0.000000,0.000000,0.000000,0.000000,3.095698,3.095698,2.859502,0.000000,2.231789,4.016207,4.008600,0.00418503,0.00704248,0.00420919,0.406253,0.683634,0.408598,-0.406253,2.689445,2.412064,2.687100,2.382675,2.980726,,,,,,within deadband and CO2 rising; MFC zero
2026-05-16 17:14:44,1010.2,450.050,450.109,452.000,1.891,14.101600,100.856000,51.506800,0.710532,18.000000,97.074840,0.000000,0.000000,0.000000,0.000000,0.000000,0.000000,3.031657,3.031657,2.888887,0.000000,2.231789,4.011274,3.996475,-0.00714313,0.00668492,0.00597143,-0.693418,0.648938,0.579676,0.693418,3.725075,2.382720,2.451981,2.393713,2.971710,,,,,,within deadband and CO2 rising; MFC zero
2026-05-16 17:14:48,1013.7,450.152,450.023,452.000,1.977,14.104000,100.848000,51.503500,0.715626,18.000000,97.067139,0.000000,0.000000,0.000000,0.000000,0.000000,0.000000,2.956474,2.956474,2.943641,0.000000,2.231789,4.003838,3.981529,0.01077350,0.00596060,0.00788092,1.045753,0.578578,0.764979,-1.045753,1.910721,2.377896,2.191495,2.339578,2.960597,,,,,,within deadband and CO2 rising; MFC zero
2026-05-16 17:14:51,1017.2,450.302,450.033,452.000,1.967,14.105900,100.855000,51.503500,0.712452,18.000000,97.073877,0.000000,0.000000,0.000000,0.000000,0.000000,0.000000,2.880536,2.880536,2.968698,0.000000,2.231789,3.993978,3.964399,0.01544594,0.00549743,0.00669937,1.499397,0.533657,0.650334,-1.499397,1.381138,2.346879,2.230202,2.311094,2.947859,,,,,,within deadband and CO2 rising; MFC zero
2026-05-16 17:14:55,1020.7,450.245,450.067,452.000,1.933,14.104100,100.852000,51.506800,0.712757,18.000000,97.070990,0.000000,0.000000,0.000000,0.000000,0.000000,0.000000,2.804039,2.804039,2.991204,0.000000,2.231789,3.981776,3.945170,0.00507573,0.00489011,0.00456044,0.492706,0.474688,0.442686,-0.492706,2.311333,2.329351,2.361353,2.285118,2.933561,,,,,,within deadband and CO2 rising; MFC zero
2026-05-16 17:14:58,1024.2,449.643,449.978,452.000,2.022,14.103900,100.854000,51.506800,0.712483,18.000000,97.072915,6.596261,4.000000,4.000000,0.000000,0.000000,0.000000,2.727137,2.727137,3.011148,0.000000,2.231789,3.967184,3.923409,-0.00601693,0.00407607,0.00195235,-0.584081,0.395676,0.189521,0.584081,3.311218,2.331460,2.537616,2.309439,2.917380,,,,,,below deadband; feedforward + feedback
2026-05-16 17:15:01,1027.2,449.800,450.004,452.000,1.996,14.119900,100.855000,51.506800,0.710886,18.000000,97.073877,0.000000,0.000000,4.000000,3.581250,3.581250,2.644367,2.660644,2.660644,3.028875,1.315869,2.240525,3.950454,3.900263,0.00860520,0.00375684,0.00075363,0.835340,0.364691,0.073158,1.809026,1.825304,2.295953,2.587486,2.301633,2.900169,,,,,,within deadband and CO2 rising; MFC zero
2026-05-16 17:15:04,1030.2,449.926,450.066,452.000,1.934,14.105100,100.853000,51.506800,0.712628,18.000000,97.071952,0.000000,0.000000,4.000000,3.868750,3.868750,2.876736,2.592978,2.592978,3.044346,1.421575,2.248994,3.931632,3.875166,0.00534465,0.00357885,-0.00074901,0.518815,0.347406,-0.072708,2.357921,2.074163,2.245572,2.665686,2.278057,2.881507,,,,,,within deadband and CO2 rising; MFC zero
2026-05-16 17:15:08,1033.7,449.829,450.094,452.000,1.906,14.101000,100.853000,51.516800,0.713036,18.000000,97.071952,0.000000,0.000000,4.000000,3.931250,3.931250,2.927858,2.512671,2.512671,3.057141,1.502747,2.259205,3.910834,3.848439,0.00327737,0.00312092,-0.00379832,0.318141,0.302953,-0.368710,2.609716,2.194530,2.209718,2.881381,2.270457,2.861634,,,,,,within deadband and CO2 rising; MFC zero
2026-05-16 17:15:11,1037.2,450.183,450.198,452.000,1.802,14.098900,100.855000,51.506800,0.716371,18.000000,97.073877,0.000000,0.000000,4.000000,3.968750,3.968750,2.937152,2.474516,2.474516,3.067947,1.501915,2.269489,3.888162,3.820146,-0.00245381,0.00333563,-0.00385561,-0.238201,0.323802,-0.374279,3.175354,2.712717,2.150714,2.848795,2.277512,2.840595,,,,,,within deadband and CO2 rising; MFC zero
2026-05-16 17:15:15,1040.7,450.514,450.360,452.000,1.640,14.102300,100.855000,51.496900,0.711634,18.000000,97.073877,0.000000,0.000000,4.000000,3.981250,3.981250,2.960389,2.442031,2.442031,3.076845,1.514608,2.279824,3.863625,3.790013,0.00021849,0.00334733,-0.00111496,0.021210,0.324939,-0.108233,2.939179,2.420821,2.117092,2.550264,2.274609,2.818188,,,,,,within deadband and CO2 rising; MFC zero
2026-05-16 17:15:18,1044.2,450.116,450.416,452.000,1.584,14.103200,100.851000,51.510100,0.713481,18.000000,97.070027,0.000000,0.000000,0.000000,3.925000,3.925000,2.965037,2.382684,2.382684,3.082914,1.471862,2.290143,3.837201,3.757931,-0.00907597,0.00324065,0.00145794,-0.881004,0.314570,0.141523,3.846041,3.263688,2.068114,2.241161,2.289134,2.794333,,,,,,within deadband and CO2 rising; MFC zero
2026-05-16 17:15:21,1047.2,449.997,450.527,452.000,1.473,14.097700,100.849000,51.500200,0.711896,18.000000,97.068102,0.000000,0.000000,0.000000,0.000000,0.000000,0.000000,2.356960,2.356960,3.087390,0.000000,2.290143,3.809026,3.724502,-0.00152944,0.00314118,0.00395681,-0.148460,0.304908,0.384080,0.148460,2.505420,2.052052,1.972880,2.304078,2.769476,,,,,,within deadband and CO2 rising; MFC zero
